well,design_name,raw_slope_rfu_per_s,fit_residual_sum_squares,blank_corrected_slope_rfu_per_s,fold_over_wt,key,parent_amino_acid,position,mutant_amino_acid,complex_plddt,per_chain_plddt_A,per_chain_plddt_B,per_chain_plddt_C,pae_interface,ptm,iptm,ipae_min,complex_plddt_five_sample_min,complex_plddt_five_sample_max,complex_plddt_five_sample_std,per_chain_plddt_A_five_sample_min,per_chain_plddt_A_five_sample_max,per_chain_plddt_A_five_sample_std,per_chain_plddt_B_five_sample_min,per_chain_plddt_B_five_sample_max,per_chain_plddt_B_five_sample_std,per_chain_plddt_C_five_sample_min,per_chain_plddt_C_five_sample_max,per_chain_plddt_C_five_sample_std,pae_interface_five_sample_min,pae_interface_five_sample_max,pae_interface_five_sample_std,ptm_five_sample_min,ptm_five_sample_max,ptm_five_sample_std,iptm_five_sample_min,iptm_five_sample_max,iptm_five_sample_std,ipae_min_five_sample_min,ipae_min_five_sample_max,ipae_min_five_sample_std,complex_plddt_author_heatmap,per_chain_plddt_A_author_heatmap,per_chain_plddt_B_author_heatmap,per_chain_plddt_C_author_heatmap,pae_interface_author_heatmap,ptm_author_heatmap,iptm_author_heatmap,ipae_min_author_heatmap
A1,chainA_L22A,0.6388888888889018,6144.0,1.0805555555555624,0.46346306592533953,chaina_l22a,L,22,A,94.35083795997413,93.22093854748604,90.16839999999999,85.32000000000001,5.396530726256983,0.916,0.892,1.26,93.71106520335692,94.74287927695303,0.42240285068825806,92.4854748603352,93.79351955307264,0.5564850141622588,89.345,91.247,0.7797363657031744,84.28,87.56,1.295665851984994,4.693324022346369,6.229078212290503,0.6780205922765732,0.91,0.92,0.005477225575051679,0.87,0.91,0.01643167672515501,1.06,1.47,0.19723082923316018,94.74287927695303,93.47111731843576,91.247,85.17,4.983882681564246,0.92,0.9,1.11
A10,chainA_F52P,0.42777777777779125,1120.6666666666667,0.8694444444444518,0.37291501191422,chaina_f52p,F,52,P,94.32811757105947,92.76699441340783,95.39059999999999,88.05,3.9027541899441345,0.9120000000000001,0.922,0.9380000000000001,93.97609173126602,94.65689922480615,0.3125534153882877,92.42854748603352,93.13329608938548,0.32699919498111896,94.826,95.767,0.3904117057671324,87.33,89.3,0.7874960317360321,3.705921787709497,4.0832402234636875,0.13633123273325887,0.91,0.92,0.004472135954999571,0.92,0.93,0.004472135954999571,0.91,0.98,0.025884358211089562,93.97609173126602,92.42854748603352,94.826,87.33,4.0832402234636875,0.91,0.92,0.98
A11,chainA_L22H,0.13333333333333922,599.9999999999636,0.5749999999999997,0.24662430500397078,chaina_l22h,L,22,H,93.82175546975557,93.10420111731844,93.6194,82.85,9.195167597765362,0.908,0.734,2.83,93.1161132561133,94.24758687258706,0.4211387798787147,92.64234636871508,93.43324022346368,0.30537509507282623,92.445,94.57,0.8451356695821091,81.6,83.69,0.9374966666607414,8.342821229050278,10.249944134078213,0.7243917498667797,0.9,0.91,0.004472135954999582,0.69,0.77,0.03049590136395385,2.5,3.13,0.2252776065213762,94.24758687258706,93.43324022346368,94.57,83.24,8.342821229050278,0.91,0.77,2.5
A12,chainA_F52Q,0.5583333333333407,2204.166666666667,1.000000000000001,0.42891183478951506,chaina_f52q,F,52,Q,94.55111870967744,93.55225698324023,96.5566,86.602,6.049329608938548,0.914,0.8640000000000001,1.8,93.88334193548378,94.83621935483887,0.3936042997193954,93.20284916201118,93.81625698324022,0.285075124370307,95.983,96.863,0.34257305790152226,85.35,88.07,0.9947713305076694,5.556256983240223,7.0667877094972065,0.625861621685221,0.91,0.92,0.005477225575051663,0.83,0.88,0.02073644135332774,1.56,2.24,0.2809804263645424,94.66536774193548,93.7840223463687,96.67,86.84,5.556256983240223,0.92,0.88,1.57
A13,chainA_L22I,0.21944444444446104,840.1666666666666,0.6611111111111215,0.2835583796664058,chaina_l22i,L,22,I,94.7648221649485,93.72474860335197,95.1536,86.274,6.176340782122905,0.9179999999999999,0.86,1.936,94.12086984536089,95.10146262886606,0.3881562823480004,93.4737430167598,94.0441340782123,0.24399642322963974,94.451,95.485,0.41522740757325194,84.78,88.14,1.352065087190702,5.631256983240223,6.992402234636872,0.5841379277976023,0.91,0.92,0.004472135954999582,0.83,0.88,0.020000000000000018,1.6,2.28,0.2818332840528243,94.8149871134019,94.0441340782123,95.237,85.36,5.8278770949720675,0.92,0.87,1.78
A14,chainA_F52R,-0.17777777777777626,1666.6666666667275,0.26388888888888423,0.11318506751389769,chaina_f52r,F,52,R,95.09876288659788,93.9803687150838,97.2108,87.878,4.656111731843575,0.9200000000000002,0.906,1.192,94.8564175257732,95.39478737113386,0.20491020176258207,93.8763687150838,94.15279329608936,0.11765307819506438,97.12,97.318,0.08346675985085145,86.85,89.88,1.1722286466385285,4.483715083798883,4.9155586592178775,0.17494482582237167,0.92,0.92,0.0,0.9,0.91,0.005477225575051663,1.12,1.26,0.06457553716385174,94.8564175257732,93.87843575418994,97.12,87.54,4.9155586592178775,0.92,0.9,1.26
A15,chainA_L22K,0.37500000000001693,1441.5,0.8166666666666774,0.3502779984114415,chaina_l22k,L,22,K,93.89282163554415,93.61366480446928,96.08279999999999,84.13,10.234966480446927,0.9099999999999999,0.696,3.35,93.46118480360602,94.29616226658084,0.2968265052115756,93.42860335195532,93.83262569832402,0.1696920803720821,95.694,96.41,0.3233089853375554,83.31,84.93,0.620846196734746,9.655391061452514,10.656564245810054,0.39345041371379774,0.91,0.91,0.0,0.68,0.72,0.016733200530681468,3.06,3.46,0.17073371078963878,93.86343850611718,93.42860335195532,96.113,83.31,10.656564245810054,0.91,0.68,3.46
A16,chainA_F52S,0.16666666666667732,560.6666666666667,0.6083333333333378,0.2609213661636233,chaina_f52s,F,52,S,95.00476405946992,93.91332960893855,96.9528,87.57000000000001,4.770184357541899,0.9200000000000002,0.906,1.196,94.50218487394947,95.31641241111826,0.3058255816118711,93.69932960893856,94.10240223463688,0.1566574414016312,96.662,97.156,0.2009159028051286,86.32,89.38,1.1455348095976814,4.506731843575419,5.32659217877095,0.3347604267524717,0.92,0.92,0.0,0.89,0.91,0.00894427190999916,1.11,1.39,0.11216059914247953,95.03124757595351,94.10240223463688,96.918,87.01,4.507905027932961,0.92,0.91,1.13
A17,chainA_L22M,0.527777777777783,450.66666666663514,0.9694444444444434,0.4158061953931679,chaina_l22m,L,22,M,95.61859020618567,94.22516201117318,97.274,88.738,3.359139664804469,0.93,0.9399999999999998,0.8379999999999999,95.44719072164948,95.83584407216492,0.176240524616728,93.94575418994414,94.32837988826816,0.15860117063089538,97.082,97.504,0.17063557659526882,87.27,90.55,1.1826115169403624,3.1791061452513967,3.493966480446927,0.11466226869997363,0.93,0.93,0.0,0.94,0.94,0.0,0.83,0.85,0.008366600265340746,95.48898195876308,94.30854748603352,97.082,87.27,3.3968435754189943,0.93,0.94,0.84
A18,chainA_F52T,0.5277777777777923,640.6666666666291,0.9694444444444528,0.4158061953931719,chaina_f52t,F,52,T,95.24734366925064,94.18300558659219,97.2938,87.982,3.9952905027932957,0.9280000000000002,0.9280000000000002,0.9440000000000002,94.87218346253236,95.50193798449612,0.2464340962246352,94.03106145251397,94.34743016759776,0.1209729511797405,97.017,97.499,0.17520188355151844,87.06,90.26,1.324771678441234,3.824413407821229,4.366173184357542,0.21824311988479336,0.92,0.93,0.004472135954999582,0.92,0.93,0.004472135954999582,0.92,1.04,0.05366563145999495,95.28222868217048,94.34743016759776,97.28,87.06,3.846256983240223,0.93,0.93,0.92
A19,chainA_L22N,-0.08888888888887968,2166.0,0.3527777777777808,0.1513105639396356,chaina_l22n,L,22,N,93.60382989690731,93.27407821229052,91.8438,82.34,10.36577094972067,0.9099999999999999,0.6900000000000001,3.102,93.24043170103094,93.8763788659794,0.25566723418485904,92.91787709497208,93.86525139664808,0.38505820733914087,90.624,92.71,0.775303940400146,81.04,83.38,0.8518509259254194,9.529581005586593,11.039245810055863,0.5573736166502771,0.9,0.92,0.007071067811865481,0.66,0.72,0.02236067977499784,2.56,3.5,0.34149670569421314,93.6040012886599,93.11519553072628,92.119,83.38,10.34745810055866,0.9,0.69,3.11
A2,chainA_F52K,0.419444444444452,308.1666666666667,0.8611111111111125,0.3693407466243048,chaina_f52k,F,52,K,94.84057161290316,93.94820111731843,96.993,86.796,5.337977653631285,0.916,0.884,1.514,94.34069677419356,95.13836774193548,0.3296677799424017,93.80318435754192,94.09011173184356,0.13596375185427834,96.734,97.329,0.2221519750081016,84.99,88.26,1.5773807403414095,4.859301675977654,6.022765363128492,0.5233032058754141,0.91,0.92,0.0054772255750516665,0.86,0.9,0.015165750888103104,1.38,1.76,0.1525778489820853,95.13836774193548,93.82603351955308,97.04999999999998,88.09,5.080055865921787,0.92,0.89,1.44
A20,chainA_F52V,0.4888888888888973,5520.666666666556,0.9305555555555578,0.39912629070691036,chaina_f52v,F,52,V,95.05588113695089,93.96983240223463,96.6466,87.054,5.006536312849162,0.9200000000000002,0.9,1.29,94.56704134366927,95.28930232558156,0.2929566554350654,93.7377653631285,94.22972067039105,0.19842828324049863,96.15200000000002,97.01,0.3237356946646385,86.11,89.04,1.1710806974756311,4.740335195530726,5.704944134078212,0.39797371953751765,0.92,0.92,0.0,0.88,0.91,0.012247448713915901,1.18,1.57,0.15984367363145788,95.10444444444435,94.06837988826815,96.735,86.96,4.853631284916201,0.92,0.9,1.22
A21,chainA_L22P,-0.06388888888887892,4320.166666666666,0.37777777777778154,0.1620333598093738,chaina_l22p,L,22,P,92.10279948420377,90.5665027932961,70.3092,80.696,10.993882681564246,0.892,0.6779999999999999,3.6759999999999997,91.5042230818826,92.60107027724057,0.392101266505644,90.30027932960894,90.95564245810056,0.23898084679722376,67.30799999999999,74.287,3.0177288148539865,78.79,81.55,1.1026468156213907,10.444162011173184,12.007625698324023,0.6654088102724826,0.89,0.9,0.004472135954999567,0.62,0.71,0.03768288736283352,3.35,4.08,0.2994661917479167,92.09749838813669,90.54927374301676,67.30799999999999,81.34,10.554357541899442,0.89,0.7,3.55
A22,chainA_F52W,2.0916666666666694,5828.166666666666,2.53333333333333,1.0865766481334356,chaina_f52w,F,52,W,95.63495948553053,94.5342346368715,97.7952,87.854,3.1463910614525137,0.932,0.942,0.8300000000000001,95.46317684887478,95.88375562700958,0.15837243978448862,94.40877094972066,94.73296089385477,0.1425839262486116,97.68,97.903,0.08190360187439824,86.29,89.74,1.3060934116670153,2.974385474860335,3.2487150837988823,0.10558711943056548,0.93,0.94,0.004472135954999542,0.94,0.95,0.004472135954999595,0.81,0.84,0.012247448713915884,95.61297749196132,94.73296089385477,97.829,88.42,3.143435754189944,0.93,0.94,0.83
A23,chainA_L22Q,-0.013888888888879297,28.166666666666664,0.4277777777777812,0.18347895154884938,chaina_l22q,L,22,Q,94.27263232453313,94.41548603351956,96.394,83.878,9.79204469273743,0.9200000000000002,0.708,2.864,94.1637089504186,94.40166773985842,0.11040911331130415,94.19793296089384,94.5245251396648,0.12637625009024997,95.87000000000002,96.796,0.38174598884598143,83.2,84.99,0.7943991440075935,9.2645530726257,10.56536312849162,0.49214476567540366,0.92,0.92,0.0,0.68,0.73,0.017888543819998264,2.42,3.27,0.30146309890266837,94.22687057308435,94.46821229050278,95.87000000000002,83.47,9.2645530726257,0.92,0.73,2.42
A24,chainA_F52Y,-0.6166666666666608,2090.6666666667347,-0.17500000000000032,-0.07505957108816519,chaina_f52y,F,52,Y,94.11065035415322,94.1705027932961,95.079,84.098,8.779480446927375,0.9179999999999999,0.754,2.634,93.95449452672248,94.33101738570494,0.14007476807317754,93.9503910614525,94.36932960893856,0.18517671820658824,94.586,95.506,0.33849889216953105,83.19,85.53,0.8963648810612804,8.358743016759776,9.364748603351956,0.3839154051077926,0.91,0.92,0.004472135954999582,0.73,0.77,0.01516575088810312,2.31,2.94,0.24602845363900486,94.33101738570494,94.33910614525138,95.506,85.53,8.358743016759776,0.92,0.77,2.48
A3,chainA_L22D,0.31388888888889394,13.499999999994543,0.7555555555555544,0.3240667196187439,chaina_l22d,L,22,D,94.20046649484539,94.10617877094973,95.0414,83.704,9.97954748603352,0.9120000000000001,0.702,2.886,93.76797036082472,94.42097293814422,0.25084074997363703,93.67737430167598,94.38486033519553,0.28406941917692874,93.903,95.764,0.7386733378158387,82.53,85.17,1.0257095105340472,9.419217877094972,10.576983240223464,0.4999600142402208,0.91,0.92,0.004472135954999567,0.68,0.72,0.01788854381999828,2.66,3.07,0.17980545041794466,94.42097293814422,94.38486033519553,95.764,85.17,9.614664804469273,0.91,0.72,2.73
A4,chainA_F52L,1.4333333333333464,5766.0,1.8750000000000069,0.8042096902303428,chaina_f52l,F,52,L,94.362176888315,93.65293854748604,96.1122,85.12,7.271581005586592,0.9099999999999999,0.8140000000000001,2.284,93.92945125887672,94.6926145900582,0.29124769324988836,93.59776536312847,93.68737430167596,0.03850046926197989,95.755,96.396,0.2507213592815748,83.61,87.62,1.4978651474682283,6.683938547486033,8.031508379888269,0.5643247564938105,0.91,0.91,0.0,0.78,0.84,0.024083189157584558,2.06,2.51,0.21302582003128162,94.3589606197545,93.59776536312847,96.038,84.57,7.140893854748604,0.91,0.82,2.27
A5,chainA_L22E,0.4250000000000071,2281.5,0.8666666666666676,0.37172359015091305,chaina_l22e,L,22,E,94.3707160334836,94.40062569832402,96.0358,84.516,9.246335195530726,0.9200000000000002,0.728,2.582,94.07624597553126,94.73203477141033,0.24920681168037695,94.12011173184358,94.77670391061451,0.2362395827888777,95.083,96.629,0.6224184283904207,83.5,86.68,1.2880527939490707,8.294525139664804,9.610111731843576,0.5373432643823091,0.92,0.92,0.0,0.71,0.77,0.024899799195977488,2.24,2.75,0.1994241710525582,94.07624597553126,94.36871508379888,95.752,83.86,9.610111731843576,0.92,0.71,2.67
A6,chainA_F52M,0.8583333333333478,4.166666666663635,1.3000000000000083,0.5575853852263725,chaina_f52m,F,52,M,95.03406972240158,93.68008938547487,97.0326,88.88399999999999,4.719932960893855,0.9200000000000002,0.908,1.158,94.58523563589404,95.3401549386702,0.2871250296102626,93.37061452513969,93.85357541899442,0.2069663990916935,96.61100000000002,97.224,0.2543015926021608,88.19,89.46,0.5763072097414692,4.400558659217877,5.301675977653631,0.34789998774071784,0.92,0.92,0.0,0.89,0.92,0.010954451150103326,1.08,1.38,0.12735776379946367,95.3401549386702,93.563687150838,97.213,89.42,4.400558659217877,0.92,0.92,1.08
A7,chainA_L22F,0.6888888888888883,42.66666666666667,1.1305555555555489,0.48490865766480945,chaina_l22f,L,22,F,94.28179421221867,93.65953072625697,95.2926,84.81,8.255804469273745,0.908,0.776,2.5140000000000002,93.5710996784568,94.60993569131836,0.41295923138393614,93.33055865921789,93.81195530726256,0.19590024381631066,94.753,95.737,0.35241495427974967,83.61,85.64,0.7951414968419138,7.768240223463688,9.325865921787711,0.6322551541338683,0.9,0.91,0.004472135954999583,0.73,0.8,0.02701851217221261,2.27,2.81,0.19768662069042509,93.5710996784568,93.33055865921789,94.753,84.45,9.325865921787711,0.9,0.73,2.81
A8,chainA_F52N,0.4000000000000101,1232.6666666666665,0.8416666666666706,0.36100079428117643,chaina_f52n,F,52,N,94.69744222078761,93.53284916201117,96.6562,87.714,4.929301675977653,0.9200000000000002,0.9,1.3039999999999998,94.3945900581022,94.9413557133634,0.2244599334093493,93.25675977653631,93.71100558659218,0.1690403603451295,96.493,96.89700000000002,0.14851498240919436,86.65,88.93,0.8636434449470433,4.806927374301676,5.172067039106145,0.14621458685334743,0.92,0.92,0.0,0.9,0.9,0.0,1.27,1.4,0.05504543577809151,94.58400258231104,93.58921787709498,96.6,87.17,4.806927374301676,0.92,0.9,1.27
A9,chainA_L22G,0.7777777777777962,682.6666666666279,1.2194444444444568,0.5230341540905522,chaina_l22g,L,22,G,94.7561240310077,93.60587709497206,89.12819999999999,87.078,4.4316480446927375,0.9179999999999999,0.9179999999999999,0.9640000000000001,94.2565697674418,95.0080167958656,0.2931658805032647,93.26871508379888,93.9609497206704,0.3075359662304137,88.382,89.503,0.4386373217135053,85.76,90.41,1.9389610620123312,4.197905027932961,4.617653631284917,0.17367619271249804,0.91,0.92,0.004472135954999582,0.91,0.92,0.004472135954999582,0.93,1.01,0.034351128074635334,95.0080167958656,93.3907262569832,89.37099999999998,90.41,4.350167597765363,0.92,0.92,0.98
B1,chainA_L22R,0.39722222222223724,5221.500000000107,0.8388888888888977,0.3598093725178743,chaina_l22r,L,22,R,92.85686945337628,92.38183240223462,85.8164,81.26,11.272363128491621,0.906,0.656,3.56,92.11920257234732,93.16632154340842,0.4238901827767674,91.6436312849162,92.8308379888268,0.4480927794309777,82.601,87.404,1.887724105901073,79.78,84.18,1.6919072078574555,9.786899441340784,12.336201117318437,0.9293450732341872,0.9,0.91,0.005477225575051663,0.61,0.71,0.03577708763999662,2.67,4.04,0.5221589796221072,92.11920257234732,91.6436312849162,82.601,80.92,12.336201117318437,0.9,0.61,4.04
B10,chainA_A73H,0.4638888888889003,3037.5,0.9055555555555608,0.3884034948371738,chaina_a73h,A,73,H,93.65763134232505,94.3352625698324,95.9856,85.316,10.592737430167599,0.914,0.6679999999999999,3.5700000000000003,93.1188053949904,94.6956069364162,0.625161334201192,93.92212290502792,94.94715083798884,0.39727316072613583,94.972,96.807,0.6639693517023197,84.1,87.29,1.5249360642335141,8.567625698324022,11.714888268156423,1.3262541450824563,0.91,0.92,0.005477225575051663,0.62,0.76,0.05805170109479995,2.63,4.05,0.5651990799709428,93.7481245985872,94.37217877094972,94.972,86.64,9.941620111731844,0.92,0.69,3.52
B11,chainA_L22Y,0.3388888888888947,2.666666666669092,0.7805555555555552,0.33478951548848207,chaina_l22y,L,22,Y,94.18202570694089,93.37001117318437,94.32820000000001,84.542,8.543351955307262,0.906,0.768,2.588,93.4765231362466,94.51030848329044,0.4142477331143451,93.00994413407822,93.66441340782124,0.23638212793808905,92.959,95.181,0.8209273414864426,83.79,85.76,0.7580039577733094,7.833575418994414,9.501759776536312,0.6628685950273904,0.9,0.91,0.005477225575051679,0.73,0.8,0.02774887385102324,2.23,2.89,0.23941595602632681,94.32342544987168,93.66441340782124,94.555,84.66,8.006368715083799,0.91,0.79,2.53
B12,chainA_A73I,1.983333333333346,322.66666666663997,2.4250000000000065,1.0401111993645757,chaina_a73i,A,73,I,95.35308810289392,94.12877094972067,96.1834,89.586,3.7203798882681562,0.93,0.93,0.8699999999999999,95.12736977491971,95.5796591639872,0.18519657187421268,93.81033519553073,94.41039106145251,0.21709173380334074,95.839,96.487,0.23206313796033876,89.14,90.29,0.5937844726834871,3.642597765363128,3.793128491620112,0.07137982344756742,0.93,0.93,0.0,0.93,0.93,0.0,0.85,0.89,0.015811388300841906,95.38614147909968,93.81033519553073,96.174,89.16,3.793128491620112,0.93,0.93,0.88
B13,chainA_V27A,0.8694444444444561,60.16666666667818,1.3111111111111167,0.5623510722795881,chaina_v27a,V,27,A,95.65803354838718,94.37307262569831,97.429,89.178,3.936486033519553,0.93,0.9280000000000002,0.9359999999999999,95.52876129032268,95.73612903225796,0.08837973967494497,94.0886592178771,94.56944134078212,0.18279760720763277,97.354,97.492,0.05181698563212459,88.21,89.8,0.5874265911584233,3.8174022346368712,4.027793296089385,0.08140086184420367,0.93,0.93,0.0,0.92,0.93,0.004472135954999583,0.92,0.95,0.015165750888103052,95.6785161290324,94.33508379888268,97.492,89.28,4.027793296089385,0.93,0.92,0.95
B14,chainA_A73K,0.5638888888888921,6468.166666666668,1.0055555555555526,0.4312946783161218,chaina_a73k,A,73,K,94.56399485861178,94.73001117318435,94.923,83.792,8.571581005586593,0.9280000000000002,0.756,2.564,94.01055912596397,95.14915809768632,0.4086914725477082,94.29435754189944,95.1472067039106,0.31629694197187047,93.427,96.209,1.1490337244833195,83.08,85.34,0.9581857857430423,6.843659217877095,9.437597765363128,1.2086858130620297,0.92,0.94,0.0083666002653407,0.72,0.82,0.04615192303685728,2.07,2.9,0.3418040374249551,94.66550771208222,94.78189944134078,93.427,84.1,7.745223463687151,0.93,0.79,2.38
B15,chainA_V27D,0.42500000000001276,3128.166666666667,0.8666666666666732,0.37172359015091544,chaina_v27d,V,27,D,95.88941017385707,94.66725139664804,97.6754,90.642,3.9104022346368716,0.93,0.93,0.9560000000000001,95.61519639407616,96.11591757887956,0.18421959316916992,94.44502793296093,94.83888268156424,0.1486274101582074,97.519,97.742,0.08896516172075199,90.16,91.83,0.6833154469203857,3.6956424581005582,4.0237150837988835,0.13594672417160253,0.93,0.93,0.0,0.93,0.93,0.0,0.93,0.99,0.024083189157584596,95.97316162266569,94.83888268156424,97.712,90.24,3.856564245810055,0.93,0.93,0.95
B16,chainA_A73L,0.2444444444444524,3082.666666666749,0.6861111111111129,0.2942811755361399,chaina_a73l,A,73,L,95.46128745980711,94.21417877094972,95.9552,89.648,3.705715083798883,0.9280000000000002,0.93,0.8699999999999999,95.06788424437308,95.62367202572344,0.2315700337312792,94.00262569832402,94.51396648044692,0.22852385138258585,95.572,96.414,0.313807584357038,89.15,90.65,0.6177539963448234,3.510810055865922,4.004916201117318,0.19183457732124812,0.92,0.93,0.004472135954999582,0.92,0.94,0.0070710678118654285,0.84,0.94,0.0406201920231798,95.43654019292616,94.3927932960894,95.572,89.25,3.510810055865922,0.93,0.94,0.85
B17,chainA_V27E,0.18611111111112108,5104.166666666666,0.6277777777777815,0.26926131850675245,chaina_v27e,V,27,E,95.81166409266417,94.41010055865922,97.8412,90.474,3.6304692737430164,0.93,0.9359999999999999,0.882,95.72702059202064,95.90659588159583,0.06791108097802165,94.2468715083799,94.58150837988826,0.14584410869724473,97.818,97.871,0.019841874911409745,90.03,90.83,0.2876282322721467,3.563826815642458,3.7105586592178774,0.055949990516367176,0.93,0.93,0.0,0.93,0.94,0.005477225575051601,0.87,0.9,0.010954451150103338,95.8140025740028,94.48765363128491,97.818,90.52,3.633938547486033,0.93,0.94,0.87
B18,chainA_A73M,0.4444444444444565,4160.6666666667625,0.8861111111111171,0.38006354249404467,chaina_a73m,A,73,M,94.44363858520896,94.24014525139664,96.1948,84.498,8.675418994413409,0.916,0.758,2.786,94.21079099678444,94.70328617363336,0.1823781088189445,93.91921787709498,94.42798882681564,0.20774519769165375,95.952,96.446,0.1898438832304055,83.48,85.47,0.7370685178462041,8.312821229050279,9.308351955307264,0.4105447267093079,0.91,0.92,0.005477225575051676,0.73,0.78,0.019235384061671374,2.6,2.96,0.15306861206661537,94.4806752411576,94.23720670391062,96.285,85.47,8.312821229050279,0.91,0.78,2.67
B19,chainA_V27F,0.4194444444444558,0.16666666666606034,0.8611111111111163,0.36934074662430644,chaina_v27f,V,27,F,95.3769948586119,94.0760558659218,97.1106,88.732,4.0451843575419,0.93,0.924,1.014,95.06414524421588,95.78035347043706,0.2599404914645723,93.75039106145252,94.2668715083799,0.20940171603986701,96.877,97.364,0.17964910241913903,87.79,90.71,1.1565119973437377,3.697709497206704,4.227737430167598,0.22119250922050732,0.93,0.93,0.0,0.92,0.93,0.005477225575051663,0.94,1.08,0.049799598391954976,95.39978791773792,94.253687150838,97.056,87.79,3.9541061452513966,0.93,0.93,1.02
B2,chainA_A73D,0.5888888888889003,4266.666666666763,1.0305555555555608,0.4420174741858631,chaina_a73d,A,73,D,94.4910546623795,94.70403351955308,96.78299999999999,84.922,9.254798882681564,0.922,0.73,2.7359999999999998,93.89374276527334,95.13988424437314,0.5084493513003253,94.27497206703912,95.30949720670392,0.42571812663805025,96.08599999999998,97.152,0.4218637220714807,82.17,86.4,1.6313859138781366,8.534860335195532,10.006536312849162,0.6260367140376967,0.92,0.93,0.004472135954999583,0.7,0.75,0.02345207879911717,2.57,3.0,0.17770762504743573,95.13988424437314,95.30949720670392,97.046,86.4,8.534860335195532,0.93,0.75,2.57
B20,chainA_A73N,0.10000000000001238,2730.666666666589,0.5416666666666728,0.23232724384432304,chaina_a73n,A,73,N,94.33116141479107,94.68478212290502,96.6298,85.67,9.21272625698324,0.9179999999999999,0.736,2.71,93.97100964630232,94.67276527331192,0.2658735075694327,94.5272067039106,94.80413407821229,0.14385756139789382,96.418,96.79999999999998,0.18898068684391361,81.93,88.96,2.567226129502423,7.428854748603352,10.664022346368714,1.2116341558262065,0.91,0.92,0.004472135954999582,0.68,0.8,0.045055521304275245,2.15,3.11,0.38961519477556295,94.67276527331192,94.77743016759776,96.79999999999998,88.96,7.428854748603352,0.92,0.8,2.15
B21,chainA_V27G,0.4222222222222286,16.666666666666668,0.8638888888888892,0.37053216838760855,chaina_v27g,V,27,G,95.5647850225953,94.4064245810056,96.2236,89.328,3.728452513966481,0.932,0.9359999999999999,0.8939999999999999,95.2456358941252,95.85466107165902,0.27417768158259054,93.97949720670393,94.90905027932962,0.33281267322559255,95.811,96.43200000000002,0.24098194953149588,88.7,90.37,0.718588894987945,3.5984636871508378,3.916703910614525,0.14220064176375533,0.93,0.94,0.004472135954999551,0.93,0.94,0.005477225575051627,0.86,0.93,0.03049590136395384,95.2982633957394,94.3872625698324,96.248,88.95,3.840530726256984,0.93,0.93,0.93
B22,chainA_A73P,0.052777777777789366,1633.49999999994,0.49444444444444985,0.2120730738681512,chaina_a73p,A,73,P,95.19325997426003,93.9428938547486,96.6854,89.362,4.234351955307263,0.922,0.9200000000000002,0.9719999999999999,94.8296846846847,95.36990990990996,0.2179119255965638,93.61044692737428,94.17703910614526,0.24274814474492445,96.485,96.93800000000002,0.196800152438971,88.6,90.79,0.929365374866098,3.978100558659218,4.619581005586592,0.2551497697367627,0.92,0.93,0.004472135954999582,0.91,0.93,0.007071067811865463,0.93,1.05,0.04764451699828641,94.8296846846847,93.61044692737428,96.485,88.68,4.619581005586592,0.92,0.91,1.05
B23,chainA_V27H,0.14722222222223352,3313.5,0.588888888888894,0.25258141382049415,chaina_v27h,V,27,H,95.17428681672025,94.06175418994414,96.795,88.284,4.691385474860335,0.922,0.908,1.198,94.85895176848878,95.3977299035372,0.1959104055343553,93.73770949720672,94.23256983240223,0.19415560589612402,96.595,97.013,0.14979819758595433,86.77,88.81,0.8553244998244843,4.5291620111731845,4.891173184357541,0.1462772601719736,0.92,0.93,0.004472135954999582,0.9,0.91,0.004472135954999571,1.16,1.25,0.047644516998286375,94.85895176848878,94.07039106145253,96.595,88.75,4.711815642458101,0.92,0.91,1.25
B24,chainA_A73Q,-0.40000000000000074,486.0,0.041666666666659746,0.01787132644956014,chaina_a73q,A,73,Q,94.6986555269923,94.71204469273744,96.3596,85.13,8.860525139664805,0.9259999999999999,0.746,2.636,94.46309125964032,95.1011375321337,0.2635873875031696,94.37949720670392,95.0390502793296,0.2499850174968034,94.806,97.242,0.9792263783211721,83.39,87.6,1.848445292671649,7.67022346368715,10.794469273743015,1.3186993172611041,0.92,0.93,0.005477225575051679,0.67,0.79,0.050299105359837164,2.26,3.17,0.3990363391973215,94.82162596401017,94.8609497206704,97.242,83.81,8.426396648044692,0.93,0.77,2.48
B3,chainA_L22S,0.6611111111111185,294.0,1.102777777777779,0.47299444003177077,chaina_l22s,L,22,S,93.37027483870972,92.46969832402235,85.93620000000001,82.498,9.818441340782122,0.9040000000000001,0.728,3.16,92.71139999999995,93.84034193548383,0.41482926710270657,92.0673184357542,92.96988826815642,0.37681858193004525,84.509,87.102,0.9366256989854604,80.92,84.35,1.327599337149576,8.679078212290502,10.57081005586592,0.8353582942895417,0.9,0.91,0.005477225575051679,0.69,0.78,0.03701351104664353,2.84,3.44,0.27009257672139025,93.43280000000009,92.41659217877096,86.092,82.06,10.087793296089384,0.9,0.72,3.17
B4,chainA_A73E,0.5138888888889018,468.16666666666663,0.9555555555555624,0.4098490865766502,chaina_a73e,A,73,E,94.60121593830341,94.72029050279329,96.9662,85.16600000000001,9.148463687150837,0.924,0.732,2.6380000000000003,94.20941516709516,94.96627249357338,0.2889947989387999,94.4081005586592,95.04687150837988,0.25514017367681696,96.388,97.497,0.39721681736804704,83.5,86.47,1.1628542471006413,8.40586592178771,10.042513966480447,0.7290360542502287,0.92,0.93,0.005477225575051646,0.7,0.76,0.023874672772626657,2.39,2.89,0.2202725584361338,94.96627249357338,95.04687150837988,97.052,84.65,9.088463687150838,0.93,0.73,2.69
B5,chainA_L22T,0.4805555555555656,253.5,0.922222222222226,0.3955520254169984,chaina_l22t,L,22,T,93.85310767246939,93.53967597765363,91.603,83.30199999999999,9.598055865921788,0.9099999999999999,0.726,3.116,93.5475435203096,94.00888459058672,0.18159202237179345,93.35553072625696,93.6281005586592,0.11042819360567459,91.379,91.788,0.19206118816667977,81.86,84.36,0.9376406561151253,9.06913407821229,10.197290502793296,0.49981444217638865,0.91,0.91,0.0,0.7,0.75,0.024083189157584586,2.96,3.35,0.17672011770027762,93.5475435203096,93.5337430167598,91.379,83.03,10.037011173184355,0.91,0.7,3.26
B6,chainA_A73F,0.3888888888889037,3360.6666666665806,0.8305555555555642,0.35623510722796164,chaina_a73f,A,73,F,94.01985365853663,94.48907262569833,95.976,83.69800000000001,9.815782122905029,0.9099999999999999,0.712,3.16,93.50359435173294,94.22834403080871,0.29498244787925043,94.32106145251396,94.63497206703912,0.11757398743141477,95.321,96.351,0.4155339937959344,82.31,87.97,2.4137874802890162,9.1063687150838,10.88189944134078,0.6525632825551438,0.91,0.91,0.0,0.67,0.74,0.025884358211089524,2.53,3.75,0.44933283877321956,93.50359435173294,94.32106145251396,95.824,82.55,10.88189944134078,0.91,0.67,3.75
B7,chainA_L22V,0.48055555555555995,88.16666666665272,0.9222222222222205,0.395552025416996,chaina_l22v,L,22,V,94.10686266924566,93.78153072625699,93.2158,83.31800000000001,8.955837988826817,0.9099999999999999,0.752,2.87,93.78472598323675,94.32344938749196,0.20478198817408266,93.50458100558662,94.02608938547483,0.18976311041982735,92.746,93.766,0.41782316833800365,81.56,84.23,1.0532188756379168,8.404720670391061,9.31513966480447,0.3859756063609727,0.91,0.91,0.0,0.74,0.77,0.013038404810405298,2.74,2.99,0.09823441352194259,94.32344938749196,93.86117318435755,93.766,83.95,8.730418994413409,0.91,0.76,2.74
B8,chainA_A73G,0.4861111111111282,48.16666666666667,0.9277777777777887,0.3979348689436099,chaina_a73g,A,73,G,94.30992520954234,93.77671508379888,95.95439999999999,84.182,7.95595530726257,0.9099999999999999,0.788,2.55,93.85381044487454,94.57987749838811,0.27304806627699,93.44748603351954,94.0831284916201,0.24117668937837922,95.513,96.366,0.3173157733236714,82.36,85.39,1.2628024390220334,7.434525139664803,8.743156424581006,0.6142069362173372,0.91,0.91,0.0,0.76,0.81,0.025884358211089583,2.28,2.85,0.23885141824992376,94.42823339780809,94.0831284916201,95.907,84.64,7.467932960893855,0.91,0.81,2.39
B9,chainA_L22W,0.7583333333333431,140.16666666666666,1.2000000000000035,0.514694201747419,chaina_l22w,L,22,W,93.30108600770225,92.64239106145251,85.3124,82.4,9.81335754189944,0.9040000000000001,0.714,2.964,92.49318998716332,93.8373555840821,0.5203633990390422,92.2500558659218,93.06502793296087,0.3281660858954756,83.656,86.69599999999998,1.2651696724155121,80.58,86.27,2.233013658713263,9.203212290502794,10.94290502793296,0.686902316131809,0.9,0.91,0.005477225575051679,0.66,0.74,0.03286335345030999,2.71,3.38,0.25559733957926867,92.49318998716332,92.2500558659218,83.656,80.58,10.94290502793296,0.9,0.66,3.38
C1,chainA_V27I,1.8166666666666818,10.666666666671517,2.258333333333342,0.9686258935663242,chaina_v27i,V,27,I,95.40858853831301,94.10041340782122,97.5714,88.558,3.705513966480447,0.93,0.9359999999999999,0.9019999999999999,95.22303283966514,95.6626207340632,0.17605969725761064,93.8899441340782,94.4073184357542,0.2170566690477547,97.464,97.676,0.1004280837216385,87.76,89.7,0.7610321937999672,3.6073184357541903,3.936312849162011,0.1321251544093778,0.93,0.93,0.0,0.93,0.94,0.005477225575051609,0.88,0.93,0.017888543819998323,95.6626207340632,93.8899441340782,97.676,89.7,3.6073184357541903,0.93,0.94,0.88
C10,chainA_A73W,0.11666666666668331,13824.0,0.5583333333333438,0.23947577442415013,chaina_a73w,A,73,W,94.70128635490063,94.38532960893855,96.8794,85.83,6.013631284916201,0.924,0.866,1.204,94.30836643177436,94.87609865470849,0.23361036854721118,94.24882681564246,94.59865921787711,0.14995944542961698,96.767,97.057,0.1154525876713081,84.76,87.48,1.060801583709225,5.69608938547486,6.469972067039105,0.31050306656958326,0.92,0.93,0.0054772255750516665,0.85,0.88,0.01140175425099139,1.12,1.31,0.07668115805072323,94.66975016015355,94.47480446927374,96.791,84.76,6.010558659217877,0.92,0.87,1.25
C11,chainA_V27P,0.46388888888890406,620.1666666667036,0.9055555555555646,0.3884034948371754,chaina_v27p,V,27,P,93.91191365979384,93.48233519553074,88.99199999999999,83.88,8.683296089385474,0.914,0.764,2.712,93.32587628865991,94.4169974226804,0.39021008567974746,93.0359217877095,93.95888268156423,0.3597466923497615,84.297,91.845,3.164551153007325,82.84,85.23,0.9430005302225439,7.605391061452513,9.609581005586591,0.8844296004444783,0.91,0.92,0.0054772255750516665,0.72,0.81,0.03646916505762097,2.42,2.98,0.26677706048309335,93.32587628865991,93.0359217877095,90.407,83.25,9.609581005586591,0.91,0.72,2.93
C12,chainA_A73Y,0.30000000000001087,1176.0,0.7416666666666714,0.31810961080222533,chaina_a73y,A,73,Y,94.18511225144331,94.7997094972067,96.22659999999999,82.65599999999999,9.068368715083798,0.9179999999999999,0.738,2.582,94.05292495189236,94.40926234765868,0.1665084275327545,94.54011173184358,95.07396648044694,0.21514684340488066,95.564,96.529,0.4020296009002349,80.98,87.11,2.5321986493954207,8.715027932960894,9.432988826815642,0.2796913653278497,0.91,0.92,0.004472135954999567,0.72,0.76,0.014832396974191324,2.36,2.81,0.15974980438172692,94.40926234765868,95.07396648044694,96.384,82.16,8.900446927374302,0.92,0.74,2.58
C13,chainA_V27Q,0.8527777777777927,1980.1666666666006,1.2944444444444532,0.5552025416997642,chaina_v27q,V,27,Q,95.75129729729726,94.36996648044693,97.6686,90.088,3.273111731843575,0.93,0.9399999999999998,0.842,95.63921492921476,95.94927284427293,0.11950909986184124,94.1264245810056,94.4982681564246,0.14589066779987836,97.614,97.774,0.06249639989631624,89.53,90.41,0.34441254332558774,3.1124301675977653,3.386033519553072,0.11458820412439058,0.93,0.93,0.0,0.94,0.94,0.0,0.83,0.85,0.008366600265340763,95.63921492921476,94.1264245810056,97.614,90.01,3.386033519553072,0.93,0.94,0.85
C14,chainA_A75D,0.7027777777777826,4108.1666666667625,1.144444444444443,0.4908657664813328,chaina_a75d,A,75,D,95.74487717041814,94.41320670391062,97.9628,88.738,3.364670391061453,0.93,0.9399999999999998,0.8560000000000001,95.7053697749198,95.8051575562703,0.04367614404063466,94.168156424581,94.58653631284918,0.20098799613113705,97.903,98.012,0.03893199198602529,88.09,89.24,0.4872063217980667,3.290055865921788,3.44731843575419,0.062359102442037094,0.93,0.93,0.0,0.94,0.94,0.0,0.85,0.87,0.008944271909999175,95.72058520900327,94.58653631284918,97.962,88.47,3.44731843575419,0.93,0.94,0.86
C15,chainA_V27R,0.2250000000000105,11353.5,0.666666666666671,0.2859412231930116,chaina_v27r,V,27,R,95.54284575835486,94.13805586592179,97.50019999999999,89.9,3.4638826815642454,0.93,0.938,0.8619999999999999,95.28335475578416,95.77283419023136,0.18168353827103495,93.9554189944134,94.5182122905028,0.2219896720574479,97.39,97.60099999999998,0.0817966991999014,89.17,91.0,0.680881781221968,3.2796927374301665,3.644608938547486,0.148546342290449,0.93,0.93,0.0,0.93,0.94,0.004472135954999528,0.84,0.89,0.01923538406167136,95.28335475578416,93.9554189944134,97.39,89.61,3.644608938547486,0.93,0.93,0.89
C16,chainA_A75E,3.3305555555555704,4873.500000000104,3.772222222222231,1.6179507545671172,chaina_a75e,A,75,E,95.27175964010289,93.96204469273744,97.5462,88.752,4.121005586592179,0.9280000000000002,0.9200000000000002,1.01,95.0647686375321,95.4094858611826,0.1356733601321736,93.68430167597766,94.25653631284916,0.24463624829445804,97.481,97.586,0.04759411728354617,88.12,89.37,0.5431114066193024,4.040027932960894,4.185586592178771,0.053473438717688344,0.92,0.93,0.004472135954999567,0.92,0.92,0.0,1.0,1.03,0.012247448713915936,95.2589331619538,94.1064245810056,97.481,88.12,4.040027932960894,0.93,0.92,1.0
C17,chainA_V27S,1.3277777777777846,4056.0,1.769444444444445,0.7589356632247802,chaina_v27s,V,27,S,95.77816247582209,94.34882681564245,97.4928,89.714,3.319351955307263,0.932,0.9399999999999998,0.8459999999999999,95.6620631850419,95.85784010315923,0.07634873687829262,94.03290502793296,94.61301675977651,0.23572144918142296,97.438,97.544,0.04898162920932794,88.04,90.64,1.0124623449788102,3.134078212290503,3.4555027932960893,0.13739417563625891,0.93,0.94,0.004472135954999528,0.94,0.94,0.0,0.84,0.86,0.008944271909999179,95.85784010315923,94.61301675977651,97.544,90.64,3.134078212290503,0.94,0.94,0.84
C18,chainA_A75F,0.8833333333333449,7210.666666666793,1.3250000000000053,0.5683081810961091,chaina_a75f,A,75,F,95.02118100128372,93.7042905027933,97.7032,87.976,3.5397318435754186,0.924,0.9359999999999999,0.8699999999999999,94.78600128369716,95.14865211809996,0.15148406148946475,93.19703910614524,93.98653631284915,0.3295773027143497,97.60099999999998,97.867,0.10961842910752362,87.25,88.59,0.522857533177059,3.411368715083799,3.635670391061452,0.091200941079676,0.92,0.93,0.0054772255750516665,0.93,0.94,0.005477225575051601,0.85,0.89,0.01581138830084191,94.95306803594367,93.9368156424581,97.613,87.25,3.567122905027933,0.92,0.94,0.88
C19,chainA_V27T,2.0388888888889007,4592.666666666767,2.4805555555555614,1.0639396346306595,chaina_v27t,V,27,T,95.87963530927838,94.43299441340783,97.89000000000001,89.14200000000001,3.186754189944134,0.9359999999999999,0.9399999999999998,0.8320000000000001,95.80730025773202,95.97649484536096,0.06534257077404879,94.17189944134078,94.65502793296088,0.23827957362600144,97.846,97.937,0.0324884594894864,88.4,89.97,0.6571681672144492,3.0631564245810052,3.269301675977654,0.0770250507756393,0.93,0.94,0.005477225575051627,0.94,0.94,0.0,0.83,0.84,0.004472135954999582,95.84993556701026,94.17189944134078,97.896,88.89,3.2234357541899437,0.93,0.94,0.83
C2,chainA_A73R,0.491666666666672,840.1666666666237,0.9333333333333325,0.40031771247021325,chaina_a73r,A,73,R,94.5695905006419,94.59089385474861,93.9344,83.992,8.699949720670393,0.9200000000000002,0.75,2.66,93.93829268292689,94.93963414634165,0.40436478817467686,94.21502793296092,94.82530726256984,0.225756640372458,93.47,94.991,0.6129472244818543,81.68,87.91,2.4015973850751884,7.706536312849163,9.608715083798884,0.8621701671729378,0.91,0.93,0.007071067811865481,0.71,0.78,0.03240370349203933,2.33,2.97,0.2481934729198172,94.86195121951222,94.64173184357544,93.904,87.91,8.33399441340782,0.92,0.77,2.56
C20,chainA_A75G,1.4638888888889061,2053.5,1.9055555555555665,0.8173153296266908,chaina_a75g,A,75,G,95.64422308188274,94.21188826815641,97.7526,88.782,3.4931452513966477,0.93,0.9399999999999998,0.8619999999999999,95.5437911025146,95.75341715022584,0.089227274073099,93.91564245810056,94.38212290502791,0.1783410044629319,97.663,97.83,0.07448019871079888,87.91,89.73,0.6641310111717422,3.366201117318436,3.554078212290503,0.0759005513728227,0.93,0.93,0.0,0.94,0.94,0.0,0.84,0.89,0.019235384061671374,95.66548033526747,94.28307262569832,97.83,88.55,3.483575418994413,0.93,0.94,0.86
C21,chainA_V27W,-0.2833333333333212,170.66666666664727,0.15833333333333927,0.06791104050834236,chaina_v27w,V,27,W,95.61132905708793,94.01034636871508,97.7354,89.53999999999999,3.5312960893854752,0.932,0.9399999999999998,0.8779999999999999,95.41250160359208,95.84822322001288,0.15603690758479175,93.72396648044692,94.16675977653632,0.16793394774407366,97.708,97.786,0.031461087075943424,88.72,90.76,0.7654083877251388,3.322960893854749,3.6245530726256985,0.12228128386688117,0.93,0.94,0.004472135954999542,0.94,0.94,0.0,0.86,0.9,0.01788854381999833,95.41250160359208,94.16675977653632,97.71,89.63,3.527122905027933,0.93,0.94,0.9
C22,chainA_A75H,0.42222222222223615,450.66666666663514,0.8638888888888967,0.37053216838761177,chaina_a75h,A,75,H,95.3786024405908,93.99791061452515,97.842,88.46000000000001,3.463877094972067,0.9280000000000002,0.9359999999999999,0.868,95.11868978805384,95.54341040462404,0.17085304301114532,93.44100558659215,94.45569832402236,0.38768106129521857,97.718,97.97,0.10687609648559697,87.9,89.11,0.5261653732430495,3.3598603351955307,3.5559217877094973,0.08346691321459654,0.92,0.93,0.004472135954999582,0.93,0.94,0.005477225575051601,0.85,0.89,0.017888543819998326,95.3523570969814,94.245530726257,97.794,87.9,3.5149441340782124,0.93,0.94,0.87
C23,chainA_V27Y,0.3583333333333441,1980.1666666666665,0.8000000000000046,0.34312946783161363,chaina_v27y,V,27,Y,94.75744637122678,94.0163687150838,96.52799999999999,85.854,6.429860335195531,0.922,0.8480000000000001,1.966,94.6428837508029,94.82373795761092,0.06975901208792772,93.78737430167595,94.54240223463688,0.31942632121108044,96.482,96.632,0.06041109169680608,84.47,86.38,0.806988227919093,6.099832402234636,6.831201117318436,0.29519573094588913,0.92,0.93,0.004472135954999582,0.84,0.86,0.008366600265340755,1.81,2.05,0.09289779329994861,94.79929351316642,93.78737430167595,96.632,86.26,6.58108938547486,0.92,0.84,2.01
C24,chainA_A75I,0.7583333333333412,228.16666666664423,1.2000000000000017,0.5146942017474182,chaina_a75i,A,75,I,95.35367974276525,94.02806703910616,97.63980000000001,88.76599999999999,3.7408044692737428,0.9280000000000002,0.932,0.9039999999999999,95.08109324758853,95.57349196141476,0.17595543116381032,93.82569832402235,94.27932960893855,0.20803133189219675,97.413,97.784,0.1451333869238936,88.09,89.56,0.5299339581495056,3.4933798882681564,3.9712290502793297,0.1755443781607609,0.92,0.93,0.004472135954999567,0.93,0.94,0.00447213595499953,0.87,0.95,0.02966479394838268,95.38508038585218,94.22201117318434,97.69,88.6,3.8229888268156422,0.93,0.93,0.91
C3,chainA_V27K,0.3250000000000098,48.166666666666664,0.7666666666666703,0.32883240667196273,chaina_v27k,V,27,K,95.25170785070796,93.8748715083799,97.1828,88.578,4.154670391061453,0.93,0.924,0.998,94.96577863577876,95.44893822393848,0.19978939543667767,93.69564245810056,94.31351955307262,0.24975778160247722,97.009,97.28,0.11175285231259176,88.16,89.89,0.7385594085786227,3.844189944134078,4.37231843575419,0.2252055232424059,0.93,0.93,0.0,0.92,0.93,0.0054772255750516665,0.95,1.07,0.04438468204234432,95.20850707850715,93.74871508379888,97.222,88.31,4.230251396648045,0.93,0.92,1.0
C4,chainA_A73S,1.8888888888889,1600.6666666666667,2.3305555555555606,0.999602859412232,chaina_a73s,A,73,S,94.44193174500974,94.17181005586592,96.34819999999999,84.136,8.65427374301676,0.914,0.766,2.772,94.18614294913073,94.63182227945924,0.16626798803345752,93.90944134078212,94.42067039106144,0.21857749334156518,96.243,96.551,0.13305900946573085,83.11,84.56,0.5846195343982302,8.14312849162011,9.199245810055864,0.3837579096106376,0.91,0.92,0.0054772255750516665,0.74,0.79,0.018165902124584955,2.66,2.85,0.0980815986819138,94.43301996136536,94.1728491620112,96.415,84.43,8.70759776536313,0.91,0.77,2.85
C5,chainA_V27L,1.1305555555555664,937.5,1.5722222222222269,0.6743447180301833,chaina_v27l,V,27,L,95.350181584031,94.10601117318436,97.2612,88.298,3.8835865921787707,0.9280000000000002,0.93,0.932,95.0872569220864,95.64417256922088,0.21258103273328413,93.82111731843575,94.5381005586592,0.2649329256117176,97.17600000000002,97.388,0.10329181961801445,87.32,89.97,1.0203773811683645,3.667346368715083,4.133240223463687,0.18613933650658746,0.92,0.93,0.004472135954999567,0.93,0.93,0.0,0.91,0.96,0.02588435821108953,95.38933032839672,93.82111731843575,97.388,88.07,3.9876815642458103,0.93,0.93,0.92
C6,chainA_A73T,1.9194444444444558,8.166666666666668,2.3611111111111165,1.0127084988085784,chaina_a73t,A,73,T,94.66129472329473,94.29534078212289,96.75460000000001,84.65,8.181167597765363,0.9179999999999999,0.778,2.642,94.4643693693694,94.80660231660228,0.15322867207346835,93.98284916201118,94.5481005586592,0.21573032265013148,96.585,96.94,0.15596570135770174,83.68,85.22,0.6378087487640727,7.694497206703911,9.170251396648045,0.5751800849154384,0.91,0.92,0.004472135954999567,0.73,0.8,0.027748873851023235,2.51,2.98,0.19664689166117022,94.71229729729744,94.37642458100557,96.815,85.22,8.097513966480445,0.92,0.79,2.65
C7,chainA_V27M,1.288888888888899,1066.6666666666665,1.7305555555555594,0.7422557585385228,chaina_v27m,V,27,M,95.53907920154543,94.24099441340783,97.50219999999999,88.736,3.5448379888268158,0.93,0.9399999999999998,0.8720000000000001,95.437797810689,95.59490019317457,0.06312307545568337,93.91765363128492,94.48,0.24835195499309723,97.455,97.544,0.039952471763335155,87.88,89.73,0.6882078174505166,3.4850558659217876,3.627821229050279,0.06018662327646031,0.93,0.93,0.0,0.94,0.94,0.0,0.86,0.88,0.010954451150103319,95.437797810689,94.29162011173185,97.455,88.9,3.566033519553073,0.93,0.94,0.88
C8,chainA_A73V,3.483333333333344,8970.666666666666,3.9250000000000047,1.6834789515488469,chaina_a73v,A,73,V,95.38331788931796,94.03871508379888,97.2976,88.938,3.976748603351955,0.93,0.924,0.9339999999999999,95.24738095238068,95.48166666666668,0.10031964980068353,93.69564245810056,94.306312849162,0.2981190081858532,97.167,97.415,0.09880182184555407,87.18,89.88,1.0460019120441384,3.7520949720670393,4.136508379888268,0.15707286304287213,0.93,0.93,0.0,0.92,0.93,0.005477225575051663,0.91,0.95,0.015165750888103062,95.24738095238068,94.16659217877096,97.317,89.88,3.8924581005586583,0.93,0.93,0.93
C9,chainA_V27N,0.7500000000000113,1290.6666666666665,1.1916666666666718,0.5111199364575071,chaina_v27n,V,27,N,95.84703799098529,94.42250279329609,97.6662,89.95,3.3002905027932963,0.932,0.9399999999999998,0.8459999999999999,95.73140373470711,96.05786864133952,0.12786113604623583,94.09664804469271,94.58715083798882,0.1903234193778452,97.566,97.785,0.07979786964574502,89.33,91.48,0.8674963976870478,3.1229608938547484,3.4403351955307264,0.11949842541839518,0.93,0.94,0.004472135954999521,0.94,0.94,0.0,0.84,0.86,0.008944271909999154,95.82392144236964,94.49513966480446,97.684,89.69,3.3677932960893853,0.93,0.94,0.84
D1,chainA_A30D,0.5638888888888977,337.5000000000273,1.0055555555555582,0.4312946783161241,chaina_a30d,A,30,D,94.03085787781357,94.44573184357543,96.5524,83.386,10.09223463687151,0.9179999999999999,0.694,3.632,92.99911254019304,94.95486173633464,0.8744781890437261,93.80759776536313,94.94530726256984,0.520049181352346,95.713,97.242,0.6676588200570768,80.95,86.76,2.3323121574952173,8.139553072625699,12.71449720670391,1.973010453356974,0.9,0.93,0.013038404810405304,0.58,0.78,0.08820430828479982,2.73,4.82,0.9938158783195208,94.43132475884248,94.59877094972067,96.213,84.16,9.08382681564246,0.92,0.74,3.24
D10,chainA_A75P,3.219444444444457,1320.1666666666126,3.6611111111111176,1.5702938840349479,chaina_a75p,A,75,P,94.96396010296014,93.67717318435754,97.1984,87.63399999999999,4.649754189944135,0.9200000000000002,0.9120000000000001,1.138,94.71845559845563,95.32308236808242,0.2501818536685723,93.56625698324022,93.97988826815644,0.17275801098062687,96.943,97.33400000000002,0.1540545357982059,86.41,88.93,0.9189287241130333,4.260195530726257,4.872737430167598,0.23517487485431243,0.92,0.92,0.0,0.91,0.92,0.004472135954999571,1.05,1.23,0.06418722614352483,94.73489703989698,93.65927374301675,97.173,87.35,4.872737430167598,0.92,0.91,1.23
D11,chainA_A30I,2.730555555555562,5221.499999999893,3.1722222222222225,1.3606036536934047,chaina_a30i,A,30,I,95.86938649517693,94.35363128491619,97.8968,91.438,3.0821620111731844,0.932,0.9399999999999998,0.8560000000000001,95.70141479099674,95.96693890675252,0.10596570467520135,94.17793296089384,94.529217877095,0.1609990054443516,97.718,97.993,0.10462169947004143,90.95,91.83,0.38719504129055893,3.0082960893854747,3.168519553072626,0.05877002237622563,0.93,0.94,0.00447213595499953,0.94,0.94,0.0,0.85,0.87,0.008944271909999154,95.9500450160772,94.52072625698324,97.938,91.83,3.054217877094972,0.93,0.94,0.85
D12,chainA_A75Q,1.4666666666666732,352.66666666666663,1.9083333333333337,0.8185067513899905,chaina_a75q,A,75,Q,95.53549100257072,94.15894972067039,97.83579999999999,89.034,3.4880949720670387,0.93,0.938,0.868,95.2625835475579,95.68455012853464,0.1663205991061695,93.86597765363128,94.46212290502794,0.22429620550318374,97.701,97.937,0.08791302520105126,88.4,89.54,0.4093653624819749,3.391536312849162,3.656424581005586,0.10093038718509294,0.93,0.93,0.0,0.93,0.94,0.004472135954999528,0.86,0.9,0.017888543819998333,95.2625835475579,94.03798882681566,97.701,89.12,3.656424581005586,0.93,0.93,0.9
D13,chainA_A30K,0.07500000000000413,620.1666666667037,0.5166666666666646,0.22160444797458165,chaina_a30k,A,30,K,92.67304627249364,92.14358659217878,92.598,81.17999999999999,11.013782122905027,0.8960000000000001,0.666,4.026000000000001,92.10861182519297,93.10476221079692,0.3881596935686446,91.7301117318436,92.67005586592178,0.3442826290965004,92.132,92.886,0.31127801078777323,79.8,84.47,1.9164028803985858,10.038575418994412,12.07245810055866,0.7256838586793362,0.89,0.9,0.005477225575051663,0.62,0.7,0.029664793948382635,3.6,4.65,0.39386545926242394,92.10861182519297,91.7301117318436,92.132,79.8,12.07245810055866,0.89,0.62,4.65
D14,chainA_A75R,0.9500000000000097,522.6666666666666,1.3916666666666702,0.5969023034154093,chaina_a75r,A,75,R,95.61346084724006,94.2000558659218,97.9106,88.764,3.249731843575419,0.93,0.9399999999999998,0.844,95.32784980744532,95.70450577663678,0.16049506012578627,93.87424581005584,94.53927374301678,0.2607803845691011,97.74,97.979,0.09678222977386051,88.17,89.53,0.5238606684987877,3.1162849162011175,3.45427374301676,0.12435364803894426,0.93,0.93,0.0,0.94,0.94,0.0,0.83,0.87,0.015165750888103114,95.69724005134778,94.53927374301678,97.934,88.17,3.2081564245810057,0.93,0.94,0.84
D15,chainA_A30L,0.7138888888888985,1204.1666666666667,1.155555555555559,0.4956314535345517,chaina_a30l,A,30,L,94.13694147909973,93.51974301675976,96.16900000000001,83.19200000000001,8.37008938547486,0.9099999999999999,0.77,2.6759999999999997,93.8487459807076,94.36486173633445,0.23195560227055279,93.17888268156425,93.6958659217877,0.20704630633238377,95.865,96.47,0.22094230016002253,82.51,85.23,1.1453907630149627,8.07935754189944,8.862486033519552,0.3483815223156608,0.91,0.91,0.0,0.75,0.78,0.014142135623730973,2.5,2.8,0.12700393694685205,94.3640192926045,93.6958659217877,96.47,82.74,8.07935754189944,0.91,0.78,2.5
D16,chainA_A75S,2.1972222222222313,9361.5,2.638888888888892,1.131850675138998,chaina_a75s,A,75,S,95.51896458467488,94.12775418994414,97.63980000000001,88.784,3.7185698324022347,0.93,0.932,0.8960000000000001,95.367772054089,95.63495814552483,0.10666372733003243,93.82877094972066,94.35139664804468,0.22827823421753082,97.54,97.735,0.08551432628513543,88.18,89.39,0.45883548249890016,3.6287430167597767,3.7677932960893856,0.05344929331700756,0.93,0.93,0.0,0.93,0.94,0.004472135954999521,0.88,0.91,0.01140175425099139,95.60607211848044,94.35139664804468,97.735,88.97,3.742178770949721,0.93,0.93,0.9
D17,chainA_A30M,-0.3249999999999835,2948.166666666667,0.11666666666667697,0.05003971405878112,chaina_a30m,A,30,M,93.93482958199363,93.4637094972067,96.271,83.16,8.235832402234637,0.908,0.776,2.552,93.24070739549832,94.2120643086818,0.3969557869276116,92.98162011173184,93.71050279329609,0.3209950583280898,95.688,96.608,0.35507323188322765,81.86,85.11,1.2300609740984398,7.747234636871509,9.42103351955307,0.6830268605538643,0.9,0.91,0.004472135954999582,0.73,0.79,0.026076809620810618,2.4,2.86,0.18753666308218236,94.16811575562704,93.28368715083798,96.283,85.11,8.202765363128492,0.91,0.78,2.58
D18,chainA_A75T,1.5305555555555692,3901.5,1.9722222222222296,0.8459094519459903,chaina_a75t,A,75,T,95.48004118404127,94.13056983240223,97.663,88.8,3.7329273743016764,0.93,0.93,0.906,95.31635778635804,95.54227155727172,0.09349857508592521,93.78670391061452,94.37564245810054,0.25508724735039956,97.596,97.744,0.06065888228445449,88.11,89.12,0.404103947023538,3.692122905027933,3.791648044692738,0.05143968853065919,0.93,0.93,0.0,0.93,0.93,0.0,0.89,0.92,0.01140175425099139,95.54227155727172,93.93586592178772,97.744,88.81,3.6927374301675977,0.93,0.93,0.89
D19,chainA_A30N,0.01944444444445316,6080.166666666551,0.46111111111111364,0.19777601270849948,chaina_a30n,A,30,N,94.54804630225078,94.69446927374301,96.73859999999999,84.262,9.889508379888268,0.9179999999999999,0.708,3.2359999999999998,94.29063665594848,94.93443086816713,0.2653596535078711,94.50530726256984,94.9154748603352,0.2014803326860605,96.547,96.933,0.18460444198339532,82.93,85.7,1.2135361552092276,9.148212290502792,10.443156424581003,0.5083699092734156,0.91,0.92,0.004472135954999571,0.68,0.74,0.023874672772626646,2.85,3.77,0.34587570021613245,94.29063665594848,94.52016759776537,96.553,83.45,9.694972067039108,0.92,0.72,3.08
D2,chainA_A75K,1.0972222222222263,793.5000000000418,1.5388888888888868,0.6600476568705299,chaina_a75k,A,75,K,95.61941002570693,94.16173184357544,97.8762,88.756,3.36591061452514,0.93,0.938,0.8539999999999999,95.39056555269916,95.75579691516698,0.16308458156910388,93.86033519553077,94.58709497206706,0.28234933388223216,97.73799999999996,97.942,0.08051521595327418,88.21,89.12,0.3684155262743439,3.2766480446927377,3.5585754189944137,0.12010831747777938,0.93,0.93,0.0,0.93,0.94,0.004472135954999528,0.84,0.88,0.015165750888103098,95.39056555269916,94.011061452514,97.73799999999996,89.04,3.5585754189944137,0.93,0.93,0.88
D20,chainA_A75V,1.80833333333335,228.16666666666669,2.2500000000000107,0.9650516282764124,chaina_a75v,A,75,V,95.37423423423418,94.0289497206704,97.5644,88.938,3.8268770949720667,0.93,0.932,0.922,95.16296653796648,95.62945302445294,0.17039987604838086,93.80759776536314,94.20994413407824,0.16529816404715336,97.42,97.714,0.11800338978181966,87.98,90.31,0.8745684650157483,3.5053072625698323,4.046480446927375,0.19937312848503766,0.93,0.93,0.0,0.93,0.94,0.00447213595499953,0.88,0.96,0.028635642126552664,95.4194980694981,94.17653631284917,97.6,88.85,3.8988268156424577,0.93,0.93,0.93
D21,chainA_A30P,0.16111111111111845,1.6543612251060553e-23,0.602777777777779,0.2585385226370135,chaina_a30p,A,30,P,95.59643371943363,94.29691620111731,97.772,91.306,4.05068156424581,0.9280000000000002,0.924,1.028,95.25873873873856,95.7866731016731,0.20429853420374153,94.13145251396648,94.5849720670391,0.20647725909895626,97.745,97.868,0.053726157502649356,90.49,92.84,0.9106206674570925,3.9640502793296086,4.25913407821229,0.1209818967097208,0.92,0.93,0.004472135954999567,0.92,0.93,0.005477225575051676,0.99,1.06,0.02588435821108954,95.57046975546992,94.44530726256984,97.748,91.33,4.03717877094972,0.93,0.93,1.02
D22,chainA_A75W,0.6277777777777823,1014.0000000000473,1.0694444444444429,0.4586973788721191,chaina_a75w,A,75,W,95.11513773222295,93.70602234636871,97.739,88.336,3.452284916201117,0.9259999999999999,0.938,0.8619999999999999,94.7316976297246,95.2739525944906,0.21793050752842907,93.23525139664804,94.1927374301676,0.38806652334490016,97.573,97.852,0.11165795985956481,87.95,88.61,0.28421822601655833,3.3736312849162013,3.564972067039106,0.07317640474508558,0.92,0.93,0.005477225575051676,0.93,0.94,0.004472135954999528,0.85,0.89,0.016431676725154998,94.7316976297246,93.45134078212288,97.573,88.44,3.564972067039106,0.92,0.93,0.89
D23,chainA_A30Q,0.027777777777781114,416.66666666666663,0.4694444444444416,0.2013502779984098,chaina_a30q,A,30,Q,94.43329820051413,93.85336312849162,95.849,84.982,8.15077653631285,0.9120000000000001,0.778,2.584,93.9086953727506,94.6298457583547,0.29992609756799865,93.39508379888268,94.0341899441341,0.26165323014639585,95.419,96.223,0.337881636079854,84.16,85.74,0.5815668491239836,7.886620111731844,8.808324022346369,0.3849179349637831,0.91,0.92,0.004472135954999571,0.75,0.79,0.016431676725154998,2.38,2.85,0.17184295155751958,93.9086953727506,93.39508379888268,95.419,84.91,8.808324022346369,0.91,0.75,2.85
D24,chainA_A75Y,0.48055555555556373,2860.1666666665874,0.9222222222222243,0.3955520254169977,chaina_a75y,A,75,Y,94.92568441308524,93.6144469273743,97.662,88.272,3.6592011173184353,0.924,0.932,0.892,94.59275817831949,95.12834509300804,0.206615606571384,93.30441340782122,93.93201117318436,0.26286482478164847,97.49,97.799,0.12393143265532297,87.53,89.01,0.5531907446803493,3.5160893854748605,3.7632402234636873,0.09475332309776767,0.92,0.93,0.0054772255750516665,0.93,0.94,0.004472135954999542,0.87,0.92,0.019235384061671374,95.02966003848614,93.30441340782122,97.685,89.01,3.6215363128491616,0.92,0.93,0.89
D3,chainA_A30E,0.2888888888888988,2562.6666666666665,0.7305555555555593,0.3133439237490081,chaina_a30e,A,30,E,93.96898071979436,93.20835754189945,95.922,82.8,6.845251396648045,0.9179999999999999,0.8240000000000001,2.302,93.32961439588702,94.2365809768637,0.36838380548095534,92.94374301675978,93.52715083798884,0.23995411234382336,95.644,96.297,0.27832984029743846,82.22,84.75,1.0920851615144298,6.348212290502794,7.603156424581005,0.4602086039292281,0.91,0.92,0.004472135954999583,0.79,0.84,0.019493588689617876,2.14,2.66,0.20861447696648483,93.32961439588702,92.94374301675978,95.644,82.29,7.603156424581005,0.91,0.79,2.66
D4,chainA_A75L,1.5361111111111279,0.16666666666666669,1.9777777777777883,0.8482922954726,chaina_a75l,A,75,L,95.79535048231517,94.48549720670391,97.9434,88.872,3.1521731843575416,0.9339999999999999,0.944,0.8320000000000001,95.65744694533764,95.91627009646292,0.1205031958612253,94.20106145251395,94.81642458100558,0.2223704423957021,97.829,98.028,0.08817766157026515,87.79,89.59,0.6674728458896265,3.0600837988826814,3.280614525139665,0.10193848755422356,0.93,0.94,0.005477225575051633,0.94,0.95,0.0054772255750516665,0.82,0.85,0.0130384048104053,95.67924115755636,94.42513966480446,97.829,89.06,3.280614525139665,0.93,0.94,0.85
D5,chainA_A30F,0.7138888888889022,2053.5,1.1555555555555628,0.4956314535345533,chaina_a30f,A,30,F,93.39048523748403,93.87212290502794,95.3066,80.47,11.671932960893853,0.9040000000000001,0.634,4.1,92.66842747111691,93.99626444159188,0.520677697796748,93.436312849162,94.26972067039104,0.3274221012065886,94.667,96.335,0.6733470873182691,79.02,83.72,2.0328059425336176,10.162122905027934,12.975474860335195,1.2704399793368204,0.9,0.91,0.005477225575051679,0.58,0.7,0.05272570530585626,2.98,4.74,0.7482312476768129,93.29259306803594,93.70798882681568,95.298,79.12,12.589692737430166,0.9,0.6,4.74
D6,chainA_A75M,2.066666666666682,1734.0000000000618,2.5083333333333426,1.0758538522637031,chaina_a75m,A,75,M,95.56180707395507,94.0914972067039,97.8298,89.088,3.3178547486033523,0.93,0.9399999999999998,0.85,95.45853376205775,95.77406430868189,0.12852305553735208,93.49150837988827,94.31491620111731,0.3410362808073919,97.762,97.958,0.07724118072634707,88.28,89.48,0.47156123674449507,3.1803631284916203,3.3971787709497203,0.08959575562344337,0.93,0.93,0.0,0.94,0.94,0.0,0.84,0.86,0.010000000000000009,95.46497106109332,94.18614525139664,97.833,89.35,3.3971787709497203,0.93,0.94,0.84
D7,chainA_A30G,0.44722222222222563,988.1666666666665,0.8888888888888862,0.3812549642573451,chaina_a30g,A,30,G,94.93391231463569,93.89861452513966,97.079,86.90799999999999,6.000938547486034,0.9179999999999999,0.86,1.8199999999999998,94.36413281753708,95.15983881366854,0.3225706001421457,93.50553072625698,94.14128491620112,0.30450744571334976,96.721,97.356,0.22997717278025276,86.21,87.55,0.59797157123061,5.711675977653631,6.4791061452513965,0.3208698347371266,0.91,0.92,0.004472135954999583,0.84,0.87,0.012247448713915907,1.69,2.05,0.14317821063276354,94.36413281753708,93.50553072625698,96.721,86.6,6.4791061452513965,0.91,0.84,2.05
D8,chainA_A75N,0.8333333333333415,80.66666666668002,1.275000000000002,0.5468625893566319,chaina_a75n,A,75,N,95.49216591639873,94.19468156424583,97.9494,88.67999999999999,3.292463687150838,0.9280000000000002,0.938,0.844,95.1443794212218,95.6389517684888,0.20631178474659512,93.96083798882682,94.61569832402236,0.26612838320008053,97.772,98.015,0.10052512123842051,87.99,89.98,0.7973706791699845,3.1654469273743016,3.4856703910614524,0.1219982730124515,0.92,0.93,0.004472135954999582,0.93,0.94,0.00447213595499953,0.83,0.88,0.02073644135332773,95.56816077170411,94.05536312849163,98.015,88.07,3.2665642458100557,0.93,0.94,0.84
D9,chainA_A30H,0.4527777777777845,140.16666666666666,0.894444444444445,0.38363780778395495,chaina_a30h,A,30,H,93.62699036608862,93.63774301675979,94.2122,81.798,9.629921787709497,0.908,0.712,3.068,92.86797045600512,94.46002569043029,0.5740787843609859,93.27318435754192,93.94586592178771,0.28880916547000535,92.237,95.314,1.1970926029342932,79.85,88.13,3.5622282352482686,8.267262569832402,11.333798882681563,1.0976992217483437,0.9,0.91,0.004472135954999567,0.65,0.76,0.039623225512317874,2.69,3.33,0.24190907382733715,93.66896596017996,93.53167597765366,94.519,79.85,9.583966480446929,0.91,0.72,3.11
E1,chainA_A30R,0.5055555555555663,726.0,0.9472222222222269,0.40627482128673664,chaina_a30r,A,30,R,93.06841848523744,92.71394413407822,92.5216,81.874,10.980737430167599,0.9,0.67,3.976,92.42299101412074,93.32532734274706,0.37079559987099087,92.4149720670391,92.9091620111732,0.24429511135620174,91.799,93.263,0.5474794973330057,79.78,83.55,1.6236779237274837,10.051508379888269,12.161536312849162,0.8025303120546202,0.9,0.9,0.0,0.62,0.71,0.033166247903554,3.39,4.76,0.5066853066746656,93.2093774069318,92.9091620111732,92.604,81.05,10.777737430167598,0.9,0.68,3.88
E10,chainA_A78H,1.1194444444444505,400.16666666669636,1.561111111111111,0.6695790309769644,chaina_a78h,A,78,H,95.6337469492614,94.37325139664804,97.7822,88.28200000000001,3.410279329608939,0.93,0.9399999999999998,0.86,95.48877970455996,95.85561335902392,0.1369002304736441,94.13418994413408,94.5308379888268,0.1555712328055472,97.708,97.86,0.0674774036252128,87.4,89.78,0.9608433795369601,3.2620111731843577,3.5377374301675983,0.09879048150810425,0.93,0.93,0.0,0.94,0.94,0.0,0.84,0.88,0.014142135623730968,95.85561335902392,94.32385474860337,97.83599999999998,89.78,3.2620111731843577,0.93,0.94,0.84
E11,chainA_A30Y,-0.08055555555554046,2860.166666666587,0.36111111111112004,0.15488482922955077,chaina_a30y,A,30,Y,93.60247466324579,93.8450502793296,94.97639999999998,84.268,9.89754189944134,0.9099999999999999,0.706,3.06,93.30627325208482,93.94246311738296,0.2592598468381411,93.62675977653632,94.08011173184356,0.20074051682465427,94.231,95.449,0.45444009506204813,82.62,85.84,1.2497479745932782,9.293379888268156,10.375921787709498,0.5011794977242912,0.91,0.91,0.0,0.69,0.73,0.018165902124584972,2.86,3.3,0.17790446874657193,93.64980115458648,93.95759776536312,95.157,83.81,9.451005586592178,0.91,0.72,2.91
E12,chainA_A78I,0.16666666666667168,1176.000000000051,0.6083333333333322,0.2609213661636209,chaina_a78i,A,78,I,95.79816077170423,94.48627932960895,97.957,87.33200000000001,3.161731843575419,0.9359999999999999,0.9399999999999998,0.842,95.65729903536982,95.95407717041812,0.12716234599444595,94.3289944134078,94.69586592178771,0.1528309197598657,97.873,98.078,0.08606392972668485,85.81,89.17,1.2383941214330774,3.057122905027933,3.268798882681564,0.09893402464039888,0.93,0.94,0.005477225575051584,0.94,0.94,0.0,0.83,0.86,0.013038404810405309,95.95407717041812,94.52882681564246,98.078,87.43,3.106005586592179,0.94,0.94,0.83
E13,chainA_F32A,0.0805555555555705,4108.1666666665715,0.522222222222231,0.22398729150119473,chaina_f32a,F,32,A,94.41508020698579,94.23355307262571,96.36999999999999,85.046,9.36858659217877,0.914,0.728,3.054,94.02886804657172,94.8930853816302,0.37665238644093413,93.87664804469271,94.67849162011174,0.3615036717011674,95.855,96.58599999999998,0.3138391307660586,83.45,87.85,2.056946766447786,8.592346368715084,10.011675977653631,0.6080012389284228,0.91,0.92,0.005477225575051646,0.7,0.76,0.025884358211089593,2.78,3.43,0.2559882809817668,94.8930853816302,94.67849162011174,96.58599999999998,87.85,8.592346368715084,0.92,0.76,2.78
E14,chainA_A78K,0.5944444444444573,170.66666666666669,1.0361111111111179,0.4444003177124722,chaina_a78k,A,78,K,95.2717776349615,93.89922905027933,97.55160000000001,86.95,3.97104469273743,0.93,0.9259999999999999,0.992,95.18303984575836,95.47391388174812,0.11793309298425408,93.64055865921787,94.16094972067036,0.19988829704181368,97.394,97.619,0.09362318089020139,85.55,88.65,1.1420814331736626,3.655698324022346,4.1781564245810054,0.20388357094716864,0.93,0.93,0.0,0.92,0.93,0.0054772255750516665,0.91,1.06,0.05357238094391549,95.2292802056557,94.16094972067036,97.619,87.18,3.8916480446927375,0.93,0.93,0.99
E15,chainA_F32D,-0.19999999999999285,912.6666666666667,0.24166666666666764,0.10365369340746644,chaina_f32d,F,32,D,94.29471788250483,94.24993296089386,96.6572,85.108,7.988536312849163,0.924,0.77,2.54,93.88453195610067,94.762466107166,0.3491160131510994,93.878156424581,94.5008938547486,0.27732967117184343,96.303,96.926,0.23348597388280418,84.31,86.5,0.8367616147983841,7.435167597765362,8.560558659217879,0.43508298856423533,0.92,0.93,0.005477225575051663,0.75,0.79,0.0158113883008419,2.28,2.78,0.20892582415776176,94.42950936087792,94.48329608938548,96.77700000000002,84.98,7.69963687150838,0.93,0.78,2.28
E16,chainA_A78L,0.2861111111111185,60.16666666666667,0.727777777777779,0.31215250198570277,chaina_a78l,A,78,L,95.79648488745981,94.57211173184358,97.9188,87.896,3.201268156424581,0.932,0.942,0.8459999999999999,95.67843729903537,95.95354340836025,0.1380222573281626,94.30977653631284,94.72983240223463,0.17731859592421814,97.8,98.049,0.09021474380610557,86.69,89.45,1.0061958059940428,3.05268156424581,3.331703910614525,0.10851146695210606,0.93,0.94,0.004472135954999542,0.94,0.95,0.004472135954999582,0.83,0.86,0.015165750888103114,95.71272025723472,94.72983240223463,97.932,87.88,3.1915642458100564,0.93,0.94,0.85
E17,chainA_F32E,-0.28611111111110343,840.1666666667097,0.15555555555555706,0.06671961874503625,chaina_f32e,F,32,E,93.38238709677428,93.49735195530727,95.56320000000001,81.49,10.685050279329609,0.9120000000000001,0.6599999999999999,3.8620000000000005,93.06056774193551,93.89145806451629,0.31690921670685784,93.17251396648044,93.71251396648046,0.20276161163442147,95.249,96.174,0.36862813240446163,80.19,82.6,1.0825202076635767,9.741033519553072,11.426145251396647,0.6986941218709944,0.91,0.92,0.004472135954999571,0.63,0.7,0.03082207001484487,3.36,4.14,0.313958595996351,93.34020645161306,93.59072625698325,95.526,80.19,11.24972067039106,0.91,0.63,4.11
E18,chainA_A78M,0.7583333333333449,8288.166666666802,1.2000000000000053,0.5146942017474198,chaina_a78m,A,78,M,95.69521157556274,94.28424581005586,97.8098,87.736,3.3522122905027936,0.93,0.9399999999999998,0.86,95.55879742765272,95.8075434083603,0.11362034524586366,94.10022346368716,94.58843575418996,0.18919766234905452,97.741,97.908,0.06207012163674554,86.66,88.61,0.7518842996099842,3.2889106145251397,3.4505865921787704,0.07208399826438656,0.93,0.93,0.0,0.94,0.94,0.0,0.85,0.87,0.009999999999999995,95.70600000000006,94.58843575418996,97.817,88.08,3.296117318435754,0.93,0.94,0.86
E19,chainA_F32G,0.033333333333345594,726.00000000004,0.4750000000000061,0.20373312152502204,chaina_f32g,F,32,G,94.1127508090616,94.35169832402235,96.3924,83.434,9.981162011173184,0.914,0.696,3.572,93.77276375404549,94.5693721682849,0.3334796443592845,93.95932960893856,94.91491620111732,0.391371775516357,96.123,96.667,0.21308754069630417,81.94,85.86,1.7842029032596034,9.336564245810056,10.59268156424581,0.5876078014776669,0.91,0.92,0.005477225575051679,0.67,0.72,0.023021728866442666,3.37,3.8,0.21052315787105214,93.77276375404549,93.95932960893856,96.123,82.34,10.59268156424581,0.91,0.67,3.79
E2,chainA_A78D,1.8611111111111225,416.66666666666663,2.302777777777783,0.9876886417791899,chaina_a78d,A,78,D,95.78983794212225,94.38185474860336,97.7606,88.974,3.422949720670391,0.93,0.9399999999999998,0.8619999999999999,95.72133762057872,95.92298392282964,0.0805852433104229,94.2222346368715,94.50793296089384,0.1456759770109118,97.674,97.832,0.06819677411725258,87.98,90.04,0.78846686677374,3.306983240223463,3.490474860335196,0.07586983651791775,0.93,0.93,0.0,0.94,0.94,0.0,0.84,0.87,0.01303840481040532,95.76281028938912,94.465530726257,97.674,89.21,3.47391061452514,0.93,0.94,0.87
E20,chainA_A78N,0.9388888888889033,863.9999999999563,1.3805555555555638,0.5921366163621945,chaina_a78n,A,78,N,95.74000900321542,94.33149720670392,97.7362,88.99199999999999,3.552458100558659,0.93,0.938,0.876,95.54610289389056,95.88452090032165,0.14173653118262153,94.18754189944134,94.49966480446923,0.11773189579892611,97.577,97.892,0.11771873257897664,88.18,89.96,0.7224403089529232,3.373268156424581,3.675949720670391,0.13989055358718136,0.93,0.93,0.0,0.93,0.94,0.00447213595499953,0.85,0.89,0.019493588689617966,95.8744372990353,94.18754189944134,97.79800000000002,89.96,3.373268156424581,0.93,0.94,0.85
E21,chainA_F32H,0.155555555555569,2480.666666666667,0.5972222222222294,0.25615567911040765,chaina_f32h,F,32,H,95.00942617666024,94.14404469273744,97.3356,85.978,5.810173184357542,0.9200000000000002,0.858,1.86,94.49410702772404,95.3825274016762,0.32122778676969965,93.87675977653632,94.3727932960894,0.19749253108557938,97.024,97.494,0.19026113633635375,84.98,87.94,1.1896512093887048,5.307346368715084,6.348826815642458,0.42097154071483206,0.92,0.92,0.0,0.84,0.87,0.01303840481040532,1.73,2.08,0.1471393896956216,95.06640876853665,94.29016759776538,97.321,84.98,5.545,0.92,0.87,1.79
E22,chainA_A78P,0.00833333333334109,1204.1666666667184,0.45000000000000157,0.19301032565528223,chaina_a78p,A,78,P,94.20636550836552,94.00881564245809,96.1628,84.24199999999999,7.693899441340781,0.906,0.798,2.258,93.76160231660232,94.46675675675674,0.3089477915678932,93.76648044692736,94.40240223463688,0.23673472716229113,95.687,96.295,0.26645299773131037,83.35,85.08,0.7261680246334195,7.1624301675977655,8.167039106145252,0.426279610717578,0.9,0.91,0.0054772255750516665,0.78,0.82,0.017888543819998277,2.11,2.45,0.13773162309360934,94.45440154440158,94.40240223463688,96.25500000000002,84.7,7.1624301675977655,0.91,0.82,2.11
E23,chainA_F32I,-0.1138888888888823,253.5,0.32777777777777817,0.14058776806989662,chaina_f32i,F,32,I,95.02216655907043,94.02668156424582,97.261,86.674,5.982301675977654,0.9200000000000002,0.852,1.8519999999999999,94.7901872175596,95.25434473854096,0.18801379298098614,93.71916201117318,94.2941340782123,0.2193222684092535,97.11499999999998,97.377,0.10592214121703282,85.95,88.34,0.9716120625023215,5.697094972067039,6.510810055865922,0.3239016189317461,0.92,0.92,0.0,0.84,0.86,0.008366600265340755,1.77,1.96,0.07049822692805827,95.09727566171746,94.2941340782123,97.273,85.95,5.697094972067039,0.92,0.86,1.77
E24,chainA_A78Q,0.18055555555556788,8288.166666666531,0.6222222222222283,0.26687847498014505,chaina_a78q,A,78,Q,95.66978663239075,94.31059217877096,97.8116,87.784,3.440659217877095,0.93,0.938,0.874,95.3897814910026,95.88519922879172,0.18124881593523315,94.2032402234637,94.51195530726255,0.1225619742544857,97.695,97.88,0.07865621399482252,86.92,88.92,0.7196387982870277,3.2164525139664804,3.61254189944134,0.14502320870579666,0.93,0.93,0.0,0.93,0.94,0.004472135954999528,0.85,0.9,0.01816590212458496,95.3897814910026,94.2032402234637,97.695,87.76,3.61254189944134,0.93,0.93,0.9
E3,chainA_A30S,0.74444444444446,1349.9999999999454,1.1861111111111204,0.5087370929309005,chaina_a30s,A,30,S,95.32419059884101,94.12764245810055,97.14959999999999,87.72200000000001,4.61077094972067,0.9200000000000002,0.9099999999999999,1.152,94.99397939471989,95.55274307791387,0.21242268346523246,93.896312849162,94.41206703910612,0.22117716154077693,97.11,97.206,0.04423573216304511,87.18,89.03,0.7440228491115021,4.315474860335196,4.8268435754189944,0.23859581562677423,0.92,0.92,0.0,0.9,0.92,0.007071067811865481,1.07,1.21,0.05495452665613629,95.28549903412753,93.92921787709498,97.206,87.51,4.775335195530726,0.92,0.91,1.19
E4,chainA_A78E,0.9250000000000108,2860.166666666667,1.3666666666666714,0.5861795075456719,chaina_a78e,A,78,E,95.7265694087403,94.34696089385476,97.7222,88.728,3.4479832402234636,0.93,0.9399999999999998,0.86,95.63800771208214,95.80450514138816,0.07030706434236929,94.0582681564246,94.63145251396648,0.22592182431797156,97.597,97.779,0.07682903097137221,88.1,89.17,0.4392835075438205,3.33195530726257,3.57159217877095,0.1034897454575801,0.93,0.93,0.0,0.94,0.94,0.0,0.84,0.88,0.01581138830084191,95.72137532133668,94.44067039106146,97.7,88.52,3.5356983240223467,0.93,0.94,0.87
E5,chainA_A30T,0.7694444444444588,504.1666666666333,1.2111111111111192,0.5194598888006379,chaina_a30t,A,30,T,94.61890476190476,93.64412290502793,96.37960000000001,85.28999999999999,6.628905027932961,0.916,0.836,2.12,94.13808236808242,94.96413770913765,0.30700678321880437,93.36949720670393,94.06882681564244,0.32251880596387444,96.036,96.663,0.228366591251872,84.21,88.04,1.5617618256315602,6.0823463687150845,7.3,0.4833960470666393,0.91,0.92,0.005477225575051679,0.81,0.86,0.018165902124584927,1.99,2.36,0.14265342617687096,94.96413770913765,93.40994413407822,96.663,88.04,6.0823463687150845,0.92,0.86,1.99
E6,chainA_A78F,1.3166666666666782,80.66666666668,1.7583333333333386,0.7541699761715654,chaina_a78f,A,78,F,95.76203337612323,94.46837988826815,97.8854,88.12,3.2224134078212288,0.932,0.9399999999999998,0.844,95.5875481386394,95.87971758664952,0.1371237820510521,94.26564245810056,94.77223463687152,0.19410259782540387,97.804,97.94,0.05578799153939786,86.79,89.52,1.01049492824061,3.081871508379888,3.3284078212290495,0.10520771935309221,0.93,0.94,0.00447213595499953,0.94,0.94,0.0,0.83,0.86,0.01140175425099137,95.64001925545564,94.3844134078212,97.804,86.79,3.324748603351955,0.93,0.94,0.85
E7,chainA_A30V,5.0638888888889015,3037.4999999998363,5.505555555555562,2.361397934868941,chaina_a30v,A,30,V,95.61852767052775,94.20267039106145,97.6144,88.22,3.46291061452514,0.93,0.9399999999999998,0.882,95.51528314028306,95.75549549549582,0.09179720293054232,93.9950837988827,94.4553631284916,0.2158193668930394,97.547,97.695,0.05492085214196702,87.33,88.87,0.6189103327623475,3.414413407821229,3.5239385474860336,0.047442904337723586,0.93,0.93,0.0,0.94,0.94,0.0,0.87,0.89,0.008366600265340782,95.51528314028306,94.122625698324,97.632,88.72,3.414413407821229,0.93,0.94,0.88
E8,chainA_A78G,2.616666666666676,18370.666666666668,3.0583333333333367,1.3117553613979336,chaina_a78g,A,78,G,95.34284848484849,94.01265921787709,97.4032,88.446,4.392832402234637,0.924,0.9179999999999999,1.074,95.01565441650555,95.63558349451964,0.2202880792386139,93.81458100558658,94.25391061452514,0.16822523416300816,97.135,97.553,0.17666974840079538,87.82,89.32,0.5500272720511167,4.158156424581006,4.655977653631285,0.1822537740551917,0.92,0.93,0.0054772255750516665,0.91,0.92,0.004472135954999582,1.01,1.16,0.05683308895353126,95.37903932946476,93.94469273743016,97.549,88.37,4.343156424581006,0.92,0.92,1.04
E9,chainA_A30W,0.6250000000000057,8140.166666666801,1.0666666666666662,0.45750595710881536,chaina_a30w,A,30,W,94.00447021140302,94.2116312849162,95.377,83.05199999999999,9.749687150837989,0.9120000000000001,0.71,2.9259999999999997,93.75442664958364,94.17935938500972,0.16490417440352206,94.06396648044692,94.341843575419,0.10663127042800276,95.148,95.625,0.18898941769316022,82.24,84.13,0.8119544322189514,8.770837988826816,10.235251396648046,0.5960012521695092,0.91,0.92,0.004472135954999567,0.69,0.75,0.025495097567963948,2.35,3.19,0.33930811956096774,93.75442664958364,94.17418994413408,95.148,83.2,10.128156424581007,0.91,0.69,3.19
F1,chainA_F32K,0.3861111111111196,580.1666666667024,0.8277777777777802,0.35504368546465476,chaina_f32k,F,32,K,92.93922838709685,93.01747486033518,92.9382,81.768,11.563016759776536,0.8939999999999999,0.6399999999999999,4.16,92.01020000000015,93.69380000000017,0.6641546400986861,92.56111731843576,93.46670391061453,0.33073511661468497,91.746,93.521,0.7235666520784324,78.51,86.02,3.6359964246407053,10.11891061452514,12.945837988826815,1.3062013687998815,0.89,0.9,0.0054772255750516665,0.58,0.7,0.05338539126015655,3.23,5.06,0.8135416399914633,92.01020000000015,92.56111731843576,91.746,78.51,12.945837988826815,0.89,0.58,5.06
F10,chainA_A78W,2.5361111111111203,1204.1666666666665,2.977777777777781,1.2772041302621115,chaina_a78w,A,78,W,95.67526073030112,94.44348603351955,97.8178,88.158,3.33704469273743,0.93,0.9399999999999998,0.858,95.50590006406148,95.8700256245996,0.14468807120811453,94.39715083798885,94.54027932960894,0.05666338095266932,97.743,97.892,0.06500538439237517,87.23,89.66,0.9506944829965057,3.2198044692737433,3.4727653631284916,0.123826691824963,0.93,0.93,0.0,0.94,0.94,0.0,0.84,0.87,0.01303840481040532,95.77065342729016,94.4445251396648,97.879,88.18,3.261312849162011,0.93,0.94,0.85
F11,chainA_F32Q,0.3500000000000124,32.66666666665818,0.791666666666673,0.33955520254170174,chaina_f32q,F,32,Q,94.82709419354838,94.15164245810055,96.6336,85.46000000000001,7.671256983240224,0.9200000000000002,0.8,2.318,94.48502580645172,95.11277419354823,0.22632092739482898,93.85212290502793,94.6622905027933,0.3277612795679345,95.555,97.11,0.6312644453792698,84.5,87.52,1.1921199604066652,6.9475977653631285,8.589553072625698,0.6340724638579783,0.92,0.92,0.0,0.77,0.82,0.021213203435596396,2.21,2.43,0.10329569206893385,95.11277419354823,93.89005586592178,97.11,87.52,6.9475977653631285,0.92,0.82,2.23
F12,chainA_A78Y,0.47500000000001236,1768.1666666667293,0.9166666666666728,0.393169181890391,chaina_a78y,A,78,Y,95.60839897370101,94.26814525139666,97.78399999999999,87.876,3.3709106145251395,0.93,0.9399999999999998,0.8640000000000001,95.45927517639494,95.75298268120592,0.13045113501545016,94.06793296089388,94.45949720670392,0.15103730572107846,97.707,97.863,0.060464865831327874,86.79,89.01,0.8052204667046148,3.2836871508379883,3.4517877094972063,0.07569901873560295,0.93,0.93,0.0,0.94,0.94,0.0,0.85,0.88,0.011401754250991363,95.45927517639494,94.35262569832403,97.782,87.79,3.4517877094972063,0.93,0.94,0.87
F13,chainA_F32R,-0.299999999999994,5046.0000000001055,0.1416666666666665,0.060762509928514494,chaina_f32r,F,32,R,94.16696907216486,94.34350837988828,95.342,83.97,9.973301675977654,0.908,0.702,3.28,93.85031572164934,94.3710051546392,0.2170323377957095,94.11491620111732,94.58256983240224,0.20386943565225474,95.116,95.614,0.215665249866551,81.46,86.73,2.403684671499158,9.34935754189944,10.607486033519551,0.4615840314023316,0.9,0.91,0.004472135954999571,0.67,0.73,0.021679483388678752,2.78,3.75,0.3795391942869669,94.3710051546392,94.5135195530726,95.442,85.98,10.143240223463687,0.91,0.7,3.49
F14,chainA_A79D,7.1388888888889035,11970.666666666668,7.580555555555564,3.251389992057185,chaina_a79d,A,79,D,95.8043729903538,94.54426815642458,97.8332,89.328,3.7986033519553066,0.93,0.93,0.96,95.70930546623816,95.99436655948564,0.11739462473508147,94.36988826815642,94.80938547486032,0.16765344791949438,97.746,97.911,0.06288640552615803,88.76,90.82,0.8544705963343565,3.6884078212290503,3.9887709497206703,0.11524496159701057,0.93,0.93,0.0,0.93,0.93,0.0,0.92,1.0,0.029154759474226494,95.71749839228283,94.58787709497206,97.746,89.12,3.771201117318435,0.93,0.93,0.96
F15,chainA_F32S,0.48333333333333284,912.6666666666665,0.9249999999999934,0.39674344718029814,chaina_f32s,F,32,S,94.44848610213315,94.36268156424582,96.2818,85.636,9.104715083798883,0.916,0.734,2.874,94.05473820297368,94.83607627666424,0.3238972215933803,94.01581005586593,94.82223463687151,0.32596925448625447,95.991,96.746,0.28326083386165424,84.28,87.39,1.2990111623846776,8.420251396648045,10.034944134078213,0.6469602557230647,0.91,0.92,0.005477225575051679,0.7,0.76,0.02408318915758463,2.67,3.13,0.20647033685253674,94.28570135746595,94.29575418994416,95.991,84.28,8.858826815642459,0.92,0.74,2.67
F16,chainA_A79E,5.800000000000017,1.852884572118782e-22,6.241666666666677,2.677124702144558,chaina_a79e,A,79,E,95.72110411311057,94.41189944134078,97.8066,88.974,3.8396145251396647,0.93,0.93,0.958,95.60642673521868,95.82337403598969,0.07742159902103338,94.12715083798884,94.65117318435756,0.20498864038266731,97.709,97.868,0.05934054263317708,88.49,90.18,0.6882078174505241,3.7260335195530727,4.071927374301676,0.13491508986668915,0.93,0.93,0.0,0.93,0.93,0.0,0.94,1.01,0.030331501776206218,95.82337403598969,94.12715083798884,97.834,90.18,3.774106145251397,0.93,0.93,0.94
F17,chainA_F32T,-0.049999999999993994,80.66666666665333,0.3916666666666665,0.16799046862589315,chaina_f32t,F,32,T,94.2584780361757,94.27106145251396,96.3164,85.932,8.843162011173185,0.9200000000000002,0.738,3.102,93.24505167958677,94.74116279069756,0.6102363826193966,93.51212290502792,94.7872625698324,0.5013352368983646,95.613,96.729,0.43454378375486974,84.41,87.68,1.4193202598427244,7.90159217877095,11.192039106145252,1.3376016087792624,0.91,0.93,0.007071067811865463,0.65,0.77,0.05019960159204453,2.8,3.95,0.4808534080153745,94.74116279069756,94.7872625698324,96.729,85.34,7.90159217877095,0.93,0.77,2.8
F18,chainA_A79F,0.20277777777777886,704.1666666666667,0.6444444444444394,0.2764098490865739,chaina_a79f,A,79,F,94.48035815147634,93.96901675977654,96.296,84.256,8.153374301675978,0.914,0.776,2.558,94.00838254172022,94.91155327342764,0.3347657556821288,93.75659217877096,94.2949720670391,0.24812134114449372,95.933,96.585,0.2341153561815192,82.64,88.02,2.1446981139544943,7.458659217877094,8.759189944134079,0.5433416036284298,0.91,0.92,0.005477225575051663,0.75,0.8,0.023021728866442697,2.35,2.75,0.16238842323269242,94.62644415917856,94.2949720670391,96.311,83.31,7.729245810055865,0.92,0.8,2.44
F19,chainA_F32V,0.15277777777778861,1.5,0.5944444444444491,0.2549642573471023,chaina_f32v,F,32,V,93.65256330749358,93.39622346368716,95.27239999999999,82.402,10.605162011173185,0.9040000000000001,0.682,3.306,93.49372739018082,93.71940568475468,0.09181335269780104,93.08692737430168,93.76810055865924,0.33721362830761187,94.194,95.663,0.608435123903938,81.77,83.0,0.5390918289122946,10.121396648044694,11.162486033519553,0.3837946629312722,0.9,0.91,0.005477225575051676,0.66,0.7,0.014832396974191276,2.81,3.58,0.295685643885529,93.6779521963824,93.76810055865924,94.194,82.26,10.440893854748603,0.91,0.69,2.81
F2,chainA_A78R,1.0083333333333449,3128.1666666667497,1.4500000000000053,0.6219221604447984,chaina_a78r,A,78,R,95.57357894736845,94.29664804469273,97.7882,88.076,3.4914357541899443,0.932,0.9359999999999999,0.8779999999999999,95.45343388960192,95.91021822849832,0.19102595409210743,94.08592178770948,94.64474860335196,0.2197938002495375,97.706,97.915,0.07675089576024831,86.9,90.04,1.2107146649809781,3.2006424581005586,3.6970670391061455,0.18821526141381056,0.93,0.94,0.00447213595499953,0.93,0.94,0.005477225575051584,0.84,0.89,0.021679483388678818,95.45343388960192,94.3672625698324,97.767,88.25,3.4554748603351957,0.93,0.94,0.88
F20,chainA_A79G,1.4555555555555668,2399.9999999999272,1.8972222222222273,0.8137410643367756,chaina_a79g,A,79,G,95.77698388136696,94.34968715083798,97.8912,87.364,3.355944134078212,0.93,0.938,0.8400000000000001,95.6726370083819,95.96936814958096,0.11509376107097961,94.26519553072625,94.43614525139664,0.07684435826898081,97.845,97.946,0.04162571320710575,86.19,88.96,1.0179783887686378,3.200754189944134,3.546368715083799,0.1267004211016829,0.93,0.93,0.0,0.93,0.94,0.00447213595499951,0.83,0.85,0.007071067811865481,95.7438878143134,94.43614525139664,97.861,87.55,3.297541899441341,0.93,0.94,0.84
F21,chainA_F32W,0.35555555555556,6016.6666666667825,0.7972222222222205,0.34193804606830674,chaina_f32w,F,32,W,94.4820437299035,93.70703910614526,96.4948,83.224,7.9522960893854755,0.9179999999999999,0.782,2.626,94.16529260450164,94.86823794212214,0.2508145664462978,93.65,93.8032402234637,0.06100437154744251,96.21,96.85,0.25433973342755417,81.52,88.02,2.7140062638100115,6.942765363128492,8.412374301675978,0.5840314402081338,0.91,0.92,0.004472135954999571,0.76,0.82,0.02280350850198277,2.34,2.8,0.17966635745180584,94.86823794212214,93.8032402234637,96.85,88.02,6.942765363128492,0.92,0.82,2.34
F22,chainA_A79H,5.744444444444464,216.0,6.186111111111124,2.653296266878475,chaina_a79h,A,79,H,95.60901220295442,94.16946368715082,97.72139999999999,88.716,3.6522793296089384,0.93,0.9339999999999999,0.9199999999999999,95.38075144508684,95.82278741168916,0.15773466251906335,93.94178770949722,94.50067039106143,0.24036399553174556,97.616,97.795,0.07299178035916591,87.97,90.32,0.9404945507550749,3.474832402234637,3.854553072625698,0.15213707806290785,0.93,0.93,0.0,0.93,0.94,0.005477225575051599,0.88,0.96,0.03391164991562633,95.38075144508684,93.94832402234636,97.616,88.34,3.854553072625698,0.93,0.93,0.96
F23,chainA_F32Y,-0.12499999999999062,140.16666666666666,0.31666666666666987,0.135822081016681,chaina_f32y,F,32,Y,95.46944880875725,94.01599999999999,97.5652,86.7,3.931117318435754,0.9280000000000002,0.9179999999999999,1.0,95.27759819703807,95.60910495814556,0.13618128843980054,93.89983240223464,94.15111731843577,0.11251883175890973,97.457,97.704,0.10013840422136139,85.09,88.14,1.281464006517545,3.655027932960894,4.243463687150838,0.22168695469054164,0.92,0.93,0.004472135954999582,0.91,0.92,0.004472135954999582,0.95,1.07,0.0458257569495584,95.60910495814556,94.02581005586592,97.602,87.65,3.8506703910614526,0.93,0.92,0.97
F24,chainA_A79I,-0.1083333333333197,140.16666666666669,0.3333333333333408,0.14297061159650806,chaina_a79i,A,79,I,95.5575099678456,94.49386592178772,97.8128,88.23400000000001,3.4769385474860335,0.9280000000000002,0.9339999999999999,0.892,95.43382636655934,95.71100964630216,0.12820454952040108,94.22301675977651,94.83050279329608,0.2249607513735738,97.628,97.904,0.10720634309592161,87.38,89.63,0.865291858276729,3.342737430167598,3.666005586592179,0.14143610102074936,0.92,0.93,0.004472135954999567,0.93,0.94,0.005477225575051599,0.87,0.91,0.016431676725154994,95.43382636655934,94.5682122905028,97.628,88.31,3.570614525139665,0.93,0.93,0.91
F3,chainA_F32L,0.8611111111111244,3850.6666666666665,1.302777777777785,0.5587768069896762,chaina_f32l,F,32,L,95.1628340865076,94.23081564245811,97.3692,86.898,6.060296089385475,0.922,0.852,1.916,94.9412717882505,95.48995480955476,0.21057982881079046,94.09955307262572,94.3498882681564,0.11563835984423777,97.235,97.547,0.11382750107070044,86.28,88.94,1.1476584857874772,5.7201675977653625,6.4770949720670385,0.3213092428442663,0.92,0.93,0.004472135954999567,0.84,0.86,0.008366600265340756,1.84,2.01,0.08648699324175847,95.07714009038104,94.31122905027932,97.346,86.39,6.2933798882681575,0.92,0.85,2.01
F4,chainA_A78S,1.9833333333333403,24.0,2.4250000000000007,1.040111199364573,chaina_a78s,A,78,S,95.45458338699291,94.05644692737431,97.5274,88.63199999999999,3.912245810055866,0.93,0.93,0.9400000000000001,95.33637475853196,95.58289117836443,0.09002700799076901,93.75625698324023,94.26754189944134,0.2054084294507547,97.37,97.658,0.10669723520316748,87.84,89.44,0.585892481603917,3.8177653631284914,4.062932960893855,0.10437614713684967,0.93,0.93,0.0,0.93,0.93,0.0,0.92,0.97,0.019999999999999955,95.48285254346428,93.98413407821226,97.658,88.55,3.853743016759776,0.93,0.93,0.92
F5,chainA_F32M,0.2416666666666777,140.16666666666669,0.6833333333333382,0.2930897537728371,chaina_f32m,F,32,M,94.32058618463535,94.05241340782122,96.1574,84.512,8.783217877094973,0.916,0.752,2.472,93.72318269851516,94.68031633311838,0.3708650557665818,93.78994413407824,94.40837988826814,0.2509462582527663,94.943,96.583,0.6851002116479004,82.18,88.35,2.3377703052267504,7.992597765363128,10.170670391061453,0.8678956425925503,0.91,0.92,0.0054772255750516665,0.7,0.78,0.03271085446759228,2.39,2.57,0.07628892449104252,94.68031633311838,94.14301675977651,96.502,88.35,8.357094972067038,0.92,0.77,2.39
F6,chainA_A78T,1.2750000000000083,1980.1666666666006,1.7166666666666688,0.736298649722001,chaina_a78t,A,78,T,95.5053963963964,94.15379888268156,97.559,88.946,3.80522905027933,0.93,0.9339999999999999,0.9199999999999999,95.2482754182756,95.72229729729725,0.17501092335157442,93.90877094972066,94.3681005586592,0.19550996298377002,97.464,97.659,0.09325770745627947,88.25,90.25,0.8208714881149152,3.61913407821229,4.029357541899442,0.17179409353628036,0.93,0.93,0.0,0.93,0.94,0.00547722557505161,0.89,0.96,0.02915475947422647,95.54927927927922,94.3681005586592,97.532,88.25,3.7006983240223463,0.93,0.94,0.9
F7,chainA_F32N,0.6555555555555616,4373.999999999902,1.097222222222222,0.47061159650516177,chaina_f32n,F,32,N,94.57998967075531,94.01069273743016,96.0658,83.774,8.612849162011173,0.914,0.758,2.648,94.32148482892192,94.82012911555836,0.18726197056787083,93.68882681564246,94.31614525139666,0.22648852419085644,94.687,96.612,0.7879170007050228,82.7,84.61,0.7770971625221619,7.739050279329609,9.750279329608938,0.7332417847815246,0.91,0.92,0.005477225575051663,0.72,0.79,0.025884358211089593,2.52,2.75,0.09257429448826496,94.4879599741768,93.9509497206704,96.188,84.06,8.478519553072626,0.92,0.76,2.75
F8,chainA_A78V,0.5083333333333449,140.1666666666491,0.9500000000000053,0.40746624305004114,chaina_a78v,A,78,V,95.88483268983279,94.60159776536312,97.93100000000001,88.392,3.197446927374302,0.9339999999999999,0.942,0.836,95.78256113256114,95.9683075933079,0.07359088537827091,94.31195530726256,94.85027932960894,0.21618605176097547,97.858,98.012,0.05830094338859371,87.06,89.72,0.9936649334660024,3.1191340782122907,3.26941340782123,0.06804976829736951,0.93,0.94,0.005477225575051633,0.94,0.95,0.004472135954999582,0.83,0.85,0.008944271909999166,95.78256113256114,94.5508379888268,97.858,87.06,3.26941340782123,0.93,0.94,0.84
F9,chainA_F32P,0.1388888888888962,16.666666666666668,0.5805555555555567,0.24900714853057979,chaina_f32p,F,32,P,93.52175322997411,93.60043575418993,93.8826,83.548,10.429413407821228,0.906,0.6799999999999999,3.868,92.86470284237714,94.15425064599492,0.4954131244055112,93.29134078212292,93.78787709497206,0.1936487660021023,92.961,94.948,0.8443910823783028,82.7,84.2,0.5556707658317112,8.36885474860335,12.314497206703912,1.5157929255588887,0.9,0.91,0.005477225575051676,0.6,0.75,0.05744562646538029,3.13,4.68,0.5733410852189121,93.21757751937966,93.59614525139663,93.137,82.7,11.360251396648044,0.9,0.65,4.05
G1,chainA_F48A,0.6694444444444521,748.166666666626,1.1111111111111125,0.4765687053216835,chaina_f48a,F,48,A,95.29450582147479,94.07049162011174,97.5706,87.318,4.920810055865921,0.9200000000000002,0.89,1.404,94.85346701164298,95.4565459249676,0.257854718631051,93.80234636871508,94.3945810055866,0.24938637091607482,97.229,97.733,0.21195117362260682,86.26,89.24,1.174742524981536,4.680251396648045,5.484999999999999,0.3314756162341322,0.92,0.92,0.0,0.87,0.9,0.012247448713915907,1.27,1.69,0.1671227094083865,95.27445019404912,94.0131843575419,97.504,86.26,4.9248044692737425,0.92,0.89,1.38
G10,chainA_A79P,0.8750000000000056,1148.1666666666163,1.316666666666666,0.5647339158061939,chaina_a79p,A,79,P,95.19297683397693,94.1697877094972,97.6018,87.128,3.952268156424581,0.922,0.924,0.95,95.06378378378392,95.41779279279278,0.1385885538073575,93.90553072625698,94.35530726256982,0.16832967466641793,97.521,97.696,0.08220523097711162,86.01,89.24,1.2826418050258597,3.6549720670391057,4.136899441340782,0.17973961053672285,0.92,0.93,0.004472135954999567,0.92,0.93,0.0054772255750516665,0.91,0.97,0.02345207879911711,95.22259330759344,94.35530726256982,97.558,86.58,4.136899441340782,0.92,0.92,0.96
G11,chainA_F48I,1.1166666666666796,32.66666666666667,1.55833333333334,0.6683876092136631,chaina_f48i,F,48,I,95.27854357650101,93.91644692737432,97.587,87.196,4.105692737430168,0.922,0.9179999999999999,1.008,95.02799870884444,95.50987734021962,0.19506346107592007,93.72530726256984,94.17860335195532,0.19435265858806725,97.369,97.781,0.16234069114057875,85.84,89.32,1.2973935409119277,3.873519553072625,4.373715083798883,0.18483252718784315,0.92,0.93,0.004472135954999583,0.91,0.92,0.004472135954999582,0.94,1.09,0.05540758070878032,95.50987734021962,94.17860335195532,97.781,86.85,3.873519553072625,0.93,0.92,0.94
G12,chainA_A79Q,3.8388888888889,600.0,4.28055555555556,1.8359809372517852,chaina_a79q,A,79,Q,95.4910514138818,94.11654748603351,97.7564,88.436,3.470731843575419,0.93,0.938,0.866,95.4046079691518,95.66539845758363,0.10455222156803373,93.84659217877096,94.39173184357544,0.2528362703063298,97.657,97.803,0.06019800661151641,87.94,89.53,0.6366945892655326,3.3545530726256985,3.682206703910614,0.12606522399526693,0.93,0.93,0.0,0.93,0.94,0.004472135954999542,0.85,0.89,0.015165750888103126,95.49514781491,94.39173184357544,97.803,87.94,3.401508379888268,0.93,0.94,0.86
G13,chainA_F48K,0.30833333333333884,8.166666666662422,0.7499999999999993,0.32168387609213567,chaina_f48k,F,48,K,92.7536851612903,93.24653631284916,93.98479999999999,82.854,10.780312849162012,0.8880000000000001,0.672,3.696,91.97594193548392,93.82827096774184,0.6772225805360264,92.86804469273744,93.73972067039104,0.39344094708844385,93.479,95.277,0.7438677301778878,80.89,86.69,2.2331659141228113,8.653603351955308,12.09145251396648,1.317551263209536,0.88,0.9,0.008366600265340772,0.61,0.76,0.05630275304103699,2.8,4.27,0.5783856844701466,93.82827096774184,93.73972067039104,95.277,86.69,8.653603351955308,0.9,0.76,2.8
G14,chainA_A79R,1.7416666666666738,1568.1666666666665,2.1833333333333345,0.9364575059571073,chaina_a79r,A,79,R,95.58641463414635,94.29048044692738,97.7708,88.586,3.4389664804469278,0.93,0.938,0.8619999999999999,95.47047496790778,95.72043645699608,0.10251581550574823,93.86240223463687,94.62446927374302,0.3070735213243184,97.66,97.862,0.08211394522247696,87.95,89.57,0.598898989813807,3.313854748603352,3.705391061452514,0.16057921399551295,0.93,0.93,0.0,0.93,0.94,0.004472135954999528,0.85,0.89,0.017888543819998336,95.49815147625156,94.32765363128492,97.66,87.95,3.705391061452514,0.93,0.93,0.89
G15,chainA_F48L,1.5833333333333452,5642.666666666555,2.0250000000000057,0.8685464654487695,chaina_f48l,F,48,L,94.93114525500327,93.68722905027933,97.2842,86.83,4.669804469273743,0.922,0.9040000000000001,1.26,94.51040025823096,95.28914783731436,0.2867710336429061,93.3745251396648,94.16022346368716,0.30527503599461975,97.032,97.601,0.2081350523097951,85.37,88.97,1.31341158819313,4.2313407821229045,5.023910614525139,0.29861674850142833,0.92,0.93,0.004472135954999571,0.89,0.92,0.011401754250991401,1.07,1.38,0.12144957801491117,94.51040025823096,93.3745251396648,97.032,86.46,5.023910614525139,0.92,0.89,1.38
G16,chainA_A79S,2.991666666666678,3504.1666666665787,3.4333333333333385,1.4725972994440022,chaina_a79s,A,79,S,95.5600682549904,94.19605586592179,97.70360000000001,88.652,3.4892849162011172,0.93,0.9399999999999998,0.86,95.44471345782348,95.6915067611078,0.11920464619674717,93.85899441340784,94.45905027932962,0.28100833711460055,97.641,97.727,0.03573233829459747,87.52,89.89,0.9150245898335189,3.398603351955307,3.6491340782122905,0.10104869465288546,0.93,0.93,0.0,0.94,0.94,0.0,0.85,0.87,0.010000000000000009,95.52442369607212,94.40385474860334,97.709,88.36,3.6491340782122905,0.93,0.94,0.87
G17,chainA_F48M,0.6027777777777927,280.1666666666915,1.0444444444444532,0.44797458300238563,chaina_f48m,F,48,M,94.97835635894117,93.8066592178771,97.2666,86.93,5.090737430167598,0.9200000000000002,0.884,1.418,94.6724144609424,95.18154938670084,0.19995383839249073,93.7054189944134,93.9481005586592,0.10403149993629802,96.966,97.439,0.18282450601601669,85.7,89.23,1.3423673118785415,4.789581005586592,5.540530726256983,0.28352530170025864,0.92,0.92,0.0,0.87,0.89,0.008944271909999154,1.29,1.61,0.12537942414925987,95.18154938670084,93.7054189944134,97.38,89.23,4.789581005586592,0.92,0.89,1.35
G18,chainA_A79T,1.280555555555571,620.1666666667036,1.7222222222222314,0.7386814932486124,chaina_a79t,A,79,T,95.57599871299871,94.06706145251397,97.6858,89.824,3.6133966480446924,0.93,0.9359999999999999,0.882,95.5271685971687,95.71110038610036,0.07817091077325655,93.79027932960894,94.29016759776536,0.20173528043745123,97.604,97.726,0.05364885832895203,89.21,90.91,0.6564145031913888,3.451424581005587,3.759078212290502,0.1194801091113853,0.93,0.93,0.0,0.93,0.94,0.005477225575051627,0.86,0.89,0.013038404810405314,95.57669884169874,94.23290502793296,97.726,89.59,3.759078212290502,0.93,0.93,0.89
G19,chainA_F48N,0.0472222222222324,580.1666666666666,0.48888888888889287,0.20969023034154216,chaina_f48n,F,48,N,93.53186830213045,94.00286033519552,95.3374,83.17999999999999,8.638938547486031,0.9,0.748,2.852,93.12324080051631,94.02903808908992,0.3831535733607958,93.9021787709497,94.10167597765364,0.08593198862810865,94.723,95.875,0.4776429628917406,82.61,83.78,0.5562823024328586,7.860502793296089,9.284273743016758,0.6133319564797675,0.9,0.9,0.0,0.72,0.78,0.025884358211089593,2.51,3.12,0.264896206088347,93.66786313750823,94.04486033519552,95.221,83.14,8.813351955307262,0.9,0.74,2.94
G2,chainA_A79K,3.177777777777789,1066.6666666666665,3.61944444444445,1.5524225575853843,chaina_a79k,A,79,K,95.34205269922884,94.00374301675977,97.51599999999999,88.428,3.7956871508379892,0.93,0.932,0.9259999999999999,95.28619537275064,95.52511568123391,0.10275052184049936,93.82340782122904,94.2354189944134,0.19558874637982768,97.35,97.572,0.09368831303850546,87.84,89.58,0.668707708943153,3.581927374301676,3.9277374301675976,0.14475129932653813,0.93,0.93,0.0,0.93,0.94,0.00447213595499953,0.89,0.95,0.02607680962081057,95.28619537275064,93.93944134078212,97.35,88.16,3.891787709497206,0.93,0.93,0.95
G20,chainA_A79V,0.4777777777777946,54.0,0.9194444444444552,0.3943606036536972,chaina_a79v,A,79,V,95.15443758043759,94.19791061452514,97.50120000000001,87.3,4.0773854748603355,0.922,0.922,1.034,94.76663449163446,95.47638352638354,0.2530043476011854,93.95027932960892,94.4231843575419,0.18441855093450105,97.165,97.667,0.19769471414279005,86.3,89.59,1.3100572506573953,3.68282122905028,4.495251396648045,0.3232121671448659,0.92,0.93,0.004472135954999567,0.91,0.93,0.008366600265340763,0.96,1.13,0.06949820141557624,95.18996138996144,94.4231843575419,97.58,86.66,3.901145251396648,0.92,0.93,0.99
G21,chainA_F48P,0.08055555555557237,181.5,0.5222222222222328,0.22398729150119548,chaina_f48p,F,48,P,95.36160723514209,92.87043575418994,97.7088,89.522,3.417027932960894,0.9280000000000002,0.9280000000000002,0.9039999999999999,95.15467700258397,95.58145348837212,0.18078856481298197,91.79061452513965,93.47396648044692,0.6429451025214299,97.459,97.874,0.15645670327601652,88.62,91.28,1.0827372719177983,3.0925418994413407,3.716117318435755,0.2486307777854203,0.92,0.93,0.004472135954999567,0.92,0.94,0.008366600265340734,0.86,0.95,0.03911521443121585,95.40664082687331,92.85301675977657,97.7,89.32,3.3115083798882683,0.93,0.93,0.88
G22,chainA_A79W,0.12777777777778787,2400.0,0.5694444444444484,0.24424146147736417,chaina_a79w,A,79,W,94.37902882767463,93.76467039106146,96.2954,84.25,8.21236312849162,0.9120000000000001,0.778,2.616,93.91539397821909,94.91155028827691,0.36085328405065814,93.408156424581,94.00212290502792,0.2736512461609721,95.889,96.792,0.335774180067498,83.39,84.92,0.54986361945486,7.42840782122905,8.75927374301676,0.5636006006689249,0.91,0.92,0.004472135954999571,0.75,0.81,0.02387467277262666,2.39,2.83,0.18729655629509054,93.91539397821909,93.408156424581,95.889,83.39,8.748798882681564,0.91,0.75,2.79
G23,chainA_F48Q,0.11944444444445053,888.1666666666224,0.561111111111111,0.2406671961874498,chaina_f48q,F,48,Q,95.34073806451616,93.90946368715083,97.601,87.566,4.953843575418995,0.9200000000000002,0.884,1.47,94.69410967741932,95.75388387096775,0.41139883227937885,93.08575418994414,94.66977653631284,0.6341366222204756,97.118,97.925,0.3031938323910985,86.69,89.65,1.214508130890859,4.549944134078213,5.81449720670391,0.5162053422370569,0.91,0.93,0.007071067811865474,0.86,0.9,0.01516575088810312,1.29,1.8,0.20506096654409878,95.75388387096775,94.66977653631284,97.925,87.45,4.549944134078213,0.93,0.9,1.31
G24,chainA_A79Y,0.011111111111123331,2562.6666666665915,0.45277777777778383,0.19420174741858837,chaina_a79y,A,79,Y,94.5001398332265,93.93401117318436,96.547,84.48400000000001,7.632497206703912,0.914,0.796,2.436,93.97157793457345,94.99273252084689,0.3697519904353336,93.77162011173183,94.26173184357545,0.19649112263566523,96.182,96.884,0.25346893300757445,83.09,87.98,1.9819762864373547,6.679385474860335,8.372262569832401,0.6608427616644753,0.91,0.92,0.0054772255750516665,0.77,0.83,0.024083189157584586,2.18,2.69,0.19372661149155523,93.97157793457345,93.87491620111732,96.182,83.09,8.372262569832401,0.91,0.77,2.69
G3,chainA_F48D,0.09444444444445167,1802.6666666666667,0.5361111111111122,0.22994440031771246,chaina_f48d,F,48,D,93.56839896707548,94.06856983240225,95.6134,82.836,8.237709497206705,0.9040000000000001,0.764,2.634,93.1828728211748,93.9693867010976,0.34384336836766716,93.9789944134078,94.14519553072628,0.07158034306681173,95.138,96.053,0.36341271304124606,82.15,83.71,0.6476727568764943,7.495558659217878,8.764832402234637,0.5347476020454175,0.9,0.91,0.0054772255750516665,0.74,0.79,0.02073644135332775,2.34,2.84,0.21559220765138984,93.23318269851517,94.01435754189944,95.394,82.15,8.723240223463687,0.9,0.74,2.83
G4,chainA_A79L,1.4472222222222295,368.1666666666667,1.88888888888889,0.8101667990468614,chaina_a79l,A,79,L,95.36025337620575,94.00884916201117,97.5658,88.312,3.9226536312849163,0.93,0.9259999999999999,0.9879999999999999,95.12427652733118,95.52314469453376,0.15310253679913335,93.6982122905028,94.31765363128493,0.2425397508167669,97.405,97.687,0.11905334938588984,87.1,89.9,1.0095890252969262,3.7313407821229054,4.015893854748603,0.11739143778185997,0.93,0.93,0.0,0.92,0.93,0.005477225575051676,0.94,1.03,0.03492849839314601,95.30486816720251,94.15212290502794,97.482,87.1,3.998212290502793,0.93,0.92,1.03
G5,chainA_F48E,0.7555555555555626,1472.6666666666667,1.197222222222223,0.5135027799841136,chaina_f48e,F,48,E,94.92822064516126,93.83548603351956,97.28020000000001,85.856,5.9385307262569835,0.9179999999999999,0.85,1.886,94.0874451612902,95.35665806451614,0.4868455452612622,93.09793296089384,94.561843575419,0.5756939956846963,96.609,97.654,0.4003176238938337,84.41,88.47,1.5435608183677108,5.309469273743017,7.223463687150836,0.742002715013719,0.91,0.92,0.004472135954999583,0.81,0.87,0.023452078799117117,1.54,2.32,0.27924899283614246,94.0874451612902,93.09793296089384,96.609,84.41,7.223463687150836,0.91,0.81,2.32
G6,chainA_A79M,1.6166666666666794,6402.666666666548,2.05833333333334,0.8828435266084202,chaina_a79m,A,79,M,95.10958070739552,93.85969832402235,97.4088,87.45599999999999,4.179078212290503,0.924,0.9179999999999999,1.072,94.9875627009646,95.24789710610936,0.10124048338110547,93.5605027932961,94.10039106145253,0.22804893054291359,97.336,97.473,0.06710961183019692,86.96,88.85,0.8009556791733228,4.001312849162011,4.383463687150838,0.17264288098570765,0.92,0.93,0.005477225575051679,0.91,0.92,0.004472135954999583,1.02,1.12,0.044384682042344366,95.0733311897106,93.96122905027934,97.336,86.98,4.383463687150838,0.92,0.91,1.12
G7,chainA_F48G,1.0277777777777906,7490.666666666667,1.469444444444451,0.6302621127879284,chaina_f48g,F,48,G,94.8805656957929,93.58744134078212,97.159,86.02000000000001,6.041351955307262,0.9179999999999999,0.85,1.8800000000000001,94.24904854368954,95.21737216828475,0.37130861476892374,93.15558659217876,93.99882681564246,0.33688141077008776,96.61,97.55,0.3510883079796289,85.06,88.13,1.2440458190918848,5.458379888268156,7.038966480446928,0.5975012046856679,0.91,0.92,0.004472135954999582,0.82,0.87,0.018708286933869715,1.63,2.2,0.2100000000000001,95.21737216828475,93.99882681564246,97.55,85.83,5.458379888268156,0.92,0.87,1.63
G8,chainA_A79N,6.872222222222244,11266.666666666666,7.313888888888904,3.137013502779984,chaina_a79n,A,79,N,95.6134533762059,94.04227932960895,97.7882,89.126,3.478905027932961,0.932,0.9399999999999998,0.8619999999999999,95.4149774919615,95.8092668810292,0.1407397276173455,93.91765363128492,94.28245810055869,0.15227053751256514,97.684,97.861,0.07451644113885174,88.44,90.74,0.9212382970762741,3.293798882681564,3.6110893854748607,0.13809614236714718,0.93,0.94,0.004472135954999521,0.94,0.94,0.0,0.84,0.88,0.016431676725154998,95.63412861736344,94.09245810055866,97.799,88.68,3.6110893854748607,0.93,0.94,0.87
G9,chainA_F48H,0.5666666666666705,560.6666666667019,1.008333333333331,0.43248610007942623,chaina_f48h,F,48,H,94.45431592520956,94.44027932960894,95.926,83.932,8.304027932960894,0.9099999999999999,0.764,2.508,94.20382978723408,94.61222437137351,0.18716719205352456,94.2962569832402,94.53888268156425,0.09740087683078183,94.998,96.34199999999998,0.5350939169902795,83.31,85.04,0.6805292058391029,7.804497206703912,8.751256983240225,0.3690080557955797,0.91,0.91,0.0,0.74,0.78,0.016733200530681527,2.34,2.77,0.1660421633200436,94.61222437137351,94.53888268156425,96.112,83.51,8.458547486033519,0.91,0.76,2.56
H1,chainA_F48R,-0.002777777777765351,748.166666666626,0.43888888888889516,0.18824463860206742,chaina_f48r,F,48,R,93.50743170103097,93.85215642458101,94.91279999999999,83.168,10.385960893854747,0.892,0.682,3.468,92.52658505154643,94.36551546391756,0.6914444712051416,93.32698324022346,94.43709497206704,0.4485641599165362,93.969,95.72,0.6238867685726333,81.45,86.21,1.836374144884426,8.914189944134078,12.45558659217877,1.5034492716416261,0.88,0.9,0.008366600265340756,0.6,0.74,0.060166435825965314,2.86,4.34,0.6134085098855411,93.51663015463907,93.76921787709496,94.941,82.68,10.406927374301675,0.89,0.68,3.45
H10,chainA_A81H,0.8888888888888943,192.66666666664605,1.3305555555555548,0.5706910246227149,chaina_a81h,A,81,H,94.17343994861918,94.48320670391061,96.1424,84.034,8.111050279329609,0.9099999999999999,0.764,2.58,93.53330122029531,94.64053949903662,0.4558013623455694,94.13932960893854,94.77156424581004,0.23963520151589218,95.84900000000002,96.525,0.2830809071625972,82.12,86.48,2.031373919296987,7.195251396648043,9.006843575418994,0.7646182441884569,0.9,0.92,0.007071067811865474,0.73,0.8,0.030495901363953835,2.22,2.85,0.2809804263645424,94.64053949903662,94.77156424581004,96.263,86.48,7.195251396648043,0.92,0.8,2.22
H11,chainA_F48Y,0.7166666666666789,2400.0000000000728,1.1583333333333394,0.496822875297857,chaina_f48y,F,48,Y,95.83817643271104,94.51329608938548,97.7976,87.176,3.3962793296089386,0.9339999999999999,0.9339999999999999,0.882,95.638570508693,96.1352479072764,0.1821442584382103,94.27351955307262,94.698156424581,0.1683706805191744,97.645,97.958,0.13639208188161406,86.22,89.56,1.371105393469082,3.056368715083799,3.758296089385474,0.2530004918039329,0.93,0.94,0.005477225575051618,0.93,0.94,0.005477225575051618,0.85,0.92,0.025884358211089604,95.80330972311648,94.63575418994417,97.823,87.09,3.3116480446927374,0.94,0.94,0.87
H12,chainA_A81I,0.14722222222223352,280.16666666666663,0.588888888888894,0.25258141382049415,chaina_a81i,A,81,I,93.89948681672033,93.69794413407821,95.5682,83.082,9.857709497206704,0.9019999999999999,0.712,2.96,93.63934405144715,94.15086173633442,0.20809873720506172,93.52256983240224,93.89849162011174,0.14809364321967103,94.54599999999998,96.173,0.6588480097867899,81.73,86.61,2.0314329917572915,9.247625698324022,10.392206703910611,0.5603496617213921,0.9,0.91,0.004472135954999567,0.69,0.74,0.022803508501982775,2.54,3.32,0.29529646120466796,93.63934405144715,93.60379888268156,95.378,81.73,10.392206703910611,0.9,0.69,3.32
H13,chainA_F52A,0.13055555555556447,181.5,0.572222222222225,0.24543288324066787,chaina_f52a,F,52,A,95.21187192755495,93.99327374301677,97.0726,88.164,4.302782122905027,0.9200000000000002,0.916,1.044,94.7782406209574,95.47391332470887,0.26239233226128866,93.7727932960894,94.17804469273744,0.1617193171594658,96.719,97.28600000000002,0.2244945433635366,87.26,89.17,0.7722240607492077,4.139916201117318,4.79340782122905,0.2760589911634214,0.92,0.92,0.0,0.9,0.92,0.00894427190999916,0.97,1.22,0.10064790112068905,95.47391332470887,93.89497206703908,97.28600000000002,89.17,4.139916201117318,0.92,0.92,1.0
H14,chainA_A81K,0.09722222222223015,2521.4999999999254,0.5388888888888906,0.23113582208101693,chaina_a81k,A,81,K,93.52817866323903,93.49441340782124,95.002,82.848,7.889703910614526,0.9040000000000001,0.768,2.8280000000000003,93.25753856041116,94.01355398457578,0.29740186384121464,93.19402234636873,94.02502793296092,0.3127901006700596,94.334,95.795,0.616492903446582,81.86,85.39,1.461974691983415,6.641340782122906,8.547569832402235,0.7359163851543471,0.9,0.91,0.0054772255750516665,0.74,0.81,0.025884358211089593,2.35,3.18,0.30572863784735654,93.55078406169667,93.38290502793296,95.004,82.77,8.095139664804469,0.9,0.77,2.96
H15,chainA_F52D,-0.12499999999998686,580.1666666666666,0.31666666666667365,0.1358220810166826,chaina_f52d,F,52,D,94.98540994189804,93.82374301675978,96.8194,87.9,4.427698324022346,0.9200000000000002,0.9179999999999999,1.074,94.71743060038726,95.17298902517751,0.1911118775483665,93.3259217877095,94.03111731843578,0.2830393296573662,96.687,97.09799999999998,0.16728209706958694,87.27,89.08,0.7460898069267544,4.285614525139665,4.571424581005587,0.10954934341936004,0.92,0.92,0.0,0.91,0.92,0.004472135954999582,1.05,1.11,0.023021728866442707,94.91859909619124,93.9345810055866,96.693,87.27,4.285614525139665,0.92,0.92,1.05
H16,chainA_A81L,0.24722222222222714,541.5000000000346,0.6888888888888877,0.29547259729944286,chaina_a81l,A,81,L,94.10212604501609,93.68445810055864,95.80140000000002,84.588,9.027821229050279,0.9120000000000001,0.746,2.742,93.57744051446956,94.72801286173656,0.45677481742023257,93.41731843575415,94.43234636871506,0.42373903836566396,94.40200000000002,96.643,0.8819239196211814,82.29,87.12,2.1451969606542005,7.818659217877094,9.928072625698324,0.8866392092284325,0.91,0.92,0.004472135954999571,0.71,0.79,0.03209361307176246,2.52,3.13,0.2439672109116303,93.74454019292604,93.53977653631286,94.40200000000002,86.44,9.928072625698324,0.91,0.72,2.56
H17,chainA_F52E,-0.4611111111111049,3552.6666666665783,-0.01944444444444443,-0.008339952343129444,chaina_f52e,F,52,E,94.73432516129024,93.50760893854748,96.53920000000001,86.796,5.507134078212291,0.914,0.884,1.508,94.29671612903208,95.02599354838702,0.27480052383523806,93.24960893854748,93.69709497206703,0.18109735586622117,96.104,96.827,0.2731074879969397,86.08,88.17,0.8487814795340503,5.263435754189945,6.066005586592178,0.33523778923565,0.91,0.92,0.0054772255750516665,0.87,0.89,0.008944271909999172,1.35,1.83,0.18606450494385007,94.29671612903208,93.43670391061454,96.104,86.36,6.066005586592178,0.91,0.87,1.83
H18,chainA_A81M,0.34722222222223015,1633.49999999994,0.7888888888888906,0.3383637807783956,chaina_a81m,A,81,M,94.19325016077175,93.69598882681564,96.1012,84.56800000000001,8.694055865921788,0.9120000000000001,0.76,2.592,93.74750482315116,94.59932475884244,0.35362949349010503,93.5471508379888,93.8758659217877,0.15440386949172652,94.928,96.674,0.7252280331040752,81.87,87.52,2.682977823240437,7.974832402234636,9.471899441340785,0.7227138468132769,0.91,0.92,0.004472135954999571,0.73,0.78,0.023452078799117173,2.41,2.99,0.2375289456045307,93.74750482315116,93.55100558659218,95.873,81.87,9.471899441340785,0.91,0.73,2.99
H19,chainA_F52G,-0.27777777777776425,240.66666666666666,0.16388888888889624,0.07029388403495138,chaina_f52g,F,52,G,95.1397954692557,93.90520670391061,97.235,88.026,4.016201117318436,0.924,0.9259999999999999,0.9460000000000001,94.8094627831716,95.35511326860838,0.20972663247192755,93.68938547486034,94.12553072625695,0.177055180310058,97.058,97.414,0.1364679449541148,86.98,89.42,0.9217266406044722,3.884022346368715,4.306145251396648,0.1774979059496833,0.92,0.93,0.005477225575051646,0.92,0.93,0.0054772255750516665,0.92,1.03,0.047222875812470366,95.26782524271844,94.04553072625698,97.414,88.18,3.8999720670391063,0.93,0.93,0.92
H2,chainA_A81D,0.25555555555557014,9922.666666666815,0.6972222222222306,0.2990468625893596,chaina_a81d,A,81,D,94.34556913183279,93.75627932960894,96.39779999999999,83.87,7.7537374301675985,0.9179999999999999,0.788,2.484,94.07663022508036,94.7346559485531,0.24915453680288008,93.57949720670392,93.8917877094972,0.1260058472830288,96.119,96.713,0.2560335915461053,82.43,87.79,2.2312776608929665,7.091564245810057,8.134581005586593,0.41025785510781243,0.91,0.92,0.004472135954999567,0.77,0.81,0.016431676725155005,2.35,2.67,0.1417039166713467,94.23047588424429,93.67743016759778,96.161,82.93,7.851871508379889,0.92,0.78,2.6
H21,chainA_F52H,-0.038888888888876295,7490.666666666795,0.4027777777777842,0.1727561556791128,chaina_f52h,F,52,H,94.55048098001292,93.63259217877096,95.6856,86.726,6.075329608938548,0.916,0.868,1.812,94.32219858156036,94.9769310122502,0.2625264451023197,93.43653631284916,93.99966480446928,0.24665962758379859,95.353,95.971,0.23908534041216872,85.64,88.73,1.2050850592385625,5.62463687150838,6.505418994413407,0.4237614068182172,0.91,0.92,0.0054772255750516665,0.86,0.88,0.010954451150103338,1.6,1.98,0.1702057578344516,94.9769310122502,93.4682681564246,95.971,88.73,5.62463687150838,0.92,0.88,1.6
H23,chainA_F52I,0.6500000000000139,864.0000000000437,1.0916666666666743,0.4682287529785567,chaina_f52i,F,52,I,94.7746313750807,93.68732960893854,96.6928,87.84400000000001,5.984675977653631,0.9200000000000002,0.8699999999999999,1.752,94.28946417043264,95.01699806326673,0.2879481256737694,93.39296089385476,94.00212290502792,0.21961894117621933,96.209,96.96200000000002,0.2866769959379416,87.16,88.64,0.5526572174503867,5.554525139664804,6.79145251396648,0.4763512540425674,0.92,0.92,0.0,0.85,0.88,0.012247448713915907,1.58,2.2,0.25704085278414407,95.01699806326673,93.39296089385476,96.824,88.64,5.85449720670391,0.92,0.87,1.67
H3,chainA_F48S,0.34166666666666945,121.5,0.7833333333333299,0.33598093725178496,chaina_f48s,F,48,S,95.11916483516482,94.10741899441341,97.4756,86.38199999999999,5.3929888268156425,0.9200000000000002,0.8720000000000001,1.592,94.58751777634129,95.43672915319972,0.3238828917321435,93.78720670391064,94.4536312849162,0.27735749469465953,97.125,97.679,0.22165919786916577,85.41,88.42,1.213041631602143,4.858603351955308,6.156759776536313,0.4739978274423698,0.92,0.92,0.0,0.85,0.89,0.014832396974191336,1.32,1.88,0.20117156856772775,95.43672915319972,94.4536312849162,97.679,86.22,4.858603351955308,0.92,0.89,1.32
H4,chainA_A81E,0.9777777777777927,7072.666666666792,1.4194444444444532,0.6088165210484536,chaina_a81e,A,81,E,94.30825321336758,93.78991061452514,96.0938,84.732,7.922960893854748,0.916,0.784,2.356,93.87484575835455,94.6463817480719,0.27731123078026076,93.52949720670392,94.12687150837988,0.21745167462688578,94.753,96.512,0.7529785521513881,82.41,87.99,2.737082388237519,7.38209497206704,9.501173184357542,0.9071801984736718,0.91,0.92,0.005477225575051663,0.73,0.81,0.03209361307176245,2.27,2.53,0.10382677881933927,93.87484575835455,93.82458100558658,94.753,87.42,9.501173184357542,0.91,0.73,2.53
H5,chainA_F48T,0.9250000000000184,4.166666666669698,1.366666666666679,0.5861795075456752,chaina_f48t,F,48,T,95.42245736434114,93.96307262569833,97.6356,87.612,4.527212290502794,0.9200000000000002,0.906,1.1960000000000002,95.0403488372093,95.64444444444456,0.24740116911693402,93.5654189944134,94.26709497206704,0.27168733613101304,97.345,97.805,0.176613419648681,86.39,89.51,1.155214265839899,4.260223463687151,4.888268156424582,0.23927382894174123,0.92,0.92,0.0,0.9,0.91,0.0054772255750516665,1.07,1.34,0.09685040010242599,95.6320219638242,94.01720670391065,97.734,89.51,4.3737709497206705,0.92,0.91,1.17
H6,chainA_A81F,0.4611111111111237,23.999999999992724,0.9027777777777841,0.38721207307387007,chaina_a81f,A,81,F,94.28167265725293,94.2048715083799,96.0202,85.654,8.714374301675978,0.908,0.748,2.592,94.12081514762518,94.4318934531452,0.13716693264143986,94.04195530726258,94.30608938547486,0.09994194344804491,95.756,96.357,0.28779541344503595,81.34,87.47,2.49111019427082,8.197234636871508,9.903603351955306,0.6901974385734495,0.9,0.91,0.004472135954999583,0.7,0.77,0.029495762407505288,2.4,3.2,0.34186254547697964,94.12081514762518,94.04195530726258,96.357,86.45,8.710027932960895,0.9,0.74,2.49
H7,chainA_F48V,1.1833333333333351,1120.6666666667165,1.6249999999999956,0.6969817315329593,chaina_f48v,F,48,V,95.14727131782956,93.47355307262569,97.4832,86.89200000000001,4.417882681564246,0.9200000000000002,0.9120000000000001,1.11,94.8911175710596,95.33105943152466,0.1832843486697882,93.1340782122905,93.93463687150836,0.3210513246509621,97.324,97.581,0.11670347038541576,85.5,88.97,1.2863980721378603,4.241508379888268,4.720251396648044,0.1827264771896002,0.92,0.92,0.0,0.91,0.92,0.004472135954999567,1.06,1.22,0.06442049363362562,95.05361757105938,93.1340782122905,97.396,85.5,4.417094972067039,0.92,0.91,1.11
H8,chainA_A81G,1.4472222222222408,20.166666666659996,1.8888888888889013,0.8101667990468662,chaina_a81g,A,81,G,95.39041779497104,93.87153072625696,97.5506,88.076,4.025648044692737,0.93,0.922,1.036,95.24859445519036,95.59493230174088,0.1451122894000208,93.63150837988827,94.05117318435754,0.1709393897268959,97.422,97.65200000000002,0.08467171900936472,87.05,89.88,1.1213518627085786,3.815363128491619,4.153519553072625,0.13715986384982695,0.93,0.93,0.0,0.92,0.93,0.004472135954999582,0.98,1.07,0.03714835124201344,95.480354609929,94.05117318435754,97.65200000000002,88.24,3.962150837988827,0.93,0.92,1.03
H9,chainA_F48W,4.755555555555572,7350.0,5.197222222222233,2.2291501191421763,chaina_f48w,F,48,W,95.54215562700965,93.93227932960895,97.8346,87.194,3.317374301675978,0.93,0.9339999999999999,0.882,95.47509324758842,95.68482315112544,0.08242831838238983,93.76743016759778,94.11525139664803,0.1284378889356662,97.722,97.91100000000002,0.07095280121320915,84.79,89.31,1.647810668735943,3.1163128491620116,3.405391061452514,0.12212383782681566,0.93,0.93,0.0,0.93,0.94,0.005477225575051607,0.86,0.89,0.013038404810405304,95.47509324758842,93.92916201117318,97.722,84.79,3.3817597765363128,0.93,0.93,0.89
I1,chainA_A81N,0.3583333333333441,1908.1666666666665,0.8000000000000046,0.34312946783161363,chaina_a81n,A,81,N,94.23667524115753,93.63756424581007,96.0408,83.27799999999999,8.195726256983239,0.916,0.774,2.58,94.00127974276532,94.5356398713826,0.19431694781691394,93.39296089385476,93.90273743016762,0.19558220631166642,95.754,96.272,0.24949889779315595,81.82,87.67,2.464481689929951,7.748212290502792,8.57167597765363,0.3122319317756815,0.91,0.92,0.0054772255750516665,0.76,0.79,0.011401754250991394,2.47,2.75,0.10931605554537718,94.00127974276532,93.90273743016762,95.754,81.82,8.57167597765363,0.92,0.76,2.75
I10,chainA_I155D,0.20000000000001725,9440.666666666668,0.6416666666666777,0.2752184273232766,chaina_i155d,I,155,D,94.21911082474227,93.827843575419,96.61760000000001,83.824,6.258480446927374,0.9099999999999999,0.8400000000000001,2.1100000000000003,93.86505798969078,94.57979381443307,0.25381667350323067,93.6372625698324,94.0932402234637,0.1955203612575972,96.305,96.851,0.20648196047112247,83.05,84.58,0.6460108358224361,5.827039106145252,6.533826815642458,0.28088746906671586,0.91,0.91,0.0,0.83,0.85,0.007071067811865481,2.0,2.18,0.07000000000000016,94.25412371134016,93.6372625698324,96.851,84.58,6.137430167597765,0.91,0.84,2.1
I11,chainA_A81T,0.8416666666666788,7561.500000000129,1.2833333333333392,0.5504368546465462,chaina_a81t,A,81,T,95.25939639639638,94.07382122905028,97.46560000000001,87.166,4.449670391061453,0.9259999999999999,0.9019999999999999,1.136,95.1201737451737,95.40610682110682,0.1256808021097788,93.82843575418995,94.3677094972067,0.23452981263359432,97.396,97.518,0.051081307735806956,86.46,89.45,1.2898178165927172,4.269245810055866,4.546675977653631,0.11391083268697218,0.92,0.93,0.0054772255750516665,0.9,0.91,0.004472135954999567,1.11,1.17,0.02302172886644261,95.15923423423426,94.3677094972067,97.396,86.46,4.479888268156425,0.93,0.9,1.12
I12,chainA_I155E,0.43611111111111733,2360.1666666665947,0.8777777777777778,0.37648927720412945,chaina_i155e,I,155,E,94.55367675466837,93.82869273743017,96.793,85.686,5.398424581005587,0.914,0.876,1.654,94.27471345782352,95.02022537025115,0.3558235916803398,93.63564245810058,94.01078212290504,0.15231798548627776,96.489,97.139,0.2831157007302846,84.43,88.84,1.877453061996492,5.006983240223464,5.818882681564245,0.3726228723519851,0.91,0.92,0.005477225575051679,0.86,0.89,0.011401754250991405,1.47,1.89,0.18091434437324197,94.29665808113324,93.79067039106144,96.489,84.56,5.818882681564245,0.91,0.87,1.89
I13,chainA_A81V,0.38611111111112334,15708.166666666479,0.8277777777777838,0.3550436854646563,chaina_a81v,A,81,V,94.48504118404114,93.56753072625699,96.52619999999999,84.878,6.768329608938548,0.914,0.8240000000000001,2.15,94.23488416988414,94.79957528957512,0.22699546925292763,93.42592178770953,93.72525139664806,0.1319393495050584,96.21200000000002,96.746,0.20726118787654677,83.24,88.45,2.043127504587026,6.13963687150838,7.182234636871508,0.4324996053194493,0.91,0.92,0.005477225575051663,0.81,0.84,0.013416407864998679,1.98,2.33,0.1290348790056394,94.79957528957512,93.42592178770953,96.653,88.45,6.13963687150838,0.92,0.84,1.98
I14,chainA_I155F,0.4583333333333377,661.5000000000382,0.8999999999999981,0.38602065131056235,chaina_i155f,I,155,F,94.39061093247594,94.04553072625698,96.5122,84.034,6.913061452513967,0.906,0.82,2.2800000000000002,93.87047588424451,94.9331704180065,0.3815404662238448,93.84430167597765,94.36921787709495,0.21616045190871963,96.184,96.88500000000002,0.2681635694869903,83.71,84.52,0.4050061727924643,6.31391061452514,7.469804469273742,0.5388134602924775,0.9,0.91,0.005477225575051646,0.8,0.84,0.018708286933869653,2.1,2.48,0.15811388300841892,93.87047588424451,93.84849162011174,96.184,83.72,7.469804469273742,0.9,0.8,2.48
I15,chainA_A81W,0.1166666666666758,0.6666666666666667,0.5583333333333362,0.2394757744241469,chaina_a81w,A,81,W,93.47218449711727,92.90988826815644,95.3398,83.8,8.446530726256984,0.9,0.762,2.552,92.76502882767473,93.79664958360011,0.41648335678036297,92.43167597765364,93.14703910614524,0.3124983093490667,93.523,96.101,1.035818854819703,81.15,87.51,2.852569017569953,7.732178770949721,10.059022346368714,0.954173712541675,0.9,0.9,0.0,0.7,0.79,0.03633180424916992,2.42,2.75,0.16346253393362026,93.44262652146064,93.14703910614524,95.552,81.15,8.565251396648044,0.9,0.76,2.75
I16,chainA_I155G,0.7083333333333509,308.1666666666667,1.1500000000000115,0.4932486100079467,chaina_i155g,I,155,G,94.54710077519383,93.94278212290503,96.833,84.008,5.99886592178771,0.9099999999999999,0.852,1.952,94.24627906976755,94.842596899225,0.2738675043650733,93.721843575419,94.2917877094972,0.2135236289657619,96.622,97.132,0.21314431730637187,83.28,85.63,0.9719156341987698,5.4862569832402235,6.348715083798883,0.3978679003642513,0.91,0.91,0.0,0.84,0.87,0.013038404810405314,1.68,2.09,0.18430952227163958,94.58873385012916,94.2917877094972,96.827,84.17,5.4862569832402235,0.91,0.87,1.68
I17,chainA_A81Y,0.34444444444445355,486.0,0.7861111111111141,0.3371723590150919,chaina_a81y,A,81,Y,93.34991148171909,93.71097206703911,95.4504,83.8,10.561229050279328,0.914,0.674,3.7879999999999994,92.89507376523414,93.75431045542014,0.34209594021479683,93.56111731843576,94.05603351955308,0.21175044728930845,95.016,95.806,0.3201473098434487,82.35,85.08,1.26875923641958,9.337150837988826,11.660279329608938,0.92631384751929,0.91,0.92,0.0054772255750516665,0.63,0.72,0.03646916505762091,3.33,4.13,0.30019993337774076,92.89507376523414,93.57519553072623,95.517,83.74,11.660279329608938,0.91,0.63,4.13
I18,chainA_I155H,0.21666666666668255,3750.000000000091,0.658333333333343,0.28236695790310123,chaina_i155h,I,155,H,94.11081209781209,93.74267039106145,96.51939999999999,84.102,6.719703910614524,0.9040000000000001,0.8300000000000001,2.268,93.82243243243263,94.7660424710424,0.3826396279983606,93.5726815642458,93.82083798882682,0.09736742155907684,96.236,96.926,0.3040621646966286,82.59,88.04,2.255453391227583,6.09877094972067,7.321564245810055,0.5035849651188203,0.9,0.91,0.005477225575051646,0.81,0.85,0.01870828693386968,2.09,2.43,0.15023315213360863,93.82243243243263,93.77731843575418,96.236,82.59,7.146229050279329,0.91,0.81,2.43
I19,chainA_Y83A,0.15833333333333996,748.1666666666666,0.6000000000000004,0.25734710087370893,chaina_y83a,Y,83,A,95.49811909385116,94.02462569832403,97.5166,88.72,4.24886592178771,0.9259999999999999,0.9200000000000002,1.076,95.2395987055017,95.69672491909408,0.16772310018103223,93.65201117318438,94.25787709497205,0.24349133780183504,97.311,97.654,0.13378452825345444,88.1,90.01,0.7563068160475644,3.9024581005586594,4.510363128491621,0.22459716599490054,0.92,0.93,0.0054772255750516665,0.91,0.93,0.007071067811865481,0.98,1.15,0.061886993787063166,95.55280258899664,94.22687150837989,97.545,88.1,4.238854748603352,0.93,0.92,1.07
I2,chainA_Y152T,1.2138888888888966,2604.1666666667425,1.655555555555557,0.7100873709293081,chaina_y152t,Y,152,T,95.69159405300584,94.49335195530726,97.5044,88.202,4.091441340782123,0.93,0.924,1.02,95.52941822883004,95.95883645765986,0.1746704122076541,94.37620111731846,94.60391061452512,0.11322684186145686,97.318,97.709,0.17578765599439014,86.85,88.94,0.7984171841838104,3.7896648044692736,4.32463687150838,0.24211542588469662,0.93,0.93,0.0,0.92,0.93,0.005477225575051679,0.96,1.09,0.05477225575051668,95.5526826115062,94.60391061452512,97.318,86.85,4.158156424581006,0.93,0.92,1.03
I20,chainA_I155K,-0.019444444444440025,1441.5000000000564,0.42222222222222044,0.18109610802223874,chaina_i155k,I,155,K,94.02328911783655,93.6095530726257,96.3374,83.282,7.006608938547487,0.906,0.812,2.356,93.50382485511923,94.74486799742438,0.44912180489073744,93.25245810055868,93.80329608938548,0.2491421786079367,96.027,96.774,0.29962025966212885,81.36,88.06,2.7377216805219637,6.200223463687151,7.97122905027933,0.6739078322223587,0.9,0.91,0.005477225575051663,0.78,0.84,0.0238746727726266,2.09,2.65,0.22799122790142598,93.50382485511923,93.4427374301676,96.027,81.36,7.97122905027933,0.9,0.78,2.65
I21,chainA_Y83D,4.144444444444466,0.6666666666678793,4.586111111111126,1.9670373312152527,chaina_y83d,Y,83,D,95.3523436692507,94.08369832402235,97.4282,88.176,4.852480446927374,0.922,0.9,1.404,94.89771317829464,95.6442764857881,0.28191779004752454,93.74335195530728,94.27078212290505,0.21300182358001976,97.067,97.61100000000002,0.21369066427900704,87.41,90.41,1.262172729859112,4.457793296089385,5.265670391061453,0.29266848547364765,0.92,0.93,0.004472135954999582,0.89,0.91,0.007071067811865474,1.24,1.59,0.1266096362841313,94.89771317829464,94.01307262569831,97.067,87.41,5.265670391061453,0.92,0.89,1.59
I22,chainA_I155L,0.33888888888890034,4160.666666666571,0.7805555555555608,0.33478951548848446,chaina_i155l,I,155,L,95.27708891752584,94.11916201117319,97.5372,88.606,3.8962569832402236,0.924,0.93,0.9199999999999999,95.05253865979368,95.49784149484547,0.15846007338395413,93.95016759776536,94.34519553072626,0.16733420151237477,97.443,97.611,0.07235468194940894,87.75,89.71,0.7117794602262679,3.768882681564245,3.9851955307262568,0.09370372884110152,0.92,0.93,0.0054772255750516665,0.93,0.93,0.0,0.9,0.94,0.01581138830084188,95.26018041237118,93.95016759776536,97.609,88.57,3.927150837988827,0.92,0.93,0.92
I23,chainA_Y83E,0.5555555555555641,5642.666666666779,0.9972222222222247,0.42772041302621144,chaina_y83e,Y,83,E,95.34973014848289,94.12373184357543,97.4274,88.756,4.623972067039107,0.922,0.908,1.236,94.90458360232408,95.56700451904469,0.275485786708988,93.72206703910616,94.39648044692738,0.29717444379040686,97.066,97.608,0.20926251456005926,87.87,90.12,0.843285242370576,4.41159217877095,5.067737430167599,0.2570011162412705,0.92,0.93,0.004472135954999567,0.9,0.91,0.004472135954999582,1.14,1.44,0.11760102040373632,95.55956100710137,94.22832402234638,97.608,88.64,4.539162011173184,0.92,0.91,1.21
I24,chainA_I155M,0.4027777777777886,3037.5,0.8444444444444491,0.362192216044481,chaina_i155m,I,155,M,94.95974097938146,94.07383240223463,97.1448,86.59400000000001,4.719083798882681,0.9200000000000002,0.9040000000000001,1.138,94.66391108247424,95.3596005154638,0.25178965849355933,93.89195530726256,94.33413407821229,0.1949280360392217,96.871,97.39199999999998,0.19116537343357845,85.21,89.04,1.447836316715399,4.444497206703911,5.1058938547486035,0.26530942738017416,0.92,0.92,0.0,0.9,0.91,0.0054772255750516665,1.06,1.27,0.0804363102087608,94.88490335051544,93.89195530726256,97.227,86.48,4.763938547486033,0.92,0.9,1.14
I3,chainA_A81P,1.0416666666666754,88.16666666668061,1.4833333333333358,0.6362192216044477,chaina_a81p,A,81,P,94.13537323037325,93.70222346368715,96.424,86.346,6.36691061452514,0.9040000000000001,0.836,1.972,93.53722651222635,94.62713642213669,0.4698317014935034,93.19474860335195,94.36675977653633,0.46538558900106414,96.097,96.964,0.39001217929700616,85.12,88.04,1.213602076464935,5.565893854748603,6.925502793296088,0.6699587789817993,0.9,0.91,0.0054772255750516665,0.82,0.86,0.021908902300206666,1.61,2.28,0.3252230004166372,93.53722651222635,93.46324022346369,96.097,85.12,6.8531843575419,0.9,0.82,2.28
I4,chainA_Y152V,3.7527777777777858,4004.16666666676,4.194444444444446,1.7990468625893536,chaina_y152v,Y,152,V,96.06119069166132,94.71308379888269,97.8556,88.022,3.2846201117318437,0.932,0.9399999999999998,0.8560000000000001,95.92719457013578,96.2946218487396,0.15116943314726883,94.52407821229052,94.85877094972068,0.1533456430405111,97.651,97.993,0.14301328609608582,86.32,88.96,1.0958193281741269,3.065418994413408,3.4077932960893853,0.1390576756440273,0.93,0.94,0.00447213595499953,0.94,0.94,0.0,0.84,0.87,0.01140175425099139,96.03106011635418,94.85877094972068,97.82699999999998,88.74,3.3851675977653635,0.93,0.94,0.86
I5,chainA_A81Q,0.5166666666666728,770.6666666667079,0.9583333333333333,0.4110405083399514,chaina_a81q,A,81,Q,93.81950257069417,93.86374301675977,95.6394,82.24600000000001,10.144212290502793,0.908,0.692,3.0460000000000003,93.48540488431884,94.22915809768652,0.2858903552588505,93.51927374301675,94.33944134078212,0.31018737711232275,95.186,96.168,0.3545134694197104,79.55,85.59,2.596214551996817,9.585195530726258,10.90723463687151,0.5768805208552448,0.9,0.91,0.004472135954999571,0.66,0.72,0.025884358211089534,2.72,3.41,0.3366452138379512,93.9285668380464,93.66988826815644,95.613,85.59,9.638044692737427,0.91,0.72,2.72
I6,chainA_Y152W,2.7972222222222363,160.16666666664787,3.238888888888897,1.389197776012709,chaina_y152w,Y,152,W,94.58960746460755,93.81768715083798,97.32820000000001,87.328,3.6825195530726256,0.9259999999999999,0.9339999999999999,0.8800000000000001,94.04509652509662,95.09972972972984,0.45082493382861716,93.44195530726256,94.16441340782124,0.3244843522859638,97.028,97.756,0.30309272508590807,85.24,89.15,1.477250825012461,3.3816759776536314,3.9574022346368714,0.266259099303055,0.92,0.93,0.005477225575051679,0.93,0.94,0.005477225575051624,0.83,0.91,0.03464101615137755,94.75534749034752,94.14832402234636,97.272,85.24,3.7329608938547487,0.93,0.93,0.89
I7,chainA_A81R,0.5305555555555709,13.499999999994543,0.9722222222222314,0.4169976171564765,chaina_a81r,A,81,R,93.48899614890894,93.8887932960894,95.01140000000001,82.40799999999999,9.774351955307264,0.906,0.7,3.5239999999999996,93.11731065468558,94.09193838254173,0.44145768747999803,93.45882681564248,94.50569832402236,0.42239560618671085,94.712,95.769,0.4405817744755275,81.22,84.16,1.2332355817117822,8.051843575418996,11.078016759776537,1.2914780661741831,0.9,0.92,0.008944271909999154,0.65,0.77,0.05,2.74,4.1,0.6106799489094101,93.11731065468558,93.52536312849162,94.78799999999998,81.22,10.933351955307264,0.9,0.66,4.1
I8,chainA_I155A,1.3194444444444529,704.1666666667061,1.7611111111111133,0.7553613979348683,chaina_i155a,I,155,A,94.43785668173011,94.17767597765362,96.723,84.226,6.330396648044692,0.9120000000000001,0.842,2.088,94.14612007746938,95.14158166559072,0.40150405158115726,94.00279329608938,94.56435754189944,0.23436245125733307,96.309,97.221,0.3710761377399534,82.65,88.09,2.2783831986740073,5.489469273743017,7.0732681564245805,0.6481498323614876,0.91,0.92,0.004472135954999582,0.82,0.87,0.021679483388678818,1.84,2.3,0.1907092027144993,94.14612007746938,94.01586592178772,96.309,82.79,6.887513966480446,0.91,0.82,2.26
I9,chainA_A81S,1.1166666666666778,4374.0,1.5583333333333382,0.6683876092136624,chaina_a81s,A,81,S,95.74540115904706,94.3282346368715,97.8938,87.4,3.4083575418994414,0.93,0.9399999999999998,0.8640000000000001,95.68455247907268,95.89363811976814,0.08405720087594372,94.150782122905,94.4390502793296,0.11890022106721977,97.847,97.954,0.0436943932329977,86.11,88.99,1.0300485425454475,3.2335754189944135,3.5533798882681564,0.12158844629769576,0.93,0.93,0.0,0.94,0.94,0.0,0.85,0.88,0.013416407864998722,95.71175144880904,94.38435754189943,97.864,87.35,3.34877094972067,0.93,0.94,0.85
J1,chainA_Y83F,1.7166666666666788,726.00000000004,2.1583333333333394,0.9257347100873716,chaina_y83f,Y,83,F,94.83867956157316,93.82069273743016,97.06620000000001,86.69,5.840597765363128,0.9200000000000002,0.8699999999999999,1.7579999999999998,94.51297227595091,95.124410058027,0.22256029381042997,93.54977653631283,94.00508379888268,0.16974682495485627,96.918,97.246,0.1365455967799726,85.58,88.81,1.2349696352542445,5.557793296089385,6.081620111731844,0.18897710066074003,0.92,0.92,0.0,0.86,0.88,0.007071067811865472,1.64,1.83,0.07224956747275381,94.80003868471977,94.00508379888268,96.999,85.58,5.811648044692737,0.92,0.87,1.76
J10,chainA_I155S,0.5833333333333415,32.66666666665818,1.025000000000002,0.4396346306592533,chaina_i155s,I,155,S,94.48016903225805,93.9023910614525,96.7756,85.032,5.757402234636872,0.9120000000000001,0.8640000000000001,1.8679999999999999,94.03461290322586,94.92204516129024,0.3282737393041331,93.53016759776536,94.23871508379888,0.25455903401926167,96.493,97.044,0.26204446187622477,83.69,88.27,1.881866095130046,5.257234636871508,6.465307262569832,0.4888137392504786,0.9,0.92,0.008366600265340763,0.84,0.88,0.01516575088810311,1.57,2.15,0.22675978479439418,94.03461290322586,93.53016759776536,96.493,83.69,6.465307262569832,0.9,0.84,2.15
J11,chainA_Y83L,0.27500000000000824,793.5000000000418,0.7166666666666688,0.3073868149324864,chaina_y83l,Y,83,L,95.46996511627906,93.85176536312848,97.5166,88.458,4.084083798882682,0.9280000000000002,0.9259999999999999,0.998,95.2472416020673,95.66308139534878,0.19561846834539948,93.49312849162014,94.05067039106144,0.22440258970950944,97.358,97.684,0.12731378558506093,87.95,89.62,0.6969720223940201,3.8999162011173185,4.367178770949721,0.2048014351800663,0.92,0.93,0.004472135954999567,0.92,0.93,0.005477225575051663,0.96,1.08,0.052153619241621166,95.27287467700248,93.95608938547484,97.434,88.13,4.229078212290503,0.93,0.92,1.02
J12,chainA_I155T,0.6416666666666728,1.499999999998181,1.0833333333333333,0.46465448768864076,chaina_i155t,I,155,T,94.39625274016761,93.79004469273744,96.71979999999999,85.178,6.1168882681564245,0.9099999999999999,0.8560000000000001,1.9440000000000002,93.97980657640234,94.90808510638298,0.33910352178408804,93.4510055865922,94.14670391061452,0.2528228674947377,96.399,96.993,0.23138539279738438,83.55,88.8,2.1342844234075296,5.631033519553073,6.6430726256983235,0.44923951523922107,0.91,0.91,0.0,0.84,0.87,0.013416407864998758,1.81,2.1,0.13202272531651513,94.25127659574454,93.87865921787709,96.585,84.41,6.448994413407822,0.91,0.85,2.04
J13,chainA_Y83M,0.030555555555567108,0.16666666666727298,0.4722222222222276,0.20254169976171751,chaina_y83m,Y,83,M,94.76168992248056,94.07186592178769,96.76140000000001,85.122,7.260754189944135,0.9179999999999999,0.8099999999999999,2.184,94.32738372092996,95.06121447028428,0.27937970618176183,93.92748603351951,94.1886592178771,0.11382826951809069,96.328,97.041,0.29626896563765,84.44,85.86,0.6267535400777557,6.865083798882681,8.03527932960894,0.5038988721705367,0.91,0.92,0.004472135954999582,0.78,0.83,0.019999999999999955,2.0,2.46,0.18036074961032952,94.94207364341077,94.01972067039104,97.03900000000002,85.86,6.865083798882681,0.92,0.83,2.0
J14,chainA_I155V,1.4916666666666816,9361.499999999856,1.933333333333342,0.829229547259732,chaina_i155v,I,155,V,95.32317085751133,94.02583240223463,97.466,88.596,4.154631284916201,0.922,0.9200000000000002,1.024,94.93992907801422,95.47894906511932,0.21867640650092451,93.7108938547486,94.30301675977653,0.25127684482443097,97.294,97.59199999999998,0.10824740181639159,88.02,89.39,0.5040138886975255,4.014217877094972,4.381564245810056,0.14153139596726597,0.92,0.93,0.004472135954999567,0.92,0.92,0.0,0.99,1.1,0.043931765272977645,94.93992907801422,93.94893854748604,97.294,88.68,4.381564245810056,0.92,0.92,1.1
J15,chainA_Y83N,0.6750000000000128,1261.5,1.1166666666666734,0.47895154884829416,chaina_y83n,Y,83,N,95.26417958656337,93.9140782122905,97.3844,88.454,4.800217877094973,0.9200000000000002,0.9040000000000001,1.272,94.84435400516804,95.52588501291989,0.2807320132054208,93.70994413407824,94.08625698324023,0.1747651453471579,97.08,97.565,0.18485751269558462,87.56,90.03,0.9426717350170213,4.63340782122905,5.0235754189944135,0.15470577705401725,0.92,0.92,0.0,0.9,0.91,0.0054772255750516665,1.22,1.36,0.05761944116355178,95.27624031007755,94.08625698324023,97.454,88.29,4.843268156424581,0.92,0.9,1.28
J16,chainA_I155W,-0.18611111111110046,888.1666666666666,0.25555555555556003,0.10961080222398899,chaina_i155w,I,155,W,93.53911168164319,93.50224581005587,95.388,82.704,9.281284916201118,0.9019999999999999,0.73,3.0060000000000002,93.29930038510916,93.8784403080874,0.22852106750290047,93.22379888268156,93.71899441340784,0.1838179737414984,93.949,95.951,0.8246478036107365,82.52,82.92,0.1671227094083908,9.022234636871508,9.589022346368717,0.20960109621456346,0.9,0.91,0.004472135954999583,0.72,0.74,0.007071067811865472,2.57,3.22,0.26959228475607383,93.8784403080874,93.59011173184356,95.951,82.76,9.293296089385477,0.91,0.73,3.16
J17,chainA_Y83P,0.20833333333334145,12060.16666666683,0.6500000000000019,0.2787926926131853,chaina_y83p,Y,83,P,94.95285197155786,93.77417877094972,97.45939999999999,88.22999999999999,4.767324022346369,0.9120000000000001,0.8859999999999999,1.3820000000000001,94.71840982546864,95.07293471234644,0.15456852412707478,93.64530726256984,93.84435754189944,0.09332038455285166,97.294,97.556,0.09864735171306109,87.43,88.99,0.6029510759589021,4.613072625698324,4.895418994413408,0.10535035608941729,0.91,0.92,0.004472135954999567,0.88,0.89,0.005477225575051679,1.34,1.43,0.034928498393145886,94.71840982546864,93.8345810055866,97.294,88.04,4.763268156424581,0.91,0.89,1.38
J18,chainA_I155Y,-0.16111111111111284,80.66666666665333,0.2805555555555477,0.12033359809372154,chaina_i155y,I,155,Y,93.77815038560418,93.56751955307263,95.849,82.0,8.814435754189944,0.906,0.746,3.21,93.44069408740376,94.29936375321329,0.35368023843163954,93.33731843575416,93.99435754189945,0.26429385451479837,95.566,96.141,0.26616348359607567,80.26,86.73,2.6876104628461306,8.140027932960894,9.579245810055866,0.6198479349188357,0.9,0.91,0.005477225575051663,0.72,0.77,0.025099800796022288,2.97,3.54,0.25367301787931656,93.77280205655536,93.33731843575416,96.11,81.42,8.693351955307262,0.9,0.75,3.09
J19,chainA_Y83Q,5.250000000000008,1066.6666666667152,5.691666666666668,2.441223193010321,chaina_y83q,Y,83,Q,95.51958295674629,94.11108379888269,97.712,87.15,3.542631284916201,0.93,0.9339999999999999,0.874,95.2874887023887,95.78881859264035,0.21744103948232413,93.79156424581004,94.32251396648049,0.20875462283844382,97.575,97.907,0.12759898118715066,86.1,87.75,0.6698134068529826,3.426396648044693,3.640782122905028,0.09889945451596198,0.93,0.93,0.0,0.93,0.94,0.005477225575051627,0.86,0.89,0.013416407864998729,95.78881859264035,94.32251396648049,97.907,87.75,3.426396648044693,0.93,0.94,0.86
J2,chainA_I155N,1.7972222222222305,4108.1666666667625,2.238888888888891,0.960285941223192,chaina_i155n,I,155,N,94.25941623711334,93.71222346368715,96.6712,85.208,5.675413407821229,0.908,0.868,1.73,93.89123067010289,94.82650128865986,0.3652329351230767,93.44391061452514,93.93391061452516,0.2030181410467765,96.376,96.987,0.2744097301481848,83.78,88.68,2.0196955216071575,5.206005586592179,6.289134078212291,0.4324983911930426,0.9,0.91,0.004472135954999583,0.85,0.88,0.0130384048104053,1.52,1.98,0.21400934559032692,93.89123067010289,93.44391061452514,96.376,83.78,6.289134078212291,0.9,0.85,1.98
J20,chainA_Q157A,0.4083333333333493,433.4999999999691,0.8500000000000099,0.36457505957109165,chaina_q157a,Q,157,A,94.82997545219636,93.91551955307261,97.304,86.628,3.9695754189944132,0.9200000000000002,0.9259999999999999,0.9440000000000002,94.48004521963826,95.18362403100764,0.2543445586839564,93.79022346368716,94.19027932960891,0.1632001994762112,97.007,97.44700000000002,0.1837321419893644,85.48,87.39,0.9226971334083546,3.66377094972067,4.381145251396648,0.283975245700055,0.92,0.92,0.0,0.92,0.93,0.005477225575051663,0.89,1.04,0.06188699378706323,94.48004521963826,93.79022346368716,97.007,85.78,4.381145251396648,0.92,0.92,1.04
J21,chainA_Y83R,0.20555555555556673,962.6666666666666,0.6472222222222273,0.27760127084988245,chaina_y83r,Y,83,R,94.9664049000645,93.6880558659218,97.1936,87.694,4.726581005586593,0.9200000000000002,0.906,1.23,94.7944422952934,95.1318310767247,0.12693286919937508,93.16150837988828,94.03608938547484,0.36317260024330705,96.949,97.363,0.1544386609628568,86.76,88.54,0.6417008648895547,4.545279329608938,4.9919832402234645,0.19138507377919092,0.92,0.92,0.0,0.9,0.91,0.005477225575051679,1.17,1.33,0.07449832212875682,94.93410058027078,94.00994413407822,97.23,86.76,4.588575418994413,0.92,0.91,1.18
J22,chainA_Q157D,0.16388888888889694,2204.166666666597,0.6055555555555574,0.25972994440031794,chaina_q157d,Q,157,D,94.52633526756931,93.88860335195531,97.3268,86.61,4.255798882681565,0.914,0.9179999999999999,0.998,94.11459058671814,95.18885880077366,0.4472124767121195,93.81122905027937,93.98603351955308,0.06925213665572909,97.124,97.604,0.23216955011370505,85.51,88.07,0.9450661352519191,3.7990502793296086,4.595446927374302,0.3216243066219205,0.91,0.92,0.005477225575051679,0.91,0.93,0.008366600265340755,0.91,1.08,0.06760177512462233,94.11459058671814,93.8390502793296,97.14499999999998,86.27,4.595446927374302,0.91,0.91,1.08
J23,chainA_Y83S,0.40000000000000635,3266.666666666667,0.8416666666666668,0.3610007942811748,chaina_y83s,Y,83,S,95.15290944372575,94.02020111731844,97.35499999999999,87.886,4.607687150837989,0.9179999999999999,0.906,1.226,94.5753104786544,95.4383570504528,0.35858197409023185,93.61346368715084,94.29631284916202,0.28573026052484,96.989,97.585,0.22217673145493716,86.93,89.57,1.053342299539892,4.282011173184358,5.076787709497206,0.28871703526201076,0.91,0.92,0.004472135954999583,0.89,0.91,0.008944271909999166,1.13,1.42,0.11193748255164573,94.5753104786544,93.83474860335194,96.989,87.06,5.076787709497206,0.91,0.89,1.42
J24,chainA_Q157E,-0.13333333333332983,962.6666666666665,0.3083333333333307,0.13224781572676586,chaina_q157e,Q,157,E,94.778662371134,93.88998882681564,97.33099999999999,86.622,3.8994357541899447,0.9200000000000002,0.9280000000000002,0.932,94.4177190721648,95.13071520618568,0.25321605558185273,93.67899441340782,94.09625698324022,0.17228825383108703,96.975,97.487,0.208140577495119,85.61,87.48,0.7616560903715028,3.637178770949721,4.36195530726257,0.2935549159901359,0.92,0.92,0.0,0.92,0.93,0.004472135954999583,0.88,1.02,0.05540758070878025,94.4177190721648,93.67899441340782,96.975,85.61,4.36195530726257,0.92,0.92,1.02
J3,chainA_Y83G,1.5361111111111223,4.166666666666666,1.9777777777777827,0.8482922954725977,chaina_y83g,Y,83,G,95.2605116580311,93.98978770949721,97.3846,87.788,4.895167597765363,0.9200000000000002,0.9019999999999999,1.324,94.96000647668409,95.4424481865284,0.20670748158926086,93.586312849162,94.28486033519552,0.2587736344550602,97.196,97.641,0.17221004616456617,86.93,89.61,1.1007361173323933,4.591117318435754,5.199944134078212,0.2733422216987866,0.92,0.92,0.0,0.89,0.91,0.008366600265340791,1.22,1.42,0.09528903399657276,95.31170336787558,94.28486033519552,97.397,86.93,4.877597765363129,0.92,0.9,1.32
J4,chainA_I155P,0.3861111111111252,28.166666666658784,0.8277777777777857,0.35504368546465714,chaina_i155p,I,155,P,93.25686009026438,93.60816759776537,95.9794,82.428,7.060167597765362,0.882,0.82,2.3,92.28388136686026,94.35479045776924,0.735841424045679,93.12469273743017,93.83446927374304,0.27906345532334276,95.386,96.56,0.4548843809145393,80.07,86.81,2.61608868351209,5.906536312849163,7.936731843575419,0.7578164838812205,0.87,0.9,0.010954451150103316,0.79,0.86,0.027386127875258286,1.89,2.72,0.29841246622753564,93.22798839458416,93.64648044692738,96.25,82.44,7.161899441340781,0.88,0.82,2.28
J5,chainA_Y83H,1.3861111111111235,1768.1666666666042,1.827777777777784,0.7839555202541709,chaina_y83h,Y,83,H,95.22233161290322,93.89130726256982,97.3942,88.39,4.425709497206704,0.9200000000000002,0.9120000000000001,1.128,94.84149032258064,95.52784516129049,0.2472057749394185,93.6072625698324,94.05223463687152,0.18136318304280183,97.127,97.542,0.16562668867064065,87.78,89.97,0.8992496872393116,4.065167597765363,4.690558659217877,0.231501469511681,0.92,0.92,0.0,0.91,0.92,0.004472135954999567,1.03,1.22,0.06833739825307954,95.20272258064507,94.04469273743015,97.416,87.88,4.374189944134079,0.92,0.91,1.11
J6,chainA_I155Q,0.8888888888888999,266.6666666666667,1.3305555555555604,0.5706910246227173,chaina_i155q,I,155,Q,94.36046490663233,93.66622346368715,96.7428,85.514,5.397709497206703,0.9099999999999999,0.8800000000000001,1.616,94.08362524146814,94.82929169349651,0.3274066875164524,93.54949720670392,93.82854748603351,0.10115193240698626,96.45700000000002,97.069,0.2833843679527848,84.3,88.67,1.8627748119405134,5.059245810055866,5.778631284916202,0.32681263547296435,0.91,0.91,0.0,0.87,0.89,0.010000000000000031,1.47,1.9,0.18311198759229275,94.82929169349651,93.63882681564245,97.026,88.67,5.059245810055866,0.91,0.89,1.52
J7,chainA_Y83I,0.29166666666667357,253.5,0.7333333333333341,0.314535345512311,chaina_y83i,Y,83,I,94.58957364341096,94.028,96.58939999999998,84.06,7.586731843575419,0.9120000000000001,0.796,2.344,94.03720930232552,95.25835271317862,0.46984986734984174,93.86234636871508,94.2617318435754,0.17981349898304952,96.06499999999998,97.08599999999998,0.42453068204783084,82.06,89.2,2.9491269894665444,6.569106145251396,8.627737430167599,0.8171562144502387,0.91,0.92,0.004472135954999571,0.76,0.83,0.02966479394838266,2.1,2.66,0.24825390228554314,94.03720930232552,93.871843575419,96.06499999999998,82.3,8.185055865921786,0.91,0.77,2.55
J8,chainA_I155R,0.33055555555555927,73.5,0.7722222222222197,0.3312152501985685,chaina_i155r,I,155,R,94.28378778135043,93.64129608938546,96.6078,84.45599999999999,6.523581005586591,0.9099999999999999,0.8379999999999999,2.192,93.93836012861745,94.68758842443717,0.2862228542879553,93.50301675977654,93.88525139664806,0.15316411142890943,96.374,96.878,0.2143039896968791,83.07,87.67,1.9268834941428081,6.098463687150838,7.091648044692738,0.469429959699474,0.91,0.91,0.0,0.82,0.85,0.016431676725155,2.04,2.4,0.14923136399564263,94.11819292604486,93.69011173184356,96.374,83.22,7.091648044692738,0.91,0.82,2.4
J9,chainA_Y83K,0.1166666666666758,2166.0,0.5583333333333362,0.2394757744241469,chaina_y83k,Y,83,K,95.1655080697225,93.69203351955308,97.279,87.326,4.4594413407821225,0.922,0.916,1.112,94.89317624273734,95.2934990316334,0.1745720158557546,93.20307262569833,93.975530726257,0.29523920737195175,96.955,97.484,0.19607779068522851,86.01,88.73,1.0837342847764877,4.3082122905027935,4.999776536312849,0.3026066127342099,0.92,0.93,0.004472135954999582,0.9,0.92,0.008944271909999166,1.06,1.29,0.09984988733093293,95.08612007746936,93.83351955307263,97.285,86.01,4.355307262569832,0.92,0.92,1.06
K1,chainA_Y83T,1.0333333333333456,240.6666666666436,1.475000000000006,0.6326449563145367,chaina_y83t,Y,83,T,95.41157853910799,94.0630279329609,97.5436,88.09200000000001,4.049882681564246,0.93,0.924,0.97,95.150930833872,95.70937944408544,0.19888234546065983,93.9168156424581,94.23106145251396,0.13630654921790558,97.354,97.682,0.12469683235752252,86.73,89.65,1.0552345710788678,3.8111173184357536,4.2618156424581,0.16404341889281918,0.93,0.93,0.0,0.92,0.93,0.005477225575051663,0.91,1.02,0.03999999999999995,95.38106011635428,94.23106145251396,97.513,86.73,4.0059217877094975,0.93,0.93,0.96
K10,chainA_Q157K,0.7444444444444525,3082.666666666584,1.186111111111113,0.5087370929308972,chaina_q157k,Q,157,K,95.45713917525774,94.08773184357541,97.70599999999999,88.348,3.5779273743016757,0.93,0.938,0.876,95.29497422680429,95.63918814432986,0.13333082662806622,93.83703910614524,94.34150837988824,0.24370201530488245,97.67,97.765,0.041334005370891526,87.72,89.19,0.5408049555985973,3.5215083798882683,3.716620111731843,0.07871305769146995,0.93,0.93,0.0,0.93,0.94,0.004472135954999528,0.86,0.89,0.011401754250991387,95.36504510309264,94.0663687150838,97.672,88.12,3.716620111731843,0.93,0.93,0.89
K11,chainA_A84F,2.044444444444452,450.66666666666663,2.4861111111111125,1.066322478157266,chaina_a84f,A,84,F,94.95019897304228,93.82869273743016,97.15599999999999,87.046,5.367703910614525,0.9200000000000002,0.874,1.6440000000000001,94.85439024390242,95.174781771502,0.13115956105925183,93.63653631284916,93.9891061452514,0.1736858148305116,96.948,97.268,0.12393748424104972,86.03,88.59,0.995203496778421,5.164469273743017,5.571759776536313,0.16761993731366767,0.92,0.92,0.0,0.87,0.88,0.0054772255750516665,1.56,1.71,0.061886993787063145,94.8578369704748,93.63653631284916,97.213,86.38,5.571759776536313,0.92,0.87,1.68
K12,chainA_Q157L,0.8555555555555674,2400.0000000000728,1.2972222222222278,0.5563939634630671,chaina_q157l,Q,157,L,94.93805931656993,93.93151955307263,97.36800000000001,87.47,3.947558659217877,0.922,0.9280000000000002,0.9359999999999999,94.57110251450682,95.2694390715666,0.26997958240815706,93.6177653631285,94.39184357541902,0.3029052659451926,97.141,97.512,0.14901342221423863,86.68,88.55,0.710809397799436,3.749581005586592,4.240837988826816,0.20429178577442142,0.92,0.93,0.004472135954999571,0.92,0.93,0.004472135954999567,0.89,1.01,0.04722287581247035,95.10223726628,94.06413407821228,97.455,87.17,3.952290502793296,0.92,0.93,0.94
K13,chainA_A84G,0.12777777777778598,1802.6666666667297,0.5694444444444464,0.2442414614773633,chaina_a84g,A,84,G,94.51443971631203,93.68134078212292,96.8432,86.05199999999999,6.723837988826816,0.914,0.828,2.1119999999999997,93.95458413926492,94.85458413926511,0.33375741378970214,93.47664804469274,93.9322346368715,0.1885673360128347,96.49499999999998,96.992,0.2040874812427383,85.15,87.97,1.1447139380648752,6.450865921787709,7.306620111731844,0.3481965695106816,0.91,0.92,0.0054772255750516665,0.8,0.84,0.016431676725154918,2.03,2.3,0.10917875251164941,94.575512572534,93.9322346368715,96.992,86.16,6.698463687150838,0.91,0.83,2.11
K14,chainA_Q157M,0.43055555555556974,661.5000000000382,0.8722222222222302,0.3741064336775245,chaina_q157m,Q,157,M,93.8936466795615,93.59577653631284,97.1736,86.49199999999999,3.534653631284916,0.924,0.938,0.852,92.72148291424884,94.51244358478402,0.7012130120891843,93.24642458100556,94.0598882681564,0.31446835223680264,96.956,97.424,0.19213224612230242,85.77,88.33,1.043297656472015,3.288240223463687,3.7679050279329607,0.18764701029132091,0.92,0.93,0.0054772255750516665,0.93,0.94,0.00447213595499953,0.83,0.88,0.021679483388678818,92.72148291424884,93.4131843575419,96.956,85.96,3.615307262569832,0.92,0.94,0.84
K15,chainA_A84H,0.4166666666666735,1176.0,0.8583333333333341,0.3681493248610003,chaina_a84h,A,84,H,94.21946307000646,93.72603351955306,96.20599999999999,83.23400000000001,8.34803910614525,0.9099999999999999,0.77,2.5620000000000003,93.87217084136157,94.47199743095705,0.2589764303190858,93.53983240223462,93.99469273743016,0.20657213072458996,95.057,96.722,0.683858903575876,82.19,84.41,0.828782239191937,7.761508379888269,9.247374301675976,0.5459935032057588,0.91,0.91,0.0,0.75,0.79,0.014142135623730963,2.35,2.75,0.15594870951694334,94.43770070648696,93.99469273743016,96.722,84.41,7.761508379888269,0.91,0.79,2.47
K16,chainA_Q157N,0.4972222222222365,2948.166666666586,0.938888888888897,0.4027005559968255,chaina_q157n,Q,157,N,94.84882914248878,93.77842458100558,97.3098,87.478,4.177396648044693,0.922,0.9200000000000002,1.002,94.35467440361052,95.36707930367524,0.36960163485010467,93.59854748603352,93.88955307262572,0.1201153137052008,97.037,97.571,0.2138672485445103,85.83,89.18,1.4054429906616648,3.843072625698325,4.495446927374302,0.2971137593831586,0.92,0.93,0.004472135954999571,0.91,0.93,0.010000000000000009,0.93,1.07,0.06457553716385177,94.98582205029028,93.7158100558659,97.467,85.83,4.084636871508379,0.92,0.92,0.98
K17,chainA_A84I,1.1250000000000056,2688.1666666667434,1.566666666666666,0.6719618745035726,chaina_a84i,A,84,I,94.89710996784561,94.11747486033521,96.84599999999999,84.81800000000001,7.095955307262569,0.9179999999999999,0.8140000000000001,2.3579999999999997,94.60882958199362,95.1569389067523,0.2341765520993626,93.82452513966484,94.39329608938549,0.20371114219896608,96.701,97.059,0.17254564613458082,84.31,85.66,0.5201153718166702,6.832234636871508,7.810949720670391,0.4106866577656276,0.91,0.92,0.004472135954999571,0.79,0.83,0.015165750888103045,2.28,2.42,0.05118593556827886,94.77747909967832,94.08391061452512,96.731,84.84,7.066229050279329,0.92,0.81,2.38
K18,chainA_Q157P,-0.11111111111110193,450.6666666666667,0.33055555555555854,0.14177918983320192,chaina_q157p,Q,157,P,94.30384387096771,93.81968715083799,96.89020000000001,85.416,5.49613966480447,0.898,0.876,1.592,94.07399354838708,94.81787096774192,0.3013968961681326,93.6422905027933,93.95893854748604,0.11652589175514054,96.725,97.116,0.17807077244736408,83.3,86.7,1.3010880062470813,5.06854748603352,5.896927374301676,0.38647848529609863,0.89,0.9,0.004472135954999571,0.86,0.89,0.01140175425099139,1.39,1.81,0.187136313953225,94.26215483870968,93.95893854748604,96.836,85.71,5.169078212290502,0.9,0.88,1.47
K19,chainA_A84K,-0.0527777777777706,1.5,0.3888888888888899,0.16679904686258945,chaina_a84k,A,84,K,93.81895501285356,93.58358659217876,95.9144,84.018,7.9277206703910625,0.9200000000000002,0.79,2.8760000000000003,93.65489074550143,93.96098971722375,0.12946442631982857,93.25776536312848,93.7913966480447,0.22101571311764717,95.409,96.336,0.41903496274177615,83.49,84.57,0.399462138381099,7.334804469273744,8.282653631284916,0.40472817100306024,0.92,0.92,0.0,0.78,0.81,0.014142135623730963,2.72,3.05,0.12759310326189252,93.92216580976886,93.62759776536312,96.092,84.12,7.706117318435753,0.92,0.8,2.79
K2,chainA_Q157F,0.9583333333333377,3408.1666666667534,1.3999999999999981,0.6004765687053196,chaina_q157f,Q,157,F,94.35858429858429,93.883687150838,97.4918,86.65,3.4281452513966486,0.93,0.9399999999999998,0.858,94.22613256113236,94.46155727155713,0.09844488463845176,93.4690502793296,94.18882681564246,0.2847926202575659,97.361,97.64,0.1006737304364948,85.98,87.56,0.7352890588061275,3.3122346368715085,3.594832402234637,0.1175173536434216,0.93,0.93,0.0,0.94,0.94,0.0,0.84,0.88,0.020493901531919233,94.46155727155713,93.4690502793296,97.468,87.56,3.3582122905027942,0.93,0.94,0.84
K20,chainA_Q157R,0.22777777777779087,0.6666666666666667,0.6694444444444514,0.2871326449563169,chaina_q157r,Q,157,R,95.61547747747747,94.32459217877094,97.7182,88.544,3.474519553072626,0.93,0.938,0.85,95.41167953667964,95.79535392535384,0.17035232889457017,94.02072625698324,94.68234636871507,0.24822366146591016,97.572,97.908,0.12923312268919043,87.72,89.21,0.5795084123634417,3.3062011173184356,3.6531843575418983,0.13530395313087573,0.93,0.93,0.0,0.93,0.94,0.00447213595499951,0.84,0.87,0.012247448713915901,95.6311003861004,94.68234636871507,97.689,88.33,3.54731843575419,0.93,0.94,0.85
K21,chainA_A84L,0.10833333333335347,37.5,0.5500000000000139,0.235901509134239,chaina_a84l,A,84,L,94.6575395498393,93.8328715083799,96.6966,85.52,7.236905027932961,0.9179999999999999,0.812,2.2640000000000002,94.32324758842466,94.84451446945336,0.2011486476139219,93.64636871508378,93.9718994413408,0.13902422146201338,96.323,96.863,0.22482726702960293,84.85,86.05,0.4881598098983575,6.701983240223463,7.744944134078213,0.3836842201638241,0.91,0.92,0.004472135954999583,0.79,0.83,0.014832396974191303,2.14,2.43,0.11326958991715297,94.63940836012874,93.86804469273744,96.84,85.71,7.41659217877095,0.91,0.81,2.2
K22,chainA_Q157S,0.275000000000012,1148.166666666717,0.7166666666666726,0.307386814932488,chaina_q157s,Q,157,S,95.1697637185281,94.34765363128493,97.5582,88.102,3.9500837988826816,0.9200000000000002,0.9280000000000002,0.942,94.9017043253712,95.49401549386704,0.22398083550030198,94.19754189944136,94.53798882681566,0.15466845937103632,97.335,97.705,0.15803069322128852,87.37,89.07,0.6439487557251656,3.6934078212290498,4.235167597765363,0.19563342075742035,0.92,0.92,0.0,0.92,0.93,0.004472135954999583,0.9,1.0,0.03768288736283354,94.9017043253712,94.22083798882682,97.335,87.8,4.235167597765363,0.92,0.92,1.0
K23,chainA_A84M,0.02222222222223165,3174.0,0.4638888888888921,0.19896743447180398,chaina_a84m,A,84,M,94.08585980707392,93.69624581005586,95.9724,84.74,8.514810055865922,0.9179999999999999,0.768,2.472,93.80618006430852,94.3188360128618,0.20484816408026302,93.24458100558658,93.938156424581,0.2706009400610014,95.07,96.491,0.5387525405972625,83.59,87.33,1.5247294842036707,7.979078212290503,8.952039106145252,0.46143786981173257,0.91,0.92,0.004472135954999571,0.75,0.79,0.016431676725155005,2.36,2.62,0.12316655390161729,94.2393697749196,93.67201117318436,96.212,83.59,8.778491620111732,0.92,0.76,2.62
K24,chainA_Q157T,0.42777777777778186,450.66666666663514,0.8694444444444424,0.37291501191421594,chaina_q157t,Q,157,T,94.80377935483871,93.80395530726257,97.2748,87.414,4.210234636871508,0.9200000000000002,0.9179999999999999,1.004,94.40710322580652,95.1471548387098,0.27486221035373914,93.71620111731843,93.94106145251396,0.08749701515728298,97.125,97.456,0.1333761597887749,86.61,88.41,0.7839834181919865,3.89304469273743,4.482932960893855,0.2619063780136536,0.92,0.92,0.0,0.91,0.93,0.008366600265340755,0.93,1.09,0.07127411872482187,94.71169677419353,93.7774301675978,97.169,86.61,4.480391061452513,0.92,0.91,1.07
K3,chainA_Y83V,0.8361111111111256,6733.499999999878,1.2777777777777861,0.5480540111199389,chaina_y83v,Y,83,V,95.63590303813838,94.18463687150837,97.716,88.36,3.6392290502793294,0.93,0.93,0.906,95.48943762120236,95.81555268261164,0.14926155726294466,93.9982122905028,94.3380446927374,0.14267706362140395,97.564,97.837,0.10656688040850833,87.12,89.74,0.9656862844630141,3.5397486033519554,3.741033519553072,0.0978393148080679,0.93,0.93,0.0,0.93,0.93,0.0,0.88,0.93,0.02073644135332775,95.48943762120236,94.1259217877095,97.564,87.12,3.73,0.93,0.93,0.93
K4,chainA_Q157G,0.9083333333333455,988.1666666667134,1.350000000000006,0.5790309769658473,chaina_q157g,Q,157,G,95.24369747899148,94.15927374301677,97.5504,88.11800000000001,3.8264581005586593,0.9280000000000002,0.93,0.9179999999999999,95.0524434389137,95.56579185520371,0.20117477422118968,93.96418994413408,94.32698324022346,0.15067775474327183,97.372,97.694,0.13424157329232966,86.9,89.73,1.0221399121450994,3.613826815642458,3.9918156424581,0.14069442045198083,0.92,0.93,0.004472135954999567,0.93,0.93,0.0,0.88,0.95,0.027748873851023204,95.56579185520371,94.0650837988827,97.662,89.73,3.613826815642458,0.93,0.93,0.88
K5,chainA_Y83W,1.4500000000000173,384.0,1.8916666666666777,0.8113582208101698,chaina_y83w,Y,83,W,94.17524453024457,93.71882681564246,96.3038,83.70599999999999,7.965351955307263,0.9120000000000001,0.788,2.548,93.8736615186615,94.3514285714286,0.1950931582992115,93.3527374301676,94.18446927374302,0.3397713005646223,96.10800000000002,96.472,0.158859057028539,83.03,84.71,0.7387354059472179,7.139608938547486,8.531787709497205,0.5322732487505605,0.91,0.92,0.004472135954999571,0.77,0.82,0.020493901531919188,2.31,2.75,0.17282939564784694,93.8736615186615,93.496312849162,96.10800000000002,83.03,8.531787709497205,0.91,0.77,2.68
K6,chainA_Q157H,1.3805555555555684,280.16666666666663,1.8222222222222288,0.7815726767275628,chaina_q157h,Q,157,H,94.9996934964585,94.06621229050279,97.3618,86.502,4.34095530726257,0.9200000000000002,0.916,1.068,94.50479072762388,95.48097231165498,0.35113605731877895,93.80061452513964,94.25597765363128,0.18152805999529165,97.235,97.54,0.1396305840423265,84.89,87.44,0.9547617503859255,4.173212290502793,4.608882681564246,0.171270171727972,0.92,0.92,0.0,0.91,0.92,0.005477225575051663,0.99,1.17,0.06723094525588642,94.50479072762388,93.97156424581006,97.247,84.89,4.608882681564246,0.92,0.91,1.17
K7,chainA_A84D,0.4638888888888947,541.5000000000346,0.9055555555555552,0.3884034948371714,chaina_a84d,A,84,D,94.714038585209,93.9651061452514,96.77279999999999,84.562,7.2001843575418984,0.916,0.8099999999999999,2.1580000000000004,94.54607717041807,94.96523472668802,0.17885182125527005,93.8105586592179,94.0290502793296,0.08917741672539939,96.552,96.997,0.19565965348021666,83.95,85.5,0.5913712877710575,6.922402234636872,7.610558659217876,0.28883874606612275,0.91,0.92,0.0054772255750516665,0.8,0.82,0.009999999999999938,2.02,2.31,0.11233877335986907,94.54607717041807,94.00290502793295,96.552,84.2,7.390055865921788,0.92,0.8,2.2
K8,chainA_Q157I,0.8333333333333415,1290.6666666667202,1.275000000000002,0.5468625893566319,chaina_q157i,Q,157,I,94.69584912959388,93.87063687150837,97.08959999999999,86.688,4.300128491620112,0.9200000000000002,0.9179999999999999,1.032,94.28541586073509,95.15579626047727,0.3305722817168287,93.7617318435754,94.16139664804469,0.1647440927184948,96.872,97.35,0.21493557174185646,85.18,88.37,1.2081680346706742,3.9485754189944138,4.52572625698324,0.2226126099276742,0.92,0.92,0.0,0.91,0.93,0.008366600265340763,0.95,1.1,0.05718391382198322,94.6278852353321,93.78474860335196,97.005,86.06,4.52572625698324,0.92,0.91,1.1
K9,chainA_A84E,0.34166666666667317,3408.1666666666665,0.7833333333333337,0.33598093725178657,chaina_a84e,A,84,E,94.35927763496144,93.68720670391062,96.5804,84.056,7.348061452513967,0.9099999999999999,0.806,2.196,94.04944730077112,94.564473007712,0.19872618507795833,93.4368715083799,93.9954189944134,0.20592917624673288,96.367,96.739,0.14093899389451847,83.6,84.92,0.5173780049441669,6.9933240223463695,7.55645251396648,0.23284106077544417,0.91,0.91,0.0,0.8,0.82,0.008944271909999163,2.13,2.25,0.049799598391954844,94.46624678663234,93.9954189944134,96.739,84.92,6.9933240223463695,0.91,0.82,2.13
L1,chainA_A84N,0.2888888888888876,13632.666666666491,0.7305555555555481,0.3133439237490033,chaina_a84n,A,84,N,94.34623279742769,93.6798659217877,96.1464,83.61800000000001,8.731296089385474,0.914,0.756,2.726,94.11227652733125,94.6173440514469,0.2324812163068533,93.48324022346368,93.753687150838,0.11452751462314699,95.013,96.661,0.6681742287757004,82.65,84.67,0.7916564911626699,8.275530726256981,9.193715083798882,0.38936119837679034,0.91,0.92,0.005477225575051676,0.74,0.77,0.01140175425099139,2.35,3.01,0.24825390228554312,94.57495819935696,93.48324022346368,96.619,84.07,8.535837988826817,0.92,0.76,2.84
L10,chainA_A159E,0.37777777777778976,192.66666666664605,0.8194444444444502,0.3514694201747436,chaina_a159e,A,159,E,93.62433033419029,94.18100558659218,96.5986,82.826,5.7879664804469275,0.8939999999999999,0.8539999999999999,1.8760000000000001,92.4765809768638,94.4865681233933,0.7487348810720807,93.7981005586592,94.54966480446927,0.340641751472654,96.013,96.9,0.356849828359214,77.59,85.05,2.9978875896203943,5.076424581005586,6.853435754189944,0.6579083727521348,0.88,0.9,0.008944271909999154,0.81,0.88,0.02701851217221257,1.53,2.48,0.35767303504737397,94.4865681233933,94.23625698324022,96.9,85.05,5.5931564245810055,0.9,0.86,1.79
L11,chainA_A84T,0.16666666666667918,4930.666666666771,0.6083333333333396,0.26092136616362405,chaina_a84t,A,84,T,94.86841827541835,94.18053631284917,96.928,85.548,7.021502793296089,0.9200000000000002,0.8219999999999998,2.13,94.67309523809526,95.19985199485198,0.20746848327230585,94.02413407821228,94.29011173184358,0.1092018348246297,96.784,97.123,0.13983025423705422,84.94,87.31,1.0088458752455698,6.545307262569832,7.590921787709497,0.3971052298703707,0.92,0.92,0.0,0.8,0.84,0.01483239697419132,2.03,2.28,0.09354143466934835,94.7235263835264,94.22150837988828,96.802,84.94,7.590921787709497,0.92,0.8,2.28
L12,chainA_A159F,0.09444444444445542,726.0,0.5361111111111159,0.22994440031771402,chaina_a159f,A,159,F,92.95297047496787,93.74531843575419,94.9922,82.446,9.555318435754192,0.8939999999999999,0.712,3.2700000000000005,92.57450577663651,93.36521822849804,0.29978734668638335,93.33960893854749,94.25335195530724,0.3598440080387621,94.25799999999998,95.439,0.4847522047397057,81.63,83.21,0.7019116753552378,8.7613687150838,10.536201117318436,0.6943895656859727,0.89,0.9,0.005477225575051676,0.67,0.74,0.026832815729997468,2.72,3.75,0.4035467754796213,93.0940949935816,93.94329608938548,94.25799999999998,83.07,9.87731843575419,0.9,0.71,2.72
L13,chainA_A84V,2.122222222222242,1066.6666666666667,2.563888888888903,1.0996822875297891,chaina_a84v,A,84,V,95.31884813384822,94.19814525139664,97.36179999999999,87.018,5.23313966480447,0.9259999999999999,0.884,1.55,95.15553410553404,95.47091377091382,0.1243783275133282,94.05754189944132,94.44525139664805,0.16554713075582828,97.181,97.482,0.11077996208701091,86.21,87.49,0.4831873342710912,5.032765363128491,5.4481843575419,0.18852520000714199,0.92,0.93,0.0054772255750516665,0.88,0.89,0.005477225575051663,1.42,1.63,0.08514693182963202,95.37160875160896,94.44525139664805,97.4,87.11,5.032765363128491,0.93,0.89,1.51
L14,chainA_A159G,1.3055555555555642,1872.6666666667309,1.7472222222222247,0.7494042891183473,chaina_a159g,A,159,G,95.65650934880729,94.38138547486034,97.8136,88.04400000000001,3.4200837988826813,0.93,0.9399999999999998,0.8539999999999999,95.44464861379748,95.79887169568028,0.13523004699625238,94.10692737430168,94.6331284916201,0.1985449607331741,97.649,97.937,0.10364506741760539,87.11,88.82,0.6089170715294467,3.2580446927374305,3.604301675977654,0.1509372578374928,0.93,0.93,0.0,0.94,0.94,0.0,0.84,0.87,0.01140175425099139,95.62194068343004,94.4286592178771,97.832,88.11,3.604301675977654,0.93,0.94,0.86
L15,chainA_A84W,0.26944444444445315,4004.1666666667606,0.7111111111111137,0.30500397140587815,chaina_a84w,A,84,W,94.13627290198589,93.3490279329609,96.189,83.99,8.225536312849162,0.9099999999999999,0.78,2.69,94.0086483023704,94.3697437540038,0.145198337960599,93.0877094972067,93.57430167597764,0.19731428214562,95.131,96.776,0.6203188696146484,82.96,85.01,0.9667471230885565,7.681759776536313,8.693240223463686,0.4958129661571676,0.91,0.91,0.0,0.76,0.8,0.01581138830084191,2.29,3.04,0.2704625667259704,94.16705957719402,93.51620111731845,96.356,84.84,7.7345530726256975,0.91,0.79,2.73
L16,chainA_A159H,0.2361111111111132,1908.1666666667315,0.6777777777777737,0.2907069102462248,chaina_a159h,A,159,H,92.93862427745663,93.67674860335195,95.2778,80.44800000000001,7.897994413407821,0.884,0.772,2.5300000000000002,92.31461143224156,93.5847591522158,0.45410616227191847,93.49061452513966,93.7635195530726,0.11276070569369903,93.9,96.147,0.8985750942464379,79.92,81.2,0.47044659633160985,6.983379888268155,9.626703910614523,1.0550230388389077,0.88,0.89,0.005477225575051663,0.71,0.81,0.03962322551231795,2.28,2.84,0.20518284528683184,92.955561978163,93.7635195530726,93.9,80.32,9.626703910614523,0.89,0.71,2.58
L17,chainA_A84Y,5.638888888888903,8663.999999999724,6.080555555555563,2.6080222398729127,chaina_a84y,A,84,Y,95.13685054522128,93.89107262569833,97.304,87.22200000000001,4.150608938547486,0.9259999999999999,0.9200000000000002,1.038,94.97269403463748,95.43434894162932,0.18752395344713949,93.74078212290502,94.01692737430167,0.10711692422102867,97.176,97.429,0.11382003338604271,86.07,88.82,0.9983836937770963,3.8851117318435753,4.283379888268156,0.1595656955067329,0.92,0.93,0.005477225575051679,0.91,0.93,0.007071067811865481,0.98,1.09,0.03962322551231794,94.99267479153286,93.74078212290502,97.197,87.15,4.148826815642458,0.93,0.92,1.05
L18,chainA_A159I,-0.3194444444444434,11180.166666666668,0.12222222222221707,0.0524225575853829,chaina_a159i,A,159,I,94.57088360128623,94.37594413407821,96.7736,87.61800000000001,6.663910614525139,0.9099999999999999,0.828,2.1799999999999997,94.22129903536992,94.84396141479084,0.25187319463055285,94.26530726256982,94.63631284916202,0.15145999725984233,96.487,97.107,0.2559732407889531,86.93,88.11,0.4865901766373798,6.00659217877095,7.276005586592179,0.5060321341589612,0.91,0.91,0.0,0.8,0.86,0.023874672772626625,1.91,2.38,0.1828934115817188,94.60196141479106,94.63631284916202,96.67,88.0,6.330083798882682,0.91,0.84,2.09
L19,chainA_V121A,0.20555555555556673,3552.666666666667,0.6472222222222273,0.27760127084988245,chaina_v121a,V,121,A,95.56823483870978,94.27694972067039,97.63520000000001,88.248,3.4291229050279335,0.93,0.9359999999999999,0.8560000000000001,95.28548387096798,95.93872903225804,0.2603486670624242,94.15195530726255,94.42335195530724,0.09873949327193768,97.456,97.811,0.15655095017278628,87.28,89.52,0.8089313938771345,3.236005586592179,3.6732681564245815,0.21012393461331708,0.93,0.93,0.0,0.93,0.94,0.005477225575051601,0.83,0.89,0.02701851217221263,95.93872903225804,94.25837988826817,97.811,89.52,3.236005586592179,0.93,0.94,0.83
L2,chainA_Q157V,0.9527777777777957,280.1666666666915,1.3944444444444561,0.5980937251787171,chaina_q157v,Q,157,V,94.83643354838709,93.94059217877096,97.0408,86.44,4.913877094972067,0.9200000000000002,0.9040000000000001,1.2719999999999998,94.50525161290317,95.23377419354848,0.30792643763874067,93.67525139664806,94.13234636871508,0.16960370609691475,96.808,97.263,0.1858163071422911,85.45,88.14,1.0613199329137304,4.644832402234637,5.323798882681564,0.30545073246615156,0.92,0.92,0.0,0.89,0.91,0.008944271909999154,1.18,1.4,0.10825894882179483,95.23377419354848,93.67525139664806,97.196,88.14,4.644832402234637,0.92,0.91,1.2
L20,chainA_A159K,-0.09444444444442728,6016.666666666667,0.3472222222222332,0.1489277204130306,chaina_a159k,A,159,K,91.99323007712086,93.48464804469273,95.145,78.362,8.27950279329609,0.868,0.764,2.9240000000000004,91.04166452442148,92.99360539845752,0.7947605175778969,92.98022346368714,93.81787709497208,0.34526302930992464,92.606,96.24,1.4776543912566291,76.85,79.19,0.9500105262574707,6.971396648044692,10.811312849162013,1.494165686589863,0.86,0.88,0.010954451150103319,0.66,0.81,0.060249481325568274,2.52,3.35,0.30835044997534866,91.04166452442148,92.98022346368714,92.606,76.85,10.811312849162013,0.86,0.66,3.35
L21,chainA_V121D,0.07777777777778637,3850.666666666759,0.5194444444444468,0.22279586973788776,chaina_v121d,V,121,D,92.37319896973597,94.10149720670393,97.20360000000001,86.356,3.5069497206703915,0.9179999999999999,0.946,0.8019999999999999,91.65779137153883,92.7594140373472,0.4207184130222136,93.82402234636872,94.35363128491622,0.2302874423580266,97.013,97.355,0.13314578476241803,85.82,87.72,0.8088757630192663,3.3860614525139665,3.725642458100559,0.13343217174108113,0.91,0.92,0.004472135954999582,0.94,0.95,0.005477225575051676,0.79,0.82,0.01303840481040527,92.39766902768838,94.32156424581008,97.301,85.82,3.531731843575419,0.92,0.94,0.81
L22,chainA_A159L,-0.5555555555555416,962.6666666666206,-0.1138888888888811,-0.04884829229546916,chaina_a159l,A,159,L,93.27322315112535,93.81492737430167,95.51180000000001,79.69800000000001,7.845770949720671,0.8960000000000001,0.778,2.766,92.85879099678452,93.62212861736332,0.2952775093831119,93.49435754189945,94.08603351955308,0.2554865829917963,93.849,96.317,0.9687856832137849,78.57,80.54,0.8566037590391494,6.616312849162012,9.81986033519553,1.2732492135532574,0.89,0.9,0.005477225575051663,0.71,0.82,0.043817804600413304,2.36,3.07,0.2887559523196015,92.85879099678452,93.59949720670392,93.849,79.13,9.81986033519553,0.89,0.71,3.02
L23,chainA_V121E,-0.04722222222221551,13.5,0.394444444444445,0.16918189038919765,chaina_v121e,V,121,E,93.02339253539247,93.73891620111732,97.1058,86.458,3.7726256983240227,0.9120000000000001,0.9399999999999998,0.8299999999999998,92.42544401544394,93.5416537966538,0.475344382214143,93.29430167597764,94.17435754189944,0.37602623558222154,96.813,97.302,0.20901602809354236,85.33,87.08,0.7774766877533991,3.5439664804469273,4.012569832402234,0.20726952754512967,0.9,0.92,0.008366600265340763,0.94,0.94,0.0,0.82,0.84,0.010000000000000004,93.42240025740004,93.29430167597764,97.212,87.07,3.615,0.92,0.94,0.82
L24,chainA_A159M,-0.6861111111111042,793.5,-0.24444444444444374,-0.10484511517076993,chaina_a159m,A,159,M,94.80084244372999,94.29032402234637,96.7178,84.50399999999999,7.026329608938548,0.9179999999999999,0.82,2.152,94.19199999999998,95.13482958199371,0.38082780481045775,93.96162011173185,94.51379888268156,0.20387306763829327,96.281,97.148,0.33081067092825234,82.13,89.46,2.8631852891491265,6.508854748603351,7.778659217877095,0.49530329385863475,0.91,0.92,0.004472135954999583,0.79,0.84,0.01870828693386966,1.95,2.41,0.17355114519933318,94.19199999999998,93.96162011173185,96.281,82.13,7.778659217877095,0.91,0.79,2.41
L3,chainA_A84P,0.56666666666668,4482.666666666666,1.0083333333333404,0.4324861000794302,chaina_a84p,A,84,P,92.65699485199488,92.83064804469275,95.73179999999999,82.04400000000001,7.694150837988826,0.8859999999999999,0.784,2.5,91.87350707850702,93.26316602316616,0.5051309708045153,92.58083798882684,93.39324022346368,0.3260917198331727,95.052,96.08,0.4024465181859549,80.01,87.52,3.0878843890275403,6.655139664804469,8.47326815642458,0.7060914299440737,0.88,0.89,0.0054772255750516665,0.75,0.82,0.027018512172212582,2.15,2.73,0.2441311123146741,92.85299227799234,93.39324022346368,95.968,81.04,7.34477653631285,0.89,0.8,2.35
L4,chainA_Q157W,0.8583333333333403,1908.1666666666667,1.3000000000000007,0.5575853852263692,chaina_q157w,Q,157,W,94.94488760436737,94.22078212290502,97.4542,87.346,3.8655586592178772,0.924,0.9280000000000002,0.95,94.4177456647398,95.47183044315992,0.4584126735022764,94.11212290502792,94.28765363128493,0.06796674310718148,97.061,97.67,0.24555386374479696,85.84,88.11,0.926245107949293,3.68877094972067,4.086061452513967,0.1676255388998654,0.92,0.93,0.005477225575051679,0.92,0.93,0.004472135954999567,0.9,0.99,0.03937003937005904,94.51531791907512,94.21782122905029,97.378,88.03,3.988743016759776,0.92,0.93,0.99
L5,chainA_A84Q,0.15555555555556336,1176.000000000051,0.5972222222222239,0.25615567911040527,chaina_a84q,A,84,Q,94.15370051413892,94.002469273743,96.1336,83.776,9.191441340782124,0.914,0.732,2.668,93.76433161953749,94.62766066838049,0.3365578767363732,93.67664804469275,94.53709497206704,0.37991587231290164,95.181,96.589,0.5523918898752991,82.02,87.6,2.3068441646543887,8.174385474860337,9.883743016759777,0.750441686572756,0.91,0.92,0.0054772255750516665,0.71,0.77,0.02683281572999749,2.52,2.87,0.16452963258939085,94.26661953727525,93.8604469273743,96.421,82.02,9.630698324022347,0.91,0.71,2.87
L6,chainA_Q157Y,0.7305555555555675,1.499999999998181,1.172222222222228,0.502779984114378,chaina_q157y,Q,157,Y,95.03200257234725,94.33862569832402,97.5436,87.44,3.9163966480446932,0.9259999999999999,0.9259999999999999,0.992,94.4661028938906,95.6216848874598,0.4901273201049746,93.88033519553072,94.77033519553072,0.32372989499149735,97.004,97.822,0.3191979009956028,85.55,88.92,1.3089499608464807,3.569441340782123,4.374106145251396,0.3119888028821066,0.92,0.93,0.0054772255750516665,0.92,0.93,0.0054772255750516665,0.92,1.1,0.07854934754662195,95.08282958199354,94.23329608938548,97.68,86.8,3.7906424581005584,0.93,0.93,0.95
L7,chainA_A84R,0.3861111111111252,4108.1666666665715,0.8277777777777857,0.35504368546465714,chaina_a84r,A,84,R,94.10211296534018,94.13042458100558,96.7662,86.02799999999999,8.391452513966481,0.9200000000000002,0.76,2.79,93.6356996148909,94.31025673940955,0.26782043613951234,93.90944134078212,94.31569832402234,0.14696446629112403,96.546,96.965,0.16245214680022005,85.18,87.29,0.8584986895738361,7.658435754189945,9.25254189944134,0.6795598517428361,0.91,0.93,0.007071067811865472,0.73,0.79,0.024494897427831785,2.47,3.12,0.26823497162003324,94.15623234916556,94.0994972067039,96.722,85.73,8.65405027932961,0.92,0.75,2.95
L8,chainA_A159D,0.2888888888888951,816.6666666667091,0.7305555555555556,0.31334392374900655,chaina_a159d,A,159,D,93.63210675241162,94.05681564245809,96.9958,82.792,4.817631284916201,0.8939999999999999,0.892,1.222,92.8736398713827,94.56657234726704,0.6898168007596355,93.66916201117316,94.4031284916201,0.2933414064484983,96.656,97.309,0.2613229802370973,81.56,83.89,0.8922835872075646,4.480418994413408,5.347206703910615,0.33016856159289915,0.88,0.91,0.011401754250991384,0.87,0.9,0.013038404810405314,1.12,1.44,0.12891857895586653,93.09106109324762,94.2582122905028,96.806,81.56,4.721256983240224,0.89,0.9,1.12
L9,chainA_A84S,0.8055555555555678,560.6666666667019,1.2472222222222282,0.5349483717235916,chaina_a84s,A,84,S,94.96700321957505,93.81367597765365,97.0922,87.53200000000001,5.240418994413408,0.9200000000000002,0.8880000000000001,1.504,94.75651641983262,95.20848036059245,0.1824855097879638,93.50474860335196,94.04536312849164,0.2220004341280323,96.978,97.304,0.13490811687960377,86.58,88.98,0.9051353489948353,4.977067039106145,5.61790502793296,0.23990794125485862,0.92,0.92,0.0,0.88,0.89,0.004472135954999583,1.39,1.65,0.10237187113655791,94.75651641983262,93.66888268156428,96.978,87.03,5.61790502793296,0.92,0.88,1.65
M1,chainA_V121F,2.1111111111111245,6272.666666666667,2.552777777777785,1.0949166004765696,chaina_v121f,V,121,F,91.58514395886888,93.15274860335195,95.8438,83.494,4.187916201117319,0.8960000000000001,0.932,0.852,91.2802827763496,92.16975578406156,0.3519855142765943,92.80938547486032,93.87229050279328,0.41403813944122375,95.482,96.346,0.31618064456889416,82.39,84.3,0.7140238091268347,3.39586592178771,4.662234636871508,0.5063919176467787,0.89,0.91,0.008944271909999172,0.93,0.94,0.004472135954999528,0.81,0.88,0.027748873851023224,92.16975578406156,93.87229050279328,96.346,83.87,3.39586592178771,0.91,0.94,0.81
M10,chainA_A159S,0.591666666666677,1568.1666666666667,1.0333333333333374,0.44320889594916685,chaina_a159s,A,159,S,95.31136767546681,94.1973966480447,97.543,86.82000000000001,3.9615195530726255,0.924,0.924,0.966,94.94636188023158,95.55617514488078,0.2399270760508646,94.02111731843574,94.46027932960894,0.1657841094984828,97.401,97.662,0.10004249097258824,84.95,88.62,1.6456457699031104,3.5903351955307263,4.2143575418994415,0.26673202757192466,0.92,0.93,0.0054772255750516665,0.92,0.93,0.0054772255750516665,0.91,1.01,0.043358966777357566,95.23584674822936,94.22569832402236,97.50000000000004,85.78,4.2143575418994415,0.92,0.92,0.99
M11,chainA_V121L,1.9416666666666762,13.5,2.383333333333337,1.0222398729150113,chaina_v121l,V,121,L,95.78091951062461,94.5973966480447,97.795,88.72200000000001,3.4479385474860336,0.932,0.938,0.8560000000000001,95.62103026400509,95.9415647134581,0.12965307735020046,94.35078212290504,94.92603351955309,0.23679087973688412,97.708,97.906,0.07540888541810009,87.99,89.29,0.5226566750745688,3.298184357541899,3.6719832402234633,0.1487208148247865,0.93,0.94,0.004472135954999521,0.93,0.94,0.00447213595499951,0.84,0.88,0.01516575088810312,95.62103026400509,94.60418994413408,97.745,89.1,3.502932960893854,0.93,0.94,0.86
M12,chainA_A159T,0.027777777777784868,4374.0,0.46944444444444533,0.2013502779984114,chaina_a159t,A,159,T,94.13625482625488,94.08598882681565,96.53880000000001,84.992,6.462720670391062,0.906,0.836,2.056,93.16314028314036,94.58494851994848,0.5569171774815708,93.69966480446926,94.3641899441341,0.24840791828611275,95.883,96.93800000000002,0.40259868355473666,78.48,87.15,3.6545273292178293,5.809106145251397,7.625921787709498,0.6955481988898188,0.89,0.91,0.008944271909999166,0.79,0.86,0.027018512172212548,1.85,2.5,0.2562810956742615,93.16314028314036,93.69966480446926,95.883,78.48,7.625921787709498,0.89,0.79,2.5
M13,chainA_V121M,1.4527777777777846,1700.1666666666667,1.894444444444445,0.8125496425734695,chaina_v121m,V,121,M,95.5403116548616,93.98049162011174,97.623,88.096,3.783268156424581,0.93,0.932,0.9259999999999999,95.40703799098524,95.64652929813262,0.10783204904077939,93.61826815642458,94.32921787709496,0.2605965743756511,97.535,97.761,0.0991488779563311,87.53,88.47,0.3730683583473667,3.617262569832402,4.002877094972067,0.15407403570933162,0.93,0.93,0.0,0.93,0.94,0.004472135954999528,0.91,0.95,0.021908902300206597,95.64652929813262,94.32921787709496,97.69,87.53,3.617262569832402,0.93,0.94,0.91
M14,chainA_A159V,0.5916666666666788,88.16666666668061,1.0333333333333392,0.44320889594916757,chaina_a159v,A,159,V,94.64352638352646,94.33659217877096,96.97540000000001,88.372,5.916162011173184,0.9099999999999999,0.8539999999999999,1.874,94.1528314028316,94.8647104247107,0.2886668033789859,94.08625698324022,94.54173184357542,0.17686928061077525,96.654,97.288,0.25977451761094533,87.54,88.69,0.4805933832253614,5.486256983240224,6.441005586592178,0.37495605039837016,0.91,0.91,0.0,0.83,0.87,0.01516575088810312,1.69,2.06,0.1393915348936226,94.72995495495516,94.45122905027934,97.039,88.38,6.092765363128492,0.91,0.85,1.95
M15,chainA_V121N,0.03611111111112784,8140.166666666666,0.47777777777778835,0.20492454328832818,chaina_v121n,V,121,N,95.05409401159055,94.035843575419,97.2466,87.618,3.7956871508379892,0.9259999999999999,0.9339999999999999,0.8939999999999999,94.70332260141672,95.41857050869297,0.263185293556272,93.90932960893856,94.21134078212292,0.12198845379567928,97.042,97.401,0.15714101946977618,86.42,88.6,0.9460285407956737,3.5312011173184352,4.102011173184358,0.252236013099681,0.92,0.93,0.005477225575051663,0.93,0.94,0.005477225575051607,0.86,0.95,0.03974921382870362,94.9454153251772,94.10865921787708,97.143,86.42,4.013435754189944,0.92,0.93,0.92
M16,chainA_A159W,-0.06944444444443965,2688.1666666667434,0.37222222222222084,0.15965051628276317,chaina_a159w,A,159,W,93.58032030749523,93.74456983240222,95.5746,82.91,8.395614525139665,0.898,0.76,2.598,93.19602818705972,94.04486226777718,0.4063299620628543,93.65586592178772,93.96307262569832,0.12684012388901605,94.465,96.413,0.7866465534151834,78.18,86.7,4.075377283148151,7.421284916201117,9.484664804469272,0.9040449013663685,0.89,0.9,0.004472135954999571,0.72,0.8,0.0353553390593274,2.3,3.0,0.30825314272526094,93.37145419602824,93.96307262569832,94.465,85.27,9.484664804469272,0.9,0.72,2.59
M17,chainA_V121P,0.12777777777779162,816.6666666666666,0.5694444444444521,0.24424146147736575,chaina_v121p,V,121,P,92.77931829896912,93.76160893854748,96.8274,85.274,3.571765363128492,0.9200000000000002,0.9399999999999998,0.812,92.3875515463917,93.0900837628866,0.2676237443562445,93.25625698324022,93.97569832402236,0.29826216168620207,96.636,96.923,0.1122109620313493,84.86,85.6,0.2875413013812075,3.502849162011173,3.631145251396649,0.058574417954857926,0.92,0.92,0.0,0.94,0.94,0.0,0.81,0.82,0.00447213595499951,92.88981958762902,93.92212290502792,96.923,84.86,3.502849162011173,0.92,0.94,0.81
M18,chainA_A159Y,-0.4944444444444355,1232.6666666666667,-0.05277777777777504,-0.02263701350277876,chaina_a159y,A,159,Y,92.65798332264275,93.55347486033519,95.03659999999999,83.28999999999999,8.399430167597766,0.8800000000000001,0.748,2.816,92.08198845413727,93.15204618345103,0.46482036241935015,93.1535754189944,94.01759776536312,0.3075749564888555,93.851,95.547,0.693715575722499,82.64,84.27,0.7744675590365246,7.634748603351955,9.854385474860337,0.8583243456461502,0.86,0.89,0.012247448713915901,0.7,0.78,0.030331501776206228,2.67,2.98,0.12421755109484318,92.57836433611294,93.56553072625698,95.048,82.68,8.026703910614525,0.88,0.76,2.83
M19,chainA_V121Q,-0.05833333333332383,121.5,0.38333333333333663,0.164416203335982,chaina_v121q,V,121,Q,94.80510810810813,93.93203351955307,97.1586,86.482,3.8436536312849157,0.924,0.9339999999999999,0.882,94.16321750321757,95.23963320463324,0.39518650836958225,93.43960893854748,94.4886033519553,0.39834963444184734,96.693,97.42799999999998,0.28745660542071394,85.61,88.26,1.0965491325061578,3.66,4.379553072625699,0.30279217864004604,0.91,0.93,0.008944271909999154,0.92,0.94,0.008944271909999144,0.86,0.94,0.03346640106136296,94.80866151866158,94.06346368715084,97.206,85.86,3.7705865921787702,0.93,0.93,0.88
M2,chainA_A159N,0.5222222222222317,3360.6666666666665,0.9638888888888921,0.41342335186656126,chaina_a159n,A,159,N,93.67221993569142,94.05607821229049,96.4222,84.768,6.418810055865921,0.898,0.8300000000000001,2.17,93.04393569131834,94.58583279742774,0.568634620846389,93.6325698324022,94.31782122905028,0.2927578978089361,95.90399999999998,96.933,0.3725234220824297,83.78,86.42,1.0027562016761595,5.906564245810056,6.848324022346369,0.469625316643514,0.89,0.91,0.008366600265340746,0.81,0.85,0.0187082869338697,1.94,2.41,0.19710403344427024,93.72902893890688,94.13385474860334,96.33899999999998,84.22,6.765167597765364,0.9,0.82,2.29
M20,chainA_E160A,0.13888888888889805,170.66666666666666,0.5805555555555586,0.24900714853058062,chaina_e160a,E,160,A,95.37283979328164,94.5180782122905,97.60679999999999,86.212,3.6167821229050277,0.9259999999999999,0.9339999999999999,0.8719999999999999,94.92287467700253,95.69877260981912,0.3107140622169195,94.38575418994412,94.75240223463688,0.13841802498058448,97.332,97.831,0.2385606841036514,84.48,87.95,1.5256867306232962,3.4087988826815643,4.053212290502794,0.2562410161356664,0.92,0.93,0.0054772255750516665,0.92,0.94,0.00894427190999912,0.85,0.94,0.038340579025361615,95.49415374676984,94.46167597765364,97.831,86.63,3.511620111731843,0.93,0.94,0.85
M21,chainA_V121R,-0.09722222222221139,1204.1666666666665,0.3444444444444491,0.14773629864972368,chaina_v121r,V,121,R,92.66203341902319,93.67592178770948,97.0014,86.22200000000001,3.865245810055866,0.9120000000000001,0.938,0.8480000000000001,92.3887596401028,93.19773778920312,0.3244238499783178,93.27614525139666,94.12737430167596,0.33512792148696385,96.755,97.172,0.1777787951359814,85.08,86.76,0.7156256004364313,3.658882681564246,4.06913407821229,0.14573165179451755,0.91,0.92,0.004472135954999583,0.93,0.94,0.00447213595499953,0.83,0.87,0.014832396974191336,93.19773778920312,93.27614525139666,97.154,86.73,3.658882681564246,0.92,0.94,0.83
M22,chainA_E160D,-0.08055555555554797,48.166666666676974,0.3611111111111125,0.15488482922954752,chaina_e160d,E,160,D,95.12477756286273,93.94146368715084,97.2914,88.5,4.220776536312849,0.9200000000000002,0.9280000000000002,0.968,94.912417794971,95.32132172791758,0.17531065301570278,93.79972067039108,94.08620111731844,0.12660768147788823,97.101,97.531,0.16644608736765112,86.82,89.11,0.9577839004702501,4.097206703910614,4.312932960893855,0.08471650152662392,0.92,0.92,0.0,0.92,0.93,0.004472135954999583,0.96,1.0,0.017888543819998333,94.912417794971,93.82860335195532,97.101,89.11,4.312932960893855,0.92,0.92,1.0
M23,chainA_V121S,0.22222222222223953,8816.666666666666,0.6638888888889001,0.2847498014297103,chaina_v121s,V,121,S,95.39368536428118,94.56394413407821,97.5856,87.626,3.5765530726256984,0.93,0.9339999999999999,0.874,95.1633075435204,95.97759509993556,0.3356986981698176,94.41078212290502,94.8040782122905,0.16641810444583513,97.346,97.895,0.19862854779713515,85.66,89.27,1.331626824602144,3.1799999999999997,3.798491620111732,0.24134891261133992,0.92,0.94,0.007071067811865435,0.93,0.94,0.005477225575051624,0.83,0.9,0.029664793948382697,95.1633075435204,94.50670391061452,97.346,85.66,3.798491620111732,0.92,0.93,0.9
M24,chainA_E160F,-0.38611111111110086,400.1666666666667,0.05555555555555963,0.02382843526608589,chaina_e160f,E,160,F,95.29206563706569,94.44877094972067,97.5806,87.854,3.6887932960893854,0.922,0.932,0.8619999999999999,94.87600386100394,95.69668597168608,0.3174919877032268,94.14882681564244,94.78402234636872,0.22983968750251013,97.387,97.764,0.17108272852629003,86.9,88.37,0.5913797426358066,3.512709497206704,3.894888268156424,0.13657616693347055,0.92,0.93,0.004472135954999582,0.93,0.94,0.00447213595499953,0.84,0.89,0.019235384061671353,95.45415701415698,94.78402234636872,97.655,88.11,3.690921787709498,0.92,0.93,0.87
M3,chainA_V121G,0.36944444444446367,2440.166666666667,0.8111111111111242,0.34789515488483413,chaina_v121g,V,121,G,93.81121497740486,93.78270391061452,97.5034,86.86600000000001,3.4522402234636873,0.922,0.9399999999999998,0.826,93.58507424144616,94.1369399612655,0.203027924446937,93.4054189944134,94.1668715083799,0.2914628517093349,97.311,97.622,0.12812220728663315,86.34,87.28,0.3658961601328993,3.2641061452513966,3.5481564245810056,0.11443089936454216,0.92,0.93,0.004472135954999582,0.94,0.94,0.0,0.81,0.84,0.011401754250991344,93.77038089089734,93.66754189944132,97.311,87.08,3.5481564245810056,0.92,0.94,0.84
M4,chainA_A159P,0.22500000000000675,37.5,0.6666666666666672,0.28594122319300996,chaina_a159p,A,159,P,96.37436164736171,95.28248044692738,98.2558,89.63199999999999,3.0293966480446928,0.932,0.9480000000000001,0.8140000000000001,96.26579150579153,96.48521879021888,0.0833323051421891,94.95832402234636,95.48156424581006,0.2109051445422439,98.213,98.301,0.03886772439955982,88.81,91.12,0.9658260712985548,2.929692737430168,3.1567597765363127,0.10676707306042942,0.93,0.94,0.004472135954999528,0.94,0.95,0.004472135954999595,0.81,0.82,0.005477225575051601,96.48521879021888,95.20245810055869,98.266,91.12,2.929692737430168,0.94,0.95,0.81
M5,chainA_V121H,0.06944444444444528,1320.1666666666665,0.5111111111111057,0.2192216044479718,chaina_v121h,V,121,H,93.33073311897118,93.73865921787709,96.9916,85.342,3.631821229050279,0.9200000000000002,0.938,0.8379999999999999,92.75821864951791,93.96593569131846,0.46660615762624813,93.31273743016756,94.06435754189944,0.31768115285268983,96.58400000000002,97.202,0.25225839926550686,83.96,86.79,1.092231660409095,3.421536312849162,3.916061452513966,0.18005924852564448,0.91,0.93,0.007071067811865481,0.93,0.94,0.00447213595499953,0.82,0.86,0.014832396974191338,93.5141993569135,93.95212290502792,96.925,83.96,3.627122905027933,0.92,0.94,0.83
M6,chainA_A159Q,0.26388888888889056,337.5000000000273,0.705555555555551,0.3026211278792667,chaina_a159q,A,159,Q,94.4747892030848,94.24411173184356,96.726,84.30199999999999,6.5091396648044695,0.906,0.8379999999999999,2.06,93.79401028277636,95.01442159383032,0.4856457054173786,94.03698324022346,94.56770949720668,0.21356964892974625,96.319,97.045,0.33473945091668317,80.72,88.31,3.647022072869866,5.463994413407821,7.434217877094971,0.7603077732218279,0.9,0.91,0.005477225575051679,0.81,0.87,0.023874672772626622,1.74,2.33,0.2552449803620044,94.70877249357332,94.56770949720668,96.808,88.31,5.463994413407821,0.91,0.87,1.74
M7,chainA_V121I,4.083333333333351,32.666666666666664,4.525000000000011,1.9408260524225582,chaina_v121i,V,121,I,95.71974243399877,94.10360893854748,97.6732,88.232,3.6084916201117325,0.93,0.9359999999999999,0.8880000000000001,95.60620090148112,95.86605280103043,0.09792442424197152,93.64,94.35061452513966,0.2902710280894935,97.562,97.832,0.10114692283999428,87.75,88.61,0.32221111091953636,3.4810614525139663,3.695111731843576,0.08342690953040427,0.93,0.93,0.0,0.93,0.94,0.005477225575051618,0.87,0.9,0.010954451150103316,95.60620090148112,93.64,97.562,88.27,3.6495251396648047,0.93,0.93,0.89
M8,chainA_A159R,-0.052777777777764975,8.166666666666668,0.3888888888888955,0.16679904686259184,chaina_a159r,A,159,R,94.55319255455706,93.99530726256982,96.6036,83.99000000000001,6.7246759776536305,0.9099999999999999,0.834,2.2,93.82536585365835,95.09517971758656,0.459962516759852,93.62329608938548,94.33223463687152,0.2518690037873248,96.066,97.034,0.38617975089328904,80.43,88.4,3.6038521057335307,6.132178770949721,7.62782122905028,0.6225961203878987,0.9,0.92,0.007071067811865481,0.8,0.85,0.020736441353327688,1.98,2.59,0.2477902338672773,94.56308087291391,93.97882681564244,96.404,87.29,6.275307262569832,0.91,0.85,2.03
M9,chainA_V121K,0.22500000000001613,1504.166666666609,0.6666666666666766,0.285941223193014,chaina_v121k,V,121,K,92.14356241956236,93.09280446927374,97.051,87.062,4.019044692737429,0.9120000000000001,0.938,0.828,91.84557271557274,92.4659974259974,0.24657619068240041,92.58849162011172,93.4622905027933,0.3851403402353481,96.89,97.218,0.15082108605894673,86.33,87.57,0.45877009492773285,3.890139664804469,4.135530726256983,0.11644193963120764,0.91,0.92,0.004472135954999582,0.93,0.94,0.004472135954999528,0.82,0.84,0.008366600265340772,91.84557271557274,92.79709497206704,96.898,87.28,4.126564245810055,0.91,0.93,0.84
N1,chainA_V121T,0.9527777777777864,1568.1666666666079,1.3944444444444468,0.5980937251787131,chaina_v121t,V,121,T,95.56295747422692,94.35795530726257,97.6608,88.186,3.51268156424581,0.93,0.9399999999999998,0.858,95.33250644329912,95.7766817010311,0.17967131931313443,94.08837988826816,94.67329608938547,0.24440164568663864,97.563,97.766,0.08463864365643227,87.57,88.74,0.4218174960809434,3.3987150837988827,3.6275698324022345,0.09079509361571866,0.93,0.93,0.0,0.94,0.94,0.0,0.85,0.88,0.013038404810405304,95.6110244845361,94.67329608938547,97.665,88.12,3.579022346368715,0.93,0.94,0.86
N10,chainA_E160L,0.26111111111111956,1175.999999999949,0.70277777777778,0.3014297061159654,chaina_e160l,E,160,L,95.39688201160541,94.5150055865922,97.6768,87.286,3.633150837988827,0.9280000000000002,0.93,0.8699999999999999,95.05827208252738,95.60270793036756,0.22420655276160337,94.29994413407825,94.83737430167598,0.22083840078989755,97.546,97.765,0.10697523077796937,85.98,88.08,0.8491937352571549,3.485558659217877,3.9073184357541906,0.17009264485483552,0.92,0.93,0.004472135954999582,0.93,0.93,0.0,0.86,0.91,0.022360679774997918,95.30241779497088,94.64357541899442,97.546,86.97,3.6639385474860338,0.93,0.93,0.86
N11,chainA_D123F,0.07222222222222377,2399.9999999999272,0.5138888888888843,0.22041302621127637,chaina_d123f,D,123,F,95.0014006430869,94.19116201117319,97.3418,86.962,3.5850279329608936,0.9280000000000002,0.9400000000000001,0.85,94.5234469453376,95.480302250804,0.3749643613687217,93.57843575418995,95.10251396648044,0.5862633494399366,96.993,97.778,0.2943343337091359,84.93,88.64,1.5274226658001357,3.055167597765363,3.9814245810055864,0.33982556012864945,0.92,0.93,0.004472135954999582,0.93,0.95,0.007071067811865432,0.81,0.89,0.030822070014844875,95.10625080385864,94.11513966480447,97.189,84.93,3.68036312849162,0.93,0.94,0.84
N12,chainA_E160M,0.46666666666668066,95.99999999998545,0.9083333333333412,0.3895949166004791,chaina_e160m,E,160,M,95.54099161831076,94.31331843575417,97.5898,87.312,3.9990782122905033,0.924,0.9280000000000002,0.9039999999999999,95.24718246292724,95.71114119922638,0.18840122467839623,94.09441340782124,94.5481005586592,0.17967620224970912,97.416,97.745,0.14123986689316462,86.0,88.03,0.8040957654409058,3.8491899441340784,4.2447486033519555,0.14973586207635117,0.92,0.93,0.0054772255750516665,0.92,0.93,0.004472135954999582,0.88,0.97,0.03781534080237806,95.48050290135386,94.37888268156424,97.48000000000002,87.18,3.9625698324022345,0.92,0.93,0.88
N13,chainA_D123G,0.11388888888889731,937.4999999999545,0.5555555555555578,0.2382843526608424,chaina_d123g,D,123,G,94.66103359173127,94.26139664804468,97.65599999999999,86.602,3.1819497206703913,0.93,0.946,0.8160000000000001,94.33913436692517,95.0702131782945,0.33095014921852445,94.04944134078214,94.488156424581,0.16635795144728674,97.532,97.809,0.10398798007461972,84.95,87.94,1.2864952390117956,3.0174860335195532,3.283212290502793,0.11141783984784319,0.93,0.93,0.0,0.94,0.95,0.005477225575051679,0.81,0.82,0.005477225575051618,94.95633074935404,94.04944134078214,97.809,87.53,3.0174860335195532,0.93,0.95,0.81
N14,chainA_E160N,0.6750000000000015,988.1666666666199,1.116666666666662,0.4789515488482893,chaina_e160n,E,160,N,95.11453900709228,93.95097206703909,97.1994,88.36600000000001,4.548754189944134,0.9200000000000002,0.914,1.08,94.8788330109609,95.49925854287568,0.2804415438415102,93.89067039106143,94.0281005586592,0.06032982336936157,96.90500000000002,97.482,0.23639225875649145,87.2,90.03,1.0623464594942547,4.239720670391062,4.845810055865922,0.2664391793702382,0.92,0.92,0.0,0.91,0.92,0.005477225575051646,1.0,1.13,0.05700877125495694,95.49925854287568,93.89067039106143,97.397,90.03,4.239720670391062,0.92,0.92,1.0
N15,chainA_D123H,-0.016666666666652154,450.6666666666982,0.4250000000000083,0.18228752978554727,chaina_d123h,D,123,H,95.43661776061788,94.29255865921789,97.5608,87.756,3.498854748603352,0.93,0.938,0.8539999999999999,95.06477477477485,95.72948519948535,0.26322792330418077,94.05631284916204,94.60586592178772,0.23344813735159445,97.346,97.828,0.18161277488106495,86.99,88.29,0.5711217033172565,3.266927374301676,3.759916201117318,0.20607038181826573,0.93,0.93,0.0,0.93,0.94,0.00447213595499953,0.84,0.88,0.016733200530681516,95.72948519948535,94.38324022346367,97.828,88.05,3.266927374301676,0.93,0.94,0.84
N16,chainA_E160P,-0.01388888888888305,28.166666666658784,0.4277777777777774,0.18347895154884775,chaina_e160p,E,160,P,95.58239225806453,94.86903910614527,97.9464,85.47999999999999,3.109899441340782,0.9200000000000002,0.9399999999999998,0.82,95.40990322580652,95.8238193548388,0.16861017915934498,94.4805027932961,95.06296089385476,0.2353380431835349,97.885,98.068,0.07379905148442302,85.13,86.12,0.376895210900854,3.0418156424581007,3.2170949720670388,0.07230554595538202,0.92,0.92,0.0,0.94,0.94,0.0,0.81,0.83,0.009999999999999936,95.40990322580652,94.4805027932961,97.91599999999998,85.42,3.2170949720670388,0.92,0.94,0.83
N17,chainA_D123I,0.3500000000000143,4816.666666666563,0.7916666666666747,0.3395552025417025,chaina_d123i,D,123,I,92.57556829896906,93.39722905027932,95.9048,85.17,3.7340782122905027,0.9099999999999999,0.944,0.818,91.4324291237114,94.65390463917538,1.366899291585352,92.84826815642458,93.97709497206704,0.4704772221014936,95.262,96.879,0.7527926009200673,83.29,89.33,2.4384523780463687,3.0741620111731844,4.282597765363128,0.5168300797715811,0.9,0.93,0.014142135623730973,0.94,0.95,0.0054772255750516665,0.79,0.84,0.01923538406167131,91.787474226804,93.08486033519551,95.262,84.65,3.928324022346368,0.9,0.94,0.82
N18,chainA_E160Q,0.5611111111111268,9760.66666666652,1.0027777777777873,0.4301032565528229,chaina_e160q,E,160,Q,95.41170360824745,94.23786592178772,97.5536,87.71000000000001,3.70654748603352,0.924,0.932,0.874,95.13746778350514,95.6390721649486,0.21273741530806695,94.12396648044694,94.35849162011176,0.0975652173169272,97.356,97.814,0.19142962153230103,87.22,88.36,0.48764741360946595,3.5315363128491626,3.879860335195531,0.14750057936777441,0.92,0.93,0.005477225575051646,0.93,0.94,0.004472135954999528,0.86,0.91,0.02073644135332773,95.6390721649486,94.16391061452514,97.674,88.36,3.5870949720670393,0.93,0.94,0.86
N19,chainA_D123K,0.19166666666667243,368.16666666669516,0.6333333333333329,0.27164416203335906,chaina_d123k,D,123,K,94.91397681905998,94.11017877094973,97.3182,87.086,3.540402234636872,0.9259999999999999,0.938,0.8620000000000001,94.09933032839685,95.58315518351574,0.5540089871950905,93.8586592178771,94.76363128491622,0.38157802268658086,97.204,97.581,0.15105197780896668,85.94,88.2,1.0047288191348003,3.1336592178770952,3.8515921787709497,0.3088098899164883,0.92,0.93,0.005477225575051663,0.93,0.95,0.008366600265340694,0.81,0.91,0.03898717737923585,94.7135608499679,93.8586592178771,97.204,86.56,3.8515921787709497,0.92,0.93,0.91
N2,chainA_E160G,0.6583333333333456,504.1666666666333,1.100000000000006,0.47180301826846865,chaina_e160g,E,160,G,95.70501357466064,94.48182122905027,97.73140000000001,87.38199999999999,3.4621620111731843,0.93,0.9399999999999998,0.8539999999999999,95.55791208791211,95.8521396250809,0.12896480447540767,94.16759776536313,94.78793296089384,0.2714721468110138,97.563,97.843,0.11796312983300729,85.66,88.5,1.12315181520576,3.3579888268156424,3.591173184357542,0.08840329270793854,0.93,0.93,0.0,0.94,0.94,0.0,0.85,0.86,0.005477225575051679,95.783135100194,94.22709497206704,97.74,87.21,3.5019553072625698,0.93,0.94,0.85
N20,chainA_E160R,-0.18611111111110046,8.166666666666668,0.25555555555556003,0.10961080222398899,chaina_e160r,E,160,R,95.35919047619045,94.51986592178771,97.5352,87.548,3.7418212290502795,0.924,0.9280000000000002,0.8800000000000001,94.94769626769629,95.7651158301158,0.3083773700417874,94.1821787709497,94.82743016759775,0.24554929859019742,97.345,97.755,0.173133474521824,86.65,88.5,0.7685180544398421,3.5850279329608936,3.9834078212290502,0.15020390129020508,0.92,0.93,0.005477225575051663,0.92,0.93,0.004472135954999567,0.86,0.92,0.02345207879911718,95.50341698841716,94.82743016759775,97.589,88.03,3.6567877094972063,0.93,0.93,0.87
N21,chainA_D123L,0.11111111111112258,32.66666666665818,0.552777777777783,0.2370929308975395,chaina_d123l,D,123,L,93.35906056701037,93.91812290502793,96.6226,86.426,3.313854748603352,0.9259999999999999,0.9480000000000001,0.8,92.25587628866003,94.0181701030928,0.6579082200367632,93.50581005586592,94.33256983240224,0.31883590608379664,95.998,96.921,0.3781895027628315,84.87,88.09,1.445866522193526,3.1042458100558656,3.653659217877095,0.20716970110671634,0.91,0.93,0.008944271909999166,0.94,0.95,0.004472135954999595,0.79,0.81,0.007071067811865481,94.0181701030928,93.87374301675976,96.921,88.09,3.1042458100558656,0.93,0.95,0.79
N22,chainA_E160S,-0.03888888888888193,560.6666666666666,0.40277777777777857,0.17275615567911037,chaina_e160s,E,160,S,95.25075016139442,94.31372067039106,97.497,86.188,3.9950782122905024,0.9200000000000002,0.9280000000000002,0.924,94.87721110393797,95.57428018076187,0.2717795164660385,94.18581005586591,94.63743016759776,0.19149773198432204,97.235,97.677,0.18153236626012423,84.43,87.64,1.2031292532392326,3.7985195530726257,4.221759776536312,0.1560661888463371,0.92,0.92,0.0,0.92,0.93,0.004472135954999567,0.89,0.99,0.03847076812334263,95.38918657198168,94.63743016759776,97.569,85.69,4.008575418994414,0.92,0.93,0.92
N23,chainA_D123M,0.327777777777792,112.66666666665091,0.7694444444444525,0.33002382843526884,chaina_d123m,D,123,M,92.15266623711334,93.32525139664804,95.9042,84.566,3.7624804469273743,0.9120000000000001,0.9399999999999998,0.8140000000000001,91.60088917525772,92.61752577319584,0.41223991618507766,92.60245810055868,93.70882681564244,0.4207994730993015,95.156,96.436,0.48173094150157986,83.96,85.78,0.7502532905625956,3.50731843575419,3.865949720670391,0.1484865171092677,0.91,0.92,0.004472135954999582,0.94,0.94,0.0,0.8,0.83,0.011401754250991339,92.3601353092782,92.60245810055868,96.121,84.77,3.865949720670391,0.91,0.94,0.82
N24,chainA_E160T,-0.16944444444444265,337.5000000000273,0.2722222222222178,0.11675933280381041,chaina_e160t,E,160,T,95.48629419354852,94.37086033519553,97.5888,86.862,3.943871508379888,0.9280000000000002,0.93,0.9179999999999999,95.24861935483868,95.66865806451636,0.16012580938256687,94.16122905027932,94.55469273743016,0.14614199251487825,97.477,97.757,0.12013825369132324,85.12,87.81,1.0655843467318706,3.862625698324022,4.100335195530727,0.09874116890008064,0.92,0.93,0.004472135954999567,0.93,0.93,0.0,0.89,0.95,0.023874672772626646,95.48685161290334,94.55469273743016,97.541,87.81,3.97377094972067,0.93,0.93,0.93
N3,chainA_V121W,0.8305555555555573,0.16666666666606034,1.2722222222222177,0.5456711675933249,chaina_v121w,V,121,W,91.93209236690188,93.51017877094971,95.8672,83.442,4.018279329608939,0.9019999999999999,0.938,0.834,91.2286209108404,92.37613213598468,0.4362827582746519,93.16553072625696,93.84145251396647,0.25067005613961346,95.491,96.14,0.23735669360689918,81.53,84.1,1.0906053364989543,3.6199162011173183,4.482569832402235,0.3338392840373274,0.89,0.91,0.008366600265340756,0.93,0.94,0.00447213595499953,0.82,0.85,0.011401754250991375,92.05922386144964,93.40402234636872,95.861,84.08,3.6199162011173183,0.9,0.94,0.82
N4,chainA_E160H,0.16944444444446144,104.16666666666666,0.6111111111111219,0.2621127879269302,chaina_e160h,E,160,H,95.26824726336129,94.47611173184357,97.4358,86.898,3.757703910614525,0.9259999999999999,0.93,0.874,94.75806825499042,95.67239536381206,0.39347504890714985,94.10709497206705,94.81290502793296,0.25058758575697876,97.106,97.744,0.2754509030662334,85.76,87.73,0.7857925935003481,3.563016759776536,4.116648044692737,0.21603912340877543,0.92,0.93,0.005477225575051676,0.92,0.94,0.007071067811865452,0.85,0.93,0.03209361307176246,94.95785576303928,94.48418994413407,97.208,85.76,3.750810055865922,0.92,0.93,0.87
N5,chainA_V121Y,1.3805555555555626,1093.5,1.822222222222223,0.7815726767275603,chaina_v121y,V,121,Y,93.55638407193322,93.45994413407823,96.86280000000001,85.61,3.7675642458100556,0.9179999999999999,0.9359999999999999,0.866,92.49828516377654,94.10537572254331,0.6962195626636308,92.76558659217878,93.92134078212293,0.49880282381485147,96.238,97.254,0.38702415945261004,84.5,86.88,1.0480935072788007,3.5003910614525147,4.249329608938547,0.3080093270671776,0.91,0.92,0.004472135954999582,0.93,0.94,0.005477225575051601,0.84,0.92,0.03209361307176246,94.10537572254331,93.92134078212293,97.079,84.5,3.5003910614525147,0.92,0.94,0.84
N6,chainA_E160I,0.3833333333333486,24.000000000007276,0.8250000000000091,0.3538522637013534,chaina_e160i,E,160,I,95.4950199871052,94.39578770949721,97.6824,86.316,3.756569832402235,0.93,0.9280000000000002,0.8859999999999999,95.15934880722106,95.7942940038684,0.2511578349238781,94.28793296089384,94.5236312849162,0.11744269556675269,97.468,97.88,0.18469515424070684,85.73,87.8,0.8531588363253314,3.549106145251397,4.0570949720670395,0.22041414511876095,0.93,0.93,0.0,0.92,0.93,0.004472135954999582,0.86,0.94,0.03209361307176241,95.68871695680242,94.28793296089384,97.867,85.79,3.5588268156424583,0.93,0.93,0.87
N7,chainA_D123A,0.7722222222222355,450.66666666666663,1.213888888888896,0.5206513105639415,chaina_d123a,D,123,A,94.26232020658497,93.94936312849161,97.10119999999999,86.958,3.258631284916201,0.9259999999999999,0.946,0.826,92.71834086507428,95.07256294383488,0.9331635175743821,93.68664804469272,94.26972067039108,0.2382061181818025,96.451,97.432,0.396625390009269,85.59,88.23,1.1002363382473805,3.0670670391061456,3.4533240223463686,0.17719330161475264,0.92,0.93,0.005477225575051663,0.94,0.95,0.0054772255750516665,0.81,0.85,0.018165902124584955,92.71834086507428,93.98407821229048,96.451,85.59,3.2279329608938547,0.92,0.95,0.81
N8,chainA_E160K,0.26944444444444754,1768.1666666666667,0.711111111111108,0.3050039714058757,chaina_e160k,E,160,K,95.5444806701031,94.56548603351955,97.6326,86.668,3.538391061452514,0.93,0.9359999999999999,0.852,95.32397551546384,95.7852835051546,0.20804736465274679,94.3335195530726,94.8972067039106,0.21099568520867687,97.409,97.778,0.1450837689060998,85.33,87.54,0.8243603580959038,3.454581005586592,3.644664804469274,0.08439389454980453,0.93,0.93,0.0,0.93,0.94,0.005477225575051627,0.84,0.88,0.016431676725155,95.32845360824754,94.54229050279328,97.573,87.06,3.607597765363129,0.93,0.93,0.88
N9,chainA_D123E,0.8972222222222316,8.166666666666666,1.3388888888888921,0.5742652899126293,chaina_d123e,D,123,E,94.61935866065679,93.95824581005587,97.2274,87.106,3.6182458100558663,0.924,0.9359999999999999,0.866,93.74743077913722,95.32050225370244,0.5994877191577054,93.45916201117318,94.83692737430168,0.5219805975945525,97.109,97.47,0.1481360860830329,85.82,88.34,1.0668551916731739,3.148351955307263,3.907402234636871,0.3028961071050353,0.92,0.93,0.005477225575051646,0.93,0.95,0.008944271909999099,0.81,0.9,0.035071355833500364,95.32050225370244,93.76016759776536,97.47,88.34,3.493966480446928,0.93,0.94,0.86
O1,chainA_D123N,1.59722222222223,1441.5000000000564,2.0388888888888905,0.8745035742652888,chaina_d123n,D,123,N,95.85618041237115,94.51925139664804,97.7818,88.242,3.5232513966480448,0.93,0.938,0.8699999999999999,95.7035953608246,95.95095360824752,0.10053646330595621,94.22832402234638,94.8663687150838,0.27675928768087193,97.702,97.867,0.06159301908495899,87.41,88.67,0.5315261047211184,3.3772346368715085,3.657430167597765,0.11992167079075289,0.93,0.93,0.0,0.93,0.94,0.00447213595499953,0.85,0.89,0.01581138830084191,95.912087628866,94.22832402234638,97.867,88.45,3.472513966480447,0.93,0.94,0.86
O10,chainA_A163E,0.35555555555556373,726.00000000004,0.7972222222222243,0.34193804606830835,chaina_a163e,A,163,E,95.73488946015425,94.61698324022346,97.9374,87.892,3.056335195530726,0.93,0.9399999999999998,0.8299999999999998,95.65392673521852,95.85918380462736,0.0930940947699644,94.3491061452514,94.85078212290504,0.24910846933307423,97.833,98.029,0.0698627225349731,87.31,88.85,0.5851666429317344,2.9736312849162014,3.178519553072626,0.07828699395287728,0.93,0.93,0.0,0.94,0.94,0.0,0.82,0.84,0.007071067811865474,95.69908097686384,94.67162011173184,97.833,87.71,3.0053910614525137,0.93,0.94,0.82
O11,chainA_D123T,0.522222222222241,8816.666666666528,0.9638888888889015,0.41342335186656526,chaina_d123t,D,123,T,95.62302385557705,94.27365363128492,97.6572,88.022,3.561899441340782,0.93,0.938,0.868,95.49482269503572,95.78007736943896,0.11788123778316091,93.94670391061452,94.60888268156424,0.2678911327375546,97.586,97.72,0.05892113372975475,87.12,89.17,0.7564852939747088,3.4541340782122907,3.7679329608938543,0.12621594694513222,0.93,0.93,0.0,0.93,0.94,0.004472135954999542,0.86,0.89,0.013038404810405304,95.55733075435204,93.94670391061452,97.72,87.87,3.5372067039106145,0.93,0.94,0.86
O12,chainA_A163F,-0.0777777777777676,600.0,0.36388888888889287,0.15607625099285286,chaina_a163f,A,163,F,94.2664736842105,93.92583240223465,97.3566,86.672,3.7654525139664807,0.9120000000000001,0.924,0.924,93.96548138639275,94.76853658536584,0.31788323219119147,93.62206703910614,94.11882681564248,0.19298590007896996,97.149,97.539,0.14836205714400064,85.98,87.52,0.596422668918609,3.5090502793296094,3.904217877094972,0.16436371015431697,0.91,0.92,0.004472135954999567,0.92,0.93,0.005477225575051663,0.88,0.97,0.032093613071762436,94.33474326059044,94.05798882681565,97.386,86.82,3.70195530726257,0.91,0.93,0.92
O13,chainA_D123V,0.3916666666666728,704.1666666666272,0.8333333333333333,0.35742652899126215,chaina_d123v,D,123,V,91.64165441650553,93.13424581005587,95.7362,83.72200000000001,3.9123966480446923,0.9019999999999999,0.942,0.82,90.6329529335911,94.4775435203097,1.6048060252731637,92.89703910614524,93.69698324022347,0.3244052351506026,95.216,97.12,0.7812548879847148,82.11,87.62,2.332781601436364,3.106759776536313,4.197653631284917,0.45937126842183995,0.89,0.93,0.01643167672515499,0.94,0.95,0.004472135954999582,0.79,0.84,0.018708286933869694,90.6329529335911,93.03854748603352,95.508,82.11,4.197653631284917,0.89,0.94,0.84
O14,chainA_A163G,0.719444444444448,888.1666666666665,1.1611111111111085,0.4980142970611575,chaina_a163g,A,163,G,95.48168149580921,94.28927374301676,97.5986,87.19800000000001,3.0214022346368714,0.9359999999999999,0.946,0.808,94.94196002578973,95.9025531914894,0.42671836673432273,93.76234636871509,95.0405586592179,0.49179107140462,97.318,97.804,0.21587681672657455,86.08,88.52,1.074392851800494,2.900418994413408,3.18195530726257,0.14104838343131448,0.93,0.94,0.005477225575051627,0.94,0.95,0.005477225575051663,0.8,0.82,0.008366600265340718,94.94196002578973,93.76234636871509,97.423,86.53,3.1671229050279326,0.93,0.94,0.82
O15,chainA_D123W,0.1944444444444547,770.6666666666667,0.6361111111111152,0.27283558379666517,chaina_d123w,D,123,W,91.67448908857514,93.12713966480447,95.843,84.418,3.8226145251396644,0.9040000000000001,0.9399999999999998,0.818,90.32006418485253,93.32709884467268,1.4565287085130572,92.723687150838,93.55798882681565,0.3056788856981011,95.182,96.453,0.5010788361126448,82.78,86.66,1.5549340822041278,3.4531005586592176,4.250865921787709,0.33335934666969685,0.89,0.92,0.015165750888103117,0.94,0.94,0.0,0.81,0.83,0.008366600265340718,90.46548138639278,93.12061452513969,95.676,82.78,4.020418994413408,0.89,0.94,0.83
O16,chainA_A163H,-0.11666666666665704,1232.6666666666667,0.32500000000000345,0.13939634630659373,chaina_a163h,A,163,H,95.21490430314708,94.25355307262569,97.8072,86.934,3.3948100558659213,0.9200000000000002,0.9339999999999999,0.868,95.04458574181128,95.35115606936408,0.11165768171931206,93.99810055865922,94.44871508379887,0.19840725140054943,97.733,97.866,0.04969104547098701,86.24,87.55,0.4841797186995807,3.3187150837988826,3.430530726256982,0.04589118718381994,0.92,0.92,0.0,0.93,0.94,0.005477225575051607,0.85,0.88,0.013038404810405309,95.2609505459215,94.3582122905028,97.827,87.13,3.416648044692737,0.92,0.93,0.88
O17,chainA_D123Y,-0.24722222222221776,8.166666666662422,0.19444444444444273,0.08339952343129377,chaina_d123y,D,123,Y,95.20137275064272,94.25518435754189,97.6608,87.09400000000001,2.9775642458100555,0.938,0.95,0.8099999999999999,94.5858097686374,95.5305784061697,0.3636131137238701,93.90921787709496,94.51843575418994,0.2650218693664228,97.497,97.769,0.10199607835598154,85.95,89.38,1.3961124596535854,2.869581005586592,3.216536312849162,0.13747947206823688,0.93,0.94,0.00447213595499951,0.95,0.95,0.0,0.8,0.82,0.007071067811865462,95.23585475578416,94.51843575418994,97.651,85.95,2.9072905027932956,0.94,0.95,0.81
O18,chainA_A163I,-0.16388888888887632,4988.166666666772,0.2777777777777842,0.11914217633042347,chaina_a163i,A,163,I,95.85582250803866,94.75993296089385,98.0384,88.02799999999999,3.045664804469274,0.93,0.946,0.82,95.75336334405144,95.99772990353704,0.11903830710990636,94.16039106145251,95.10005586592176,0.37829478565254476,97.958,98.133,0.08484279580494615,87.44,88.41,0.37969724781725817,2.8740502793296088,3.18536312849162,0.11724342407731445,0.93,0.93,0.0,0.94,0.95,0.005477225575051663,0.81,0.83,0.007071067811865435,95.7879099678456,94.70899441340782,97.968,88.19,3.1167039106145253,0.93,0.94,0.83
O19,chainA_Y152A,0.8000000000000089,450.66666666666663,1.2416666666666694,0.5325655281969818,chaina_y152a,Y,152,A,95.93754304207117,94.75046927374301,97.6914,87.58,3.500893854748603,0.93,0.9339999999999999,0.89,95.77003883495152,96.10295792880244,0.15526274845761923,94.54882681564244,94.93703910614524,0.18351964065540438,97.496,97.933,0.1772097627107548,85.95,88.75,1.3822988099539109,3.2719553072625702,3.71768156424581,0.201096673172196,0.93,0.93,0.0,0.93,0.94,0.005477225575051607,0.86,0.92,0.025495097567963955,95.77003883495152,94.54882681564244,97.58599999999998,88.6,3.71768156424581,0.93,0.93,0.92
O2,chainA_E160V,1.0305555555555634,6600.166666666787,1.4722222222222239,0.6314535345512305,chaina_e160v,E,160,V,95.62589548387106,94.39659217877096,97.69460000000001,86.92,3.793223463687151,0.93,0.93,0.8859999999999999,95.4049935483873,95.8407935483873,0.18298388432595517,94.19324022346368,94.51558659217878,0.1363771084456636,97.501,97.89700000000002,0.18473846378056094,85.49,87.62,0.8633944637302251,3.646312849162012,3.9700000000000006,0.16148957718639165,0.93,0.93,0.0,0.93,0.93,0.0,0.87,0.92,0.020736441353327747,95.4049935483873,94.47329608938549,97.604,87.36,3.9700000000000006,0.93,0.93,0.92
O20,chainA_A163K,0.32777777777778827,1350.0,0.7694444444444488,0.3300238284352673,chaina_a163k,A,163,K,95.25502442159386,94.06500558659218,97.7002,87.772,2.9156480446927375,0.9280000000000002,0.946,0.808,94.63735861182523,95.63073264781497,0.44057426064156713,93.59832402234636,94.54173184357542,0.3524906999024037,97.333,97.943,0.2682297522647316,87.2,88.37,0.521123785678607,2.792150837988827,3.16695530726257,0.15870867732710223,0.92,0.93,0.004472135954999567,0.94,0.95,0.0054772255750516665,0.8,0.82,0.008366600265340746,95.63073264781497,94.54173184357542,97.943,87.2,2.8264804469273743,0.93,0.95,0.81
O21,chainA_Y152D,-0.174999999999994,37.499999999990905,0.2666666666666665,0.11437648927720381,chaina_y152d,Y,152,D,95.3999198966408,94.30256983240223,97.3614,87.91799999999999,4.341212290502793,0.9280000000000002,0.9099999999999999,1.124,95.0979844961241,95.61579457364344,0.20396910712166774,94.04055865921788,94.68435754189944,0.25559993249063306,97.192,97.532,0.12836977837482264,87.25,88.31,0.39921172327475535,3.899413407821229,4.686955307262569,0.28635189854978216,0.92,0.93,0.004472135954999567,0.9,0.92,0.007071067811865481,0.99,1.24,0.0907193474403338,95.31090439276473,94.40804469273742,97.192,87.96,4.686955307262569,0.93,0.9,1.24
O22,chainA_A163L,-0.14722222222221287,1380.1666666666665,0.2944444444444476,0.12629070691024732,chaina_a163l,A,163,L,95.91986366559486,94.63764245810057,98.0072,88.356,3.007027932960894,0.93,0.946,0.8219999999999998,95.83843086816724,96.031427652733,0.07756494933646967,94.26441340782122,94.85206703910616,0.23180234000934613,97.908,98.133,0.09489046316674525,87.69,88.88,0.46392887385891496,2.9370111731843576,3.126424581005587,0.07539115097454761,0.93,0.93,0.0,0.94,0.95,0.005477225575051679,0.82,0.83,0.004472135954999582,95.95790353697748,94.26441340782122,98.067,88.88,2.9370111731843576,0.93,0.95,0.82
O23,chainA_Y152E,-0.224999999999988,2604.1666666667425,0.2166666666666725,0.09293089753773066,chaina_y152e,Y,152,E,95.37530923176254,94.38284916201118,97.1952,87.092,5.006329608938548,0.924,0.892,1.4220000000000002,95.15053582956764,95.73163976759216,0.23499515291139805,94.2327932960894,94.5182122905028,0.1045824156544432,96.958,97.471,0.2506625221288613,86.44,87.86,0.5322781227891986,4.540865921787709,5.554357541899441,0.3853824633211608,0.92,0.93,0.005477225575051679,0.88,0.9,0.010954451150103338,1.29,1.62,0.15188811671753652,95.15053582956764,94.2327932960894,97.092,87.32,5.197569832402235,0.92,0.88,1.55
O24,chainA_A163M,0.0861111111111162,11528.166666666828,0.5277777777777767,0.2263701350277989,chaina_a163m,A,163,M,95.8421054662379,94.55332960893854,97.941,88.13199999999999,3.221486033519553,0.93,0.9399999999999998,0.8379999999999999,95.6964437299034,95.9191897106109,0.0847640536532401,94.27508379888268,94.7072625698324,0.19841252883861507,97.871,98.06000000000002,0.07709734106959114,86.83,88.64,0.7510459373433829,3.177458100558659,3.269972067039106,0.04174771597668545,0.93,0.93,0.0,0.94,0.94,0.0,0.83,0.85,0.008366600265340763,95.8672218649518,94.4101117318436,97.966,88.38,3.177960893854749,0.93,0.94,0.83
O3,chainA_D123P,0.3333333333333396,1175.999999999949,0.7750000000000001,0.33240667196187385,chaina_d123p,D,123,P,94.2040709219859,93.6491284916201,97.1522,84.876,3.510256983240224,0.924,0.9399999999999998,0.844,93.90114764667976,94.4436492585428,0.21066745018469565,93.29916201117318,93.9349162011173,0.26653416005284364,96.88,97.287,0.16599005994336646,83.88,86.35,1.0114741716919917,3.3824860335195535,3.7529608938547487,0.15194550011484262,0.92,0.93,0.0054772255750516665,0.94,0.94,0.0,0.83,0.86,0.01140175425099139,93.90114764667976,93.52201117318435,96.88,84.33,3.7529608938547487,0.92,0.94,0.86
O4,chainA_E160W,0.38888888888890183,3850.666666666667,0.8305555555555624,0.35623510722796087,chaina_e160w,E,160,W,95.35435838150295,94.44562011173184,97.6226,87.53200000000001,3.70727374301676,0.9259999999999999,0.9359999999999999,0.858,95.0904688503532,95.73969813744374,0.26658444502380646,94.3221787709497,94.56167597765364,0.09521588485943613,97.476,97.844,0.1850359424544334,86.14,89.5,1.3757434353832088,3.432346368715084,3.9679329608938554,0.23236473496878657,0.92,0.93,0.005477225575051663,0.93,0.94,0.0054772255750516015,0.84,0.88,0.02049390153191922,95.15859987154802,94.46703910614524,97.476,86.14,3.9679329608938554,0.92,0.93,0.88
O5,chainA_D123Q,0.48611111111111693,1380.1666666666115,0.9277777777777774,0.397934868943605,chaina_d123q,D,123,Q,95.00551835157756,94.15648044692739,97.37440000000001,87.51,3.5973575418994415,0.93,0.938,0.8640000000000001,93.9669349645846,95.66331616226655,0.62768477387054,93.97715083798884,94.43994413407822,0.19806450878318074,97.137,97.626,0.18227259805028467,85.85,88.83,1.2039933554633881,3.23463687150838,3.832905027932961,0.2524712087446158,0.93,0.93,0.0,0.93,0.95,0.008366600265340723,0.83,0.89,0.0260768096208106,95.66331616226655,93.99994413407822,97.626,88.83,3.461703910614525,0.93,0.94,0.85
O6,chainA_E160Y,0.42500000000001464,0.16666666666606034,0.8666666666666751,0.37172359015091627,chaina_e160y,E,160,Y,95.22111897106113,94.33692737430167,97.4922,87.628,3.652,0.922,0.9359999999999999,0.8539999999999999,94.91753054662382,95.4271189710612,0.21841394785909005,94.1031843575419,94.58944134078212,0.20818229057498017,97.316,97.672,0.14446868172721758,86.81,88.03,0.5418671423882434,3.5538547486033516,3.751480446927374,0.07123108387939399,0.92,0.93,0.004472135954999582,0.93,0.94,0.0054772255750516015,0.84,0.87,0.01140175425099139,94.91753054662382,94.41,97.38,87.98,3.751480446927374,0.92,0.93,0.87
O7,chainA_D123R,0.7277777777777891,962.6666666666667,1.1694444444444496,0.5015885623510734,chaina_d123r,D,123,R,91.70479485530544,93.04513966480447,95.9986,84.514,3.782055865921788,0.908,0.9399999999999998,0.828,91.31311254019292,92.34616720257236,0.4169611682458037,92.87039106145252,93.21988826815642,0.12802881798304674,95.623,96.264,0.24313843793197076,83.64,85.23,0.6429074583483992,3.670055865921788,3.915251396648045,0.09299017059196107,0.9,0.92,0.008366600265340763,0.94,0.94,0.0,0.82,0.84,0.010954451150103338,91.31311254019292,92.99525139664806,96.057,84.23,3.915251396648045,0.9,0.94,0.84
O8,chainA_A163D,0.05833333333334259,1441.5,0.5000000000000031,0.21445591739475864,chaina_a163d,A,163,D,94.07003987138265,93.92837988826815,97.2492,85.788,3.2630111731843576,0.9200000000000002,0.942,0.8300000000000001,92.16403858520913,94.93935691318325,1.1041477013929482,93.63463687150838,94.332625698324,0.2940171158580048,96.415,97.537,0.47255391226821875,84.56,86.35,0.7085689804105149,3.1298882681564244,3.380586592178771,0.0956723757083223,0.92,0.92,0.0,0.94,0.95,0.004472135954999567,0.81,0.85,0.014142135623730904,94.35422508038587,93.96837988826816,97.347,86.14,3.324469273743017,0.92,0.94,0.83
O9,chainA_D123S,0.8138888888889014,748.1666666667073,1.255555555555562,0.5385226370135044,chaina_d123s,D,123,S,95.2621535483872,94.08553072625699,97.5462,87.378,3.6028994413407824,0.9280000000000002,0.9339999999999999,0.868,94.87569677419364,95.71441935483888,0.2985886092840587,93.77162011173186,94.3435195530726,0.22254789651498622,97.445,97.706,0.1124442083879827,86.46,88.9,0.9331237860005611,3.376173184357542,3.819888268156425,0.1797097180704268,0.92,0.93,0.004472135954999582,0.93,0.94,0.005477225575051624,0.85,0.9,0.020493901531919212,95.21121935483887,93.77162011173186,97.616,87.28,3.632709497206704,0.93,0.93,0.87
P1,chainA_Y152F,1.0194444444444513,5953.5,1.4611111111111117,0.6266878474980132,chaina_y152f,Y,152,F,95.55482785299812,94.06503910614525,97.6702,88.436,3.6169441340782127,0.93,0.9359999999999999,0.8800000000000001,95.19696324951644,95.73229529335914,0.22645890890775733,93.9491620111732,94.26759776536312,0.12460053458176498,97.492,97.785,0.11106169456658173,87.74,89.12,0.6108436788573669,3.392960893854749,3.938603351955307,0.22455429536262775,0.93,0.93,0.0,0.93,0.94,0.0054772255750516015,0.86,0.93,0.029154759474226535,95.4650676982591,94.0689944134078,97.66299999999998,87.74,3.7572625698324025,0.93,0.93,0.88
P10,chainA_A163S,1.7305555555555787,2440.1666666666665,2.1722222222222394,0.9316918189038974,chaina_a163s,A,163,S,95.71881004507405,94.37521787709497,97.8106,88.252,3.3497318435754186,0.93,0.9399999999999998,0.844,95.623560849968,95.79803605924016,0.0675455393902479,93.96849162011172,94.60245810055864,0.2628321838032653,97.771,97.927,0.06621782237434161,87.87,88.68,0.3452100809651991,3.188435754189944,3.4742458100558657,0.11382069181868232,0.93,0.93,0.0,0.94,0.94,0.0,0.83,0.86,0.011401754250991384,95.70676754668372,94.25754189944136,97.927,87.98,3.3431564245810055,0.93,0.94,0.84
P11,chainA_Y152L,2.8888888888889115,1232.6666666666144,3.330555555555572,1.4285146942017515,chaina_y152l,Y,152,L,95.78179198966424,94.43243575418995,97.7164,87.58200000000001,3.3070558659217872,0.932,0.9399999999999998,0.8480000000000001,95.54096253229991,95.90779715762294,0.14191377067850475,94.15608938547489,94.68877094972068,0.22477909146826178,97.52,97.887,0.13246999660300704,85.59,88.39,1.1297654623858828,3.171340782122905,3.524664804469274,0.13310247203863104,0.93,0.94,0.004472135954999528,0.94,0.94,0.0,0.84,0.87,0.013038404810405309,95.90779715762294,94.4372625698324,97.887,87.95,3.171340782122905,0.94,0.94,0.84
P12,chainA_A163T,0.12500000000000375,840.1666666666667,0.5666666666666642,0.24305003971405723,chaina_a163t,A,163,T,95.54518018018015,94.36696089385475,97.7162,88.184,3.5004357541899447,0.924,0.93,0.8779999999999999,95.36689189189192,95.7051608751608,0.13039537217277053,94.14251396648046,94.54860335195532,0.17854904436429944,97.61100000000002,97.835,0.10005598432877438,87.96,88.4,0.1796663574518134,3.4388826815642464,3.5795530726256986,0.07238947832311154,0.92,0.93,0.005477225575051663,0.93,0.93,0.0,0.87,0.91,0.01788854381999834,95.46772200772196,94.54860335195532,97.61100000000002,87.96,3.4388826815642464,0.93,0.93,0.87
P13,chainA_Y152M,3.080555555555569,7280.166666666666,3.5222222222222297,1.510722795869738,chaina_y152m,Y,152,M,95.70999741602074,94.39658100558658,97.647,88.696,3.5300167597765366,0.93,0.9359999999999999,0.8640000000000001,95.51052325581402,95.90165374677008,0.1576042333965549,94.28804469273742,94.62508379888268,0.13771188480258498,97.42,97.849,0.16341205585881016,87.49,89.3,0.7369396176078475,3.3686871508379888,3.687458100558659,0.13524411697945962,0.93,0.93,0.0,0.93,0.94,0.005477225575051584,0.85,0.87,0.008944271909999166,95.79356589147304,94.42519553072626,97.849,88.69,3.4102234636871507,0.93,0.94,0.86
P14,chainA_A163V,0.3611111111111189,8362.666666666531,0.8027777777777794,0.3443208895949166,chaina_a163v,A,163,V,95.46855598455602,94.29737430167597,97.7238,88.776,3.535340782122905,0.924,0.9339999999999999,0.882,95.23698841698834,95.6846138996139,0.19690563978417241,94.19564245810054,94.49882681564246,0.12055480834272025,97.538,97.881,0.15274390331531476,88.32,89.38,0.3869496091224281,3.37768156424581,3.726871508379888,0.14451740363641033,0.92,0.93,0.005477225575051679,0.93,0.94,0.005477225575051607,0.86,0.92,0.024899799195977488,95.23698841698834,94.24944134078213,97.605,88.81,3.726871508379888,0.92,0.93,0.92
P15,chainA_Y152N,0.7611111111111272,6272.66666666655,1.2027777777777877,0.515885623510726,chaina_y152n,Y,152,N,95.74485271317837,94.55792178770949,97.6106,87.77000000000001,3.5752849162011175,0.932,0.9339999999999999,0.898,95.19954134366942,96.05542635658917,0.3499053559773822,94.06391061452511,94.7144134078212,0.27950279938170497,97.17099999999998,97.967,0.3011458118586489,85.62,88.91,1.2624381172952575,3.1350837988826816,4.262150837988827,0.4473893528866897,0.93,0.94,0.004472135954999521,0.92,0.94,0.008944271909999144,0.84,1.0,0.06220932405998315,95.6950516795867,94.70072625698324,97.531,88.38,3.762597765363129,0.93,0.93,0.91
P16,chainA_A163W,-0.29166666666664914,13.5,0.15000000000001135,0.06433677521843205,chaina_a163w,A,163,W,94.82743497757849,94.36003351955306,97.76140000000001,86.89200000000001,3.4520167597765363,0.9200000000000002,0.9339999999999999,0.876,94.48557975656632,95.12257527226146,0.24305194153563692,94.1190502793296,94.53737430167595,0.1633973190532384,97.595,97.901,0.12258588825798859,84.9,88.84,1.719787777605129,3.300446927374302,3.775502793296089,0.18623541689127196,0.92,0.92,0.0,0.92,0.94,0.008944271909999132,0.86,0.91,0.020736441353327747,94.98298526585512,94.4171508379888,97.901,85.45,3.3662569832402234,0.92,0.94,0.86
P17,chainA_Y152P,-0.27777777777776613,1600.666666666726,0.16388888888889436,0.07029388403495057,chaina_y152p,Y,152,P,87.36718422753717,92.26783240223463,94.94579999999999,84.006,6.133625698324023,0.8480000000000001,0.908,1.016,86.48617323852608,87.91190045248881,0.5687767334121225,91.47201117318436,92.68469273743015,0.46578861721034404,94.069,95.43999999999998,0.5165343163817788,82.84,84.7,0.8065234032562218,5.69296089385475,7.240921787709497,0.6265385306077602,0.83,0.86,0.010954451150103323,0.89,0.92,0.010954451150103316,0.97,1.14,0.07092249290598854,86.48617323852608,91.47201117318436,94.069,82.84,7.240921787709497,0.83,0.89,1.14
P18,chainA_A163Y,-0.555555555555551,2730.6666666665888,-0.11388888888889054,-0.0488482922954732,chaina_a163y,A,163,Y,94.49237973059651,94.13798882681566,97.498,87.62,3.655217877094972,0.9179999999999999,0.9280000000000002,0.916,94.10683130211676,94.91276459268744,0.3085934151475118,93.77245810055868,94.33949720670392,0.24673529840911687,97.262,97.727,0.17301589522353303,87.2,88.28,0.40792156108742667,3.4843296089385474,3.9181843575418993,0.16296998162896079,0.91,0.92,0.004472135954999582,0.92,0.93,0.004472135954999582,0.89,0.98,0.03646916505762093,94.33400256574733,94.33949720670392,97.422,87.42,3.6577374301675984,0.92,0.93,0.9
P19,chainA_Y152Q,0.2333333333333497,725.99999999996,0.6750000000000103,0.28951548848292674,chaina_y152q,Y,152,Q,95.55003357004519,94.23721787709498,97.434,88.81800000000001,3.5130558659217876,0.9280000000000002,0.9359999999999999,0.8640000000000001,95.04797288573268,95.97380890897357,0.3317048921375804,93.80385474860334,94.44379888268158,0.2566708369524515,96.849,97.798,0.3594760075443151,87.29,89.94,1.0161053095029053,3.203659217877095,4.17427374301676,0.3852552110823618,0.92,0.93,0.004472135954999582,0.92,0.94,0.008944271909999106,0.83,0.96,0.054129474410897424,95.55981923821815,94.35195530726256,97.445,87.29,3.3409217877094974,0.93,0.94,0.84
P2,chainA_A163N,-0.23888888888887666,6666.666666666788,0.20277777777778383,0.08697378872120973,chaina_a163n,A,163,N,95.0683832797428,94.40453631284916,97.6866,87.03999999999999,3.5162402234636874,0.9179999999999999,0.932,0.876,94.74683601286162,95.23441800643086,0.2150979749177369,94.07072625698324,94.69374301675978,0.2249081714619093,97.6,97.805,0.0846658136440015,86.37,87.59,0.5396758286230757,3.345139664804469,3.590949720670391,0.10489663952786571,0.91,0.92,0.004472135954999571,0.93,0.94,0.004472135954999521,0.85,0.9,0.019493588689617952,94.74683601286162,94.38307262569832,97.6,86.37,3.590949720670391,0.92,0.93,0.9
P21,chainA_Y152R,3.950000000000006,5162.666666666666,4.391666666666667,1.8836378077839515,chaina_y152r,Y,152,R,95.33863958736295,93.91033519553073,97.112,85.744,4.722234636871508,0.9259999999999999,0.9019999999999999,1.22,95.01558349451967,95.58470664087685,0.21286385342362532,93.6486592178771,94.189217877095,0.24361554689701237,96.882,97.272,0.14705271163770134,84.69,86.66,0.7996436706433687,4.376648044692738,5.1510335195530725,0.3390355651885501,0.92,0.93,0.0054772255750516665,0.89,0.91,0.008366600265340756,1.14,1.37,0.09354143466934857,95.33517085751122,94.189217877095,97.147,86.37,4.982122905027933,0.93,0.9,1.25
P23,chainA_Y152S,0.3222222222222313,3266.666666666667,0.7638888888888917,0.3276409849086582,chaina_y152s,Y,152,S,95.81327037516175,94.57593296089385,97.6558,87.92,3.457949720670391,0.93,0.9359999999999999,0.8800000000000001,95.5230012936612,95.9927554980596,0.19069346857330496,94.33575418994413,94.83044692737428,0.21768505144714226,97.519,97.905,0.16798571367827303,87.0,88.58,0.6906156673577563,3.237513966480447,3.6984636871508383,0.19105316698523195,0.93,0.93,0.0,0.93,0.94,0.0054772255750516015,0.85,0.92,0.026457513110645932,95.5230012936612,94.33575418994413,97.533,88.47,3.6984636871508383,0.93,0.93,0.92
P3,chainA_Y152G,0.7333333333333404,192.66666666666666,1.175000000000001,0.5039714058776801,chaina_y152g,Y,152,G,87.93976165803107,93.01883798882682,96.021,82.648,5.273865921787709,0.858,0.922,0.9099999999999999,87.13303108808296,89.19484455958545,0.7786847012173045,92.46122905027934,93.29296089385474,0.32780959820261063,95.472,96.387,0.34424990922294363,80.26,84.38,1.6678039453125135,4.930977653631285,5.800558659217877,0.33290011103459227,0.85,0.87,0.008366600265340756,0.92,0.93,0.004472135954999582,0.88,0.94,0.022360679774997907,87.52388601036272,93.0953631284916,95.976,81.68,5.116201117318435,0.86,0.92,0.9
P4,chainA_A163P,0.3861111111111271,2773.500000000078,0.8277777777777876,0.355043685464658,chaina_a163p,A,163,P,96.0453796653798,94.73719553072627,98.05760000000001,88.13,3.0473351955307257,0.93,0.944,0.8240000000000001,95.8703603603604,96.16177606177632,0.11782902126463367,94.43229050279332,95.048938547486,0.26814588084484287,97.943,98.116,0.07065267157015628,87.15,89.57,0.9308866740908868,2.9394134078212284,3.12877094972067,0.08080408766657306,0.93,0.93,0.0,0.94,0.95,0.0054772255750516665,0.81,0.83,0.008944271909999095,95.8703603603604,94.71502793296092,97.943,87.15,3.097653631284916,0.93,0.94,0.82
P5,chainA_Y152H,1.5388888888889007,23.999999999992724,1.9805555555555612,0.8494837172359021,chaina_y152h,Y,152,H,95.42191225806452,94.06290502793297,97.3972,87.398,3.5021508379888266,0.93,0.9339999999999999,0.8720000000000001,95.09272258064516,95.7236903225805,0.2691095297322607,93.85743016759778,94.31005586592178,0.16794325191391918,97.07,97.624,0.232631038341837,85.84,88.42,1.1518333212752598,3.3284636871508377,3.7411731843575415,0.1632461442932219,0.93,0.93,0.0,0.93,0.94,0.005477225575051607,0.85,0.91,0.02280350850198277,95.54573548387108,94.31005586592178,97.462,88.42,3.575055865921788,0.93,0.93,0.87
P6,chainA_A163Q,0.327777777777792,1120.6666666667163,0.7694444444444525,0.33002382843526884,chaina_a163q,A,163,Q,95.80160925449874,94.55652513966481,97.92960000000001,87.842,3.1128212290502795,0.93,0.9399999999999998,0.8240000000000001,95.69510282776344,95.91797557840636,0.08011421819238797,94.3740782122905,94.75217877094974,0.14504704361438958,97.874,98.006,0.05382657336297545,86.66,88.64,0.8444643272513048,3.0442178770949715,3.1672346368715085,0.049512624967881,0.93,0.93,0.0,0.94,0.94,0.0,0.82,0.83,0.005477225575051679,95.8138881748072,94.60625698324024,97.874,87.34,3.096312849162011,0.93,0.94,0.82
P7,chainA_Y152I,6.002777777777783,280.1666666666418,6.444444444444443,2.76409849086576,chaina_y152i,Y,152,I,96.02467441860469,94.70930726256984,97.8826,88.28,3.275960893854749,0.9339999999999999,0.9399999999999998,0.8379999999999999,95.89754521963832,96.11991602067192,0.10156741930998951,94.4699441340782,95.06709497206704,0.21939428989037435,97.728,97.992,0.10159133821345348,86.51,89.37,1.1506954418959034,3.199469273743017,3.3758379888268166,0.07761779899539085,0.93,0.94,0.005477225575051618,0.94,0.94,0.0,0.83,0.85,0.008366600265340755,96.1008333333333,95.06709497206704,97.919,89.05,3.2596648044692733,0.94,0.94,0.83
P8,chainA_A163R,1.9666666666666732,912.6666666666666,2.4083333333333337,1.0329626687847477,chaina_a163r,A,163,R,95.67467779204108,94.30430167597765,97.84479999999999,87.78,3.235743016759777,0.93,0.9399999999999998,0.8379999999999999,95.51752246469832,95.84758664955072,0.1228679721427629,93.85027932960894,94.48340782122906,0.2593063474772969,97.713,98.031,0.11706493924314348,86.8,88.64,0.7634461343146627,3.081508379888268,3.422625698324022,0.14266118261089122,0.93,0.93,0.0,0.94,0.94,0.0,0.83,0.86,0.013038404810405309,95.6947047496791,94.48340782122906,97.8,88.64,3.081508379888268,0.93,0.94,0.83
P9,chainA_Y152K,1.3416666666666826,840.1666666667097,1.783333333333343,0.7648927720413051,chaina_y152k,Y,152,K,95.1146597805036,93.98406703910615,97.05199999999999,86.886,5.393491620111732,0.9179999999999999,0.8800000000000001,1.518,94.649341510652,95.33229180116211,0.291269543979823,93.57765363128492,94.34050279329608,0.2948122540876845,96.68999999999998,97.42,0.25972774206850296,86.45,87.45,0.43781274536038894,4.765642458100558,6.268603351955306,0.6094881297041838,0.91,0.92,0.004472135954999567,0.85,0.9,0.020000000000000018,1.26,1.88,0.23941595602632662,95.00570690768232,94.10597765363129,97.022,87.23,5.7563687150837985,0.92,0.87,1.62
