afdb_A0A0F7KYQ8_v6	afdb_P25910_v6	8.065E-01	8.590E-01	9.151E-01	0.984	80
afdb_A0A0F7KYQ8_v6	afdb_P04190_v6	7.872E-01	8.137E-01	9.204E-01	0.978	78
afdb_A0A0F7KYQ8_v6	afdb_P52700_v6	6.842E-01	6.325E-01	7.801E-01	0.912	68
afdb_A0A0F7KYQ8_v6	afdb_Q16775_v6	6.343E-01	5.572E-01	7.332E-01	0.837	63
afdb_A0A0F7KYQ8_v6	afdb_O59791_v6	3.924E-01	3.406E-01	4.214E-01	0.196	39
afdb_A0A0F7KYQ8_v6	afdb_P13717_v6	3.594E-01	3.594E-01	3.990E-01	0.138	35
afdb_A0A0F7KYQ8_v6	afdb_P05521_v6	3.703E-01	3.358E-01	4.202E-01	0.164	37
afdb_A0A0F7KYQ8_v6	afdb_P0A1E3_v6	3.741E-01	3.213E-01	4.317E-01	0.164	37
afdb_A0A0F7KYQ8_v6	afdb_Q9FEW9_v6	3.997E-01	2.957E-01	4.341E-01	0.196	39
afdb_A0A0F7KYQ8_v6	afdb_P09030_v6	3.482E-01	3.462E-01	4.379E-01	0.126	34
afdb_A0A0F7KYQ8_v6	afdb_P27170_v6	3.829E-01	3.103E-01	4.367E-01	0.179	38
afdb_A0A0F7KYQ8_v6	afdb_P00639_v6	3.524E-01	3.382E-01	3.966E-01	0.138	35
afdb_A0A0F7KYQ8_v6	afdb_P0A6C1_v6	3.528E-01	3.372E-01	3.955E-01	0.138	35
afdb_A0A0F7KYQ8_v6	afdb_Q8RB32_v6	3.280E-01	3.488E-01	3.751E-01	0.106	32
afdb_A0A0F7KYQ8_v6	afdb_P83686_v6	3.389E-01	3.339E-01	3.963E-01	0.116	33
afdb_A0A0F7KYQ8_v6	afdb_Q12178_v6	2.766E-01	3.961E-01	4.079E-01	0.069	27
afdb_A0A0F7KYQ8_v6	afdb_O58727_v6	2.884E-01	3.825E-01	4.105E-01	0.076	28
afdb_A0A0F7KYQ8_v6	afdb_Q75WN8_v6	3.371E-01	3.214E-01	4.183E-01	0.116	33
afdb_A0A0F7KYQ8_v6	afdb_Q9UMR5_v6	3.427E-01	3.142E-01	3.582E-01	0.126	34
afdb_A0A0F7KYQ8_v6	afdb_P05725_v6	2.718E-01	3.842E-01	4.196E-01	0.069	27
afdb_A0A0F7KYQ8_v6	afdb_P96965_v6	3.324E-01	3.191E-01	3.982E-01	0.116	33
afdb_A0A0F7KYQ8_v6	afdb_P83772_v6	3.229E-01	3.279E-01	3.807E-01	0.106	32
afdb_A0A0F7KYQ8_v6	afdb_P05414_v6	3.550E-01	2.808E-01	3.880E-01	0.138	35
afdb_A0A0F7KYQ8_v6	afdb_P00935_v6	3.618E-01	2.719E-01	4.249E-01	0.150	36
afdb_A0A0F7KYQ8_v6	afdb_Q3HWU8_v6	3.202E-01	3.118E-01	3.862E-01	0.106	32
afdb_A0A0F7KYQ8_v6	afdb_P37967_v6	3.838E-01	2.451E-01	4.506E-01	0.179	38
afdb_A0A0F7KYQ8_v6	afdb_Q02899_v6	3.612E-01	2.672E-01	4.027E-01	0.150	36
afdb_A0A0F7KYQ8_v6	afdb_P15289_v6	3.833E-01	2.433E-01	3.889E-01	0.179	38
afdb_A0A0F7KYQ8_v6	afdb_P45478_v6	3.279E-01	2.975E-01	3.441E-01	0.106	32
afdb_A0A0F7KYQ8_v6	afdb_P04042_v6	3.434E-01	2.826E-01	4.020E-01	0.126	34
afdb_A0A0F7KYQ8_v6	afdb_Q9NPB1_v6	2.921E-01	3.286E-01	4.081E-01	0.082	29
afdb_A0A0F7KYQ8_v6	afdb_Q00017_v6	3.041E-01	3.164E-01	3.220E-01	0.090	30
afdb_A0A0F7KYQ8_v6	afdb_P39377_v6	3.520E-01	2.683E-01	3.876E-01	0.138	35
afdb_A0A0F7KYQ8_v6	afdb_Q58989_v6	2.816E-01	3.276E-01	3.463E-01	0.076	28
afdb_A0A0F7KYQ8_v6	afdb_Q9XBQ8_v6	3.519E-01	2.557E-01	3.979E-01	0.138	35
afdb_A0A0F7KYQ8_v6	afdb_P00777_v6	3.157E-01	2.914E-01	3.268E-01	0.098	31
afdb_A0A0F7KYQ8_v6	afdb_P06721_v6	3.458E-01	2.607E-01	3.701E-01	0.126	34
afdb_A0A0F7KYQ8_v6	afdb_P0A9P4_v6	3.231E-01	2.811E-01	3.531E-01	0.106	32
afdb_A0A0F7KYQ8_v6	afdb_P18314_v6	3.808E-01	2.208E-01	4.132E-01	0.179	38
afdb_A0A0F7KYQ8_v6	afdb_P0A6G7_v6	2.746E-01	3.277E-01	4.218E-01	0.069	27
afdb_A0A0F7KYQ8_v6	afdb_P08819_v6	3.557E-01	2.419E-01	4.003E-01	0.138	35
afdb_A0A0F7KYQ8_v6	afdb_P28796_v6	3.599E-01	2.347E-01	3.797E-01	0.138	35
afdb_A0A0F7KYQ8_v6	afdb_P35049_v6	2.900E-01	3.036E-01	3.295E-01	0.076	28
afdb_A0A0F7KYQ8_v6	afdb_P16932_v6	3.511E-01	2.399E-01	4.098E-01	0.138	35
afdb_A0A0F7KYQ8_v6	afdb_Q6LZM9_v6	3.492E-01	2.389E-01	3.990E-01	0.126	34
afdb_A0A0F7KYQ8_v6	afdb_P0A6T5_v6	2.746E-01	3.098E-01	3.334E-01	0.069	27
afdb_A0A0F7KYQ8_v6	afdb_P37062_v6	3.468E-01	2.362E-01	3.725E-01	0.126	34
afdb_A0A0F7KYQ8_v6	afdb_P80324_v6	3.251E-01	2.579E-01	3.775E-01	0.106	32
afdb_A0A0F7KYQ8_v6	afdb_P09184_v6	2.331E-01	3.485E-01	3.974E-01	0.045	23
afdb_A0A0F7KYQ8_v6	afdb_P56218_v6	3.007E-01	2.790E-01	3.276E-01	0.090	30
afdb_A0A0F7KYQ8_v6	afdb_P00388_v6	3.868E-01	1.903E-01	4.278E-01	0.179	38
afdb_A0A0F7KYQ8_v6	afdb_Q29460_v6	2.756E-01	3.002E-01	3.323E-01	0.069	27
afdb_A0A0F7KYQ8_v6	afdb_P21836_v6	3.752E-01	1.997E-01	4.206E-01	0.164	37
afdb_A0A0F7KYQ8_v6	afdb_Q9L9D7_v6	3.712E-01	2.034E-01	3.972E-01	0.164	37
afdb_A0A0F7KYQ8_v6	afdb_Q7ZAG8_v6	3.298E-01	2.416E-01	3.621E-01	0.106	32
afdb_A0A0F7KYQ8_v6	afdb_P40859_v6	3.236E-01	2.441E-01	3.523E-01	0.106	32
afdb_A0A0F7KYQ8_v6	afdb_Q7SID9_v6	3.589E-01	2.034E-01	3.969E-01	0.138	35
afdb_A0A0F7KYQ8_v6	afdb_P16099_v6	3.835E-01	1.779E-01	4.173E-01	0.179	38
afdb_A0A0F7KYQ8_v6	afdb_P77444_v6	3.253E-01	2.356E-01	3.458E-01	0.106	32
afdb_A0A0F7KYQ8_v6	afdb_P12995_v6	3.298E-01	2.309E-01	3.609E-01	0.106	32
afdb_A0A0F7KYQ8_v6	afdb_P08165_v6	3.424E-01	2.141E-01	3.966E-01	0.126	34
afdb_A0A0F7KYQ8_v6	afdb_P28305_v6	2.787E-01	2.764E-01	3.257E-01	0.069	27
afdb_A0A0F7KYQ8_v6	afdb_P29183_v6	3.302E-01	2.242E-01	3.610E-01	0.116	33
afdb_A0A0F7KYQ8_v6	afdb_P42593_v6	3.703E-01	1.839E-01	3.952E-01	0.164	37
afdb_A0A0F7KYQ8_v6	afdb_P00455_v6	3.019E-01	2.396E-01	3.189E-01	0.090	30
afdb_A0A0F7KYQ8_v6	afdb_P00489_v6	3.829E-01	1.578E-01	4.061E-01	0.179	38
afdb_A0A0F7KYQ8_v6	afdb_P03007_v6	2.614E-01	2.782E-01	3.673E-01	0.063	26
afdb_A0A0F7KYQ8_v6	afdb_P24630_v6	3.145E-01	2.225E-01	3.444E-01	0.098	31
afdb_A0A0F7KYQ8_v6	afdb_P40881_v6	2.609E-01	2.740E-01	2.911E-01	0.063	26
afdb_A0A0F7KYQ8_v6	afdb_P09598_v6	2.700E-01	2.581E-01	3.003E-01	0.063	26
afdb_A0A0F7KYQ8_v6	afdb_Q6YBS3_v6	3.489E-01	1.771E-01	4.220E-01	0.126	34
afdb_A0A0F7KYQ8_v6	afdb_Q06241_v6	2.402E-01	2.860E-01	3.088E-01	0.045	23
afdb_A0A0F7KYQ8_v6	afdb_P00800_v6	3.274E-01	1.952E-01	3.878E-01	0.106	32
afdb_A0A0F7KYQ8_v6	afdb_Q00441_v6	2.947E-01	2.231E-01	3.289E-01	0.082	29
afdb_A0A0F7KYQ8_v6	afdb_Q01693_v6	3.167E-01	1.998E-01	3.420E-01	0.098	31
afdb_A0A0F7KYQ8_v6	afdb_P00914_v6	3.104E-01	2.020E-01	3.586E-01	0.098	31
afdb_A0A0F7KYQ8_v6	afdb_P46076_v6	2.806E-01	2.316E-01	3.061E-01	0.076	28
afdb_A0A0F7KYQ8_v6	afdb_P0A6K3_v6	2.197E-01	2.924E-01	2.980E-01	0.034	21
afdb_A0A0F7KYQ8_v6	afdb_P27487_v6	3.520E-01	1.574E-01	3.629E-01	0.138	35
afdb_A0A0F7KYQ8_v6	afdb_P00392_v6	3.170E-01	1.850E-01	3.313E-01	0.098	31
afdb_A0A0F7KYQ8_v6	afdb_P19938_v6	2.557E-01	2.447E-01	3.808E-01	0.057	25
afdb_A0A0F7KYQ8_v6	afdb_P55038_v6	3.999E-01	9.711E-02	4.165E-01	0.196	39
afdb_A0A0F7KYQ8_v6	afdb_P06621_v6	2.858E-01	2.088E-01	3.041E-01	0.076	28
afdb_A0A0F7KYQ8_v6	afdb_P83788_v6	2.826E-01	2.088E-01	3.049E-01	0.076	28
afdb_A0A0F7KYQ8_v6	afdb_P00644_v6	2.320E-01	2.558E-01	2.634E-01	0.045	23
afdb_A0A0F7KYQ8_v6	afdb_P21179_v6	3.355E-01	1.488E-01	3.609E-01	0.116	33
afdb_A0A0F7KYQ8_v6	afdb_Q56839_v6	2.995E-01	1.848E-01	3.267E-01	0.082	29
afdb_A0A0F7KYQ8_v6	afdb_Q945K2_v6	3.031E-01	1.786E-01	3.372E-01	0.090	30
afdb_A0A0F7KYQ8_v6	afdb_O33199_v6	2.187E-01	2.610E-01	3.455E-01	0.034	21
afdb_A0A0F7KYQ8_v6	afdb_P14779_v6	3.564E-01	1.201E-01	3.666E-01	0.138	35
afdb_A0A0F7KYQ8_v6	afdb_P10902_v6	2.973E-01	1.788E-01	3.396E-01	0.082	29
afdb_A0A0F7KYQ8_v6	afdb_Q9AGP8_v6	3.338E-01	1.316E-01	4.227E-01	0.116	33
afdb_A0A0F7KYQ8_v6	afdb_Q28943_v6	3.406E-01	1.231E-01	3.793E-01	0.126	34
afdb_A0A0F7KYQ8_v6	afdb_Q05755_v6	3.602E-01	9.320E-02	3.745E-01	0.150	36
afdb_A0A0F7KYQ8_v6	afdb_P22637_v6	2.829E-01	1.649E-01	3.252E-01	0.076	28
afdb_A0A0F7KYQ8_v6	afdb_P09883_v6	2.682E-01	1.560E-01	2.756E-01	0.063	26
afdb_A0A0F7KYQ8_v6	afdb_P30850_v6	2.685E-01	1.452E-01	2.840E-01	0.063	26
afdb_B8N8Q9_v6	afdb_Q9FEW9_v6	7.359E-01	7.658E-01	8.084E-01	0.956	73
afdb_B8N8Q9_v6	afdb_Q02899_v6	7.279E-01	7.500E-01	8.068E-01	0.949	72
afdb_B8N8Q9_v6	afdb_P42593_v6	7.458E-01	4.664E-01	8.278E-01	0.961	74
afdb_B8N8Q9_v6	afdb_P16099_v6	7.454E-01	4.330E-01	8.202E-01	0.961	74
afdb_B8N8Q9_v6	afdb_P0A6C1_v6	4.670E-01	6.325E-01	6.415E-01	0.353	46
afdb_B8N8Q9_v6	afdb_Q8RB32_v6	4.032E-01	6.326E-01	6.347E-01	0.214	40
afdb_B8N8Q9_v6	afdb_P03958_v6	4.441E-01	5.064E-01	5.467E-01	0.301	44
afdb_B8N8Q9_v6	afdb_P39377_v6	4.614E-01	4.834E-01	4.926E-01	0.353	46
afdb_B8N8Q9_v6	afdb_P16444_v6	4.631E-01	4.650E-01	5.685E-01	0.353	46
afdb_B8N8Q9_v6	afdb_P00175_v6	4.901E-01	3.541E-01	5.262E-01	0.442	49
afdb_B8N8Q9_v6	afdb_P05414_v6	4.027E-01	4.416E-01	5.370E-01	0.214	40
afdb_B8N8Q9_v6	afdb_Q9XBQ8_v6	4.058E-01	4.034E-01	5.153E-01	0.214	40
afdb_B8N8Q9_v6	afdb_Q29460_v6	3.075E-01	4.942E-01	5.790E-01	0.090	30
afdb_B8N8Q9_v6	afdb_P09030_v6	3.353E-01	4.597E-01	4.785E-01	0.116	33
afdb_B8N8Q9_v6	afdb_Q28943_v6	5.486E-01	2.343E-01	5.822E-01	0.601	54
afdb_B8N8Q9_v6	afdb_Q00017_v6	3.171E-01	4.643E-01	4.738E-01	0.098	31
afdb_B8N8Q9_v6	afdb_Q9UMR5_v6	3.382E-01	4.228E-01	4.442E-01	0.116	33
afdb_B8N8Q9_v6	afdb_P22266_v6	3.512E-01	4.050E-01	4.456E-01	0.138	35
afdb_B8N8Q9_v6	afdb_P08819_v6	3.832E-01	3.633E-01	4.487E-01	0.179	38
afdb_B8N8Q9_v6	afdb_P83772_v6	3.021E-01	4.403E-01	4.427E-01	0.090	30
afdb_B8N8Q9_v6	afdb_P05521_v6	3.262E-01	4.097E-01	4.457E-01	0.106	32
afdb_B8N8Q9_v6	afdb_P37957_v6	2.696E-01	4.528E-01	4.846E-01	0.063	26
afdb_B8N8Q9_v6	afdb_P45478_v6	3.205E-01	4.011E-01	4.187E-01	0.106	32
afdb_B8N8Q9_v6	afdb_Q12178_v6	2.303E-01	4.910E-01	5.607E-01	0.045	23
afdb_B8N8Q9_v6	afdb_P53608_v6	3.168E-01	3.972E-01	4.017E-01	0.098	31
afdb_B8N8Q9_v6	afdb_Q3HWU8_v6	3.014E-01	4.098E-01	4.338E-01	0.090	30
afdb_B8N8Q9_v6	afdb_P18314_v6	3.970E-01	3.114E-01	4.106E-01	0.196	39
afdb_B8N8Q9_v6	afdb_Q75WN8_v6	3.042E-01	4.021E-01	4.167E-01	0.090	30
afdb_B8N8Q9_v6	afdb_P96965_v6	3.026E-01	4.003E-01	4.213E-01	0.090	30
afdb_B8N8Q9_v6	afdb_P25910_v6	2.844E-01	4.120E-01	4.439E-01	0.076	28
afdb_B8N8Q9_v6	afdb_P04190_v6	2.857E-01	4.017E-01	4.376E-01	0.076	28
afdb_B8N8Q9_v6	afdb_P00860_v6	3.590E-01	3.266E-01	4.740E-01	0.138	35
afdb_B8N8Q9_v6	afdb_P15289_v6	3.640E-01	3.113E-01	4.033E-01	0.150	36
afdb_B8N8Q9_v6	afdb_P37967_v6	3.572E-01	3.136E-01	4.094E-01	0.138	35
afdb_B8N8Q9_v6	afdb_Q16775_v6	2.980E-01	3.727E-01	4.811E-01	0.082	29
afdb_B8N8Q9_v6	afdb_O58727_v6	2.287E-01	4.421E-01	4.439E-01	0.040	22
afdb_B8N8Q9_v6	afdb_P0A6G7_v6	2.422E-01	4.248E-01	4.547E-01	0.051	24
afdb_B8N8Q9_v6	afdb_P52700_v6	2.880E-01	3.752E-01	4.327E-01	0.076	28
afdb_B8N8Q9_v6	afdb_P0A1E3_v6	3.018E-01	3.611E-01	3.823E-01	0.090	30
afdb_B8N8Q9_v6	afdb_O59791_v6	2.946E-01	3.571E-01	4.014E-01	0.082	29
afdb_B8N8Q9_v6	afdb_P30122_v6	3.643E-01	2.757E-01	3.892E-01	0.150	36
afdb_B8N8Q9_v6	afdb_P29183_v6	3.318E-01	3.057E-01	3.913E-01	0.116	33
afdb_B8N8Q9_v6	afdb_Q58989_v6	2.443E-01	3.922E-01	4.002E-01	0.051	24
afdb_B8N8Q9_v6	afdb_P22394_v6	3.514E-01	2.796E-01	3.769E-01	0.138	35
afdb_B8N8Q9_v6	afdb_P21836_v6	3.615E-01	2.685E-01	3.848E-01	0.150	36
afdb_B8N8Q9_v6	afdb_Q05755_v6	4.698E-01	1.430E-01	6.014E-01	0.353	46
afdb_B8N8Q9_v6	afdb_P0A9P4_v6	2.782E-01	3.329E-01	3.370E-01	0.069	27
afdb_B8N8Q9_v6	afdb_P55038_v6	4.695E-01	1.401E-01	5.733E-01	0.353	46
afdb_B8N8Q9_v6	afdb_P00455_v6	2.908E-01	3.141E-01	3.521E-01	0.082	29
afdb_B8N8Q9_v6	afdb_P40859_v6	2.938E-01	3.054E-01	3.213E-01	0.082	29
afdb_B8N8Q9_v6	afdb_P12995_v6	3.003E-01	2.932E-01	4.277E-01	0.090	30
afdb_B8N8Q9_v6	afdb_Q6YBS3_v6	3.435E-01	2.436E-01	4.044E-01	0.126	34
afdb_B8N8Q9_v6	afdb_P0CE47_v6	2.881E-01	2.984E-01	4.011E-01	0.076	28
afdb_B8N8Q9_v6	afdb_P16932_v6	2.976E-01	2.873E-01	4.346E-01	0.082	29
afdb_B8N8Q9_v6	afdb_P03007_v6	2.360E-01	3.453E-01	3.959E-01	0.045	23
afdb_B8N8Q9_v6	afdb_Q7ZAG8_v6	2.889E-01	2.910E-01	3.193E-01	0.076	28
afdb_B8N8Q9_v6	afdb_P80324_v6	2.764E-01	2.998E-01	3.032E-01	0.069	27
afdb_B8N8Q9_v6	afdb_P27487_v6	3.536E-01	2.199E-01	3.899E-01	0.138	35
afdb_B8N8Q9_v6	afdb_Q9L9D7_v6	3.233E-01	2.488E-01	3.684E-01	0.106	32
afdb_B8N8Q9_v6	afdb_P24474_v6	3.165E-01	2.534E-01	3.318E-01	0.098	31
afdb_B8N8Q9_v6	afdb_Q6LZM9_v6	2.907E-01	2.789E-01	4.099E-01	0.082	29
afdb_B8N8Q9_v6	afdb_P00800_v6	3.145E-01	2.556E-01	3.616E-01	0.098	31
afdb_B8N8Q9_v6	afdb_P10902_v6	3.119E-01	2.560E-01	3.273E-01	0.098	31
afdb_B8N8Q9_v6	afdb_P77444_v6	2.803E-01	2.840E-01	4.067E-01	0.076	28
afdb_B8N8Q9_v6	afdb_P04042_v6	2.615E-01	2.930E-01	3.366E-01	0.063	26
afdb_B8N8Q9_v6	afdb_P24630_v6	2.795E-01	2.703E-01	3.107E-01	0.069	27
afdb_B8N8Q9_v6	afdb_P35049_v6	2.233E-01	3.253E-01	3.451E-01	0.040	22
afdb_B8N8Q9_v6	afdb_P22637_v6	3.017E-01	2.421E-01	3.132E-01	0.090	30
afdb_B8N8Q9_v6	afdb_P28796_v6	2.836E-01	2.600E-01	3.182E-01	0.076	28
afdb_B8N8Q9_v6	afdb_F8W4B7_v6	3.691E-01	1.741E-01	3.863E-01	0.150	36
afdb_B8N8Q9_v6	afdb_P13717_v6	2.301E-01	3.138E-01	3.261E-01	0.040	22
afdb_B8N8Q9_v6	afdb_Q6UV28_v6	1.731E-01	3.644E-01	3.892E-01	0.016	17
afdb_B8N8Q9_v6	afdb_Q56839_v6	2.896E-01	2.453E-01	3.221E-01	0.076	28
afdb_B8N8Q9_v6	afdb_P83686_v6	2.277E-01	3.042E-01	3.187E-01	0.040	22
afdb_B8N8Q9_v6	afdb_P0AB77_v6	2.604E-01	2.668E-01	2.746E-01	0.057	25
afdb_B8N8Q9_v6	afdb_Q01693_v6	2.824E-01	2.445E-01	3.670E-01	0.076	28
afdb_B8N8Q9_v6	afdb_P40881_v6	2.138E-01	3.117E-01	3.461E-01	0.034	21
afdb_B8N8Q9_v6	afdb_P37062_v6	2.702E-01	2.560E-01	2.991E-01	0.069	27
afdb_B8N8Q9_v6	afdb_Q945K2_v6	2.880E-01	2.316E-01	2.985E-01	0.076	28
afdb_B8N8Q9_v6	afdb_O16025_v6	3.502E-01	1.680E-01	3.666E-01	0.138	35
afdb_B8N8Q9_v6	afdb_P08165_v6	2.748E-01	2.424E-01	2.962E-01	0.069	27
afdb_B8N8Q9_v6	afdb_A0A0C6DRW4_v6	2.587E-01	2.569E-01	2.818E-01	0.057	25
afdb_B8N8Q9_v6	afdb_P48534_v6	2.121E-01	3.040E-01	3.192E-01	0.034	21
afdb_B8N8Q9_v6	afdb_P46076_v6	2.425E-01	2.700E-01	2.838E-01	0.051	24
afdb_B8N8Q9_v6	afdb_P09598_v6	2.179E-01	2.914E-01	3.555E-01	0.034	21
afdb_B8N8Q9_v6	afdb_P00392_v6	2.817E-01	2.251E-01	3.153E-01	0.076	28
afdb_B8N8Q9_v6	afdb_P21327_v6	2.494E-01	2.542E-01	2.794E-01	0.051	24
afdb_B8N8Q9_v6	afdb_P00388_v6	2.975E-01	2.053E-01	3.088E-01	0.082	29
afdb_B8N8Q9_v6	afdb_Q05769_v6	2.859E-01	2.178E-01	3.087E-01	0.076	28
afdb_B8N8Q9_v6	afdb_P00914_v6	2.622E-01	2.389E-01	3.019E-01	0.063	26
afdb_B8N8Q9_v6	afdb_P00644_v6	1.972E-01	2.969E-01	3.054E-01	0.024	19
afdb_B8N8Q9_v6	afdb_Q00441_v6	2.448E-01	2.480E-01	2.828E-01	0.051	24
afdb_B8N8Q9_v6	afdb_P00935_v6	2.372E-01	2.490E-01	2.920E-01	0.045	23
afdb_B8N8Q9_v6	afdb_P21179_v6	2.835E-01	1.817E-01	3.241E-01	0.076	28
afdb_B8N8Q9_v6	afdb_P81054_v6	2.168E-01	2.448E-01	2.738E-01	0.034	21
afdb_B8N8Q9_v6	afdb_P00777_v6	2.038E-01	2.534E-01	2.927E-01	0.029	20
afdb_B8N8Q9_v6	afdb_P30850_v6	2.611E-01	1.900E-01	2.674E-01	0.063	26
afdb_B8N8Q9_v6	afdb_P15917_v6	2.686E-01	1.662E-01	3.049E-01	0.063	26
afdb_B8N8Q9_v6	afdb_P12821_v6	3.021E-01	1.227E-01	3.369E-01	0.090	30
afdb_B8N8Q9_v6	afdb_P14779_v6	2.829E-01	1.390E-01	2.926E-01	0.076	28
afdb_E9RAH5_v6	afdb_P0A9P4_v6	6.353E-01	6.572E-01	6.642E-01	0.837	63
afdb_E9RAH5_v6	afdb_Q7ZAG8_v6	6.077E-01	5.106E-01	6.318E-01	0.772	60
afdb_E9RAH5_v6	afdb_P37062_v6	5.967E-01	4.651E-01	6.245E-01	0.747	59
afdb_E9RAH5_v6	afdb_Q56839_v6	6.289E-01	4.239E-01	6.560E-01	0.817	62
afdb_E9RAH5_v6	afdb_P00392_v6	6.301E-01	4.014E-01	6.553E-01	0.837	63
afdb_E9RAH5_v6	afdb_P08165_v6	6.000E-01	4.300E-01	6.201E-01	0.747	59
afdb_E9RAH5_v6	afdb_P10902_v6	5.971E-01	3.923E-01	6.081E-01	0.747	59
afdb_E9RAH5_v6	afdb_P40859_v6	4.877E-01	4.269E-01	5.093E-01	0.411	48
afdb_E9RAH5_v6	afdb_P22637_v6	5.476E-01	3.540E-01	5.660E-01	0.601	54
afdb_E9RAH5_v6	afdb_Q945K2_v6	5.487E-01	3.500E-01	5.672E-01	0.601	54
afdb_E9RAH5_v6	afdb_P80324_v6	4.511E-01	4.155E-01	4.604E-01	0.326	45
afdb_E9RAH5_v6	afdb_Q28943_v6	6.037E-01	2.241E-01	6.179E-01	0.772	60
afdb_E9RAH5_v6	afdb_P16099_v6	5.314E-01	2.691E-01	5.597E-01	0.569	53
afdb_E9RAH5_v6	afdb_P42593_v6	5.179E-01	2.815E-01	5.697E-01	0.505	51
afdb_E9RAH5_v6	afdb_Q9AGP8_v6	4.817E-01	2.157E-01	4.970E-01	0.411	48
afdb_E9RAH5_v6	afdb_Q29460_v6	2.809E-01	3.788E-01	4.288E-01	0.076	28
afdb_E9RAH5_v6	afdb_O58727_v6	2.459E-01	3.927E-01	3.943E-01	0.051	24
afdb_E9RAH5_v6	afdb_O59791_v6	3.136E-01	3.215E-01	3.897E-01	0.098	31
afdb_E9RAH5_v6	afdb_P09184_v6	2.246E-01	4.064E-01	4.812E-01	0.040	22
afdb_E9RAH5_v6	afdb_P22266_v6	3.190E-01	3.115E-01	3.406E-01	0.098	31
afdb_E9RAH5_v6	afdb_Q02899_v6	3.336E-01	2.931E-01	3.460E-01	0.116	33
afdb_E9RAH5_v6	afdb_P96965_v6	2.900E-01	3.266E-01	3.521E-01	0.076	28
afdb_E9RAH5_v6	afdb_P05414_v6	3.180E-01	2.962E-01	3.488E-01	0.098	31
afdb_E9RAH5_v6	afdb_Q9FEW9_v6	3.196E-01	2.847E-01	3.282E-01	0.098	31
afdb_E9RAH5_v6	afdb_Q00017_v6	2.668E-01	3.273E-01	3.481E-01	0.063	26
afdb_E9RAH5_v6	afdb_P53608_v6	2.843E-01	3.087E-01	3.107E-01	0.076	28
afdb_E9RAH5_v6	afdb_P16444_v6	3.176E-01	2.749E-01	3.350E-01	0.098	31
afdb_E9RAH5_v6	afdb_P24630_v6	3.233E-01	2.681E-01	3.353E-01	0.106	32
afdb_E9RAH5_v6	afdb_P04042_v6	2.998E-01	2.900E-01	4.417E-01	0.082	29
afdb_E9RAH5_v6	afdb_Q6LZM9_v6	3.228E-01	2.654E-01	3.381E-01	0.106	32
afdb_E9RAH5_v6	afdb_P05521_v6	2.821E-01	3.009E-01	3.460E-01	0.076	28
afdb_E9RAH5_v6	afdb_P0A6C1_v6	2.753E-01	3.074E-01	3.104E-01	0.069	27
afdb_E9RAH5_v6	afdb_P09030_v6	2.698E-01	3.130E-01	3.136E-01	0.063	26
afdb_E9RAH5_v6	afdb_P08819_v6	3.193E-01	2.610E-01	3.506E-01	0.098	31
afdb_E9RAH5_v6	afdb_Q9UMR5_v6	2.796E-01	2.997E-01	3.215E-01	0.069	27
afdb_E9RAH5_v6	afdb_P25910_v6	2.549E-01	3.188E-01	3.595E-01	0.057	25
afdb_E9RAH5_v6	afdb_Q58989_v6	2.364E-01	3.355E-01	3.390E-01	0.045	23
afdb_E9RAH5_v6	afdb_P83772_v6	2.606E-01	3.085E-01	3.118E-01	0.063	26
afdb_E9RAH5_v6	afdb_P28796_v6	3.187E-01	2.507E-01	3.339E-01	0.098	31
afdb_E9RAH5_v6	afdb_P22394_v6	3.372E-01	2.288E-01	3.463E-01	0.116	33
afdb_E9RAH5_v6	afdb_P00860_v6	3.169E-01	2.472E-01	3.555E-01	0.098	31
afdb_E9RAH5_v6	afdb_P04190_v6	2.542E-01	3.090E-01	3.575E-01	0.057	25
afdb_E9RAH5_v6	afdb_Q8RB32_v6	2.509E-01	3.100E-01	3.138E-01	0.057	25
afdb_E9RAH5_v6	afdb_P0A1E3_v6	2.731E-01	2.794E-01	3.044E-01	0.069	27
afdb_E9RAH5_v6	afdb_P27170_v6	2.824E-01	2.685E-01	3.013E-01	0.076	28
afdb_E9RAH5_v6	afdb_P52700_v6	2.581E-01	2.882E-01	3.537E-01	0.057	25
afdb_E9RAH5_v6	afdb_P00639_v6	2.576E-01	2.892E-01	2.997E-01	0.057	25
afdb_E9RAH5_v6	afdb_Q00441_v6	2.921E-01	2.534E-01	3.137E-01	0.082	29
afdb_E9RAH5_v6	afdb_P06721_v6	2.894E-01	2.552E-01	3.729E-01	0.076	28
afdb_E9RAH5_v6	afdb_P39377_v6	2.861E-01	2.557E-01	2.919E-01	0.076	28
afdb_E9RAH5_v6	afdb_P00914_v6	3.047E-01	2.347E-01	3.872E-01	0.090	30
afdb_E9RAH5_v6	afdb_P83686_v6	2.490E-01	2.870E-01	3.201E-01	0.051	24
afdb_E9RAH5_v6	afdb_P77444_v6	2.863E-01	2.483E-01	3.548E-01	0.076	28
afdb_E9RAH5_v6	afdb_O33199_v6	2.230E-01	3.104E-01	3.191E-01	0.040	22
afdb_E9RAH5_v6	afdb_P00800_v6	3.101E-01	2.212E-01	3.195E-01	0.098	31
afdb_E9RAH5_v6	afdb_P23295_v6	2.841E-01	2.461E-01	3.046E-01	0.076	28
afdb_E9RAH5_v6	afdb_P0A6G7_v6	2.154E-01	3.130E-01	3.345E-01	0.034	21
afdb_E9RAH5_v6	afdb_Q16775_v6	2.552E-01	2.705E-01	3.242E-01	0.057	25
afdb_E9RAH5_v6	afdb_P00935_v6	2.766E-01	2.492E-01	3.618E-01	0.069	27
afdb_E9RAH5_v6	afdb_Q7SID9_v6	3.099E-01	2.128E-01	3.176E-01	0.090	30
afdb_E9RAH5_v6	afdb_P0CE47_v6	2.744E-01	2.431E-01	3.128E-01	0.069	27
afdb_E9RAH5_v6	afdb_Q9NPB1_v6	2.217E-01	2.958E-01	3.982E-01	0.040	22
afdb_E9RAH5_v6	afdb_P08148_v6	3.126E-01	2.019E-01	3.221E-01	0.098	31
afdb_E9RAH5_v6	afdb_Q9L9D7_v6	3.071E-01	2.091E-01	3.128E-01	0.090	30
afdb_E9RAH5_v6	afdb_P00175_v6	3.123E-01	2.017E-01	3.412E-01	0.098	31
afdb_E9RAH5_v6	afdb_P00489_v6	3.447E-01	1.689E-01	3.528E-01	0.126	34
afdb_E9RAH5_v6	afdb_P83788_v6	2.747E-01	2.338E-01	3.342E-01	0.069	27
afdb_E9RAH5_v6	afdb_P0AB77_v6	2.652E-01	2.361E-01	2.842E-01	0.063	26
afdb_E9RAH5_v6	afdb_Q6YBS3_v6	3.082E-01	1.905E-01	3.275E-01	0.090	30
afdb_E9RAH5_v6	afdb_P28305_v6	2.295E-01	2.674E-01	3.378E-01	0.040	22
afdb_E9RAH5_v6	afdb_P55038_v6	3.861E-01	1.065E-01	5.103E-01	0.179	38
afdb_E9RAH5_v6	afdb_P19938_v6	2.316E-01	2.598E-01	3.319E-01	0.045	23
afdb_E9RAH5_v6	afdb_P00455_v6	2.504E-01	2.341E-01	3.139E-01	0.057	25
afdb_E9RAH5_v6	afdb_P03958_v6	2.451E-01	2.365E-01	2.889E-01	0.051	24
afdb_E9RAH5_v6	afdb_A0A0C6DRW4_v6	2.564E-01	2.206E-01	2.745E-01	0.057	25
afdb_E9RAH5_v6	afdb_P00388_v6	2.998E-01	1.758E-01	3.346E-01	0.082	29
afdb_E9RAH5_v6	afdb_P0A6K3_v6	1.816E-01	2.897E-01	3.116E-01	0.020	18
afdb_E9RAH5_v6	afdb_F8W4B7_v6	3.349E-01	1.361E-01	3.417E-01	0.116	33
afdb_E9RAH5_v6	afdb_Q9XBQ8_v6	2.538E-01	2.149E-01	3.408E-01	0.057	25
afdb_E9RAH5_v6	afdb_P81054_v6	2.365E-01	2.297E-01	2.590E-01	0.045	23
afdb_E9RAH5_v6	afdb_P27487_v6	3.007E-01	1.586E-01	3.135E-01	0.090	30
afdb_E9RAH5_v6	afdb_P21179_v6	2.974E-01	1.561E-01	3.383E-01	0.082	29
afdb_E9RAH5_v6	afdb_P21327_v6	2.401E-01	2.116E-01	2.537E-01	0.051	24
afdb_E9RAH5_v6	afdb_P18314_v6	2.672E-01	1.830E-01	2.726E-01	0.063	26
afdb_E9RAH5_v6	afdb_P08373_v6	2.259E-01	2.225E-01	2.343E-01	0.040	22
afdb_E9RAH5_v6	afdb_P00644_v6	1.951E-01	2.526E-01	3.639E-01	0.024	19
afdb_E9RAH5_v6	afdb_P24474_v6	2.613E-01	1.786E-01	3.016E-01	0.063	26
afdb_E9RAH5_v6	afdb_P14779_v6	3.025E-01	1.243E-01	3.389E-01	0.090	30
afdb_E9RAH5_v6	afdb_P09883_v6	2.437E-01	1.615E-01	2.984E-01	0.051	24
afdb_O15254_v6	afdb_A0A0C6DRW4_v6	4.907E-01	7.837E-01	8.237E-01	0.442	49
afdb_O15254_v6	afdb_Q6LZM9_v6	2.422E-01	3.420E-01	3.459E-01	0.051	24
afdb_O15254_v6	afdb_P00489_v6	3.115E-01	2.696E-01	3.618E-01	0.098	31
afdb_O15254_v6	afdb_Q05755_v6	3.715E-01	2.034E-01	3.755E-01	0.164	37
afdb_O15254_v6	afdb_P00396_v6	2.521E-01	3.190E-01	3.213E-01	0.057	25
afdb_O15254_v6	afdb_P09598_v6	1.870E-01	3.827E-01	4.023E-01	0.020	18
afdb_O15254_v6	afdb_P00800_v6	2.550E-01	3.074E-01	3.560E-01	0.057	25
afdb_O15254_v6	afdb_P53608_v6	1.900E-01	3.694E-01	4.079E-01	0.020	18
afdb_O15254_v6	afdb_P23295_v6	2.194E-01	3.366E-01	4.213E-01	0.034	21
afdb_O15254_v6	afdb_Q29460_v6	1.615E-01	3.924E-01	4.270E-01	0.014	16
afdb_O15254_v6	afdb_P46076_v6	2.046E-01	3.466E-01	3.698E-01	0.029	20
afdb_O15254_v6	afdb_P00455_v6	2.096E-01	3.377E-01	3.592E-01	0.029	20
afdb_O15254_v6	afdb_P83788_v6	2.208E-01	3.261E-01	3.288E-01	0.040	22
afdb_O15254_v6	afdb_P0A6T5_v6	1.608E-01	3.832E-01	3.916E-01	0.014	16
afdb_O15254_v6	afdb_P22394_v6	2.464E-01	2.918E-01	3.227E-01	0.051	24
afdb_O15254_v6	afdb_Q02899_v6	2.127E-01	3.250E-01	3.316E-01	0.034	21
afdb_O15254_v6	afdb_P00914_v6	2.300E-01	3.075E-01	3.314E-01	0.040	22
afdb_O15254_v6	afdb_O59791_v6	1.950E-01	3.424E-01	3.636E-01	0.024	19
afdb_O15254_v6	afdb_P96965_v6	1.803E-01	3.556E-01	3.724E-01	0.020	18
afdb_O15254_v6	afdb_P00935_v6	2.094E-01	3.245E-01	3.257E-01	0.029	20
afdb_O15254_v6	afdb_P28796_v6	2.261E-01	3.050E-01	3.165E-01	0.040	22
afdb_O15254_v6	afdb_Q50925_v6	2.440E-01	2.859E-01	3.232E-01	0.051	24
afdb_O15254_v6	afdb_P08819_v6	2.171E-01	3.117E-01	3.245E-01	0.034	21
afdb_O15254_v6	afdb_P08473_v6	2.696E-01	2.566E-01	2.824E-01	0.063	26
afdb_O15254_v6	afdb_P00860_v6	2.228E-01	3.028E-01	3.339E-01	0.040	22
afdb_O15254_v6	afdb_Q9FEW9_v6	2.083E-01	3.145E-01	3.312E-01	0.029	20
afdb_O15254_v6	afdb_Q945K2_v6	2.408E-01	2.809E-01	2.954E-01	0.045	23
afdb_O15254_v6	afdb_P42593_v6	2.574E-01	2.646E-01	2.811E-01	0.057	25
afdb_O15254_v6	afdb_Q01693_v6	2.276E-01	2.917E-01	3.066E-01	0.040	22
afdb_O15254_v6	afdb_P56216_v6	2.387E-01	2.806E-01	3.023E-01	0.045	23
afdb_O15254_v6	afdb_P18314_v6	2.385E-01	2.772E-01	3.141E-01	0.045	23
afdb_O15254_v6	afdb_P71119_v6	1.427E-01	3.718E-01	4.724E-01	0.010	14
afdb_O15254_v6	afdb_Q6YBS3_v6	2.478E-01	2.661E-01	3.089E-01	0.051	24
afdb_O15254_v6	afdb_Q00441_v6	1.986E-01	3.086E-01	3.553E-01	0.024	19
afdb_O15254_v6	afdb_P16932_v6	2.083E-01	2.991E-01	2.993E-01	0.029	20
afdb_O15254_v6	afdb_P08373_v6	1.884E-01	3.188E-01	3.397E-01	0.020	18
afdb_O15254_v6	afdb_P12995_v6	2.044E-01	2.987E-01	3.195E-01	0.029	20
afdb_O15254_v6	afdb_Q05769_v6	2.386E-01	2.651E-01	3.186E-01	0.045	23
afdb_O15254_v6	afdb_P81054_v6	1.867E-01	3.135E-01	3.599E-01	0.020	18
afdb_O15254_v6	afdb_P24474_v6	2.303E-01	2.690E-01	2.918E-01	0.040	22
afdb_O15254_v6	afdb_P22266_v6	1.833E-01	3.137E-01	3.407E-01	0.020	18
afdb_O15254_v6	afdb_P0AB77_v6	1.986E-01	3.000E-01	3.193E-01	0.024	19
afdb_O15254_v6	afdb_P05414_v6	1.884E-01	3.064E-01	3.219E-01	0.020	18
afdb_O15254_v6	afdb_P15917_v6	2.604E-01	2.335E-01	2.830E-01	0.063	26
afdb_O15254_v6	afdb_P03958_v6	1.833E-01	3.090E-01	3.096E-01	0.020	18
afdb_O15254_v6	afdb_P30122_v6	2.305E-01	2.586E-01	2.648E-01	0.045	23
afdb_O15254_v6	afdb_P22637_v6	2.239E-01	2.651E-01	2.795E-01	0.040	22
afdb_O15254_v6	afdb_Q8RB32_v6	1.539E-01	3.307E-01	3.511E-01	0.011	15
afdb_O15254_v6	afdb_P21836_v6	2.306E-01	2.537E-01	2.827E-01	0.040	22
afdb_O15254_v6	afdb_P35049_v6	1.537E-01	3.291E-01	3.508E-01	0.011	15
afdb_O15254_v6	afdb_O16025_v6	2.801E-01	2.023E-01	3.207E-01	0.076	28
afdb_O15254_v6	afdb_P30850_v6	2.338E-01	2.483E-01	2.563E-01	0.045	23
afdb_O15254_v6	afdb_P00777_v6	1.693E-01	3.113E-01	3.544E-01	0.014	16
afdb_O15254_v6	afdb_P0A6C1_v6	1.641E-01	3.146E-01	3.209E-01	0.014	16
afdb_O15254_v6	afdb_P00175_v6	2.233E-01	2.520E-01	2.617E-01	0.040	22
afdb_O15254_v6	afdb_Q75WN8_v6	1.638E-01	3.096E-01	3.155E-01	0.014	16
afdb_O15254_v6	afdb_P27170_v6	1.789E-01	2.918E-01	3.177E-01	0.016	17
afdb_O15254_v6	afdb_P16444_v6	1.871E-01	2.801E-01	3.246E-01	0.020	18
afdb_O15254_v6	afdb_Q3HWU8_v6	1.566E-01	3.058E-01	3.059E-01	0.011	15
afdb_O15254_v6	afdb_Q6UV28_v6	1.024E-01	3.572E-01	4.466E-01	0.000	10
afdb_O15254_v6	afdb_P48534_v6	1.490E-01	3.101E-01	3.259E-01	0.010	14
afdb_O15254_v6	afdb_F8W4B7_v6	2.660E-01	1.918E-01	2.901E-01	0.063	26
afdb_O15254_v6	afdb_P21179_v6	2.321E-01	2.209E-01	2.569E-01	0.045	23
afdb_O15254_v6	afdb_P14779_v6	2.580E-01	1.913E-01	2.767E-01	0.057	25
afdb_O15254_v6	afdb_P83686_v6	1.529E-01	2.940E-01	3.001E-01	0.011	15
afdb_O15254_v6	afdb_P12821_v6	2.754E-01	1.699E-01	3.152E-01	0.069	27
afdb_O15254_v6	afdb_P09883_v6	2.063E-01	2.352E-01	2.633E-01	0.029	20
afdb_O15254_v6	afdb_P00918_v6	1.381E-01	2.985E-01	3.212E-01	0.009	13
afdb_O62137_v6	afdb_A0A0C6DRW4_v6	4.963E-01	7.494E-01	7.859E-01	0.442	49
afdb_O62137_v6	afdb_P00396_v6	2.704E-01	3.269E-01	3.361E-01	0.063	26
afdb_O62137_v6	afdb_P71119_v6	1.745E-01	4.164E-01	4.705E-01	0.016	17
afdb_O62137_v6	afdb_P55038_v6	3.810E-01	1.954E-01	3.916E-01	0.179	38
afdb_O62137_v6	afdb_Q05755_v6	3.760E-01	1.957E-01	3.864E-01	0.164	37
afdb_O62137_v6	afdb_P00914_v6	2.460E-01	3.162E-01	3.346E-01	0.051	24
afdb_O62137_v6	afdb_P53608_v6	1.966E-01	3.622E-01	3.986E-01	0.024	19
afdb_O62137_v6	afdb_P0A6T5_v6	1.691E-01	3.884E-01	4.000E-01	0.014	16
afdb_O62137_v6	afdb_P00489_v6	3.012E-01	2.516E-01	3.288E-01	0.090	30
afdb_O62137_v6	afdb_Q50925_v6	2.589E-01	2.902E-01	3.834E-01	0.057	25
afdb_O62137_v6	afdb_Q9FEW9_v6	2.222E-01	3.239E-01	3.293E-01	0.040	22
afdb_O62137_v6	afdb_P00800_v6	2.552E-01	2.909E-01	3.067E-01	0.057	25
afdb_O62137_v6	afdb_P37967_v6	2.416E-01	3.026E-01	3.058E-01	0.051	24
afdb_O62137_v6	afdb_P03958_v6	2.072E-01	3.368E-01	3.375E-01	0.029	20
afdb_O62137_v6	afdb_Q00441_v6	2.208E-01	3.193E-01	3.199E-01	0.040	22
afdb_O62137_v6	afdb_Q02899_v6	2.212E-01	3.183E-01	3.522E-01	0.040	22
afdb_O62137_v6	afdb_P00455_v6	2.127E-01	3.253E-01	3.453E-01	0.034	21
afdb_O62137_v6	afdb_P48534_v6	1.692E-01	3.660E-01	3.735E-01	0.014	16
afdb_O62137_v6	afdb_P30122_v6	2.582E-01	2.777E-01	3.040E-01	0.057	25
afdb_O62137_v6	afdb_Q01693_v6	2.363E-01	2.897E-01	3.030E-01	0.045	23
afdb_O62137_v6	afdb_P21327_v6	2.119E-01	3.094E-01	3.338E-01	0.034	21
afdb_O62137_v6	afdb_P0A6C1_v6	1.799E-01	3.412E-01	3.452E-01	0.016	17
afdb_O62137_v6	afdb_P83788_v6	2.157E-01	3.037E-01	3.487E-01	0.034	21
afdb_O62137_v6	afdb_P56216_v6	2.451E-01	2.753E-01	3.084E-01	0.051	24
afdb_O62137_v6	afdb_Q9XBQ8_v6	2.154E-01	3.026E-01	3.238E-01	0.034	21
afdb_O62137_v6	afdb_P28796_v6	2.259E-01	2.911E-01	2.997E-01	0.040	22
afdb_O62137_v6	afdb_P81054_v6	1.961E-01	3.206E-01	3.388E-01	0.024	19
afdb_O62137_v6	afdb_P27170_v6	1.998E-01	3.132E-01	3.396E-01	0.024	19
afdb_O62137_v6	afdb_P18314_v6	2.419E-01	2.712E-01	3.097E-01	0.051	24
afdb_O62137_v6	afdb_P09598_v6	1.790E-01	3.322E-01	3.514E-01	0.016	17
afdb_O62137_v6	afdb_P42593_v6	2.568E-01	2.544E-01	2.818E-01	0.057	25
afdb_O62137_v6	afdb_P08473_v6	2.659E-01	2.426E-01	2.742E-01	0.063	26
afdb_O62137_v6	afdb_Q29460_v6	1.563E-01	3.499E-01	3.690E-01	0.011	15
afdb_O62137_v6	afdb_P05725_v6	1.223E-01	3.830E-01	4.521E-01	0.008	12
afdb_O62137_v6	afdb_P05414_v6	1.954E-01	3.035E-01	3.072E-01	0.024	19
afdb_O62137_v6	afdb_P25910_v6	1.619E-01	3.358E-01	3.506E-01	0.014	16
afdb_O62137_v6	afdb_P00860_v6	2.174E-01	2.812E-01	3.165E-01	0.034	21
afdb_O62137_v6	afdb_P24474_v6	2.346E-01	2.619E-01	2.845E-01	0.045	23
afdb_O62137_v6	afdb_P05521_v6	1.779E-01	3.165E-01	3.449E-01	0.016	17
afdb_O62137_v6	afdb_P46076_v6	1.900E-01	3.026E-01	3.301E-01	0.020	18
afdb_O62137_v6	afdb_P35049_v6	1.550E-01	3.359E-01	4.060E-01	0.011	15
afdb_O62137_v6	afdb_P21836_v6	2.382E-01	2.514E-01	2.856E-01	0.045	23
afdb_O62137_v6	afdb_P04190_v6	1.610E-01	3.265E-01	3.669E-01	0.014	16
afdb_O62137_v6	afdb_P16444_v6	1.994E-01	2.820E-01	3.236E-01	0.024	19
afdb_O62137_v6	afdb_P22637_v6	2.222E-01	2.542E-01	2.826E-01	0.040	22
afdb_O62137_v6	afdb_P14779_v6	2.781E-01	1.966E-01	3.009E-01	0.069	27
afdb_O62137_v6	afdb_Q05769_v6	2.295E-01	2.450E-01	2.719E-01	0.040	22
afdb_O62137_v6	afdb_P00175_v6	2.274E-01	2.457E-01	2.696E-01	0.040	22
afdb_O62137_v6	afdb_Q3HWU8_v6	1.598E-01	3.111E-01	3.720E-01	0.011	15
afdb_O62137_v6	afdb_P83686_v6	1.626E-01	3.064E-01	3.363E-01	0.014	16
afdb_O62137_v6	afdb_Q00017_v6	1.547E-01	3.121E-01	3.267E-01	0.011	15
afdb_O62137_v6	afdb_P00777_v6	1.662E-01	3.001E-01	3.489E-01	0.014	16
afdb_O62137_v6	afdb_P00592_v6	1.100E-01	3.556E-01	3.700E-01	0.000	10
afdb_O62137_v6	afdb_O16025_v6	2.764E-01	1.888E-01	3.203E-01	0.069	27
afdb_O62137_v6	afdb_P30850_v6	2.297E-01	2.338E-01	2.413E-01	0.040	22
afdb_O62137_v6	afdb_P08819_v6	1.962E-01	2.616E-01	2.637E-01	0.024	19
afdb_O62137_v6	afdb_P22266_v6	1.728E-01	2.832E-01	3.203E-01	0.016	17
afdb_O62137_v6	afdb_P00918_v6	1.505E-01	3.011E-01	3.182E-01	0.011	15
afdb_O62137_v6	afdb_P15917_v6	2.419E-01	2.093E-01	2.622E-01	0.051	24
afdb_O62137_v6	afdb_P00766_v6	1.441E-01	3.007E-01	3.117E-01	0.010	14
afdb_O62137_v6	afdb_Q7SID9_v6	2.087E-01	2.344E-01	2.484E-01	0.029	20
afdb_O62137_v6	afdb_F8W4B7_v6	2.603E-01	1.813E-01	2.757E-01	0.063	26
afdb_O62137_v6	afdb_P09883_v6	1.951E-01	2.140E-01	2.325E-01	0.024	19
afdb_O75976_v6	afdb_Q01693_v6	1.830E-01	4.476E-01	4.572E-01	0.020	18
afdb_O75976_v6	afdb_P06621_v6	1.596E-01	4.646E-01	5.076E-01	0.011	15
afdb_O75976_v6	afdb_Q29460_v6	9.792E-02	4.815E-01	5.182E-01	0.000	9
afdb_O75976_v6	afdb_P96965_v6	1.157E-01	4.522E-01	4.535E-01	0.007	11
afdb_O75976_v6	afdb_P37957_v6	9.448E-02	4.480E-01	4.932E-01	0.000	9
afdb_O75976_v6	afdb_P83772_v6	1.074E-01	4.349E-01	4.361E-01	0.000	10
afdb_O75976_v6	afdb_Q75WN8_v6	1.108E-01	4.293E-01	4.314E-01	0.007	11
afdb_O75976_v6	afdb_Q00017_v6	1.038E-01	4.241E-01	4.654E-01	0.000	10
afdb_O75976_v6	afdb_P55038_v6	2.715E-01	2.478E-01	2.960E-01	0.069	27
afdb_O75976_v6	afdb_P0CE47_v6	1.390E-01	3.802E-01	3.809E-01	0.009	13
afdb_O75976_v6	afdb_O58727_v6	8.584E-02	4.299E-01	4.316E-01	0.000	8
afdb_O75976_v6	afdb_P22394_v6	1.682E-01	3.426E-01	3.564E-01	0.014	16
afdb_O75976_v6	afdb_P42593_v6	1.849E-01	3.248E-01	3.644E-01	0.020	18
afdb_O75976_v6	afdb_Q9XBQ8_v6	1.433E-01	3.640E-01	3.670E-01	0.010	14
afdb_O75976_v6	afdb_P27487_v6	1.967E-01	3.090E-01	3.519E-01	0.024	19
afdb_O75976_v6	afdb_P21179_v6	1.952E-01	3.091E-01	3.125E-01	0.024	19
afdb_O75976_v6	afdb_P00388_v6	1.849E-01	3.182E-01	3.350E-01	0.020	18
afdb_O75976_v6	afdb_F8W4B7_v6	2.244E-01	2.710E-01	2.890E-01	0.040	22
afdb_O75976_v6	afdb_P05521_v6	1.137E-01	3.798E-01	4.157E-01	0.007	11
afdb_O75976_v6	afdb_Q05755_v6	2.534E-01	2.360E-01	2.793E-01	0.057	25
afdb_O75976_v6	afdb_Q9UMR5_v6	1.131E-01	3.764E-01	4.171E-01	0.007	11
afdb_O75976_v6	afdb_P14779_v6	2.218E-01	2.683E-01	2.735E-01	0.034	21
afdb_O75976_v6	afdb_P00175_v6	1.665E-01	3.201E-01	3.479E-01	0.014	16
afdb_O75976_v6	afdb_P00914_v6	1.445E-01	3.358E-01	3.597E-01	0.010	14
afdb_O75976_v6	afdb_P24474_v6	1.571E-01	3.226E-01	3.621E-01	0.011	15
afdb_O75976_v6	afdb_P08148_v6	1.654E-01	3.140E-01	3.267E-01	0.014	16
afdb_O75976_v6	afdb_P03958_v6	1.243E-01	3.534E-01	3.541E-01	0.008	12
afdb_O75976_v6	afdb_Q9AGP8_v6	1.944E-01	2.838E-01	3.012E-01	0.024	19
afdb_O75976_v6	afdb_Q9L9D7_v6	1.616E-01	3.153E-01	3.173E-01	0.014	16
afdb_O75976_v6	afdb_P00644_v6	9.467E-02	3.797E-01	3.917E-01	0.000	9
afdb_O75976_v6	afdb_Q56839_v6	1.506E-01	3.230E-01	3.234E-01	0.011	15
afdb_O75976_v6	afdb_P45478_v6	1.071E-01	3.611E-01	3.815E-01	0.000	10
afdb_O75976_v6	afdb_P00800_v6	1.527E-01	3.142E-01	3.436E-01	0.011	15
afdb_O75976_v6	afdb_P0A6G7_v6	8.426E-02	3.812E-01	3.922E-01	0.000	8
afdb_O75976_v6	afdb_P22266_v6	1.143E-01	3.507E-01	3.689E-01	0.007	11
afdb_O75976_v6	afdb_P37967_v6	1.435E-01	3.210E-01	3.253E-01	0.010	14
afdb_O75976_v6	afdb_Q06241_v6	8.385E-02	3.803E-01	3.897E-01	0.000	8
afdb_O75976_v6	afdb_P00455_v6	1.158E-01	3.471E-01	3.532E-01	0.007	11
afdb_O75976_v6	afdb_P29183_v6	1.372E-01	3.229E-01	3.344E-01	0.009	13
afdb_O75976_v6	afdb_Q945K2_v6	1.518E-01	3.066E-01	3.405E-01	0.011	15
afdb_O75976_v6	afdb_P05414_v6	1.208E-01	3.367E-01	3.430E-01	0.008	12
afdb_O75976_v6	afdb_Q3HWU8_v6	1.003E-01	3.559E-01	3.568E-01	0.000	10
afdb_O75976_v6	afdb_P08819_v6	1.314E-01	3.239E-01	3.481E-01	0.009	13
afdb_O75976_v6	afdb_P00489_v6	1.846E-01	2.701E-01	2.843E-01	0.020	18
afdb_O75976_v6	afdb_P00392_v6	1.517E-01	3.019E-01	3.079E-01	0.011	15
afdb_O75976_v6	afdb_P12821_v6	2.198E-01	2.289E-01	2.377E-01	0.034	21
afdb_O75976_v6	afdb_P46076_v6	1.147E-01	3.339E-01	3.348E-01	0.007	11
afdb_O75976_v6	afdb_P00639_v6	1.011E-01	3.464E-01	3.473E-01	0.000	10
afdb_O75976_v6	afdb_A0A0C6DRW4_v6	1.267E-01	3.202E-01	3.282E-01	0.008	12
afdb_O75976_v6	afdb_Q6YBS3_v6	1.593E-01	2.876E-01	2.940E-01	0.011	15
afdb_O75976_v6	afdb_P30122_v6	1.532E-01	2.925E-01	3.177E-01	0.011	15
afdb_O75976_v6	afdb_O16025_v6	2.014E-01	2.440E-01	2.578E-01	0.029	20
afdb_O75976_v6	afdb_Q02899_v6	1.233E-01	3.201E-01	3.552E-01	0.008	12
afdb_O75976_v6	afdb_Q58989_v6	7.321E-02	3.695E-01	3.709E-01	0.000	7
afdb_O75976_v6	afdb_P00592_v6	6.069E-02	3.818E-01	4.112E-01	0.000	6
afdb_O75976_v6	afdb_P04042_v6	1.143E-01	3.269E-01	3.321E-01	0.007	11
afdb_O75976_v6	afdb_P30850_v6	1.587E-01	2.815E-01	2.818E-01	0.011	15
afdb_O75976_v6	afdb_P16444_v6	1.234E-01	3.155E-01	3.344E-01	0.008	12
afdb_O75976_v6	afdb_Q28943_v6	1.941E-01	2.423E-01	2.479E-01	0.024	19
afdb_O75976_v6	afdb_P21327_v6	1.217E-01	3.131E-01	3.160E-01	0.008	12
afdb_O75976_v6	afdb_P21836_v6	1.476E-01	2.816E-01	2.822E-01	0.010	14
afdb_O75976_v6	afdb_P77444_v6	1.182E-01	3.102E-01	3.103E-01	0.007	11
afdb_O75976_v6	afdb_O59791_v6	1.007E-01	3.270E-01	3.542E-01	0.000	10
afdb_O75976_v6	afdb_P13717_v6	9.087E-02	3.335E-01	3.423E-01	0.000	9
afdb_O75976_v6	afdb_P16099_v6	1.593E-01	2.639E-01	2.726E-01	0.011	15
afdb_O75976_v6	afdb_P39377_v6	1.126E-01	3.105E-01	3.263E-01	0.007	11
afdb_O75976_v6	afdb_P0A6K3_v6	7.077E-02	3.515E-01	3.619E-01	0.000	7
afdb_O75976_v6	afdb_P0A6T5_v6	8.141E-02	3.363E-01	3.452E-01	0.000	8
afdb_O75976_v6	afdb_Q8RB32_v6	8.453E-02	3.297E-01	3.459E-01	0.000	8
afdb_O75976_v6	afdb_P09883_v6	1.412E-01	2.707E-01	2.908E-01	0.010	14
afdb_O75976_v6	afdb_P18314_v6	1.407E-01	2.707E-01	2.743E-01	0.010	14
afdb_O75976_v6	afdb_P19938_v6	9.408E-02	3.167E-01	3.260E-01	0.000	9
afdb_O75976_v6	afdb_P80324_v6	1.069E-01	3.038E-01	3.395E-01	0.000	10
afdb_O75976_v6	afdb_P08165_v6	1.271E-01	2.835E-01	2.981E-01	0.008	12
afdb_O75976_v6	afdb_P27170_v6	1.078E-01	3.008E-01	3.013E-01	0.000	10
afdb_O75976_v6	afdb_P00860_v6	1.226E-01	2.846E-01	2.869E-01	0.008	12
afdb_O75976_v6	afdb_P05725_v6	6.450E-02	3.426E-01	3.439E-01	0.000	6
afdb_O75976_v6	afdb_Q00441_v6	1.124E-01	2.944E-01	2.949E-01	0.007	11
afdb_O75976_v6	afdb_P15289_v6	1.270E-01	2.783E-01	3.277E-01	0.008	12
afdb_O75976_v6	afdb_O33199_v6	7.516E-02	3.297E-01	3.532E-01	0.000	7
afdb_O75976_v6	afdb_Q7ZAG8_v6	1.107E-01	2.938E-01	2.943E-01	0.007	11
afdb_O75976_v6	afdb_P35049_v6	8.126E-02	3.217E-01	3.270E-01	0.000	8
afdb_O75976_v6	afdb_Q6LZM9_v6	1.191E-01	2.840E-01	2.844E-01	0.007	11
afdb_O75976_v6	afdb_P83788_v6	1.126E-01	2.881E-01	3.042E-01	0.007	11
afdb_O75976_v6	afdb_P16932_v6	1.128E-01	2.872E-01	4.307E-01	0.007	11
afdb_O75976_v6	afdb_P00918_v6	8.507E-02	3.135E-01	3.253E-01	0.000	8
afdb_O75976_v6	afdb_P0AB77_v6	1.097E-01	2.878E-01	2.884E-01	0.000	10
afdb_O75976_v6	afdb_P23295_v6	1.125E-01	2.847E-01	2.933E-01	0.007	11
afdb_O75976_v6	afdb_P52700_v6	9.195E-02	3.032E-01	3.148E-01	0.000	9
afdb_O75976_v6	afdb_P28796_v6	1.200E-01	2.737E-01	3.027E-01	0.007	11
afdb_O75976_v6	afdb_P09598_v6	8.788E-02	3.056E-01	3.173E-01	0.000	8
afdb_O75976_v6	afdb_P81054_v6	1.009E-01	2.925E-01	3.035E-01	0.000	10
afdb_O75976_v6	afdb_P22637_v6	1.285E-01	2.644E-01	2.723E-01	0.008	12
afdb_O75976_v6	afdb_P12995_v6	1.116E-01	2.780E-01	2.784E-01	0.007	11
afdb_O75976_v6	afdb_P00935_v6	1.023E-01	2.848E-01	3.313E-01	0.000	10
afdb_O75976_v6	afdb_P56218_v6	9.095E-02	2.936E-01	3.028E-01	0.000	9
afdb_O75976_v6	afdb_P24630_v6	1.111E-01	2.694E-01	2.929E-01	0.007	11
afdb_O75976_v6	afdb_P0A9P4_v6	9.229E-02	2.873E-01	3.216E-01	0.000	9
afdb_O75976_v6	afdb_P06721_v6	1.023E-01	2.767E-01	3.288E-01	0.000	10
afdb_P06715_v6	afdb_Q56839_v6	8.969E-01	7.791E-01	8.988E-01	0.996	89
afdb_P06715_v6	afdb_P00392_v6	9.243E-01	7.471E-01	9.323E-01	0.997	92
afdb_P06715_v6	afdb_P37062_v6	7.799E-01	7.847E-01	7.961E-01	0.975	77
afdb_P06715_v6	afdb_P0A9P4_v6	5.612E-01	7.668E-01	7.867E-01	0.663	56
afdb_P06715_v6	afdb_Q7ZAG8_v6	6.196E-01	6.749E-01	7.122E-01	0.795	61
afdb_P06715_v6	afdb_P08165_v6	5.203E-01	4.805E-01	6.882E-01	0.537	52
afdb_P06715_v6	afdb_P42593_v6	4.865E-01	3.359E-01	7.051E-01	0.411	48
afdb_P06715_v6	afdb_Q28943_v6	5.447E-01	2.563E-01	5.601E-01	0.601	54
afdb_P06715_v6	afdb_P16099_v6	4.814E-01	3.124E-01	6.306E-01	0.411	48
afdb_P06715_v6	afdb_P22637_v6	4.270E-01	3.588E-01	5.504E-01	0.254	42
afdb_P06715_v6	afdb_P40859_v6	3.629E-01	4.064E-01	4.537E-01	0.150	36
afdb_P06715_v6	afdb_P10902_v6	4.074E-01	3.475E-01	5.298E-01	0.214	40
afdb_P06715_v6	afdb_Q945K2_v6	4.127E-01	3.419E-01	5.285E-01	0.233	41
afdb_P06715_v6	afdb_Q9AGP8_v6	4.324E-01	2.679E-01	4.359E-01	0.277	43
afdb_P06715_v6	afdb_P80324_v6	3.200E-01	3.734E-01	4.091E-01	0.098	31
afdb_P06715_v6	afdb_P0A1E3_v6	2.882E-01	3.753E-01	3.869E-01	0.076	28
afdb_P06715_v6	afdb_Q02899_v6	3.065E-01	3.357E-01	3.583E-01	0.090	30
afdb_P06715_v6	afdb_O59791_v6	2.777E-01	3.609E-01	3.689E-01	0.069	27
afdb_P06715_v6	afdb_P00396_v6	3.230E-01	2.943E-01	3.361E-01	0.106	32
afdb_P06715_v6	afdb_P28796_v6	3.069E-01	2.993E-01	3.249E-01	0.090	30
afdb_P06715_v6	afdb_Q58989_v6	2.186E-01	3.869E-01	3.882E-01	0.034	21
afdb_P06715_v6	afdb_Q6LZM9_v6	2.978E-01	3.038E-01	3.043E-01	0.082	29
afdb_P06715_v6	afdb_P04042_v6	2.717E-01	3.288E-01	3.924E-01	0.069	27
afdb_P06715_v6	afdb_Q9L9D7_v6	3.235E-01	2.696E-01	3.513E-01	0.106	32
afdb_P06715_v6	afdb_Q6YBS3_v6	3.335E-01	2.553E-01	3.345E-01	0.116	33
afdb_P06715_v6	afdb_P25910_v6	2.312E-01	3.559E-01	3.671E-01	0.045	23
afdb_P06715_v6	afdb_Q00017_v6	2.263E-01	3.574E-01	3.709E-01	0.040	22
afdb_P06715_v6	afdb_P16932_v6	2.862E-01	2.940E-01	3.192E-01	0.076	28
afdb_P06715_v6	afdb_P77444_v6	2.811E-01	3.002E-01	3.159E-01	0.069	27
afdb_P06715_v6	afdb_P08373_v6	2.620E-01	3.180E-01	3.341E-01	0.063	26
afdb_P06715_v6	afdb_P06721_v6	2.773E-01	3.027E-01	3.098E-01	0.069	27
afdb_P06715_v6	afdb_P0AB77_v6	2.762E-01	2.999E-01	3.272E-01	0.069	27
afdb_P06715_v6	afdb_P52700_v6	2.423E-01	3.325E-01	3.763E-01	0.051	24
afdb_P06715_v6	afdb_P00935_v6	2.716E-01	3.030E-01	3.078E-01	0.069	27
afdb_P06715_v6	afdb_O58727_v6	1.822E-01	3.892E-01	5.097E-01	0.020	18
afdb_P06715_v6	afdb_P83788_v6	2.766E-01	2.917E-01	3.112E-01	0.069	27
afdb_P06715_v6	afdb_P00489_v6	3.469E-01	2.168E-01	3.475E-01	0.126	34
afdb_P06715_v6	afdb_Q29460_v6	2.110E-01	3.530E-01	4.199E-01	0.029	20
afdb_P06715_v6	afdb_P0CE47_v6	2.666E-01	2.931E-01	2.951E-01	0.063	26
afdb_P06715_v6	afdb_P09184_v6	1.784E-01	3.804E-01	3.894E-01	0.016	17
afdb_P06715_v6	afdb_P16444_v6	2.705E-01	2.884E-01	3.552E-01	0.063	26
afdb_P06715_v6	afdb_P83772_v6	2.206E-01	3.372E-01	3.430E-01	0.040	22
afdb_P06715_v6	afdb_P22266_v6	2.503E-01	3.045E-01	3.670E-01	0.057	25
afdb_P06715_v6	afdb_Q9UMR5_v6	2.345E-01	3.170E-01	3.466E-01	0.045	23
afdb_P06715_v6	afdb_P05521_v6	2.380E-01	3.103E-01	3.346E-01	0.045	23
afdb_P06715_v6	afdb_Q9NPB1_v6	2.005E-01	3.458E-01	3.945E-01	0.029	20
afdb_P06715_v6	afdb_Q3HWU8_v6	2.261E-01	3.200E-01	3.307E-01	0.040	22
afdb_P06715_v6	afdb_P53608_v6	2.303E-01	3.086E-01	3.099E-01	0.040	22
afdb_P06715_v6	afdb_P00388_v6	3.081E-01	2.288E-01	3.225E-01	0.090	30
afdb_P06715_v6	afdb_Q75WN8_v6	2.243E-01	3.087E-01	3.230E-01	0.040	22
afdb_P06715_v6	afdb_P37967_v6	2.746E-01	2.578E-01	3.352E-01	0.069	27
afdb_P06715_v6	afdb_P00175_v6	2.903E-01	2.381E-01	3.573E-01	0.082	29
afdb_P06715_v6	afdb_P18314_v6	2.856E-01	2.406E-01	3.026E-01	0.076	28
afdb_P06715_v6	afdb_P00914_v6	2.662E-01	2.571E-01	2.692E-01	0.063	26
afdb_P06715_v6	afdb_Q00441_v6	2.537E-01	2.712E-01	2.977E-01	0.057	25
afdb_P06715_v6	afdb_P00777_v6	2.238E-01	2.986E-01	3.382E-01	0.040	22
afdb_P06715_v6	afdb_Q05755_v6	3.728E-01	1.466E-01	3.845E-01	0.164	37
afdb_P06715_v6	afdb_P21836_v6	2.867E-01	2.278E-01	3.092E-01	0.076	28
afdb_P06715_v6	afdb_P28305_v6	2.081E-01	3.057E-01	3.419E-01	0.029	20
afdb_P06715_v6	afdb_P22394_v6	2.768E-01	2.378E-01	2.790E-01	0.069	27
afdb_P06715_v6	afdb_Q8RB32_v6	2.026E-01	3.111E-01	3.371E-01	0.029	20
afdb_P06715_v6	afdb_P83686_v6	2.018E-01	3.052E-01	3.357E-01	0.029	20
afdb_P06715_v6	afdb_Q01693_v6	2.627E-01	2.429E-01	2.639E-01	0.063	26
afdb_P06715_v6	afdb_P24474_v6	2.720E-01	2.312E-01	2.822E-01	0.069	27
afdb_P06715_v6	afdb_P08148_v6	2.780E-01	2.243E-01	2.794E-01	0.069	27
afdb_P06715_v6	afdb_P04190_v6	1.981E-01	3.020E-01	3.759E-01	0.024	19
afdb_P06715_v6	afdb_Q7SID9_v6	2.697E-01	2.292E-01	2.847E-01	0.063	26
afdb_P06715_v6	afdb_P05414_v6	2.327E-01	2.661E-01	3.206E-01	0.045	23
afdb_P06715_v6	afdb_P00455_v6	2.293E-01	2.637E-01	3.155E-01	0.040	22
afdb_P06715_v6	afdb_P21327_v6	2.356E-01	2.563E-01	2.691E-01	0.045	23
afdb_P06715_v6	afdb_P03958_v6	2.246E-01	2.675E-01	2.804E-01	0.040	22
afdb_P06715_v6	afdb_P13717_v6	1.986E-01	2.871E-01	3.111E-01	0.024	19
afdb_P06715_v6	afdb_P05725_v6	1.566E-01	3.270E-01	3.348E-01	0.011	15
afdb_P06715_v6	afdb_P81054_v6	2.188E-01	2.639E-01	2.713E-01	0.034	21
afdb_P06715_v6	afdb_O33199_v6	1.749E-01	3.078E-01	3.139E-01	0.016	17
afdb_P06715_v6	afdb_P0A6K3_v6	1.593E-01	3.227E-01	3.337E-01	0.011	15
afdb_P06715_v6	afdb_P0A6C1_v6	2.018E-01	2.795E-01	2.850E-01	0.029	20
afdb_P06715_v6	afdb_P00860_v6	2.409E-01	2.368E-01	2.703E-01	0.051	24
afdb_P06715_v6	afdb_P09598_v6	1.985E-01	2.789E-01	3.549E-01	0.024	19
afdb_P06715_v6	afdb_P00766_v6	1.884E-01	2.885E-01	3.101E-01	0.020	18
afdb_P06715_v6	afdb_O16025_v6	3.144E-01	1.613E-01	3.257E-01	0.098	31
afdb_P06715_v6	afdb_P56216_v6	2.560E-01	2.186E-01	3.223E-01	0.057	25
afdb_P06715_v6	afdb_P19938_v6	1.965E-01	2.723E-01	2.754E-01	0.024	19
afdb_P06715_v6	afdb_P27170_v6	2.157E-01	2.532E-01	3.009E-01	0.034	21
afdb_P06715_v6	afdb_P55038_v6	3.340E-01	1.317E-01	3.435E-01	0.116	33
afdb_P06715_v6	afdb_P09883_v6	2.517E-01	2.092E-01	2.664E-01	0.057	25
afdb_P06715_v6	afdb_Q9XBQ8_v6	2.239E-01	2.357E-01	2.804E-01	0.040	22
afdb_P06715_v6	afdb_P14779_v6	3.024E-01	1.569E-01	3.183E-01	0.090	30
afdb_P06715_v6	afdb_P39377_v6	2.167E-01	2.408E-01	2.691E-01	0.034	21
afdb_P06715_v6	afdb_Q6UV28_v6	1.408E-01	3.142E-01	3.631E-01	0.010	14
afdb_P06715_v6	afdb_P21179_v6	2.662E-01	1.829E-01	2.899E-01	0.063	26
afdb_P06715_v6	afdb_P30850_v6	2.520E-01	1.963E-01	2.567E-01	0.057	25
afdb_P06715_v6	afdb_F8W4B7_v6	2.898E-01	1.481E-01	3.055E-01	0.076	28
afdb_P06715_v6	afdb_P35049_v6	1.685E-01	2.567E-01	2.777E-01	0.014	16
afdb_P06715_v6	afdb_P00644_v6	1.506E-01	2.568E-01	2.820E-01	0.010	14
afdb_P06715_v6	afdb_O13297_v6	1.964E-01	1.698E-01	2.984E-01	0.024	19
afdb_P0A7E1_v6	afdb_Q02899_v6	6.269E-01	5.380E-01	6.335E-01	0.817	62
afdb_P0A7E1_v6	afdb_Q9FEW9_v6	6.227E-01	5.387E-01	7.039E-01	0.817	62
afdb_P0A7E1_v6	afdb_P05414_v6	5.969E-01	5.489E-01	6.001E-01	0.747	59
afdb_P0A7E1_v6	afdb_Q8RB32_v6	4.870E-01	6.409E-01	6.454E-01	0.411	48
afdb_P0A7E1_v6	afdb_P0A6C1_v6	5.216E-01	5.975E-01	6.097E-01	0.537	52
afdb_P0A7E1_v6	afdb_Q28943_v6	7.639E-01	2.634E-01	7.660E-01	0.971	76
afdb_P0A7E1_v6	afdb_P03958_v6	5.041E-01	4.850E-01	5.234E-01	0.473	50
afdb_P0A7E1_v6	afdb_P42593_v6	6.335E-01	3.394E-01	7.135E-01	0.837	63
afdb_P0A7E1_v6	afdb_P00175_v6	6.022E-01	3.610E-01	6.038E-01	0.772	60
afdb_P0A7E1_v6	afdb_P16099_v6	6.451E-01	3.177E-01	7.278E-01	0.855	64
afdb_P0A7E1_v6	afdb_P16444_v6	5.220E-01	4.401E-01	5.789E-01	0.537	52
afdb_P0A7E1_v6	afdb_P39377_v6	5.026E-01	4.447E-01	5.616E-01	0.473	50
afdb_P0A7E1_v6	afdb_Q9XBQ8_v6	4.625E-01	3.890E-01	5.045E-01	0.353	46
afdb_P0A7E1_v6	afdb_Q00017_v6	3.611E-01	4.536E-01	4.849E-01	0.150	36
afdb_P0A7E1_v6	afdb_Q29460_v6	3.453E-01	4.509E-01	5.123E-01	0.126	34
afdb_P0A7E1_v6	afdb_P00860_v6	4.440E-01	3.390E-01	6.256E-01	0.301	44
afdb_P0A7E1_v6	afdb_P05521_v6	3.740E-01	4.011E-01	4.197E-01	0.164	37
afdb_P0A7E1_v6	afdb_P53608_v6	3.693E-01	4.000E-01	4.531E-01	0.150	36
afdb_P0A7E1_v6	afdb_P37957_v6	3.026E-01	4.250E-01	4.666E-01	0.090	30
afdb_P0A7E1_v6	afdb_P18314_v6	4.338E-01	2.886E-01	4.800E-01	0.277	43
afdb_P0A7E1_v6	afdb_P83772_v6	3.194E-01	3.898E-01	3.964E-01	0.098	31
afdb_P0A7E1_v6	afdb_P55038_v6	5.650E-01	1.391E-01	5.708E-01	0.663	56
afdb_P0A7E1_v6	afdb_P22394_v6	4.192E-01	2.825E-01	4.443E-01	0.233	41
afdb_P0A7E1_v6	afdb_P96965_v6	3.283E-01	3.727E-01	3.842E-01	0.106	32
afdb_P0A7E1_v6	afdb_Q75WN8_v6	3.298E-01	3.711E-01	3.730E-01	0.106	32
afdb_P0A7E1_v6	afdb_Q05755_v6	5.596E-01	1.400E-01	5.804E-01	0.632	55
afdb_P0A7E1_v6	afdb_P0A6G7_v6	2.813E-01	4.147E-01	4.446E-01	0.076	28
afdb_P0A7E1_v6	afdb_P04042_v6	3.523E-01	3.433E-01	3.662E-01	0.138	35
afdb_P0A7E1_v6	afdb_Q12178_v6	2.538E-01	4.405E-01	4.873E-01	0.057	25
afdb_P0A7E1_v6	afdb_Q58989_v6	2.886E-01	4.030E-01	4.095E-01	0.076	28
afdb_P0A7E1_v6	afdb_P22266_v6	3.485E-01	3.414E-01	3.901E-01	0.126	34
afdb_P0A7E1_v6	afdb_P08819_v6	3.796E-01	3.088E-01	3.925E-01	0.164	37
afdb_P0A7E1_v6	afdb_P45478_v6	3.288E-01	3.518E-01	3.795E-01	0.106	32
afdb_P0A7E1_v6	afdb_Q3HWU8_v6	3.139E-01	3.601E-01	3.712E-01	0.098	31
afdb_P0A7E1_v6	afdb_O58727_v6	2.637E-01	4.038E-01	4.106E-01	0.063	26
afdb_P0A7E1_v6	afdb_P25910_v6	2.965E-01	3.636E-01	3.910E-01	0.082	29
afdb_P0A7E1_v6	afdb_P27170_v6	3.348E-01	3.198E-01	3.497E-01	0.116	33
afdb_P0A7E1_v6	afdb_P37967_v6	3.706E-01	2.774E-01	4.071E-01	0.164	37
afdb_P0A7E1_v6	afdb_P0CE47_v6	3.430E-01	3.023E-01	5.116E-01	0.126	34
afdb_P0A7E1_v6	afdb_Q16775_v6	3.123E-01	3.317E-01	3.932E-01	0.098	31
afdb_P0A7E1_v6	afdb_P30122_v6	3.923E-01	2.492E-01	4.187E-01	0.196	39
afdb_P0A7E1_v6	afdb_P15289_v6	3.665E-01	2.696E-01	4.067E-01	0.150	36
afdb_P0A7E1_v6	afdb_P29183_v6	3.539E-01	2.811E-01	3.889E-01	0.138	35
afdb_P0A7E1_v6	afdb_P24630_v6	3.478E-01	2.850E-01	3.759E-01	0.126	34
afdb_P0A7E1_v6	afdb_P16932_v6	3.471E-01	2.847E-01	3.733E-01	0.126	34
afdb_P0A7E1_v6	afdb_P0AB77_v6	3.352E-01	2.956E-01	4.314E-01	0.116	33
afdb_P0A7E1_v6	afdb_P52700_v6	2.995E-01	3.309E-01	3.706E-01	0.082	29
afdb_P0A7E1_v6	afdb_P12995_v6	3.425E-01	2.844E-01	3.618E-01	0.126	34
afdb_P0A7E1_v6	afdb_P09184_v6	2.287E-01	3.967E-01	4.139E-01	0.040	22
afdb_P0A7E1_v6	afdb_P56216_v6	3.691E-01	2.523E-01	3.699E-01	0.150	36
afdb_P0A7E1_v6	afdb_P04190_v6	2.802E-01	3.375E-01	3.838E-01	0.076	28
afdb_P0A7E1_v6	afdb_P83686_v6	2.836E-01	3.310E-01	3.355E-01	0.076	28
afdb_P0A7E1_v6	afdb_P23295_v6	3.283E-01	2.859E-01	3.835E-01	0.106	32
afdb_P0A7E1_v6	afdb_Q6LZM9_v6	3.342E-01	2.761E-01	3.815E-01	0.116	33
afdb_P0A7E1_v6	afdb_P83788_v6	3.269E-01	2.805E-01	3.664E-01	0.106	32
afdb_P0A7E1_v6	afdb_P06621_v6	3.257E-01	2.795E-01	3.264E-01	0.106	32
afdb_P0A7E1_v6	afdb_Q945K2_v6	3.599E-01	2.437E-01	3.635E-01	0.138	35
afdb_P0A7E1_v6	afdb_Q00441_v6	3.214E-01	2.795E-01	3.821E-01	0.106	32
afdb_P0A7E1_v6	afdb_O59791_v6	2.956E-01	3.032E-01	3.190E-01	0.082	29
afdb_P0A7E1_v6	afdb_P00489_v6	3.985E-01	1.993E-01	3.995E-01	0.196	39
afdb_P0A7E1_v6	afdb_P00935_v6	3.132E-01	2.825E-01	3.566E-01	0.098	31
afdb_P0A7E1_v6	afdb_P28796_v6	3.322E-01	2.599E-01	3.705E-01	0.116	33
afdb_P0A7E1_v6	afdb_P09598_v6	2.760E-01	3.130E-01	3.437E-01	0.069	27
afdb_P0A7E1_v6	afdb_P06721_v6	3.108E-01	2.755E-01	3.867E-01	0.098	31
afdb_P0A7E1_v6	afdb_P00455_v6	3.002E-01	2.807E-01	3.469E-01	0.090	30
afdb_P0A7E1_v6	afdb_Q7ZAG8_v6	3.054E-01	2.654E-01	3.227E-01	0.090	30
afdb_P0A7E1_v6	afdb_Q6YBS3_v6	3.543E-01	2.160E-01	4.108E-01	0.138	35
afdb_P0A7E1_v6	afdb_P27487_v6	3.694E-01	1.989E-01	3.737E-01	0.150	36
afdb_P0A7E1_v6	afdb_P00800_v6	3.335E-01	2.343E-01	3.340E-01	0.116	33
afdb_P0A7E1_v6	afdb_A0A0C6DRW4_v6	3.005E-01	2.587E-01	3.253E-01	0.090	30
afdb_P0A7E1_v6	afdb_P0A1E3_v6	2.760E-01	2.827E-01	3.044E-01	0.069	27
afdb_P0A7E1_v6	afdb_Q9L9D7_v6	3.346E-01	2.221E-01	4.701E-01	0.116	33
afdb_P0A7E1_v6	afdb_F8W4B7_v6	3.948E-01	1.533E-01	4.233E-01	0.196	39
afdb_P0A7E1_v6	afdb_P77444_v6	2.905E-01	2.535E-01	3.260E-01	0.082	29
afdb_P0A7E1_v6	afdb_P21327_v6	2.828E-01	2.502E-01	2.980E-01	0.076	28
afdb_P0A7E1_v6	afdb_P10902_v6	3.126E-01	2.181E-01	3.298E-01	0.098	31
afdb_P0A7E1_v6	afdb_P46076_v6	2.600E-01	2.522E-01	2.861E-01	0.057	25
afdb_P0A7E1_v6	afdb_P00388_v6	3.201E-01	1.905E-01	3.469E-01	0.106	32
afdb_P0A7E1_v6	afdb_P00396_v6	2.911E-01	2.168E-01	3.054E-01	0.082	29
afdb_P0A7E1_v6	afdb_P21179_v6	3.266E-01	1.793E-01	3.442E-01	0.106	32
afdb_P0A7E1_v6	afdb_Q01693_v6	2.853E-01	2.154E-01	2.926E-01	0.076	28
afdb_P0A7E1_v6	afdb_P37062_v6	2.737E-01	2.246E-01	3.056E-01	0.069	27
afdb_P0A7E1_v6	afdb_P08165_v6	2.816E-01	2.153E-01	3.296E-01	0.076	28
afdb_P0A7E1_v6	afdb_Q6UV28_v6	1.700E-01	3.235E-01	3.878E-01	0.016	17
afdb_P0A7E1_v6	afdb_P00392_v6	2.908E-01	2.013E-01	3.200E-01	0.082	29
afdb_P0A7E1_v6	afdb_P00914_v6	2.750E-01	2.177E-01	2.955E-01	0.069	27
afdb_P0A7E1_v6	afdb_Q05769_v6	2.940E-01	1.948E-01	2.945E-01	0.082	29
afdb_P0A7E1_v6	afdb_P00644_v6	2.057E-01	2.664E-01	3.216E-01	0.029	20
afdb_P0A7E1_v6	afdb_P08473_v6	2.990E-01	1.624E-01	3.302E-01	0.082	29
afdb_P0A7E1_v6	afdb_P15917_v6	2.883E-01	1.489E-01	3.042E-01	0.076	28
afdb_P0A7E1_v6	afdb_P12821_v6	3.177E-01	1.140E-01	3.201E-01	0.098	31
afdb_P0A7E1_v6	afdb_P00777_v6	1.989E-01	2.153E-01	2.457E-01	0.024	19
afdb_P0ACB4_v6	afdb_Q29460_v6	5.506E-01	4.519E-01	5.571E-01	0.632	55
afdb_P0ACB4_v6	afdb_Q00017_v6	5.317E-01	4.145E-01	5.495E-01	0.569	53
afdb_P0ACB4_v6	afdb_P37957_v6	4.974E-01	4.390E-01	5.129E-01	0.442	49
afdb_P0ACB4_v6	afdb_P83772_v6	5.241E-01	3.938E-01	5.353E-01	0.537	52
afdb_P0ACB4_v6	afdb_P22266_v6	5.599E-01	3.324E-01	5.745E-01	0.632	55
afdb_P0ACB4_v6	afdb_P0CE47_v6	5.778E-01	3.004E-01	5.881E-01	0.692	57
afdb_P0ACB4_v6	afdb_P05521_v6	5.161E-01	3.408E-01	5.246E-01	0.505	51
afdb_P0ACB4_v6	afdb_P04042_v6	5.432E-01	3.115E-01	6.785E-01	0.601	54
afdb_P0ACB4_v6	afdb_P96965_v6	4.927E-01	3.481E-01	5.032E-01	0.442	49
afdb_P0ACB4_v6	afdb_O58727_v6	4.181E-01	4.199E-01	4.467E-01	0.233	41
afdb_P0ACB4_v6	afdb_P09184_v6	3.916E-01	4.391E-01	5.114E-01	0.196	39
afdb_P0ACB4_v6	afdb_Q9UMR5_v6	4.938E-01	3.288E-01	5.107E-01	0.442	49
afdb_P0ACB4_v6	afdb_P53608_v6	4.904E-01	3.291E-01	5.097E-01	0.442	49
afdb_P0ACB4_v6	afdb_P45478_v6	4.836E-01	3.249E-01	5.014E-01	0.411	48
afdb_P0ACB4_v6	afdb_Q58989_v6	4.080E-01	3.600E-01	4.270E-01	0.214	40
afdb_P0ACB4_v6	afdb_Q9NPB1_v6	4.189E-01	3.477E-01	4.302E-01	0.233	41
afdb_P0ACB4_v6	afdb_Q12178_v6	3.650E-01	4.022E-01	4.461E-01	0.150	36
afdb_P0ACB4_v6	afdb_Q01693_v6	5.337E-01	2.297E-01	5.360E-01	0.569	53
afdb_P0ACB4_v6	afdb_P00388_v6	5.798E-01	1.799E-01	6.619E-01	0.692	57
afdb_P0ACB4_v6	afdb_P06721_v6	4.835E-01	2.566E-01	5.417E-01	0.411	48
afdb_P0ACB4_v6	afdb_Q8RB32_v6	4.119E-01	3.267E-01	4.263E-01	0.233	41
afdb_P0ACB4_v6	afdb_P00935_v6	4.750E-01	2.595E-01	5.178E-01	0.382	47
afdb_P0ACB4_v6	afdb_Q6LZM9_v6	4.929E-01	2.367E-01	5.629E-01	0.442	49
afdb_P0ACB4_v6	afdb_P00489_v6	5.634E-01	1.538E-01	5.778E-01	0.663	56
afdb_P0ACB4_v6	afdb_P0A6C1_v6	4.166E-01	2.962E-01	4.679E-01	0.233	41
afdb_P0ACB4_v6	afdb_P83788_v6	4.719E-01	2.391E-01	5.278E-01	0.382	47
afdb_P0ACB4_v6	afdb_P0AB77_v6	4.585E-01	2.438E-01	5.209E-01	0.326	45
afdb_P0ACB4_v6	afdb_P03958_v6	4.349E-01	2.664E-01	4.549E-01	0.277	43
afdb_P0ACB4_v6	afdb_P28796_v6	4.833E-01	2.158E-01	5.476E-01	0.411	48
afdb_P0ACB4_v6	afdb_P25910_v6	3.881E-01	3.098E-01	4.295E-01	0.179	38
afdb_P0ACB4_v6	afdb_P14779_v6	5.759E-01	1.199E-01	6.725E-01	0.692	57
afdb_P0ACB4_v6	afdb_P12995_v6	4.620E-01	2.325E-01	5.184E-01	0.353	46
afdb_P0ACB4_v6	afdb_P77444_v6	4.543E-01	2.383E-01	5.020E-01	0.326	45
afdb_P0ACB4_v6	afdb_P39377_v6	4.410E-01	2.492E-01	4.496E-01	0.301	44
afdb_P0ACB4_v6	afdb_P0A9P4_v6	4.251E-01	2.635E-01	4.347E-01	0.254	42
afdb_P0ACB4_v6	afdb_P29183_v6	4.599E-01	2.280E-01	4.634E-01	0.326	45
afdb_P0ACB4_v6	afdb_P22394_v6	4.791E-01	1.956E-01	4.944E-01	0.382	47
afdb_P0ACB4_v6	afdb_P24630_v6	4.513E-01	2.221E-01	4.994E-01	0.326	45
afdb_P0ACB4_v6	afdb_P16932_v6	4.460E-01	2.270E-01	5.005E-01	0.301	44
afdb_P0ACB4_v6	afdb_Q9XBQ8_v6	4.407E-01	2.286E-01	4.834E-01	0.301	44
afdb_P0ACB4_v6	afdb_P16444_v6	4.367E-01	2.324E-01	4.599E-01	0.277	43
afdb_P0ACB4_v6	afdb_P00592_v6	3.070E-01	3.602E-01	4.209E-01	0.090	30
afdb_P0ACB4_v6	afdb_Q9FEW9_v6	4.281E-01	2.323E-01	4.809E-01	0.254	42
afdb_P0ACB4_v6	afdb_P18314_v6	4.681E-01	1.921E-01	4.772E-01	0.353	46
afdb_P0ACB4_v6	afdb_P52700_v6	3.838E-01	2.735E-01	4.182E-01	0.179	38
afdb_P0ACB4_v6	afdb_P0A6G7_v6	3.433E-01	3.109E-01	3.650E-01	0.126	34
afdb_P0ACB4_v6	afdb_P15289_v6	4.474E-01	1.997E-01	4.713E-01	0.301	44
afdb_P0ACB4_v6	afdb_P05414_v6	4.007E-01	2.383E-01	4.098E-01	0.214	40
afdb_P0ACB4_v6	afdb_Q6YBS3_v6	4.649E-01	1.743E-01	4.699E-01	0.353	46
afdb_P0ACB4_v6	afdb_P80324_v6	4.008E-01	2.321E-01	4.073E-01	0.214	40
afdb_P0ACB4_v6	afdb_P40859_v6	4.011E-01	2.290E-01	4.069E-01	0.214	40
afdb_P0ACB4_v6	afdb_P37062_v6	4.161E-01	2.098E-01	4.513E-01	0.233	41
afdb_P0ACB4_v6	afdb_P00914_v6	4.256E-01	1.925E-01	4.880E-01	0.254	42
afdb_P0ACB4_v6	afdb_P22637_v6	4.325E-01	1.747E-01	4.454E-01	0.277	43
afdb_P0ACB4_v6	afdb_P0A1E3_v6	3.644E-01	2.373E-01	4.139E-01	0.150	36
afdb_P0ACB4_v6	afdb_Q7ZAG8_v6	3.936E-01	2.072E-01	4.082E-01	0.196	39
afdb_P0ACB4_v6	afdb_P08165_v6	4.165E-01	1.833E-01	4.252E-01	0.233	41
afdb_P0ACB4_v6	afdb_P00175_v6	4.270E-01	1.673E-01	4.595E-01	0.254	42
afdb_P0ACB4_v6	afdb_P42593_v6	4.459E-01	1.476E-01	5.077E-01	0.301	44
afdb_P0ACB4_v6	afdb_P04190_v6	3.324E-01	2.609E-01	3.507E-01	0.116	33
afdb_P0ACB4_v6	afdb_P00860_v6	3.936E-01	1.976E-01	4.213E-01	0.196	39
afdb_P0ACB4_v6	afdb_P43099_v6	4.547E-01	1.323E-01	4.567E-01	0.326	45
afdb_P0ACB4_v6	afdb_P83686_v6	3.337E-01	2.503E-01	3.530E-01	0.116	33
afdb_P0ACB4_v6	afdb_P27487_v6	4.221E-01	1.362E-01	4.318E-01	0.254	42
afdb_P0ACB4_v6	afdb_P03007_v6	3.032E-01	2.498E-01	3.174E-01	0.090	30
afdb_P0ACB4_v6	afdb_P48534_v6	3.086E-01	2.435E-01	3.324E-01	0.090	30
afdb_P0ACB4_v6	afdb_P21327_v6	3.550E-01	1.969E-01	3.855E-01	0.138	35
afdb_P0ACB4_v6	afdb_Q945K2_v6	3.874E-01	1.608E-01	3.979E-01	0.179	38
afdb_P0ACB4_v6	afdb_O59791_v6	3.344E-01	2.132E-01	3.651E-01	0.116	33
afdb_P0ACB4_v6	afdb_P00455_v6	3.468E-01	2.006E-01	3.577E-01	0.126	34
afdb_P0ACB4_v6	afdb_P10902_v6	3.772E-01	1.679E-01	3.851E-01	0.164	37
afdb_P0ACB4_v6	afdb_P56218_v6	3.168E-01	2.279E-01	3.312E-01	0.098	31
afdb_P0ACB4_v6	afdb_Q05755_v6	4.582E-01	8.023E-02	4.755E-01	0.326	45
afdb_P0ACB4_v6	afdb_O33199_v6	2.767E-01	2.532E-01	3.353E-01	0.069	27
afdb_P0ACB4_v6	afdb_A0A0C6DRW4_v6	3.414E-01	1.841E-01	3.502E-01	0.126	34
afdb_P0ACB4_v6	afdb_P21179_v6	3.854E-01	1.345E-01	3.882E-01	0.179	38
afdb_P0ACB4_v6	afdb_P19938_v6	3.008E-01	2.183E-01	3.659E-01	0.090	30
afdb_P0ACB4_v6	afdb_P00396_v6	3.422E-01	1.630E-01	3.535E-01	0.126	34
afdb_P0ACB4_v6	afdb_P0A6T5_v6	2.663E-01	2.339E-01	2.728E-01	0.063	26
afdb_P0ACB4_v6	afdb_F8W4B7_v6	4.036E-01	8.803E-02	4.604E-01	0.214	40
afdb_P0ACB4_v6	afdb_P55038_v6	4.168E-01	6.858E-02	4.405E-01	0.233	41
afdb_P0ACB4_v6	afdb_P23295_v6	3.034E-01	1.698E-01	3.342E-01	0.090	30
afdb_P0ACB4_v6	afdb_Q9AGP8_v6	3.597E-01	1.078E-01	3.761E-01	0.138	35
afdb_P0ACB4_v6	afdb_P00800_v6	3.178E-01	1.388E-01	3.257E-01	0.098	31
afdb_P0ACB4_v6	afdb_P81054_v6	2.812E-01	1.762E-01	3.043E-01	0.076	28
afdb_P13497_v6	afdb_Q28943_v6	2.577E-01	2.505E-01	2.641E-01	0.057	25
afdb_P13497_v6	afdb_Q01693_v6	1.784E-01	3.074E-01	3.736E-01	0.016	17
afdb_P13497_v6	afdb_P00388_v6	2.092E-01	2.767E-01	2.900E-01	0.029	20
afdb_P13497_v6	afdb_P56218_v6	1.358E-01	3.333E-01	3.569E-01	0.009	13
afdb_P13497_v6	afdb_P21179_v6	2.106E-01	2.580E-01	2.806E-01	0.034	21
afdb_P13497_v6	afdb_P0CE47_v6	1.531E-01	3.147E-01	3.356E-01	0.011	15
afdb_P13497_v6	afdb_P14779_v6	2.335E-01	2.234E-01	3.070E-01	0.045	23
afdb_P13497_v6	afdb_Q9AGP8_v6	2.077E-01	2.364E-01	3.742E-01	0.029	20
afdb_P13497_v6	afdb_P04042_v6	1.374E-01	3.026E-01	3.038E-01	0.009	13
afdb_P13497_v6	afdb_Q6YBS3_v6	1.847E-01	2.544E-01	2.636E-01	0.020	18
afdb_P13497_v6	afdb_P42593_v6	1.876E-01	2.498E-01	2.593E-01	0.020	18
afdb_P13497_v6	afdb_P37062_v6	1.541E-01	2.829E-01	2.934E-01	0.011	15
afdb_P13497_v6	afdb_P21327_v6	1.454E-01	2.913E-01	3.065E-01	0.010	14
afdb_P13497_v6	afdb_P52700_v6	1.192E-01	3.167E-01	3.190E-01	0.007	11
afdb_P13497_v6	afdb_P83772_v6	1.137E-01	3.200E-01	3.745E-01	0.007	11
afdb_P13497_v6	afdb_P0A6G7_v6	9.958E-02	3.327E-01	3.376E-01	0.000	9
afdb_P13497_v6	afdb_P03958_v6	1.331E-01	2.931E-01	2.937E-01	0.009	13
afdb_P13497_v6	afdb_P00777_v6	1.224E-01	3.023E-01	3.337E-01	0.008	12
afdb_P13497_v6	afdb_P15289_v6	1.603E-01	2.616E-01	2.855E-01	0.014	16
afdb_P13497_v6	afdb_P30850_v6	1.771E-01	2.443E-01	2.772E-01	0.016	17
afdb_P13497_v6	afdb_P27170_v6	1.336E-01	2.872E-01	3.123E-01	0.009	13
afdb_P13497_v6	afdb_P22394_v6	1.650E-01	2.472E-01	2.519E-01	0.014	16
afdb_P13497_v6	afdb_Q9FEW9_v6	1.373E-01	2.742E-01	2.882E-01	0.009	13
afdb_P13497_v6	afdb_P29183_v6	1.489E-01	2.626E-01	2.926E-01	0.010	14
afdb_P13497_v6	afdb_P05521_v6	1.198E-01	2.923E-01	3.026E-01	0.007	11
afdb_P13497_v6	afdb_P08148_v6	1.658E-01	2.440E-01	2.725E-01	0.014	16
afdb_P13497_v6	afdb_P15917_v6	1.876E-01	2.168E-01	2.213E-01	0.020	18
afdb_P13497_v6	afdb_P21836_v6	1.669E-01	2.375E-01	2.790E-01	0.014	16
afdb_P13497_v6	afdb_P37957_v6	9.475E-02	3.066E-01	3.445E-01	0.000	9
afdb_P13497_v6	afdb_P00644_v6	1.022E-01	2.990E-01	3.227E-01	0.000	10
afdb_P13497_v6	afdb_P0AB77_v6	1.344E-01	2.668E-01	2.875E-01	0.009	13
afdb_P13497_v6	afdb_P00914_v6	1.466E-01	2.542E-01	2.713E-01	0.010	14
afdb_P13497_v6	afdb_A0A0C6DRW4_v6	1.363E-01	2.631E-01	2.761E-01	0.009	13
afdb_P13497_v6	afdb_Q16775_v6	1.164E-01	2.821E-01	3.142E-01	0.007	11
afdb_P13497_v6	afdb_P00175_v6	1.632E-01	2.355E-01	2.604E-01	0.014	16
afdb_P13497_v6	afdb_Q7SID9_v6	1.584E-01	2.403E-01	2.579E-01	0.011	15
afdb_P13497_v6	afdb_Q3HWU8_v6	1.072E-01	2.879E-01	3.000E-01	0.000	10
afdb_P13497_v6	afdb_Q9UMR5_v6	1.149E-01	2.801E-01	3.238E-01	0.007	11
afdb_P13497_v6	afdb_Q945K2_v6	1.557E-01	2.390E-01	2.746E-01	0.011	15
afdb_P13497_v6	afdb_P00800_v6	1.536E-01	2.389E-01	2.675E-01	0.011	15
afdb_P13497_v6	afdb_P0A9P4_v6	1.197E-01	2.731E-01	2.803E-01	0.007	11
afdb_P13497_v6	afdb_Q7ZAG8_v6	1.348E-01	2.562E-01	2.804E-01	0.009	13
afdb_P13497_v6	afdb_P24474_v6	1.569E-01	2.343E-01	2.383E-01	0.011	15
afdb_P13497_v6	afdb_Q9L9D7_v6	1.543E-01	2.319E-01	2.610E-01	0.011	15
afdb_P13497_v6	afdb_O33199_v6	8.525E-02	3.005E-01	3.317E-01	0.000	8
afdb_P13497_v6	afdb_Q56839_v6	1.471E-01	2.385E-01	2.499E-01	0.010	14
afdb_P13497_v6	afdb_P56216_v6	1.503E-01	2.342E-01	2.384E-01	0.011	15
afdb_P13497_v6	afdb_P05414_v6	1.267E-01	2.565E-01	2.637E-01	0.008	12
afdb_P13497_v6	afdb_P08373_v6	1.178E-01	2.625E-01	2.657E-01	0.007	11
afdb_P13497_v6	afdb_P00918_v6	1.012E-01	2.775E-01	2.946E-01	0.000	10
afdb_P13497_v6	afdb_Q02899_v6	1.252E-01	2.469E-01	2.645E-01	0.008	12
afdb_P13497_v6	afdb_P45478_v6	1.079E-01	2.606E-01	2.785E-01	0.000	10
afdb_P13497_v6	afdb_P83788_v6	1.251E-01	2.402E-01	2.485E-01	0.008	12
afdb_P13497_v6	afdb_P06621_v6	1.229E-01	2.407E-01	3.569E-01	0.008	12
afdb_P13497_v6	afdb_P22637_v6	1.419E-01	2.212E-01	2.490E-01	0.010	14
afdb_P13497_v6	afdb_P83686_v6	1.006E-01	2.616E-01	2.785E-01	0.000	10
afdb_P13497_v6	afdb_P08165_v6	1.325E-01	2.220E-01	2.469E-01	0.009	13
afdb_P13497_v6	afdb_Q9NPB1_v6	8.727E-02	2.669E-01	2.739E-01	0.000	8
afdb_P13497_v6	afdb_P09598_v6	9.925E-02	2.457E-01	2.649E-01	0.000	9
afdb_P13497_v6	afdb_P13717_v6	9.307E-02	2.501E-01	2.637E-01	0.000	9
afdb_P13497_v6	afdb_P22266_v6	1.070E-01	2.299E-01	2.497E-01	0.000	10
afdb_P13497_v6	afdb_O13297_v6	1.297E-01	2.012E-01	2.295E-01	0.008	12
afdb_Q07356_v6	afdb_P40859_v6	4.702E-01	6.524E-01	6.953E-01	0.382	47
afdb_Q07356_v6	afdb_P80324_v6	4.489E-01	6.532E-01	6.624E-01	0.301	44
afdb_Q07356_v6	afdb_Q945K2_v6	4.415E-01	4.434E-01	4.626E-01	0.301	44
afdb_Q07356_v6	afdb_P22637_v6	4.342E-01	4.433E-01	5.110E-01	0.277	43
afdb_Q07356_v6	afdb_P0A9P4_v6	3.346E-01	5.419E-01	5.511E-01	0.116	33
afdb_Q07356_v6	afdb_P10902_v6	4.196E-01	4.372E-01	5.498E-01	0.233	41
afdb_Q07356_v6	afdb_Q9AGP8_v6	4.709E-01	3.342E-01	6.637E-01	0.382	47
afdb_Q07356_v6	afdb_Q7ZAG8_v6	3.084E-01	4.060E-01	4.764E-01	0.090	30
afdb_Q07356_v6	afdb_P37062_v6	3.156E-01	3.837E-01	5.060E-01	0.098	31
afdb_Q07356_v6	afdb_P08165_v6	3.147E-01	3.554E-01	3.986E-01	0.098	31
afdb_Q07356_v6	afdb_P00392_v6	3.255E-01	3.279E-01	4.790E-01	0.106	32
afdb_Q07356_v6	afdb_Q56839_v6	3.131E-01	3.343E-01	4.706E-01	0.098	31
afdb_Q07356_v6	afdb_P24630_v6	2.866E-01	3.476E-01	3.615E-01	0.076	28
afdb_Q07356_v6	afdb_Q3HWU8_v6	2.278E-01	3.906E-01	4.074E-01	0.040	22
afdb_Q07356_v6	afdb_P12995_v6	2.711E-01	3.289E-01	3.413E-01	0.063	26
afdb_Q07356_v6	afdb_Q9L9D7_v6	2.979E-01	2.948E-01	3.301E-01	0.082	29
afdb_Q07356_v6	afdb_P42593_v6	3.178E-01	2.742E-01	3.310E-01	0.098	31
afdb_Q07356_v6	afdb_O59791_v6	2.359E-01	3.518E-01	3.624E-01	0.045	23
afdb_Q07356_v6	afdb_P16099_v6	3.233E-01	2.600E-01	3.350E-01	0.106	32
afdb_Q07356_v6	afdb_Q28943_v6	3.615E-01	2.183E-01	4.104E-01	0.150	36
afdb_Q07356_v6	afdb_Q6YBS3_v6	3.001E-01	2.742E-01	3.341E-01	0.090	30
afdb_Q07356_v6	afdb_P83788_v6	2.544E-01	3.158E-01	3.255E-01	0.057	25
afdb_Q07356_v6	afdb_Q02899_v6	2.477E-01	3.178E-01	3.437E-01	0.051	24
afdb_Q07356_v6	afdb_P04042_v6	2.290E-01	3.345E-01	3.589E-01	0.040	22
afdb_Q07356_v6	afdb_P77444_v6	2.470E-01	3.144E-01	3.224E-01	0.051	24
afdb_Q07356_v6	afdb_P08473_v6	3.089E-01	2.514E-01	3.479E-01	0.090	30
afdb_Q07356_v6	afdb_P0A1E3_v6	2.244E-01	3.327E-01	3.593E-01	0.040	22
afdb_Q07356_v6	afdb_P0AB77_v6	2.426E-01	3.103E-01	3.256E-01	0.051	24
afdb_Q07356_v6	afdb_P00914_v6	2.565E-01	2.924E-01	3.061E-01	0.057	25
afdb_Q07356_v6	afdb_Q06241_v6	1.724E-01	3.744E-01	3.911E-01	0.016	17
afdb_Q07356_v6	afdb_P28796_v6	2.548E-01	2.922E-01	3.086E-01	0.057	25
afdb_Q07356_v6	afdb_P06621_v6	2.410E-01	3.042E-01	3.341E-01	0.051	24
afdb_Q07356_v6	afdb_Q75WN8_v6	2.024E-01	3.361E-01	3.474E-01	0.029	20
afdb_Q07356_v6	afdb_P22266_v6	2.157E-01	3.149E-01	3.420E-01	0.034	21
afdb_Q07356_v6	afdb_P71119_v6	1.733E-01	3.560E-01	3.613E-01	0.016	17
afdb_Q07356_v6	afdb_P0A6G7_v6	1.664E-01	3.583E-01	3.644E-01	0.014	16
afdb_Q07356_v6	afdb_Q7SID9_v6	2.593E-01	2.611E-01	2.992E-01	0.057	25
afdb_Q07356_v6	afdb_P21836_v6	2.674E-01	2.531E-01	3.008E-01	0.063	26
afdb_Q07356_v6	afdb_P00800_v6	2.547E-01	2.607E-01	2.901E-01	0.057	25
afdb_Q07356_v6	afdb_P21327_v6	2.236E-01	2.902E-01	2.990E-01	0.040	22
afdb_Q07356_v6	afdb_P00396_v6	2.475E-01	2.649E-01	2.652E-01	0.051	24
afdb_Q07356_v6	afdb_P24474_v6	2.563E-01	2.557E-01	2.700E-01	0.057	25
afdb_Q07356_v6	afdb_Q9FEW9_v6	2.199E-01	2.871E-01	3.164E-01	0.034	21
afdb_Q07356_v6	afdb_P05414_v6	2.123E-01	2.922E-01	2.990E-01	0.034	21
afdb_Q07356_v6	afdb_P09030_v6	1.832E-01	3.173E-01	3.508E-01	0.020	18
afdb_Q07356_v6	afdb_Q6LZM9_v6	2.247E-01	2.712E-01	2.866E-01	0.040	22
afdb_Q07356_v6	afdb_P06721_v6	2.166E-01	2.792E-01	2.858E-01	0.034	21
afdb_Q07356_v6	afdb_Q29460_v6	1.644E-01	3.310E-01	3.891E-01	0.014	16
afdb_Q07356_v6	afdb_Q00441_v6	2.168E-01	2.781E-01	2.881E-01	0.034	21
afdb_Q07356_v6	afdb_P00935_v6	2.129E-01	2.805E-01	2.916E-01	0.034	21
afdb_Q07356_v6	afdb_P23295_v6	2.153E-01	2.767E-01	2.872E-01	0.034	21
afdb_Q07356_v6	afdb_P39377_v6	2.117E-01	2.783E-01	2.985E-01	0.034	21
afdb_Q07356_v6	afdb_Q16775_v6	1.913E-01	2.985E-01	3.210E-01	0.024	19
afdb_Q07356_v6	afdb_P25910_v6	1.740E-01	3.138E-01	3.270E-01	0.016	17
afdb_Q07356_v6	afdb_O13297_v6	2.406E-01	2.460E-01	3.150E-01	0.051	24
afdb_Q07356_v6	afdb_P45478_v6	1.877E-01	2.952E-01	3.366E-01	0.020	18
afdb_Q07356_v6	afdb_A0A0C6DRW4_v6	2.155E-01	2.673E-01	2.733E-01	0.034	21
afdb_Q07356_v6	afdb_P52700_v6	1.842E-01	2.978E-01	3.128E-01	0.020	18
afdb_Q07356_v6	afdb_P09598_v6	1.807E-01	3.009E-01	3.429E-01	0.016	17
afdb_Q07356_v6	afdb_P08373_v6	1.982E-01	2.832E-01	3.017E-01	0.024	19
afdb_Q07356_v6	afdb_Q6UV28_v6	1.304E-01	3.506E-01	3.927E-01	0.009	13
afdb_Q07356_v6	afdb_P30850_v6	2.518E-01	2.283E-01	2.900E-01	0.057	25
afdb_Q07356_v6	afdb_P18314_v6	2.391E-01	2.388E-01	2.829E-01	0.045	23
afdb_Q07356_v6	afdb_P00175_v6	2.409E-01	2.339E-01	2.781E-01	0.051	24
afdb_Q07356_v6	afdb_P00388_v6	2.526E-01	2.209E-01	2.590E-01	0.057	25
afdb_Q07356_v6	afdb_P05725_v6	1.326E-01	3.402E-01	4.189E-01	0.009	13
afdb_Q07356_v6	afdb_P08148_v6	2.414E-01	2.314E-01	2.530E-01	0.051	24
afdb_Q07356_v6	afdb_Q01693_v6	2.262E-01	2.450E-01	2.714E-01	0.040	22
afdb_Q07356_v6	afdb_P56216_v6	2.318E-01	2.337E-01	2.599E-01	0.045	23
afdb_Q07356_v6	afdb_Q50925_v6	2.327E-01	2.315E-01	3.079E-01	0.045	23
afdb_Q07356_v6	afdb_P00592_v6	1.250E-01	3.373E-01	3.576E-01	0.008	12
afdb_Q07356_v6	afdb_P04190_v6	1.621E-01	2.914E-01	3.361E-01	0.014	16
afdb_Q07356_v6	afdb_P00777_v6	1.762E-01	2.768E-01	2.977E-01	0.016	17
afdb_Q07356_v6	afdb_P81054_v6	1.892E-01	2.645E-01	2.751E-01	0.020	18
afdb_Q07356_v6	afdb_P43099_v6	2.477E-01	2.057E-01	2.699E-01	0.051	24
afdb_Q07356_v6	afdb_P12821_v6	2.958E-01	1.571E-01	3.185E-01	0.082	29
afdb_Q07356_v6	afdb_P15289_v6	2.165E-01	2.341E-01	2.852E-01	0.034	21
afdb_Q07356_v6	afdb_Q9UMR5_v6	1.738E-01	2.734E-01	3.217E-01	0.016	17
afdb_Q07356_v6	afdb_P21179_v6	2.403E-01	1.955E-01	2.779E-01	0.051	24
afdb_Q07356_v6	afdb_P15917_v6	2.349E-01	1.774E-01	2.959E-01	0.045	23
afdb_Q07356_v6	afdb_P55038_v6	2.774E-01	1.278E-01	3.324E-01	0.069	27
afdb_Q07356_v6	afdb_Q05755_v6	2.741E-01	1.277E-01	2.922E-01	0.069	27
afdb_Q10N21_v6	afdb_P48534_v6	9.977E-01	9.977E-01	1.002E+00	0.999	99
afdb_Q10N21_v6	afdb_Q05769_v6	4.908E-01	2.384E-01	4.923E-01	0.442	49
afdb_Q10N21_v6	afdb_P09598_v6	3.617E-01	3.308E-01	4.097E-01	0.150	36
afdb_Q10N21_v6	afdb_P71119_v6	3.122E-01	3.471E-01	4.066E-01	0.098	31
afdb_Q10N21_v6	afdb_O58727_v6	2.858E-01	3.589E-01	3.602E-01	0.076	28
afdb_Q10N21_v6	afdb_Q3HWU8_v6	3.220E-01	3.015E-01	3.684E-01	0.106	32
afdb_Q10N21_v6	afdb_P16444_v6	3.632E-01	2.494E-01	3.923E-01	0.150	36
afdb_Q10N21_v6	afdb_P03958_v6	3.433E-01	2.689E-01	3.442E-01	0.126	34
afdb_Q10N21_v6	afdb_P53608_v6	3.238E-01	2.839E-01	3.334E-01	0.106	32
afdb_Q10N21_v6	afdb_P05414_v6	3.471E-01	2.606E-01	3.815E-01	0.126	34
afdb_Q10N21_v6	afdb_P00489_v6	4.306E-01	1.738E-01	4.394E-01	0.277	43
afdb_Q10N21_v6	afdb_Q06241_v6	2.799E-01	3.244E-01	3.266E-01	0.069	27
afdb_Q10N21_v6	afdb_P25910_v6	2.974E-01	2.983E-01	3.279E-01	0.082	29
afdb_Q10N21_v6	afdb_P39377_v6	3.409E-01	2.457E-01	3.730E-01	0.126	34
afdb_Q10N21_v6	afdb_Q9UMR5_v6	3.102E-01	2.713E-01	3.217E-01	0.098	31
afdb_Q10N21_v6	afdb_O59791_v6	3.129E-01	2.663E-01	3.232E-01	0.098	31
afdb_Q10N21_v6	afdb_A0A0C6DRW4_v6	3.401E-01	2.362E-01	3.753E-01	0.126	34
afdb_Q10N21_v6	afdb_P52700_v6	3.008E-01	2.710E-01	3.599E-01	0.090	30
afdb_Q10N21_v6	afdb_Q00441_v6	3.357E-01	2.351E-01	3.463E-01	0.116	33
afdb_Q10N21_v6	afdb_P09184_v6	2.346E-01	3.217E-01	3.421E-01	0.045	23
afdb_Q10N21_v6	afdb_P46076_v6	3.068E-01	2.481E-01	3.157E-01	0.090	30
afdb_Q10N21_v6	afdb_Q6UV28_v6	2.272E-01	3.252E-01	3.777E-01	0.040	22
afdb_Q10N21_v6	afdb_P24630_v6	3.294E-01	2.224E-01	3.330E-01	0.106	32
afdb_Q10N21_v6	afdb_Q12178_v6	2.260E-01	3.212E-01	3.779E-01	0.040	22
afdb_Q10N21_v6	afdb_P00800_v6	3.518E-01	1.923E-01	3.654E-01	0.138	35
afdb_Q10N21_v6	afdb_P77444_v6	3.160E-01	2.220E-01	3.441E-01	0.098	31
afdb_Q10N21_v6	afdb_P00396_v6	3.342E-01	2.013E-01	3.436E-01	0.116	33
afdb_Q10N21_v6	afdb_P24474_v6	3.450E-01	1.870E-01	3.558E-01	0.126	34
afdb_Q10N21_v6	afdb_P00935_v6	3.067E-01	2.249E-01	3.189E-01	0.090	30
afdb_Q10N21_v6	afdb_P18314_v6	3.421E-01	1.875E-01	3.501E-01	0.126	34
afdb_Q10N21_v6	afdb_P00175_v6	3.416E-01	1.851E-01	3.490E-01	0.126	34
afdb_Q10N21_v6	afdb_P30122_v6	3.437E-01	1.791E-01	3.579E-01	0.126	34
afdb_Q10N21_v6	afdb_Q7SID9_v6	3.338E-01	1.879E-01	3.520E-01	0.116	33
afdb_Q10N21_v6	afdb_P22266_v6	2.879E-01	2.293E-01	3.072E-01	0.076	28
afdb_Q10N21_v6	afdb_P28796_v6	3.133E-01	2.003E-01	3.262E-01	0.098	31
afdb_Q10N21_v6	afdb_P56216_v6	3.256E-01	1.841E-01	3.427E-01	0.106	32
afdb_Q10N21_v6	afdb_P12995_v6	3.031E-01	2.039E-01	3.237E-01	0.090	30
afdb_Q10N21_v6	afdb_P23295_v6	2.951E-01	2.140E-01	2.998E-01	0.082	29
afdb_Q10N21_v6	afdb_Q9FEW9_v6	2.896E-01	2.125E-01	3.216E-01	0.076	28
afdb_Q10N21_v6	afdb_P00860_v6	2.984E-01	1.953E-01	3.109E-01	0.082	29
afdb_Q10N21_v6	afdb_P21836_v6	3.213E-01	1.691E-01	3.329E-01	0.106	32
afdb_Q10N21_v6	afdb_O16025_v6	3.591E-01	1.197E-01	3.621E-01	0.138	35
afdb_Q10N21_v6	afdb_P14779_v6	3.585E-01	1.186E-01	4.132E-01	0.138	35
afdb_Q10N21_v6	afdb_P16099_v6	3.223E-01	1.463E-01	3.263E-01	0.106	32
afdb_Q10N21_v6	afdb_P42593_v6	3.097E-01	1.488E-01	3.139E-01	0.090	30
afdb_Q10N21_v6	afdb_P30850_v6	3.012E-01	1.513E-01	3.183E-01	0.090	30
afdb_Q10N21_v6	afdb_P00388_v6	2.974E-01	1.435E-01	3.055E-01	0.082	29
afdb_Q10N21_v6	afdb_P09883_v6	2.789E-01	1.518E-01	2.912E-01	0.069	27
afdb_Q10N21_v6	afdb_P08473_v6	2.946E-01	1.361E-01	3.156E-01	0.082	29
afdb_Q10N21_v6	afdb_Q05755_v6	3.402E-01	8.569E-02	3.653E-01	0.126	34
afdb_Q10N21_v6	afdb_P12821_v6	3.255E-01	8.559E-02	3.421E-01	0.106	32
afdb_Q27487_v6	afdb_P21179_v6	9.486E-01	6.346E-01	9.617E-01	0.998	94
afdb_Q27487_v6	afdb_O16025_v6	5.237E-01	2.559E-01	7.034E-01	0.537	52
afdb_Q27487_v6	afdb_P15289_v6	2.921E-01	2.891E-01	3.218E-01	0.082	29
afdb_Q27487_v6	afdb_A0A0C6DRW4_v6	2.658E-01	3.015E-01	3.082E-01	0.063	26
afdb_Q27487_v6	afdb_P10902_v6	2.892E-01	2.735E-01	2.938E-01	0.076	28
afdb_Q27487_v6	afdb_P00918_v6	2.059E-01	3.286E-01	3.386E-01	0.029	20
afdb_Q27487_v6	afdb_P25910_v6	1.989E-01	3.357E-01	3.398E-01	0.024	19
afdb_Q27487_v6	afdb_P27170_v6	2.340E-01	2.983E-01	3.269E-01	0.045	23
afdb_Q27487_v6	afdb_Q00017_v6	1.985E-01	3.301E-01	3.338E-01	0.024	19
afdb_Q27487_v6	afdb_P04190_v6	1.986E-01	3.247E-01	3.472E-01	0.024	19
afdb_Q27487_v6	afdb_P0CE47_v6	2.381E-01	2.837E-01	3.025E-01	0.045	23
afdb_Q27487_v6	afdb_Q6YBS3_v6	2.753E-01	2.318E-01	3.013E-01	0.069	27
afdb_Q27487_v6	afdb_Q02899_v6	2.323E-01	2.732E-01	3.100E-01	0.045	23
afdb_Q27487_v6	afdb_P05521_v6	2.031E-01	2.949E-01	3.121E-01	0.029	20
afdb_Q27487_v6	afdb_Q9AGP8_v6	2.924E-01	2.036E-01	2.998E-01	0.082	29
afdb_Q27487_v6	afdb_Q7SID9_v6	2.563E-01	2.362E-01	3.037E-01	0.057	25
afdb_Q27487_v6	afdb_Q75WN8_v6	1.952E-01	2.948E-01	3.005E-01	0.024	19
afdb_Q27487_v6	afdb_P77444_v6	2.265E-01	2.623E-01	3.049E-01	0.040	22
afdb_Q27487_v6	afdb_P29183_v6	2.374E-01	2.507E-01	2.821E-01	0.045	23
afdb_Q27487_v6	afdb_P13717_v6	1.905E-01	2.974E-01	3.050E-01	0.020	18
afdb_Q27487_v6	afdb_Q945K2_v6	2.542E-01	2.341E-01	3.037E-01	0.057	25
afdb_Q27487_v6	afdb_P00644_v6	1.761E-01	3.090E-01	3.163E-01	0.016	17
afdb_Q27487_v6	afdb_P00388_v6	2.697E-01	2.150E-01	2.701E-01	0.063	26
afdb_Q27487_v6	afdb_Q12178_v6	1.462E-01	3.365E-01	3.405E-01	0.010	14
afdb_Q27487_v6	afdb_P00914_v6	2.354E-01	2.449E-01	2.585E-01	0.045	23
afdb_Q27487_v6	afdb_Q01693_v6	2.402E-01	2.389E-01	2.602E-01	0.051	24
afdb_Q27487_v6	afdb_P42593_v6	2.647E-01	2.149E-01	2.677E-01	0.063	26
afdb_Q27487_v6	afdb_P00639_v6	1.872E-01	2.851E-01	3.056E-01	0.020	18
afdb_Q27487_v6	afdb_P16444_v6	2.202E-01	2.515E-01	2.870E-01	0.034	21
afdb_Q27487_v6	afdb_P06621_v6	2.192E-01	2.518E-01	2.816E-01	0.034	21
afdb_Q27487_v6	afdb_Q56839_v6	2.389E-01	2.317E-01	2.730E-01	0.045	23
afdb_Q27487_v6	afdb_P05414_v6	2.104E-01	2.604E-01	2.776E-01	0.029	20
afdb_Q27487_v6	afdb_O58727_v6	1.526E-01	3.155E-01	3.629E-01	0.011	15
afdb_Q27487_v6	afdb_P00800_v6	2.418E-01	2.259E-01	2.911E-01	0.051	24
afdb_Q27487_v6	afdb_P00455_v6	2.082E-01	2.589E-01	2.788E-01	0.029	20
afdb_Q27487_v6	afdb_Q6UV28_v6	1.361E-01	3.287E-01	3.547E-01	0.009	13
afdb_Q27487_v6	afdb_P28305_v6	1.793E-01	2.779E-01	3.381E-01	0.016	17
afdb_Q27487_v6	afdb_P09030_v6	1.791E-01	2.775E-01	2.810E-01	0.016	17
afdb_Q27487_v6	afdb_P30850_v6	2.488E-01	2.085E-01	2.763E-01	0.051	24
afdb_Q27487_v6	afdb_P05725_v6	1.397E-01	3.146E-01	3.618E-01	0.009	13
afdb_Q27487_v6	afdb_P08473_v6	2.594E-01	1.922E-01	2.626E-01	0.057	25
afdb_Q27487_v6	afdb_Q8RB32_v6	1.696E-01	2.816E-01	3.125E-01	0.014	16
afdb_Q27487_v6	afdb_P19938_v6	1.787E-01	2.693E-01	3.153E-01	0.016	17
afdb_Q27487_v6	afdb_P52700_v6	1.821E-01	2.655E-01	2.836E-01	0.020	18
afdb_Q27487_v6	afdb_Q9FEW9_v6	2.061E-01	2.422E-01	2.638E-01	0.029	20
afdb_Q27487_v6	afdb_P0A6C1_v6	1.796E-01	2.676E-01	2.917E-01	0.016	17
afdb_Q27487_v6	afdb_P37062_v6	2.144E-01	2.315E-01	2.798E-01	0.034	21
afdb_Q27487_v6	afdb_P56218_v6	1.774E-01	2.673E-01	2.911E-01	0.016	17
afdb_Q27487_v6	afdb_P0A6T5_v6	1.618E-01	2.803E-01	3.078E-01	0.014	16
afdb_Q27487_v6	afdb_P15917_v6	2.594E-01	1.820E-01	2.916E-01	0.057	25
afdb_Q27487_v6	afdb_P00489_v6	2.613E-01	1.756E-01	2.641E-01	0.063	26
afdb_Q27487_v6	afdb_P14779_v6	2.769E-01	1.596E-01	2.873E-01	0.069	27
afdb_Q27487_v6	afdb_Q05755_v6	3.068E-01	1.283E-01	3.073E-01	0.090	30
afdb_Q27487_v6	afdb_Q16775_v6	1.806E-01	2.535E-01	2.875E-01	0.020	18
afdb_Q27487_v6	afdb_P09883_v6	2.274E-01	2.040E-01	2.420E-01	0.040	22
afdb_Q27487_v6	afdb_P81054_v6	1.892E-01	2.419E-01	2.694E-01	0.020	18
afdb_Q27487_v6	afdb_P27487_v6	2.462E-01	1.827E-01	2.809E-01	0.051	24
afdb_Q27487_v6	afdb_P12821_v6	2.870E-01	1.343E-01	3.510E-01	0.076	28
afdb_Q27487_v6	afdb_F8W4B7_v6	2.680E-01	1.472E-01	3.041E-01	0.063	26
afdb_Q27487_v6	afdb_O13297_v6	2.114E-01	1.974E-01	3.174E-01	0.034	21
afdb_Q27487_v6	afdb_P00777_v6	1.645E-01	2.398E-01	3.083E-01	0.014	16
afdb_Q5D1E8_v6	afdb_Q58989_v6	1.817E-01	4.368E-01	5.311E-01	0.020	18
afdb_Q5D1E8_v6	afdb_O58727_v6	1.701E-01	4.303E-01	4.694E-01	0.014	16
afdb_Q5D1E8_v6	afdb_Q9NPB1_v6	1.811E-01	4.010E-01	4.023E-01	0.020	18
afdb_Q5D1E8_v6	afdb_Q00017_v6	1.811E-01	3.470E-01	3.497E-01	0.020	18
afdb_Q5D1E8_v6	afdb_P83772_v6	1.710E-01	3.392E-01	3.799E-01	0.016	17
afdb_Q5D1E8_v6	afdb_P37957_v6	1.514E-01	3.451E-01	4.057E-01	0.011	15
afdb_Q5D1E8_v6	afdb_Q29460_v6	1.556E-01	3.341E-01	4.055E-01	0.011	15
afdb_Q5D1E8_v6	afdb_P03958_v6	1.934E-01	2.936E-01	4.930E-01	0.024	19
afdb_Q5D1E8_v6	afdb_P83686_v6	1.633E-01	3.191E-01	5.418E-01	0.014	16
afdb_Q5D1E8_v6	afdb_P21179_v6	2.618E-01	2.189E-01	4.400E-01	0.063	26
afdb_Q5D1E8_v6	afdb_P00914_v6	2.179E-01	2.629E-01	2.840E-01	0.034	21
afdb_Q5D1E8_v6	afdb_P04042_v6	1.835E-01	2.895E-01	3.401E-01	0.020	18
afdb_Q5D1E8_v6	afdb_O59791_v6	1.746E-01	2.978E-01	3.683E-01	0.016	17
afdb_Q5D1E8_v6	afdb_P80324_v6	1.864E-01	2.835E-01	5.276E-01	0.020	18
afdb_Q5D1E8_v6	afdb_P45478_v6	1.752E-01	2.950E-01	4.236E-01	0.016	17
afdb_Q5D1E8_v6	afdb_P37062_v6	2.064E-01	2.618E-01	2.685E-01	0.029	20
afdb_Q5D1E8_v6	afdb_Q9UMR5_v6	1.684E-01	2.998E-01	3.472E-01	0.014	16
afdb_Q5D1E8_v6	afdb_Q8RB32_v6	1.532E-01	3.099E-01	4.104E-01	0.011	15
afdb_Q5D1E8_v6	afdb_P05414_v6	1.863E-01	2.760E-01	3.222E-01	0.020	18
afdb_Q5D1E8_v6	afdb_P12995_v6	2.023E-01	2.598E-01	3.285E-01	0.029	20
afdb_Q5D1E8_v6	afdb_P16932_v6	2.011E-01	2.567E-01	3.192E-01	0.029	20
afdb_Q5D1E8_v6	afdb_P39377_v6	1.906E-01	2.649E-01	4.388E-01	0.024	19
afdb_Q5D1E8_v6	afdb_P0A1E3_v6	1.695E-01	2.850E-01	3.460E-01	0.014	16
afdb_Q5D1E8_v6	afdb_P28796_v6	2.063E-01	2.474E-01	3.072E-01	0.029	20
afdb_Q5D1E8_v6	afdb_Q7ZAG8_v6	1.916E-01	2.602E-01	2.712E-01	0.024	19
afdb_Q5D1E8_v6	afdb_Q16775_v6	1.703E-01	2.807E-01	3.148E-01	0.016	17
afdb_Q5D1E8_v6	afdb_P0A9P4_v6	1.689E-01	2.824E-01	3.494E-01	0.014	16
afdb_Q5D1E8_v6	afdb_P05521_v6	1.677E-01	2.840E-01	3.081E-01	0.014	16
afdb_Q5D1E8_v6	afdb_P25910_v6	1.525E-01	2.965E-01	3.378E-01	0.011	15
afdb_Q5D1E8_v6	afdb_P16099_v6	2.392E-01	2.066E-01	2.782E-01	0.045	23
afdb_Q5D1E8_v6	afdb_P00639_v6	1.623E-01	2.840E-01	3.845E-01	0.014	16
afdb_Q5D1E8_v6	afdb_P04190_v6	1.538E-01	2.915E-01	3.400E-01	0.011	15
afdb_Q5D1E8_v6	afdb_P53608_v6	1.604E-01	2.847E-01	4.239E-01	0.014	16
afdb_Q5D1E8_v6	afdb_P08819_v6	1.958E-01	2.485E-01	3.516E-01	0.024	19
afdb_Q5D1E8_v6	afdb_Q6LZM9_v6	1.945E-01	2.453E-01	3.425E-01	0.024	19
afdb_Q5D1E8_v6	afdb_P00392_v6	2.127E-01	2.242E-01	2.586E-01	0.034	21
afdb_Q5D1E8_v6	afdb_P77444_v6	1.866E-01	2.454E-01	2.941E-01	0.020	18
afdb_Q5D1E8_v6	afdb_P15289_v6	1.987E-01	2.260E-01	2.458E-01	0.024	19
afdb_Q5D1E8_v6	afdb_Q9AGP8_v6	2.379E-01	1.859E-01	3.220E-01	0.045	23
afdb_Q5D1E8_v6	afdb_Q6YBS3_v6	2.154E-01	2.057E-01	2.347E-01	0.034	21
afdb_Q5D1E8_v6	afdb_P28305_v6	1.510E-01	2.693E-01	2.830E-01	0.011	15
afdb_Q5D1E8_v6	afdb_P42593_v6	2.184E-01	2.008E-01	2.897E-01	0.034	21
afdb_Q5D1E8_v6	afdb_P09184_v6	1.059E-01	3.098E-01	3.400E-01	0.000	10
afdb_Q5D1E8_v6	afdb_P19938_v6	1.509E-01	2.627E-01	2.841E-01	0.011	15
afdb_Q5D1E8_v6	afdb_Q02899_v6	1.749E-01	2.351E-01	2.516E-01	0.016	17
afdb_Q5D1E8_v6	afdb_P00935_v6	1.705E-01	2.379E-01	2.792E-01	0.016	17
afdb_Q5D1E8_v6	afdb_Q56839_v6	1.943E-01	2.139E-01	2.498E-01	0.024	19
afdb_Q5D1E8_v6	afdb_P14779_v6	2.462E-01	1.610E-01	2.680E-01	0.051	24
afdb_Q5D1E8_v6	afdb_Q01693_v6	1.916E-01	2.157E-01	3.049E-01	0.024	19
afdb_Q5D1E8_v6	afdb_P0CE47_v6	1.693E-01	2.329E-01	2.515E-01	0.014	16
afdb_Q5D1E8_v6	afdb_F8W4B7_v6	2.444E-01	1.549E-01	2.549E-01	0.051	24
afdb_Q5D1E8_v6	afdb_Q9XBQ8_v6	1.728E-01	2.256E-01	3.681E-01	0.016	17
afdb_Q5D1E8_v6	afdb_P08165_v6	1.840E-01	2.132E-01	2.160E-01	0.020	18
afdb_Q5D1E8_v6	afdb_A0A0C6DRW4_v6	1.717E-01	2.253E-01	2.274E-01	0.016	17
afdb_Q5D1E8_v6	afdb_P00777_v6	1.465E-01	2.454E-01	2.944E-01	0.010	14
afdb_Q5D1E8_v6	afdb_P48534_v6	1.318E-01	2.579E-01	3.017E-01	0.009	13
afdb_Q5D1E8_v6	afdb_P00388_v6	2.031E-01	1.861E-01	2.099E-01	0.029	20
afdb_Q5D1E8_v6	afdb_P71119_v6	1.243E-01	2.626E-01	2.725E-01	0.008	12
afdb_Q5D1E8_v6	afdb_P09598_v6	1.388E-01	2.475E-01	2.952E-01	0.009	13
afdb_Q5D1E8_v6	afdb_P40859_v6	1.608E-01	2.214E-01	2.410E-01	0.014	16
afdb_Q5D1E8_v6	afdb_Q9FEW9_v6	1.600E-01	2.193E-01	3.439E-01	0.011	15
afdb_Q5D1E8_v6	afdb_P24630_v6	1.668E-01	2.127E-01	2.541E-01	0.014	16
afdb_Q5D1E8_v6	afdb_Q28943_v6	2.254E-01	1.550E-01	2.366E-01	0.040	22
afdb_Q5D1E8_v6	afdb_P55038_v6	2.545E-01	1.172E-01	2.918E-01	0.057	25
afdb_Q5D1E8_v6	afdb_P21327_v6	1.569E-01	2.141E-01	2.291E-01	0.011	15
afdb_Q5D1E8_v6	afdb_P00489_v6	2.103E-01	1.588E-01	3.194E-01	0.034	21
afdb_Q5D1E8_v6	afdb_P0A6K3_v6	1.032E-01	2.643E-01	2.785E-01	0.000	10
afdb_Q5D1E8_v6	afdb_Q7SID9_v6	1.782E-01	1.864E-01	2.067E-01	0.016	17
afdb_Q5D1E8_v6	afdb_P16444_v6	1.553E-01	2.080E-01	2.198E-01	0.011	15
afdb_Q5D1E8_v6	afdb_P0A6C1_v6	1.349E-01	2.269E-01	2.620E-01	0.009	13
afdb_Q5D1E8_v6	afdb_P37967_v6	1.619E-01	1.872E-01	1.889E-01	0.014	16
afdb_Q5D1E8_v6	afdb_P24474_v6	1.692E-01	1.756E-01	2.802E-01	0.014	16
afdb_Q5D1E8_v6	afdb_Q05755_v6	2.312E-01	1.131E-01	2.382E-01	0.045	23
afdb_Q5D1E8_v6	afdb_Q945K2_v6	1.676E-01	1.756E-01	2.946E-01	0.014	16
afdb_Q5D1E8_v6	afdb_P00800_v6	1.645E-01	1.754E-01	1.792E-01	0.014	16
afdb_Q5D1E8_v6	afdb_Q06241_v6	1.071E-01	2.311E-01	2.569E-01	0.000	10
afdb_Q5D1E8_v6	afdb_P06621_v6	1.462E-01	1.899E-01	3.296E-01	0.010	14
afdb_Q5D1E8_v6	afdb_P00860_v6	1.515E-01	1.834E-01	2.170E-01	0.011	15
afdb_Q5D1E8_v6	afdb_P0AB77_v6	1.399E-01	1.901E-01	2.321E-01	0.009	13
afdb_Q5D1E8_v6	afdb_P22394_v6	1.568E-01	1.639E-01	1.835E-01	0.011	15
afdb_Q5D1E8_v6	afdb_P81054_v6	1.280E-01	1.894E-01	1.981E-01	0.008	12
afdb_Q63707_v6	afdb_P05414_v6	5.688E-01	6.045E-01	6.149E-01	0.663	56
afdb_Q63707_v6	afdb_Q02899_v6	5.531E-01	5.470E-01	6.246E-01	0.632	55
afdb_Q63707_v6	afdb_Q9FEW9_v6	5.472E-01	5.460E-01	6.962E-01	0.601	54
afdb_Q63707_v6	afdb_Q8RB32_v6	4.222E-01	6.378E-01	6.398E-01	0.254	42
afdb_Q63707_v6	afdb_Q28943_v6	7.324E-01	2.972E-01	7.659E-01	0.956	73
afdb_Q63707_v6	afdb_P0A6C1_v6	4.364E-01	5.679E-01	5.841E-01	0.277	43
afdb_Q63707_v6	afdb_P00175_v6	5.855E-01	4.073E-01	6.088E-01	0.720	58
afdb_Q63707_v6	afdb_P16444_v6	4.887E-01	4.728E-01	5.806E-01	0.411	48
afdb_Q63707_v6	afdb_P03958_v6	4.569E-01	5.009E-01	5.307E-01	0.326	45
afdb_Q63707_v6	afdb_P39377_v6	4.682E-01	4.731E-01	5.595E-01	0.353	46
afdb_Q63707_v6	afdb_P42593_v6	5.527E-01	3.440E-01	6.932E-01	0.632	55
afdb_Q63707_v6	afdb_P16099_v6	5.593E-01	3.207E-01	7.089E-01	0.632	55
afdb_Q63707_v6	afdb_Q9XBQ8_v6	4.306E-01	4.129E-01	5.789E-01	0.277	43
afdb_Q63707_v6	afdb_P00860_v6	4.395E-01	3.887E-01	4.713E-01	0.277	43
afdb_Q63707_v6	afdb_Q00017_v6	3.162E-01	4.496E-01	4.735E-01	0.098	31
afdb_Q63707_v6	afdb_Q29460_v6	3.034E-01	4.622E-01	4.842E-01	0.090	30
afdb_Q63707_v6	afdb_P05521_v6	3.438E-01	4.170E-01	4.370E-01	0.126	34
afdb_Q63707_v6	afdb_P53608_v6	3.335E-01	4.052E-01	4.258E-01	0.116	33
afdb_Q63707_v6	afdb_Q05755_v6	5.449E-01	1.591E-01	5.778E-01	0.601	54
afdb_Q63707_v6	afdb_P55038_v6	5.476E-01	1.556E-01	5.793E-01	0.601	54
afdb_Q63707_v6	afdb_Q9UMR5_v6	3.137E-01	3.847E-01	4.616E-01	0.098	31
afdb_Q63707_v6	afdb_P45478_v6	3.128E-01	3.775E-01	4.451E-01	0.098	31
afdb_Q63707_v6	afdb_P0A6G7_v6	2.558E-01	4.308E-01	4.543E-01	0.057	25
afdb_Q63707_v6	afdb_Q12178_v6	2.308E-01	4.537E-01	4.904E-01	0.045	23
afdb_Q63707_v6	afdb_P22394_v6	3.876E-01	2.965E-01	4.785E-01	0.179	38
afdb_Q63707_v6	afdb_Q3HWU8_v6	2.963E-01	3.866E-01	3.907E-01	0.082	29
afdb_Q63707_v6	afdb_P18314_v6	3.852E-01	2.914E-01	4.462E-01	0.179	38
afdb_Q63707_v6	afdb_P37967_v6	3.639E-01	3.116E-01	3.771E-01	0.150	36
afdb_Q63707_v6	afdb_P04042_v6	3.221E-01	3.520E-01	3.868E-01	0.106	32
afdb_Q63707_v6	afdb_P96965_v6	2.921E-01	3.744E-01	3.823E-01	0.082	29
afdb_Q63707_v6	afdb_P52700_v6	2.953E-01	3.704E-01	4.020E-01	0.082	29
afdb_Q63707_v6	afdb_P37957_v6	2.599E-01	4.053E-01	4.467E-01	0.057	25
afdb_Q63707_v6	afdb_P08819_v6	3.425E-01	3.144E-01	3.593E-01	0.126	34
afdb_Q63707_v6	afdb_O58727_v6	2.334E-01	4.182E-01	4.277E-01	0.045	23
afdb_Q63707_v6	afdb_P83772_v6	2.734E-01	3.775E-01	3.784E-01	0.069	27
afdb_Q63707_v6	afdb_P21836_v6	3.791E-01	2.709E-01	4.002E-01	0.164	37
afdb_Q63707_v6	afdb_P22266_v6	3.080E-01	3.421E-01	3.731E-01	0.090	30
afdb_Q63707_v6	afdb_Q58989_v6	2.493E-01	3.960E-01	4.262E-01	0.051	24
afdb_Q63707_v6	afdb_P27170_v6	3.122E-01	3.330E-01	3.597E-01	0.098	31
afdb_Q63707_v6	afdb_Q9NPB1_v6	2.571E-01	3.779E-01	4.215E-01	0.057	25
afdb_Q63707_v6	afdb_P30122_v6	3.636E-01	2.688E-01	3.745E-01	0.150	36
afdb_Q63707_v6	afdb_P24630_v6	3.266E-01	3.044E-01	3.567E-01	0.106	32
afdb_Q63707_v6	afdb_P15289_v6	3.448E-01	2.868E-01	4.182E-01	0.126	34
afdb_Q63707_v6	afdb_Q16775_v6	2.855E-01	3.412E-01	3.774E-01	0.076	28
afdb_Q63707_v6	afdb_Q6LZM9_v6	3.247E-01	3.015E-01	3.433E-01	0.106	32
afdb_Q63707_v6	afdb_P25910_v6	2.623E-01	3.599E-01	3.915E-01	0.063	26
afdb_Q63707_v6	afdb_Q75WN8_v6	2.738E-01	3.438E-01	3.461E-01	0.069	27
afdb_Q63707_v6	afdb_P16932_v6	3.168E-01	2.966E-01	3.800E-01	0.098	31
afdb_Q63707_v6	afdb_P04190_v6	2.611E-01	3.509E-01	3.851E-01	0.063	26
afdb_Q63707_v6	afdb_P12995_v6	3.143E-01	2.963E-01	3.632E-01	0.098	31
afdb_Q63707_v6	afdb_P0AB77_v6	3.059E-01	3.041E-01	4.017E-01	0.090	30
afdb_Q63707_v6	afdb_P00489_v6	3.890E-01	2.197E-01	4.008E-01	0.179	38
afdb_Q63707_v6	afdb_P77444_v6	3.067E-01	3.005E-01	3.755E-01	0.090	30
afdb_Q63707_v6	afdb_P83686_v6	2.649E-01	3.430E-01	3.486E-01	0.063	26
afdb_Q63707_v6	afdb_P0A1E3_v6	2.767E-01	3.196E-01	3.328E-01	0.069	27
afdb_Q63707_v6	afdb_P09184_v6	2.045E-01	3.879E-01	3.909E-01	0.029	20
afdb_Q63707_v6	afdb_O59791_v6	2.748E-01	3.178E-01	3.397E-01	0.069	27
afdb_Q63707_v6	afdb_F8W4B7_v6	4.059E-01	1.832E-01	4.067E-01	0.214	40
afdb_Q63707_v6	afdb_P06621_v6	2.994E-01	2.888E-01	3.270E-01	0.082	29
afdb_Q63707_v6	afdb_P28796_v6	3.120E-01	2.737E-01	3.701E-01	0.098	31
afdb_Q63707_v6	afdb_P46076_v6	2.797E-01	3.036E-01	3.084E-01	0.069	27
afdb_Q63707_v6	afdb_P00935_v6	2.868E-01	2.917E-01	3.733E-01	0.076	28
afdb_Q63707_v6	afdb_P83788_v6	2.945E-01	2.835E-01	3.926E-01	0.082	29
afdb_Q63707_v6	afdb_P0CE47_v6	2.866E-01	2.872E-01	3.879E-01	0.076	28
afdb_Q63707_v6	afdb_Q6YBS3_v6	3.339E-01	2.350E-01	3.389E-01	0.116	33
afdb_Q63707_v6	afdb_P29183_v6	2.995E-01	2.685E-01	3.121E-01	0.082	29
afdb_Q63707_v6	afdb_P27487_v6	3.490E-01	2.135E-01	3.650E-01	0.126	34
afdb_Q63707_v6	afdb_P06721_v6	2.809E-01	2.809E-01	3.573E-01	0.076	28
afdb_Q63707_v6	afdb_P56218_v6	2.525E-01	3.068E-01	3.316E-01	0.057	25
afdb_Q63707_v6	afdb_P00455_v6	2.700E-01	2.830E-01	3.307E-01	0.063	26
afdb_Q63707_v6	afdb_A0A0C6DRW4_v6	2.808E-01	2.708E-01	3.218E-01	0.076	28
afdb_Q63707_v6	afdb_P09598_v6	2.409E-01	3.057E-01	3.306E-01	0.045	23
afdb_Q63707_v6	afdb_P80324_v6	2.657E-01	2.787E-01	3.117E-01	0.063	26
afdb_Q63707_v6	afdb_P00800_v6	3.029E-01	2.394E-01	3.219E-01	0.090	30
afdb_Q63707_v6	afdb_P00396_v6	2.949E-01	2.444E-01	3.201E-01	0.082	29
afdb_Q63707_v6	afdb_Q01693_v6	2.909E-01	2.451E-01	3.177E-01	0.082	29
afdb_Q63707_v6	afdb_P08165_v6	2.887E-01	2.469E-01	3.062E-01	0.076	28
afdb_Q63707_v6	afdb_Q06241_v6	2.006E-01	3.306E-01	3.409E-01	0.029	20
afdb_Q63707_v6	afdb_Q00441_v6	2.671E-01	2.628E-01	2.852E-01	0.063	26
afdb_Q63707_v6	afdb_Q05769_v6	3.050E-01	2.257E-01	3.092E-01	0.090	30
afdb_Q63707_v6	afdb_P0A9P4_v6	2.443E-01	2.836E-01	2.962E-01	0.051	24
afdb_Q63707_v6	afdb_P00914_v6	2.779E-01	2.459E-01	2.929E-01	0.069	27
afdb_Q63707_v6	afdb_P23295_v6	2.589E-01	2.554E-01	2.942E-01	0.057	25
afdb_Q63707_v6	afdb_P10902_v6	2.837E-01	2.237E-01	3.274E-01	0.076	28
afdb_Q63707_v6	afdb_P40859_v6	2.520E-01	2.546E-01	2.832E-01	0.057	25
afdb_Q63707_v6	afdb_P81054_v6	2.419E-01	2.640E-01	2.752E-01	0.051	24
afdb_Q63707_v6	afdb_P21179_v6	3.086E-01	1.937E-01	3.115E-01	0.090	30
afdb_Q63707_v6	afdb_O16025_v6	3.403E-01	1.594E-01	3.509E-01	0.126	34
afdb_Q63707_v6	afdb_Q6UV28_v6	1.598E-01	3.384E-01	3.956E-01	0.011	15
afdb_Q63707_v6	afdb_Q7ZAG8_v6	2.494E-01	2.443E-01	2.627E-01	0.051	24
afdb_Q63707_v6	afdb_P28305_v6	2.138E-01	2.797E-01	2.829E-01	0.034	21
afdb_Q63707_v6	afdb_P19938_v6	2.178E-01	2.738E-01	2.780E-01	0.034	21
afdb_Q63707_v6	afdb_P00388_v6	2.889E-01	1.931E-01	3.168E-01	0.076	28
afdb_Q63707_v6	afdb_Q56839_v6	2.642E-01	2.165E-01	3.131E-01	0.063	26
afdb_Q63707_v6	afdb_P00392_v6	2.666E-01	2.093E-01	2.894E-01	0.063	26
afdb_Q63707_v6	afdb_P43099_v6	2.878E-01	1.791E-01	3.077E-01	0.076	28
afdb_Q63707_v6	afdb_P08473_v6	2.814E-01	1.750E-01	2.850E-01	0.076	28
afdb_Q63707_v6	afdb_P12821_v6	3.224E-01	1.234E-01	3.382E-01	0.106	32
afdb_Q63707_v6	afdb_P00777_v6	1.995E-01	2.432E-01	2.775E-01	0.024	19
afdb_Q63707_v6	afdb_P14779_v6	2.848E-01	1.311E-01	3.634E-01	0.076	28
afdb_Q6P179_v6	afdb_P00800_v6	2.713E-01	4.410E-01	4.903E-01	0.069	27
afdb_Q6P179_v6	afdb_Q9FEW9_v6	2.020E-01	4.039E-01	4.448E-01	0.029	20
afdb_Q6P179_v6	afdb_P14779_v6	3.060E-01	2.867E-01	3.104E-01	0.090	30
afdb_Q6P179_v6	afdb_P16099_v6	2.554E-01	3.135E-01	3.555E-01	0.057	25
afdb_Q6P179_v6	afdb_P27487_v6	2.607E-01	3.080E-01	3.456E-01	0.057	25
afdb_Q6P179_v6	afdb_P00489_v6	2.695E-01	2.962E-01	3.409E-01	0.063	26
afdb_Q6P179_v6	afdb_Q16775_v6	1.625E-01	3.990E-01	4.238E-01	0.014	16
afdb_Q6P179_v6	afdb_Q05755_v6	3.257E-01	2.310E-01	3.556E-01	0.106	32
afdb_Q6P179_v6	afdb_P55038_v6	3.294E-01	2.266E-01	3.557E-01	0.106	32
afdb_Q6P179_v6	afdb_P09030_v6	1.481E-01	4.076E-01	4.554E-01	0.010	14
afdb_Q6P179_v6	afdb_P24630_v6	1.932E-01	3.554E-01	3.750E-01	0.024	19
afdb_Q6P179_v6	afdb_P18314_v6	2.199E-01	3.285E-01	3.507E-01	0.034	21
afdb_Q6P179_v6	afdb_Q6LZM9_v6	1.937E-01	3.537E-01	3.919E-01	0.024	19
afdb_Q6P179_v6	afdb_P39377_v6	1.833E-01	3.602E-01	3.662E-01	0.020	18
afdb_Q6P179_v6	afdb_A0A0C6DRW4_v6	1.864E-01	3.528E-01	3.615E-01	0.020	18
afdb_Q6P179_v6	afdb_P0A6C1_v6	1.526E-01	3.822E-01	3.954E-01	0.011	15
afdb_Q6P179_v6	afdb_P42593_v6	2.313E-01	3.009E-01	3.426E-01	0.040	22
afdb_Q6P179_v6	afdb_P03958_v6	1.684E-01	3.617E-01	4.084E-01	0.014	16
afdb_Q6P179_v6	afdb_P08148_v6	2.156E-01	3.141E-01	3.760E-01	0.034	21
afdb_Q6P179_v6	afdb_P21179_v6	2.395E-01	2.853E-01	2.919E-01	0.045	23
afdb_Q6P179_v6	afdb_P24474_v6	2.114E-01	3.132E-01	3.248E-01	0.034	21
afdb_Q6P179_v6	afdb_P37967_v6	1.966E-01	3.259E-01	3.307E-01	0.024	19
afdb_Q6P179_v6	afdb_Q6YBS3_v6	2.194E-01	2.994E-01	3.171E-01	0.034	21
afdb_Q6P179_v6	afdb_P08165_v6	1.936E-01	3.220E-01	3.566E-01	0.024	19
afdb_Q6P179_v6	afdb_P21836_v6	2.159E-01	2.997E-01	3.229E-01	0.034	21
afdb_Q6P179_v6	afdb_P48534_v6	1.344E-01	3.791E-01	3.827E-01	0.009	13
afdb_Q6P179_v6	afdb_P30122_v6	2.117E-01	3.014E-01	3.060E-01	0.034	21
afdb_Q6P179_v6	afdb_P37062_v6	1.835E-01	3.299E-01	3.333E-01	0.020	18
afdb_Q6P179_v6	afdb_P00396_v6	1.947E-01	3.178E-01	3.433E-01	0.024	19
afdb_Q6P179_v6	afdb_P29183_v6	1.869E-01	3.248E-01	3.253E-01	0.020	18
afdb_Q6P179_v6	afdb_P22637_v6	2.030E-01	3.088E-01	3.184E-01	0.029	20
afdb_Q6P179_v6	afdb_P22394_v6	2.024E-01	3.013E-01	3.155E-01	0.029	20
afdb_Q6P179_v6	afdb_Q28943_v6	2.573E-01	2.449E-01	2.670E-01	0.057	25
afdb_Q6P179_v6	afdb_P08473_v6	2.267E-01	2.746E-01	3.048E-01	0.040	22
afdb_Q6P179_v6	afdb_P00388_v6	2.189E-01	2.827E-01	2.893E-01	0.034	21
afdb_Q6P179_v6	afdb_P52700_v6	1.414E-01	3.588E-01	3.779E-01	0.010	14
afdb_Q6P179_v6	afdb_P05414_v6	1.648E-01	3.354E-01	3.467E-01	0.014	16
afdb_Q6P179_v6	afdb_P16444_v6	1.710E-01	3.272E-01	4.014E-01	0.016	17
afdb_Q6P179_v6	afdb_P08819_v6	1.775E-01	3.204E-01	3.859E-01	0.016	17
afdb_Q6P179_v6	afdb_P00914_v6	1.836E-01	3.124E-01	3.203E-01	0.020	18
afdb_Q6P179_v6	afdb_P04190_v6	1.351E-01	3.606E-01	3.805E-01	0.009	13
afdb_Q6P179_v6	afdb_P00639_v6	1.442E-01	3.515E-01	3.612E-01	0.010	14
afdb_Q6P179_v6	afdb_P10902_v6	1.931E-01	3.015E-01	3.046E-01	0.024	19
afdb_Q6P179_v6	afdb_P27170_v6	1.577E-01	3.339E-01	3.626E-01	0.011	15
afdb_Q6P179_v6	afdb_P05521_v6	1.457E-01	3.451E-01	3.467E-01	0.010	14
afdb_Q6P179_v6	afdb_P0A6G7_v6	1.134E-01	3.767E-01	3.896E-01	0.007	11
afdb_Q6P179_v6	afdb_P83686_v6	1.322E-01	3.575E-01	3.662E-01	0.009	13
afdb_Q6P179_v6	afdb_P00455_v6	1.606E-01	3.286E-01	3.458E-01	0.014	16
afdb_Q6P179_v6	afdb_P12821_v6	2.752E-01	2.119E-01	2.865E-01	0.069	27
afdb_Q6P179_v6	afdb_Q50925_v6	1.944E-01	2.904E-01	3.182E-01	0.024	19
afdb_Q6P179_v6	afdb_Q00017_v6	1.275E-01	3.560E-01	3.669E-01	0.008	12
afdb_Q6P179_v6	afdb_Q3HWU8_v6	1.347E-01	3.483E-01	3.492E-01	0.009	13
afdb_Q6P179_v6	afdb_O16025_v6	2.498E-01	2.317E-01	2.538E-01	0.051	24
afdb_Q6P179_v6	afdb_P43099_v6	2.158E-01	2.638E-01	2.671E-01	0.034	21
afdb_Q6P179_v6	afdb_Q06241_v6	1.127E-01	3.651E-01	3.748E-01	0.007	11
afdb_Q6P179_v6	afdb_P09184_v6	9.481E-02	3.819E-01	3.927E-01	0.000	9
afdb_Q6P179_v6	afdb_P83788_v6	1.623E-01	3.137E-01	3.409E-01	0.014	16
afdb_Q6P179_v6	afdb_Q00441_v6	1.591E-01	3.135E-01	3.140E-01	0.011	15
afdb_Q6P179_v6	afdb_P22266_v6	1.487E-01	3.238E-01	3.669E-01	0.010	14
afdb_Q6P179_v6	afdb_P08373_v6	1.473E-01	3.252E-01	3.394E-01	0.010	14
afdb_Q6P179_v6	afdb_P28796_v6	1.712E-01	2.996E-01	3.332E-01	0.016	17
afdb_Q6P179_v6	afdb_P40859_v6	1.564E-01	3.104E-01	3.167E-01	0.011	15
afdb_Q6P179_v6	afdb_P46076_v6	1.482E-01	3.154E-01	3.191E-01	0.010	14
afdb_Q6P179_v6	afdb_P23295_v6	1.552E-01	3.065E-01	3.201E-01	0.011	15
afdb_Q6P179_v6	afdb_P81054_v6	1.438E-01	3.161E-01	3.259E-01	0.010	14
afdb_Q6P179_v6	afdb_P0A1E3_v6	1.371E-01	3.217E-01	3.258E-01	0.009	13
afdb_Q6P179_v6	afdb_P28305_v6	1.291E-01	3.286E-01	3.327E-01	0.008	12
afdb_Q6P179_v6	afdb_Q9UMR5_v6	1.296E-01	3.272E-01	3.457E-01	0.008	12
afdb_Q6P179_v6	afdb_Q29460_v6	1.099E-01	3.459E-01	4.498E-01	0.000	10
afdb_Q6P179_v6	afdb_P71119_v6	1.081E-01	3.445E-01	3.863E-01	0.000	10
afdb_Q6P179_v6	afdb_P30850_v6	1.909E-01	2.580E-01	3.019E-01	0.024	19
afdb_Q6P179_v6	afdb_P0CE47_v6	1.480E-01	2.935E-01	3.021E-01	0.010	14
afdb_Q6P179_v6	afdb_P09598_v6	1.222E-01	3.183E-01	3.456E-01	0.008	12
afdb_Q6P179_v6	afdb_P35049_v6	1.135E-01	3.214E-01	3.400E-01	0.007	11
afdb_Q6P179_v6	afdb_P00918_v6	1.145E-01	3.183E-01	3.192E-01	0.007	11
afdb_Q6P179_v6	afdb_P09883_v6	1.763E-01	2.562E-01	2.877E-01	0.016	17
afdb_Q6P179_v6	afdb_P15917_v6	2.021E-01	2.292E-01	2.439E-01	0.029	20
afdb_Q6P179_v6	afdb_Q6UV28_v6	7.734E-02	3.510E-01	4.007E-01	0.000	7
afdb_Q6P179_v6	afdb_O59791_v6	1.320E-01	2.946E-01	3.056E-01	0.009	13
afdb_Q6P179_v6	afdb_O13297_v6	1.642E-01	2.529E-01	2.592E-01	0.014	16
afdb_Q6P179_v6	afdb_P83772_v6	1.173E-01	2.999E-01	3.336E-01	0.007	11
afdb_Q6P179_v6	afdb_P00766_v6	1.006E-01	2.811E-01	2.826E-01	0.000	10
afdb_Q6P179_v6	afdb_P00777_v6	1.104E-01	2.624E-01	2.920E-01	0.000	10
afdb_Q840P9_v6	afdb_P25910_v6	7.922E-01	8.407E-01	9.066E-01	0.981	79
afdb_Q840P9_v6	afdb_P04190_v6	7.833E-01	8.068E-01	9.246E-01	0.978	78
afdb_Q840P9_v6	afdb_P52700_v6	6.762E-01	6.232E-01	7.678E-01	0.900	67
afdb_Q840P9_v6	afdb_Q16775_v6	6.368E-01	5.572E-01	7.377E-01	0.837	63
afdb_Q840P9_v6	afdb_O59791_v6	3.933E-01	3.400E-01	4.260E-01	0.196	39
afdb_Q840P9_v6	afdb_P0A6C1_v6	3.640E-01	3.461E-01	4.032E-01	0.150	36
afdb_Q840P9_v6	afdb_P05521_v6	3.728E-01	3.358E-01	4.274E-01	0.164	37
afdb_Q840P9_v6	afdb_P13717_v6	3.510E-01	3.502E-01	3.700E-01	0.138	35
afdb_Q840P9_v6	afdb_P83686_v6	3.522E-01	3.460E-01	3.938E-01	0.138	35
afdb_Q840P9_v6	afdb_P09030_v6	3.502E-01	3.472E-01	4.383E-01	0.138	35
afdb_Q840P9_v6	afdb_P00639_v6	3.554E-01	3.392E-01	4.083E-01	0.138	35
afdb_Q840P9_v6	afdb_P27170_v6	3.849E-01	3.096E-01	4.363E-01	0.179	38
afdb_Q840P9_v6	afdb_Q9FEW9_v6	3.988E-01	2.932E-01	4.374E-01	0.196	39
afdb_Q840P9_v6	afdb_P0A1E3_v6	3.705E-01	3.227E-01	4.133E-01	0.164	37
afdb_Q840P9_v6	afdb_Q12178_v6	2.765E-01	3.992E-01	4.113E-01	0.069	27
afdb_Q840P9_v6	afdb_P00455_v6	3.758E-01	2.958E-01	4.019E-01	0.164	37
afdb_Q840P9_v6	afdb_Q8RB32_v6	3.249E-01	3.442E-01	3.698E-01	0.106	32
afdb_Q840P9_v6	afdb_P96965_v6	3.358E-01	3.223E-01	3.985E-01	0.116	33
afdb_Q840P9_v6	afdb_Q02899_v6	3.780E-01	2.784E-01	4.130E-01	0.164	37
afdb_Q840P9_v6	afdb_Q3HWU8_v6	3.286E-01	3.193E-01	3.858E-01	0.106	32
afdb_Q840P9_v6	afdb_P83772_v6	3.206E-01	3.249E-01	3.777E-01	0.106	32
afdb_Q840P9_v6	afdb_Q75WN8_v6	3.285E-01	3.124E-01	4.103E-01	0.106	32
afdb_Q840P9_v6	afdb_P05725_v6	2.629E-01	3.703E-01	4.061E-01	0.063	26
afdb_Q840P9_v6	afdb_P04042_v6	3.467E-01	2.853E-01	3.854E-01	0.126	34
afdb_Q840P9_v6	afdb_P00935_v6	3.580E-01	2.707E-01	4.287E-01	0.138	35
afdb_Q840P9_v6	afdb_P08819_v6	3.719E-01	2.532E-01	4.316E-01	0.164	37
afdb_Q840P9_v6	afdb_P80324_v6	3.488E-01	2.747E-01	3.941E-01	0.126	34
afdb_Q840P9_v6	afdb_Q6LZM9_v6	3.675E-01	2.533E-01	3.850E-01	0.150	36
afdb_Q840P9_v6	afdb_P05414_v6	3.469E-01	2.730E-01	3.853E-01	0.126	34
afdb_Q840P9_v6	afdb_P06721_v6	3.540E-01	2.650E-01	3.709E-01	0.138	35
afdb_Q840P9_v6	afdb_O58727_v6	2.709E-01	3.477E-01	3.536E-01	0.069	27
afdb_Q840P9_v6	afdb_Q58989_v6	2.826E-01	3.325E-01	3.878E-01	0.076	28
afdb_Q840P9_v6	afdb_P12995_v6	3.606E-01	2.539E-01	3.806E-01	0.150	36
afdb_Q840P9_v6	afdb_A0A0C6DRW4_v6	3.534E-01	2.584E-01	3.847E-01	0.138	35
afdb_Q840P9_v6	afdb_Q9UMR5_v6	3.195E-01	2.908E-01	4.206E-01	0.098	31
afdb_Q840P9_v6	afdb_Q00017_v6	2.984E-01	3.095E-01	3.284E-01	0.082	29
afdb_Q840P9_v6	afdb_P39377_v6	3.456E-01	2.619E-01	4.073E-01	0.126	34
afdb_Q840P9_v6	afdb_P0A9P4_v6	3.233E-01	2.806E-01	3.547E-01	0.106	32
afdb_Q840P9_v6	afdb_Q9XBQ8_v6	3.483E-01	2.548E-01	3.897E-01	0.126	34
afdb_Q840P9_v6	afdb_P21836_v6	3.934E-01	2.068E-01	4.304E-01	0.196	39
afdb_Q840P9_v6	afdb_P0A6G7_v6	2.725E-01	3.269E-01	4.465E-01	0.069	27
afdb_Q840P9_v6	afdb_P22394_v6	3.796E-01	2.151E-01	4.146E-01	0.164	37
afdb_Q840P9_v6	afdb_P15289_v6	3.667E-01	2.277E-01	3.983E-01	0.150	36
afdb_Q840P9_v6	afdb_Q6UV28_v6	2.356E-01	3.542E-01	3.654E-01	0.045	23
afdb_Q840P9_v6	afdb_P45478_v6	3.099E-01	2.794E-01	3.991E-01	0.090	30
afdb_Q840P9_v6	afdb_P16932_v6	3.493E-01	2.379E-01	3.908E-01	0.126	34
afdb_Q840P9_v6	afdb_P22266_v6	3.213E-01	2.660E-01	3.496E-01	0.106	32
afdb_Q840P9_v6	afdb_P09184_v6	2.365E-01	3.505E-01	3.893E-01	0.045	23
afdb_Q840P9_v6	afdb_Q29460_v6	2.798E-01	3.072E-01	3.465E-01	0.069	27
afdb_Q840P9_v6	afdb_P0AB77_v6	3.365E-01	2.482E-01	3.946E-01	0.116	33
afdb_Q840P9_v6	afdb_Q7SID9_v6	3.710E-01	2.103E-01	3.996E-01	0.164	37
afdb_Q840P9_v6	afdb_P28796_v6	3.526E-01	2.283E-01	3.849E-01	0.138	35
afdb_Q840P9_v6	afdb_P24630_v6	3.395E-01	2.383E-01	3.604E-01	0.116	33
afdb_Q840P9_v6	afdb_P18314_v6	3.658E-01	2.092E-01	4.054E-01	0.150	36
afdb_Q840P9_v6	afdb_P16099_v6	3.976E-01	1.770E-01	4.304E-01	0.196	39
afdb_Q840P9_v6	afdb_P35049_v6	2.814E-01	2.938E-01	3.227E-01	0.076	28
afdb_Q840P9_v6	afdb_P24474_v6	3.639E-01	2.099E-01	3.864E-01	0.150	36
afdb_Q840P9_v6	afdb_P29183_v6	3.426E-01	2.291E-01	3.822E-01	0.126	34
afdb_Q840P9_v6	afdb_P40859_v6	3.235E-01	2.437E-01	3.533E-01	0.106	32
afdb_Q840P9_v6	afdb_P83788_v6	3.272E-01	2.380E-01	3.445E-01	0.106	32
afdb_Q840P9_v6	afdb_P43099_v6	3.868E-01	1.771E-01	4.035E-01	0.179	38
afdb_Q840P9_v6	afdb_P0A6T5_v6	2.652E-01	2.981E-01	3.242E-01	0.063	26
afdb_Q840P9_v6	afdb_P00766_v6	2.724E-01	2.872E-01	3.207E-01	0.069	27
afdb_Q840P9_v6	afdb_P37062_v6	3.322E-01	2.251E-01	3.605E-01	0.116	33
afdb_Q840P9_v6	afdb_Q9L9D7_v6	3.592E-01	1.978E-01	3.874E-01	0.138	35
afdb_Q840P9_v6	afdb_P08165_v6	3.413E-01	2.143E-01	3.845E-01	0.126	34
afdb_Q840P9_v6	afdb_P00800_v6	3.537E-01	2.011E-01	3.722E-01	0.138	35
afdb_Q840P9_v6	afdb_Q6YBS3_v6	3.644E-01	1.872E-01	3.654E-01	0.150	36
afdb_Q840P9_v6	afdb_P00388_v6	3.692E-01	1.812E-01	3.981E-01	0.150	36
afdb_Q840P9_v6	afdb_Q00441_v6	3.155E-01	2.366E-01	3.503E-01	0.098	31
afdb_Q840P9_v6	afdb_P03007_v6	2.664E-01	2.833E-01	3.778E-01	0.063	26
afdb_Q840P9_v6	afdb_P00175_v6	3.536E-01	1.949E-01	3.867E-01	0.138	35
afdb_Q840P9_v6	afdb_P46076_v6	3.015E-01	2.470E-01	3.139E-01	0.090	30
afdb_Q840P9_v6	afdb_Q56839_v6	3.371E-01	2.054E-01	3.543E-01	0.116	33
afdb_Q840P9_v6	afdb_Q7ZAG8_v6	3.134E-01	2.286E-01	3.422E-01	0.098	31
afdb_Q840P9_v6	afdb_P77444_v6	3.147E-01	2.263E-01	3.654E-01	0.098	31
afdb_Q840P9_v6	afdb_P19938_v6	2.742E-01	2.625E-01	3.080E-01	0.069	27
afdb_Q840P9_v6	afdb_P40881_v6	2.599E-01	2.723E-01	2.887E-01	0.057	25
afdb_Q840P9_v6	afdb_P00644_v6	2.519E-01	2.777E-01	3.327E-01	0.057	25
afdb_Q840P9_v6	afdb_P00489_v6	3.791E-01	1.501E-01	3.926E-01	0.164	37
afdb_Q840P9_v6	afdb_P42593_v6	3.501E-01	1.778E-01	3.698E-01	0.138	35
afdb_Q840P9_v6	afdb_P06621_v6	3.000E-01	2.205E-01	3.439E-01	0.090	30
afdb_Q840P9_v6	afdb_P09598_v6	2.661E-01	2.536E-01	2.971E-01	0.063	26
afdb_Q840P9_v6	afdb_P00392_v6	3.314E-01	1.872E-01	3.552E-01	0.116	33
afdb_Q840P9_v6	afdb_P00914_v6	3.145E-01	2.030E-01	3.630E-01	0.098	31
afdb_Q840P9_v6	afdb_Q01693_v6	3.156E-01	2.006E-01	3.297E-01	0.098	31
afdb_Q840P9_v6	afdb_P0A6K3_v6	2.207E-01	2.930E-01	2.996E-01	0.040	22
afdb_Q840P9_v6	afdb_P81054_v6	2.810E-01	2.334E-01	2.992E-01	0.076	28
afdb_Q840P9_v6	afdb_P27487_v6	3.519E-01	1.610E-01	3.693E-01	0.138	35
afdb_Q840P9_v6	afdb_P00777_v6	2.644E-01	2.434E-01	3.573E-01	0.063	26
afdb_Q840P9_v6	afdb_P22637_v6	3.146E-01	1.873E-01	3.319E-01	0.098	31
afdb_Q840P9_v6	afdb_O33199_v6	2.314E-01	2.699E-01	2.908E-01	0.045	23
afdb_Q840P9_v6	afdb_P28305_v6	2.489E-01	2.469E-01	2.631E-01	0.051	24
afdb_Q840P9_v6	afdb_P30850_v6	3.213E-01	1.663E-01	3.502E-01	0.106	32
afdb_Q840P9_v6	afdb_P21179_v6	3.232E-01	1.525E-01	3.379E-01	0.106	32
afdb_Q840P9_v6	afdb_Q28943_v6	3.518E-01	1.226E-01	3.654E-01	0.138	35
afdb_Q840P9_v6	afdb_P14779_v6	3.443E-01	1.161E-01	3.791E-01	0.126	34
afdb_Q840P9_v6	afdb_Q9AGP8_v6	3.224E-01	1.365E-01	3.389E-01	0.106	32
afdb_Q840P9_v6	afdb_P12821_v6	2.701E-01	7.765E-02	2.943E-01	0.069	27
afdb_Q8GXR9_v6	afdb_Q7ZAG8_v6	6.120E-01	7.591E-01	7.761E-01	0.795	61
afdb_Q8GXR9_v6	afdb_P0A9P4_v6	5.242E-01	8.182E-01	8.300E-01	0.537	52
afdb_Q8GXR9_v6	afdb_P37062_v6	6.098E-01	7.015E-01	7.891E-01	0.772	60
afdb_Q8GXR9_v6	afdb_Q56839_v6	6.035E-01	5.993E-01	7.085E-01	0.772	60
afdb_Q8GXR9_v6	afdb_P00392_v6	5.922E-01	5.514E-01	6.692E-01	0.747	59
afdb_Q8GXR9_v6	afdb_P08165_v6	4.947E-01	5.183E-01	5.905E-01	0.442	49
afdb_Q8GXR9_v6	afdb_Q28943_v6	5.603E-01	3.032E-01	5.612E-01	0.663	56
afdb_Q8GXR9_v6	afdb_P42593_v6	4.651E-01	3.677E-01	5.566E-01	0.353	46
afdb_Q8GXR9_v6	afdb_P16099_v6	4.712E-01	3.469E-01	5.441E-01	0.382	47
afdb_Q8GXR9_v6	afdb_P10902_v6	3.863E-01	3.740E-01	5.172E-01	0.179	38
afdb_Q8GXR9_v6	afdb_Q945K2_v6	3.884E-01	3.639E-01	4.444E-01	0.179	38
afdb_Q8GXR9_v6	afdb_P40859_v6	3.166E-01	4.038E-01	4.233E-01	0.098	31
afdb_Q8GXR9_v6	afdb_P22637_v6	3.608E-01	3.423E-01	4.870E-01	0.150	36
afdb_Q8GXR9_v6	afdb_P80324_v6	2.879E-01	3.827E-01	3.931E-01	0.076	28
afdb_Q8GXR9_v6	afdb_P0A1E3_v6	2.651E-01	3.854E-01	3.990E-01	0.063	26
afdb_Q8GXR9_v6	afdb_P05521_v6	2.565E-01	3.823E-01	3.887E-01	0.057	25
afdb_Q8GXR9_v6	afdb_O59791_v6	2.569E-01	3.776E-01	3.873E-01	0.057	25
afdb_Q8GXR9_v6	afdb_Q3HWU8_v6	2.398E-01	3.819E-01	3.847E-01	0.045	23
afdb_Q8GXR9_v6	afdb_P27170_v6	2.680E-01	3.513E-01	3.834E-01	0.063	26
afdb_Q8GXR9_v6	afdb_Q02899_v6	2.734E-01	3.310E-01	3.430E-01	0.069	27
afdb_Q8GXR9_v6	afdb_O58727_v6	1.774E-01	4.252E-01	5.532E-01	0.016	17
afdb_Q8GXR9_v6	afdb_Q12178_v6	1.656E-01	4.290E-01	4.928E-01	0.014	16
afdb_Q8GXR9_v6	afdb_Q58989_v6	1.984E-01	3.895E-01	4.210E-01	0.024	19
afdb_Q8GXR9_v6	afdb_P08819_v6	2.734E-01	3.041E-01	3.154E-01	0.069	27
afdb_Q8GXR9_v6	afdb_P77444_v6	2.600E-01	3.101E-01	3.297E-01	0.057	25
afdb_Q8GXR9_v6	afdb_P0AB77_v6	2.564E-01	3.120E-01	3.427E-01	0.057	25
afdb_Q8GXR9_v6	afdb_P28796_v6	2.735E-01	2.943E-01	3.151E-01	0.069	27
afdb_Q8GXR9_v6	afdb_Q9NPB1_v6	1.920E-01	3.748E-01	3.866E-01	0.024	19
afdb_Q8GXR9_v6	afdb_P24630_v6	2.642E-01	3.000E-01	3.379E-01	0.063	26
afdb_Q8GXR9_v6	afdb_P00396_v6	2.803E-01	2.820E-01	3.093E-01	0.076	28
afdb_Q8GXR9_v6	afdb_P22266_v6	2.361E-01	3.244E-01	3.563E-01	0.045	23
afdb_Q8GXR9_v6	afdb_P05414_v6	2.457E-01	3.145E-01	3.368E-01	0.051	24
afdb_Q8GXR9_v6	afdb_Q9FEW9_v6	2.554E-01	3.070E-01	3.101E-01	0.057	25
afdb_Q8GXR9_v6	afdb_P06621_v6	2.552E-01	3.001E-01	3.281E-01	0.057	25
afdb_Q8GXR9_v6	afdb_P22394_v6	2.858E-01	2.692E-01	3.246E-01	0.076	28
afdb_Q8GXR9_v6	afdb_P52700_v6	2.172E-01	3.366E-01	3.553E-01	0.034	21
afdb_Q8GXR9_v6	afdb_Q6YBS3_v6	2.942E-01	2.532E-01	3.309E-01	0.082	29
afdb_Q8GXR9_v6	afdb_P83772_v6	2.077E-01	3.399E-01	3.527E-01	0.029	20
afdb_Q8GXR9_v6	afdb_P45478_v6	2.185E-01	3.256E-01	3.516E-01	0.034	21
afdb_Q8GXR9_v6	afdb_P15289_v6	2.688E-01	2.733E-01	3.136E-01	0.063	26
afdb_Q8GXR9_v6	afdb_P83686_v6	2.024E-01	3.396E-01	3.821E-01	0.029	20
afdb_Q8GXR9_v6	afdb_Q75WN8_v6	2.136E-01	3.278E-01	3.357E-01	0.034	21
afdb_Q8GXR9_v6	afdb_P12995_v6	2.510E-01	2.867E-01	3.191E-01	0.051	24
afdb_Q8GXR9_v6	afdb_P96965_v6	2.102E-01	3.275E-01	3.436E-01	0.029	20
afdb_Q8GXR9_v6	afdb_P83788_v6	2.464E-01	2.897E-01	3.131E-01	0.051	24
afdb_Q8GXR9_v6	afdb_P21836_v6	2.815E-01	2.486E-01	3.203E-01	0.076	28
afdb_Q8GXR9_v6	afdb_Q9UMR5_v6	2.125E-01	3.162E-01	3.435E-01	0.034	21
afdb_Q8GXR9_v6	afdb_Q00017_v6	1.934E-01	3.328E-01	3.751E-01	0.024	19
afdb_Q8GXR9_v6	afdb_P37957_v6	1.760E-01	3.484E-01	3.952E-01	0.016	17
afdb_Q8GXR9_v6	afdb_P25910_v6	1.910E-01	3.313E-01	3.409E-01	0.024	19
afdb_Q8GXR9_v6	afdb_P00800_v6	2.625E-01	2.523E-01	2.768E-01	0.063	26
afdb_Q8GXR9_v6	afdb_P08373_v6	2.176E-01	2.936E-01	3.158E-01	0.034	21
afdb_Q8GXR9_v6	afdb_P09030_v6	1.956E-01	3.160E-01	3.241E-01	0.024	19
afdb_Q8GXR9_v6	afdb_P00175_v6	2.675E-01	2.424E-01	2.976E-01	0.063	26
afdb_Q8GXR9_v6	afdb_Q16775_v6	2.043E-01	3.048E-01	3.185E-01	0.029	20
afdb_Q8GXR9_v6	afdb_Q7SID9_v6	2.614E-01	2.469E-01	2.813E-01	0.063	26
afdb_Q8GXR9_v6	afdb_P53608_v6	2.031E-01	3.049E-01	3.381E-01	0.029	20
afdb_Q8GXR9_v6	afdb_P00914_v6	2.452E-01	2.625E-01	3.293E-01	0.051	24
afdb_Q8GXR9_v6	afdb_Q00441_v6	2.321E-01	2.752E-01	2.955E-01	0.045	23
afdb_Q8GXR9_v6	afdb_P00935_v6	2.252E-01	2.808E-01	3.052E-01	0.040	22
afdb_Q8GXR9_v6	afdb_P00639_v6	1.970E-01	3.086E-01	3.237E-01	0.024	19
afdb_Q8GXR9_v6	afdb_P09598_v6	1.950E-01	3.059E-01	3.478E-01	0.024	19
afdb_Q8GXR9_v6	afdb_P04190_v6	1.850E-01	3.157E-01	4.113E-01	0.020	18
afdb_Q8GXR9_v6	afdb_Q29460_v6	1.755E-01	3.163E-01	3.214E-01	0.016	17
afdb_Q8GXR9_v6	afdb_P00388_v6	2.695E-01	2.194E-01	3.511E-01	0.063	26
afdb_Q8GXR9_v6	afdb_Q9AGP8_v6	2.857E-01	2.014E-01	3.432E-01	0.076	28
afdb_Q8GXR9_v6	afdb_P0A6T5_v6	1.726E-01	3.130E-01	3.205E-01	0.016	17
afdb_Q8GXR9_v6	afdb_P00860_v6	2.320E-01	2.515E-01	2.676E-01	0.045	23
afdb_Q8GXR9_v6	afdb_P04042_v6	2.043E-01	2.764E-01	3.190E-01	0.029	20
afdb_Q8GXR9_v6	afdb_P00489_v6	2.820E-01	1.979E-01	3.209E-01	0.076	28
afdb_Q8GXR9_v6	afdb_P15917_v6	2.794E-01	2.004E-01	3.093E-01	0.069	27
afdb_Q8GXR9_v6	afdb_Q6LZM9_v6	2.226E-01	2.551E-01	2.895E-01	0.040	22
afdb_Q8GXR9_v6	afdb_P08148_v6	2.512E-01	2.259E-01	3.156E-01	0.057	25
afdb_Q8GXR9_v6	afdb_P30850_v6	2.575E-01	2.179E-01	2.598E-01	0.057	25
afdb_Q8GXR9_v6	afdb_P21327_v6	2.151E-01	2.577E-01	2.622E-01	0.034	21
afdb_Q8GXR9_v6	afdb_P39377_v6	2.108E-01	2.575E-01	2.858E-01	0.034	21
afdb_Q8GXR9_v6	afdb_P19938_v6	1.836E-01	2.846E-01	2.920E-01	0.020	18
afdb_Q8GXR9_v6	afdb_P06721_v6	2.117E-01	2.564E-01	2.904E-01	0.034	21
afdb_Q8GXR9_v6	afdb_O33199_v6	1.584E-01	3.072E-01	3.172E-01	0.011	15
afdb_Q8GXR9_v6	afdb_P55038_v6	3.259E-01	1.383E-01	3.281E-01	0.106	32
afdb_Q8GXR9_v6	afdb_P29183_v6	2.215E-01	2.413E-01	2.678E-01	0.040	22
afdb_Q8GXR9_v6	afdb_P0A6C1_v6	1.820E-01	2.786E-01	2.861E-01	0.020	18
afdb_Q8GXR9_v6	afdb_P09184_v6	1.355E-01	3.216E-01	3.288E-01	0.009	13
afdb_Q8GXR9_v6	afdb_P0CE47_v6	2.061E-01	2.503E-01	2.662E-01	0.029	20
afdb_Q8GXR9_v6	afdb_P23295_v6	2.083E-01	2.471E-01	2.508E-01	0.029	20
afdb_Q8GXR9_v6	afdb_P0A6K3_v6	1.387E-01	3.137E-01	3.408E-01	0.009	13
afdb_Q8GXR9_v6	afdb_P00766_v6	1.656E-01	2.839E-01	3.023E-01	0.014	16
afdb_Q8GXR9_v6	afdb_Q05755_v6	3.115E-01	1.373E-01	3.120E-01	0.098	31
afdb_Q8GXR9_v6	afdb_P56216_v6	2.299E-01	2.178E-01	2.738E-01	0.040	22
afdb_Q8GXR9_v6	afdb_P03958_v6	1.905E-01	2.482E-01	2.673E-01	0.024	19
afdb_Q8GXR9_v6	afdb_P28305_v6	1.670E-01	2.669E-01	2.782E-01	0.014	16
afdb_Q8GXR9_v6	afdb_P40881_v6	1.515E-01	2.666E-01	2.847E-01	0.011	15
afdb_Q8GXR9_v6	afdb_P21179_v6	2.368E-01	1.814E-01	2.610E-01	0.045	23
afdb_Q8GXR9_v6	afdb_P00777_v6	1.701E-01	2.479E-01	2.758E-01	0.014	16
afdb_Q8GXR9_v6	afdb_Q50925_v6	2.158E-01	2.011E-01	2.462E-01	0.034	21
afdb_Q8GXR9_v6	afdb_P14779_v6	2.586E-01	1.510E-01	2.887E-01	0.057	25
afdb_Q8GXR9_v6	afdb_P09883_v6	2.008E-01	1.845E-01	2.082E-01	0.029	20
afdb_Q8GXR9_v6	afdb_P12821_v6	2.478E-01	1.220E-01	2.568E-01	0.051	24
afdb_Q8WU10_v6	afdb_P37062_v6	6.957E-01	7.724E-01	7.855E-01	0.923	69
afdb_Q8WU10_v6	afdb_P0A9P4_v6	5.123E-01	7.730E-01	7.842E-01	0.505	51
afdb_Q8WU10_v6	afdb_Q56839_v6	6.304E-01	6.055E-01	6.549E-01	0.837	63
afdb_Q8WU10_v6	afdb_P00392_v6	6.435E-01	5.791E-01	6.902E-01	0.855	64
afdb_Q8WU10_v6	afdb_Q7ZAG8_v6	5.498E-01	6.581E-01	7.022E-01	0.601	54
afdb_Q8WU10_v6	afdb_P08165_v6	4.840E-01	4.909E-01	6.054E-01	0.411	48
afdb_Q8WU10_v6	afdb_P10902_v6	4.203E-01	3.930E-01	4.814E-01	0.254	42
afdb_Q8WU10_v6	afdb_P42593_v6	4.233E-01	3.221E-01	6.766E-01	0.254	42
afdb_Q8WU10_v6	afdb_Q28943_v6	4.878E-01	2.531E-01	5.730E-01	0.411	48
afdb_Q8WU10_v6	afdb_P40859_v6	3.294E-01	4.066E-01	4.163E-01	0.106	32
afdb_Q8WU10_v6	afdb_P22637_v6	3.768E-01	3.462E-01	4.602E-01	0.164	37
afdb_Q8WU10_v6	afdb_Q945K2_v6	3.762E-01	3.400E-01	4.589E-01	0.164	37
afdb_Q8WU10_v6	afdb_P80324_v6	3.087E-01	3.991E-01	4.109E-01	0.090	30
afdb_Q8WU10_v6	afdb_P0A1E3_v6	2.804E-01	3.942E-01	4.054E-01	0.069	27
afdb_Q8WU10_v6	afdb_Q9AGP8_v6	4.012E-01	2.656E-01	4.076E-01	0.214	40
afdb_Q8WU10_v6	afdb_O59791_v6	2.774E-01	3.855E-01	3.926E-01	0.069	27
afdb_Q8WU10_v6	afdb_P28796_v6	2.966E-01	3.110E-01	3.260E-01	0.082	29
afdb_Q8WU10_v6	afdb_Q6LZM9_v6	2.852E-01	3.152E-01	3.296E-01	0.076	28
afdb_Q8WU10_v6	afdb_P16932_v6	2.840E-01	3.147E-01	3.303E-01	0.076	28
afdb_Q8WU10_v6	afdb_P08819_v6	2.825E-01	3.068E-01	3.396E-01	0.076	28
afdb_Q8WU10_v6	afdb_P0AB77_v6	2.694E-01	3.165E-01	3.478E-01	0.063	26
afdb_Q8WU10_v6	afdb_P06721_v6	2.654E-01	3.134E-01	3.224E-01	0.063	26
afdb_Q8WU10_v6	afdb_P29183_v6	2.758E-01	2.926E-01	2.991E-01	0.069	27
afdb_Q8WU10_v6	afdb_P77444_v6	2.613E-01	3.022E-01	3.070E-01	0.063	26
afdb_Q8WU10_v6	afdb_P83686_v6	2.094E-01	3.480E-01	3.837E-01	0.029	20
afdb_Q8WU10_v6	afdb_O58727_v6	1.716E-01	3.846E-01	3.861E-01	0.016	17
afdb_Q8WU10_v6	afdb_P00489_v6	3.297E-01	2.233E-01	3.318E-01	0.106	32
afdb_Q8WU10_v6	afdb_P52700_v6	2.191E-01	3.289E-01	3.674E-01	0.034	21
afdb_Q8WU10_v6	afdb_Q9NPB1_v6	1.992E-01	3.429E-01	3.445E-01	0.024	19
afdb_Q8WU10_v6	afdb_P25910_v6	2.009E-01	3.410E-01	3.666E-01	0.029	20
afdb_Q8WU10_v6	afdb_P00800_v6	2.774E-01	2.597E-01	2.929E-01	0.069	27
afdb_Q8WU10_v6	afdb_P16099_v6	3.042E-01	2.322E-01	3.105E-01	0.090	30
afdb_Q8WU10_v6	afdb_P23295_v6	2.496E-01	2.878E-01	2.883E-01	0.051	24
afdb_Q8WU10_v6	afdb_Q05755_v6	3.726E-01	1.590E-01	3.801E-01	0.164	37
afdb_Q8WU10_v6	afdb_Q00441_v6	2.469E-01	2.854E-01	2.856E-01	0.051	24
afdb_Q8WU10_v6	afdb_P04190_v6	1.998E-01	3.294E-01	3.622E-01	0.024	19
afdb_Q8WU10_v6	afdb_P0CE47_v6	2.413E-01	2.863E-01	2.867E-01	0.051	24
afdb_Q8WU10_v6	afdb_P08373_v6	2.259E-01	2.945E-01	3.091E-01	0.040	22
afdb_Q8WU10_v6	afdb_P00914_v6	2.537E-01	2.638E-01	2.805E-01	0.057	25
afdb_Q8WU10_v6	afdb_P56216_v6	2.670E-01	2.460E-01	2.851E-01	0.063	26
afdb_Q8WU10_v6	afdb_A0A0C6DRW4_v6	2.378E-01	2.700E-01	2.878E-01	0.045	23
afdb_Q8WU10_v6	afdb_Q58989_v6	1.772E-01	3.288E-01	3.396E-01	0.016	17
afdb_Q8WU10_v6	afdb_P30850_v6	2.726E-01	2.269E-01	2.770E-01	0.069	27
afdb_Q8WU10_v6	afdb_P24474_v6	2.594E-01	2.361E-01	2.843E-01	0.057	25
afdb_Q8WU10_v6	afdb_Q8RB32_v6	1.747E-01	3.163E-01	3.769E-01	0.016	17
afdb_Q8WU10_v6	afdb_P14779_v6	3.118E-01	1.739E-01	3.260E-01	0.098	31
afdb_Q8WU10_v6	afdb_P04042_v6	2.111E-01	2.699E-01	3.172E-01	0.029	20
afdb_Q8WU10_v6	afdb_P81054_v6	2.076E-01	2.697E-01	2.901E-01	0.029	20
afdb_Q8WU10_v6	afdb_P00777_v6	1.951E-01	2.818E-01	3.372E-01	0.024	19
afdb_Q8WU10_v6	afdb_P09184_v6	1.385E-01	3.378E-01	3.634E-01	0.009	13
afdb_Q8WU10_v6	afdb_O33199_v6	1.658E-01	3.094E-01	3.185E-01	0.014	16
afdb_Q8WU10_v6	afdb_P37957_v6	1.568E-01	3.140E-01	3.879E-01	0.011	15
afdb_Q8WU10_v6	afdb_P27170_v6	1.996E-01	2.544E-01	2.893E-01	0.024	19
afdb_Q8WU10_v6	afdb_P19938_v6	1.819E-01	2.681E-01	2.894E-01	0.020	18
afdb_Q8WU10_v6	afdb_P00455_v6	1.794E-01	2.219E-01	2.304E-01	0.016	17
afdb_Q96G46_v6	afdb_Q02899_v6	3.476E-01	5.379E-01	5.427E-01	0.126	34
afdb_Q96G46_v6	afdb_Q8RB32_v6	2.562E-01	6.122E-01	6.319E-01	0.057	25
afdb_Q96G46_v6	afdb_Q9FEW9_v6	3.331E-01	5.241E-01	7.012E-01	0.116	33
afdb_Q96G46_v6	afdb_P0A6C1_v6	2.717E-01	5.407E-01	6.308E-01	0.069	27
afdb_Q96G46_v6	afdb_P05414_v6	2.986E-01	4.975E-01	5.484E-01	0.082	29
afdb_Q96G46_v6	afdb_P42593_v6	3.830E-01	3.719E-01	6.785E-01	0.179	38
afdb_Q96G46_v6	afdb_P16099_v6	3.916E-01	3.536E-01	6.859E-01	0.196	39
afdb_Q96G46_v6	afdb_P39377_v6	2.893E-01	4.432E-01	4.451E-01	0.076	28
afdb_Q96G46_v6	afdb_P03958_v6	2.598E-01	4.344E-01	5.185E-01	0.057	25
afdb_Q96G46_v6	afdb_P16444_v6	2.748E-01	4.077E-01	6.437E-01	0.069	27
afdb_Q96G46_v6	afdb_P00175_v6	3.192E-01	3.474E-01	4.004E-01	0.098	31
afdb_Q96G46_v6	afdb_P05521_v6	2.332E-01	4.152E-01	4.220E-01	0.045	23
afdb_Q96G46_v6	afdb_Q9XBQ8_v6	2.620E-01	3.804E-01	4.271E-01	0.063	26
afdb_Q96G46_v6	afdb_P00860_v6	2.704E-01	3.580E-01	4.094E-01	0.063	26
afdb_Q96G46_v6	afdb_Q16775_v6	2.250E-01	3.906E-01	4.108E-01	0.040	22
afdb_Q96G46_v6	afdb_Q29460_v6	1.873E-01	4.179E-01	4.700E-01	0.020	18
afdb_Q96G46_v6	afdb_P77444_v6	2.485E-01	3.501E-01	3.594E-01	0.051	24
afdb_Q96G46_v6	afdb_P0A6G7_v6	1.615E-01	4.321E-01	4.565E-01	0.014	16
afdb_Q96G46_v6	afdb_P37957_v6	1.693E-01	4.217E-01	4.768E-01	0.014	16
afdb_Q96G46_v6	afdb_Q28943_v6	3.543E-01	2.319E-01	3.897E-01	0.138	35
afdb_Q96G46_v6	afdb_Q12178_v6	1.488E-01	4.367E-01	4.608E-01	0.010	14
afdb_Q96G46_v6	afdb_Q00017_v6	1.877E-01	3.957E-01	4.146E-01	0.020	18
afdb_Q96G46_v6	afdb_P53608_v6	2.086E-01	3.718E-01	4.335E-01	0.029	20
afdb_Q96G46_v6	afdb_P27487_v6	3.067E-01	2.709E-01	3.634E-01	0.090	30
afdb_Q96G46_v6	afdb_P28796_v6	2.534E-01	3.241E-01	3.429E-01	0.057	25
afdb_Q96G46_v6	afdb_P83788_v6	2.406E-01	3.357E-01	3.393E-01	0.051	24
afdb_Q96G46_v6	afdb_P18314_v6	2.696E-01	3.013E-01	3.959E-01	0.063	26
afdb_Q96G46_v6	afdb_P0AB77_v6	2.326E-01	3.376E-01	3.680E-01	0.045	23
afdb_Q96G46_v6	afdb_P06721_v6	2.300E-01	3.370E-01	3.545E-01	0.040	22
afdb_Q96G46_v6	afdb_Q3HWU8_v6	1.904E-01	3.700E-01	3.720E-01	0.024	19
afdb_Q96G46_v6	afdb_P12995_v6	2.387E-01	3.230E-01	3.482E-01	0.045	23
afdb_Q96G46_v6	afdb_P25910_v6	1.817E-01	3.710E-01	3.814E-01	0.020	18
afdb_Q96G46_v6	afdb_P24630_v6	2.321E-01	3.130E-01	3.190E-01	0.045	23
afdb_Q96G46_v6	afdb_P16932_v6	2.323E-01	3.114E-01	3.310E-01	0.045	23
afdb_Q96G46_v6	afdb_Q9NPB1_v6	1.684E-01	3.725E-01	3.794E-01	0.014	16
afdb_Q96G46_v6	afdb_Q6YBS3_v6	2.685E-01	2.724E-01	3.555E-01	0.063	26
afdb_Q96G46_v6	afdb_P15289_v6	2.437E-01	2.926E-01	3.810E-01	0.051	24
afdb_Q96G46_v6	afdb_P83772_v6	1.825E-01	3.537E-01	3.790E-01	0.020	18
afdb_Q96G46_v6	afdb_Q6LZM9_v6	2.283E-01	3.080E-01	3.366E-01	0.040	22
afdb_Q96G46_v6	afdb_O58727_v6	1.418E-01	3.935E-01	3.951E-01	0.010	14
afdb_Q96G46_v6	afdb_P96965_v6	1.863E-01	3.490E-01	3.631E-01	0.020	18
afdb_Q96G46_v6	afdb_P0CE47_v6	2.147E-01	3.209E-01	3.412E-01	0.034	21
afdb_Q96G46_v6	afdb_P45478_v6	1.906E-01	3.419E-01	4.088E-01	0.024	19
afdb_Q96G46_v6	afdb_P40859_v6	2.152E-01	3.170E-01	3.194E-01	0.034	21
afdb_Q96G46_v6	afdb_P00800_v6	2.504E-01	2.813E-01	2.961E-01	0.051	24
afdb_Q96G46_v6	afdb_Q75WN8_v6	1.848E-01	3.419E-01	3.539E-01	0.020	18
afdb_Q96G46_v6	afdb_P04042_v6	2.038E-01	3.217E-01	3.330E-01	0.029	20
afdb_Q96G46_v6	afdb_P00489_v6	2.877E-01	2.359E-01	3.442E-01	0.076	28
afdb_Q96G46_v6	afdb_P55038_v6	3.469E-01	1.723E-01	3.641E-01	0.126	34
afdb_Q96G46_v6	afdb_Q945K2_v6	2.443E-01	2.712E-01	2.770E-01	0.051	24
afdb_Q96G46_v6	afdb_P0A1E3_v6	1.901E-01	3.251E-01	3.259E-01	0.024	19
afdb_Q96G46_v6	afdb_P00392_v6	2.437E-01	2.711E-01	2.864E-01	0.051	24
afdb_Q96G46_v6	afdb_P08819_v6	2.193E-01	2.938E-01	3.383E-01	0.034	21
afdb_Q96G46_v6	afdb_P43099_v6	2.668E-01	2.445E-01	3.044E-01	0.063	26
afdb_Q96G46_v6	afdb_P08165_v6	2.295E-01	2.812E-01	3.286E-01	0.040	22
afdb_Q96G46_v6	afdb_P83686_v6	1.716E-01	3.351E-01	3.574E-01	0.016	17
afdb_Q96G46_v6	afdb_O59791_v6	1.914E-01	3.159E-01	3.254E-01	0.024	19
afdb_Q96G46_v6	afdb_Q7ZAG8_v6	2.090E-01	2.946E-01	3.058E-01	0.029	20
afdb_Q96G46_v6	afdb_P00396_v6	2.304E-01	2.730E-01	3.032E-01	0.040	22
afdb_Q96G46_v6	afdb_P00388_v6	2.541E-01	2.461E-01	2.544E-01	0.057	25
afdb_Q96G46_v6	afdb_P48534_v6	1.577E-01	3.413E-01	3.576E-01	0.011	15
afdb_Q96G46_v6	afdb_P00914_v6	2.185E-01	2.779E-01	3.397E-01	0.034	21
afdb_Q96G46_v6	afdb_P04190_v6	1.663E-01	3.305E-01	3.479E-01	0.014	16
afdb_Q96G46_v6	afdb_Q05755_v6	3.291E-01	1.654E-01	3.513E-01	0.106	32
afdb_Q96G46_v6	afdb_P37967_v6	2.219E-01	2.730E-01	2.972E-01	0.040	22
afdb_Q96G46_v6	afdb_P21327_v6	2.047E-01	2.886E-01	2.973E-01	0.029	20
afdb_Q96G46_v6	afdb_P52700_v6	1.740E-01	3.156E-01	3.332E-01	0.016	17
afdb_Q96G46_v6	afdb_P13717_v6	1.648E-01	3.229E-01	3.434E-01	0.014	16
afdb_Q96G46_v6	afdb_P22266_v6	1.818E-01	3.046E-01	3.549E-01	0.020	18
afdb_Q96G46_v6	afdb_P22637_v6	2.287E-01	2.577E-01	2.712E-01	0.040	22
afdb_Q96G46_v6	afdb_P00935_v6	1.957E-01	2.858E-01	3.046E-01	0.024	19
afdb_Q96G46_v6	afdb_Q9UMR5_v6	1.722E-01	3.078E-01	3.297E-01	0.016	17
afdb_Q96G46_v6	afdb_P22394_v6	2.277E-01	2.522E-01	2.638E-01	0.040	22
afdb_Q96G46_v6	afdb_P80324_v6	1.885E-01	2.882E-01	3.073E-01	0.020	18
afdb_Q96G46_v6	afdb_P0A9P4_v6	1.774E-01	2.950E-01	3.140E-01	0.016	17
afdb_Q96G46_v6	afdb_P71119_v6	1.417E-01	3.296E-01	3.448E-01	0.010	14
afdb_Q96G46_v6	afdb_P00455_v6	1.874E-01	2.838E-01	2.856E-01	0.020	18
afdb_Q96G46_v6	afdb_Q56839_v6	2.167E-01	2.536E-01	2.630E-01	0.034	21
afdb_Q96G46_v6	afdb_O16025_v6	2.757E-01	1.892E-01	2.826E-01	0.069	27
afdb_Q96G46_v6	afdb_Q58989_v6	1.405E-01	3.210E-01	3.432E-01	0.010	14
afdb_Q96G46_v6	afdb_P30850_v6	2.288E-01	2.304E-01	2.457E-01	0.040	22
afdb_Q96G46_v6	afdb_Q9AGP8_v6	2.502E-01	2.083E-01	2.808E-01	0.057	25
afdb_Q96G46_v6	afdb_Q9L9D7_v6	2.180E-01	2.384E-01	2.790E-01	0.034	21
afdb_Q96G46_v6	afdb_P21179_v6	2.362E-01	2.125E-01	2.512E-01	0.045	23
afdb_Q96G46_v6	afdb_Q01693_v6	2.032E-01	2.447E-01	2.561E-01	0.029	20
afdb_Q96G46_v6	afdb_P09598_v6	1.527E-01	2.911E-01	3.035E-01	0.011	15
afdb_Q96G46_v6	afdb_P15917_v6	2.398E-01	2.030E-01	2.922E-01	0.045	23
afdb_Q96G46_v6	afdb_P37062_v6	1.936E-01	2.514E-01	2.612E-01	0.024	19
afdb_Q96G46_v6	afdb_P14779_v6	2.575E-01	1.800E-01	2.679E-01	0.057	25
afdb_Q96G46_v6	afdb_P40881_v6	1.411E-01	2.930E-01	3.263E-01	0.010	14
afdb_Q96G46_v6	afdb_P08473_v6	2.213E-01	2.003E-01	2.305E-01	0.040	22
afdb_Q96G46_v6	afdb_P21836_v6	2.032E-01	2.112E-01	2.406E-01	0.029	20
afdb_Q96G46_v6	afdb_Q50925_v6	1.952E-01	2.150E-01	2.552E-01	0.024	19
afdb_Q96G46_v6	afdb_P09883_v6	1.877E-01	2.039E-01	2.210E-01	0.020	18
afdb_Q96G46_v6	afdb_P12821_v6	2.282E-01	1.328E-01	2.506E-01	0.040	22
afdb_Q99424_v6	afdb_A0A0C6DRW4_v6	4.825E-01	7.480E-01	7.843E-01	0.411	48
afdb_Q99424_v6	afdb_P00396_v6	2.724E-01	3.387E-01	3.890E-01	0.069	27
afdb_Q99424_v6	afdb_P00489_v6	3.264E-01	2.761E-01	3.768E-01	0.106	32
afdb_Q99424_v6	afdb_P71119_v6	1.693E-01	4.186E-01	4.802E-01	0.014	16
afdb_Q99424_v6	afdb_Q05755_v6	3.706E-01	1.983E-01	3.742E-01	0.164	37
afdb_Q99424_v6	afdb_P81054_v6	2.116E-01	3.490E-01	3.716E-01	0.034	21
afdb_Q99424_v6	afdb_P0A6T5_v6	1.661E-01	3.918E-01	3.966E-01	0.014	16
afdb_Q99424_v6	afdb_P48534_v6	1.754E-01	3.814E-01	3.841E-01	0.016	17
afdb_Q99424_v6	afdb_Q9FEW9_v6	2.229E-01	3.335E-01	3.505E-01	0.040	22
afdb_Q99424_v6	afdb_P00914_v6	2.357E-01	3.081E-01	3.261E-01	0.045	23
afdb_Q99424_v6	afdb_P00800_v6	2.514E-01	2.923E-01	3.058E-01	0.057	25
afdb_Q99424_v6	afdb_P40859_v6	2.160E-01	3.254E-01	3.444E-01	0.034	21
afdb_Q99424_v6	afdb_P16099_v6	2.766E-01	2.631E-01	2.919E-01	0.069	27
afdb_Q99424_v6	afdb_P00455_v6	2.090E-01	3.297E-01	3.495E-01	0.029	20
afdb_Q99424_v6	afdb_P0CE47_v6	2.145E-01	3.230E-01	3.235E-01	0.034	21
afdb_Q99424_v6	afdb_Q7SID9_v6	2.496E-01	2.880E-01	2.929E-01	0.051	24
afdb_Q99424_v6	afdb_Q00441_v6	2.121E-01	3.203E-01	3.760E-01	0.034	21
afdb_Q99424_v6	afdb_P46076_v6	2.002E-01	3.303E-01	3.561E-01	0.024	19
afdb_Q99424_v6	afdb_Q01693_v6	2.320E-01	2.917E-01	3.054E-01	0.045	23
afdb_Q99424_v6	afdb_Q50925_v6	2.404E-01	2.766E-01	3.774E-01	0.051	24
afdb_Q99424_v6	afdb_Q05769_v6	2.468E-01	2.697E-01	3.208E-01	0.051	24
afdb_Q99424_v6	afdb_P08473_v6	2.649E-01	2.474E-01	2.718E-01	0.063	26
afdb_Q99424_v6	afdb_Q16775_v6	1.794E-01	3.307E-01	3.600E-01	0.016	17
afdb_Q99424_v6	afdb_P27170_v6	1.957E-01	3.135E-01	3.413E-01	0.024	19
afdb_Q99424_v6	afdb_P37967_v6	2.246E-01	2.837E-01	3.001E-01	0.040	22
afdb_Q99424_v6	afdb_Q02899_v6	2.032E-01	3.022E-01	3.080E-01	0.029	20
afdb_Q99424_v6	afdb_P09598_v6	1.729E-01	3.312E-01	3.692E-01	0.016	17
afdb_Q99424_v6	afdb_P42593_v6	2.497E-01	2.520E-01	2.862E-01	0.051	24
afdb_Q99424_v6	afdb_P06721_v6	2.011E-01	2.998E-01	3.022E-01	0.029	20
afdb_Q99424_v6	afdb_P00175_v6	2.360E-01	2.617E-01	2.724E-01	0.045	23
afdb_Q99424_v6	afdb_P24474_v6	2.324E-01	2.650E-01	2.773E-01	0.045	23
afdb_Q99424_v6	afdb_P08373_v6	1.859E-01	3.076E-01	3.264E-01	0.020	18
afdb_Q99424_v6	afdb_P27487_v6	2.559E-01	2.361E-01	2.792E-01	0.057	25
afdb_Q99424_v6	afdb_P83686_v6	1.643E-01	3.262E-01	3.332E-01	0.014	16
afdb_Q99424_v6	afdb_P12995_v6	2.027E-01	2.858E-01	2.863E-01	0.029	20
afdb_Q99424_v6	afdb_P00766_v6	1.505E-01	3.341E-01	3.758E-01	0.011	15
afdb_Q99424_v6	afdb_Q29460_v6	1.471E-01	3.348E-01	3.571E-01	0.010	14
afdb_Q99424_v6	afdb_P21836_v6	2.315E-01	2.498E-01	2.806E-01	0.045	23
afdb_Q99424_v6	afdb_P0A6K3_v6	1.218E-01	3.571E-01	3.585E-01	0.008	12
afdb_Q99424_v6	afdb_O16025_v6	2.798E-01	1.991E-01	3.156E-01	0.069	27
afdb_Q99424_v6	afdb_P03958_v6	1.800E-01	2.981E-01	2.987E-01	0.016	17
afdb_Q99424_v6	afdb_P30850_v6	2.331E-01	2.429E-01	2.682E-01	0.045	23
afdb_Q99424_v6	afdb_P15917_v6	2.514E-01	2.236E-01	2.746E-01	0.057	25
afdb_Q99424_v6	afdb_P06621_v6	1.950E-01	2.779E-01	3.018E-01	0.024	19
afdb_Q99424_v6	afdb_P00918_v6	1.546E-01	3.165E-01	3.249E-01	0.011	15
afdb_Q99424_v6	afdb_P30122_v6	2.242E-01	2.467E-01	2.531E-01	0.040	22
afdb_Q99424_v6	afdb_P00592_v6	1.055E-01	3.648E-01	3.889E-01	0.000	10
afdb_Q99424_v6	afdb_P16444_v6	1.882E-01	2.763E-01	3.207E-01	0.020	18
afdb_Q99424_v6	afdb_P21179_v6	2.380E-01	2.214E-01	2.598E-01	0.045	23
afdb_Q99424_v6	afdb_P00777_v6	1.617E-01	2.975E-01	3.451E-01	0.014	16
afdb_Q99424_v6	afdb_Q6YBS3_v6	2.246E-01	2.350E-01	2.777E-01	0.040	22
afdb_Q99424_v6	afdb_P22637_v6	2.105E-01	2.456E-01	2.609E-01	0.034	21
afdb_Q99424_v6	afdb_P35049_v6	1.432E-01	3.085E-01	3.498E-01	0.010	14
afdb_Q99424_v6	afdb_P04190_v6	1.474E-01	3.033E-01	3.263E-01	0.010	14
afdb_Q99424_v6	afdb_Q28943_v6	2.593E-01	1.904E-01	2.653E-01	0.057	25
afdb_Q99424_v6	afdb_F8W4B7_v6	2.589E-01	1.841E-01	2.615E-01	0.057	25
afdb_Q99424_v6	afdb_P09883_v6	2.087E-01	2.323E-01	2.344E-01	0.029	20
afdb_Q99424_v6	afdb_P12821_v6	2.724E-01	1.641E-01	3.124E-01	0.069	27
afdb_Q99424_v6	afdb_P22266_v6	1.580E-01	2.650E-01	2.929E-01	0.011	15
afdb_Q99424_v6	afdb_Q6UV28_v6	1.033E-01	3.173E-01	3.391E-01	0.000	10
afdb_Q9I4V0_v6	afdb_P05414_v6	5.884E-01	5.290E-01	6.188E-01	0.720	58
afdb_Q9I4V0_v6	afdb_Q9FEW9_v6	5.674E-01	4.813E-01	6.035E-01	0.663	56
afdb_Q9I4V0_v6	afdb_Q02899_v6	5.531E-01	4.658E-01	5.899E-01	0.632	55
afdb_Q9I4V0_v6	afdb_P0A6C1_v6	4.404E-01	4.934E-01	5.430E-01	0.301	44
afdb_Q9I4V0_v6	afdb_Q8RB32_v6	4.084E-01	5.233E-01	5.250E-01	0.214	40
afdb_Q9I4V0_v6	afdb_P00175_v6	5.840E-01	3.414E-01	6.304E-01	0.720	58
afdb_Q9I4V0_v6	afdb_P39377_v6	4.932E-01	4.286E-01	5.198E-01	0.442	49
afdb_Q9I4V0_v6	afdb_P03958_v6	4.623E-01	4.357E-01	4.793E-01	0.353	46
afdb_Q9I4V0_v6	afdb_P16444_v6	4.827E-01	4.012E-01	5.026E-01	0.411	48
afdb_Q9I4V0_v6	afdb_P42593_v6	5.710E-01	3.036E-01	6.203E-01	0.692	57
afdb_Q9I4V0_v6	afdb_P16099_v6	5.806E-01	2.859E-01	6.589E-01	0.720	58
afdb_Q9I4V0_v6	afdb_P00860_v6	4.668E-01	3.541E-01	5.008E-01	0.353	46
afdb_Q9I4V0_v6	afdb_P00639_v6	3.723E-01	4.135E-01	4.304E-01	0.164	37
afdb_Q9I4V0_v6	afdb_Q9XBQ8_v6	4.243E-01	3.488E-01	4.698E-01	0.254	42
afdb_Q9I4V0_v6	afdb_Q28943_v6	5.700E-01	2.020E-01	5.716E-01	0.692	57
afdb_Q9I4V0_v6	afdb_P18314_v6	4.713E-01	2.993E-01	4.814E-01	0.382	47
afdb_Q9I4V0_v6	afdb_Q05755_v6	5.922E-01	1.436E-01	5.987E-01	0.747	59
afdb_Q9I4V0_v6	afdb_P53608_v6	3.548E-01	3.791E-01	3.800E-01	0.138	35
afdb_Q9I4V0_v6	afdb_P55038_v6	5.898E-01	1.401E-01	5.978E-01	0.720	58
afdb_Q9I4V0_v6	afdb_P83772_v6	3.350E-01	3.949E-01	4.119E-01	0.116	33
afdb_Q9I4V0_v6	afdb_Q12178_v6	2.649E-01	4.580E-01	4.834E-01	0.063	26
afdb_Q9I4V0_v6	afdb_P37957_v6	2.965E-01	4.108E-01	4.679E-01	0.082	29
afdb_Q9I4V0_v6	afdb_P52700_v6	3.346E-01	3.657E-01	4.196E-01	0.116	33
afdb_Q9I4V0_v6	afdb_P25910_v6	3.093E-01	3.833E-01	4.228E-01	0.090	30
afdb_Q9I4V0_v6	afdb_P06721_v6	3.689E-01	3.218E-01	4.039E-01	0.150	36
afdb_Q9I4V0_v6	afdb_P00935_v6	3.639E-01	3.225E-01	3.957E-01	0.150	36
afdb_Q9I4V0_v6	afdb_P12995_v6	3.745E-01	3.068E-01	4.012E-01	0.164	37
afdb_Q9I4V0_v6	afdb_P24630_v6	3.743E-01	3.065E-01	4.023E-01	0.164	37
afdb_Q9I4V0_v6	afdb_O58727_v6	2.653E-01	4.112E-01	4.124E-01	0.063	26
afdb_Q9I4V0_v6	afdb_Q29460_v6	2.922E-01	3.836E-01	4.411E-01	0.082	29
afdb_Q9I4V0_v6	afdb_P16932_v6	3.721E-01	3.029E-01	4.039E-01	0.164	37
afdb_Q9I4V0_v6	afdb_Q16775_v6	3.294E-01	3.450E-01	3.876E-01	0.106	32
afdb_Q9I4V0_v6	afdb_Q3HWU8_v6	3.142E-01	3.566E-01	4.131E-01	0.098	31
afdb_Q9I4V0_v6	afdb_Q00017_v6	3.010E-01	3.701E-01	4.674E-01	0.090	30
afdb_Q9I4V0_v6	afdb_P0A6G7_v6	2.719E-01	3.974E-01	4.574E-01	0.069	27
afdb_Q9I4V0_v6	afdb_P05521_v6	3.235E-01	3.416E-01	3.898E-01	0.106	32
afdb_Q9I4V0_v6	afdb_Q75WN8_v6	3.094E-01	3.419E-01	3.606E-01	0.090	30
afdb_Q9I4V0_v6	afdb_Q9NPB1_v6	2.815E-01	3.680E-01	4.098E-01	0.076	28
afdb_Q9I4V0_v6	afdb_P28796_v6	3.656E-01	2.813E-01	3.952E-01	0.150	36
afdb_Q9I4V0_v6	afdb_P45478_v6	3.152E-01	3.315E-01	3.620E-01	0.098	31
afdb_Q9I4V0_v6	afdb_Q6LZM9_v6	3.560E-01	2.871E-01	3.861E-01	0.138	35
afdb_Q9I4V0_v6	afdb_P77444_v6	3.466E-01	2.960E-01	3.713E-01	0.126	34
afdb_Q9I4V0_v6	afdb_P04190_v6	2.916E-01	3.496E-01	4.013E-01	0.082	29
afdb_Q9I4V0_v6	afdb_P04042_v6	3.277E-01	3.124E-01	4.694E-01	0.106	32
afdb_Q9I4V0_v6	afdb_Q58989_v6	2.681E-01	3.704E-01	3.765E-01	0.063	26
afdb_Q9I4V0_v6	afdb_P37967_v6	3.671E-01	2.716E-01	3.933E-01	0.150	36
afdb_Q9I4V0_v6	afdb_P83788_v6	3.469E-01	2.911E-01	3.893E-01	0.126	34
afdb_Q9I4V0_v6	afdb_P0AB77_v6	3.407E-01	2.951E-01	3.751E-01	0.126	34
afdb_Q9I4V0_v6	afdb_P0A1E3_v6	3.154E-01	3.190E-01	3.733E-01	0.098	31
afdb_Q9I4V0_v6	afdb_Q9UMR5_v6	3.073E-01	3.254E-01	3.573E-01	0.090	30
afdb_Q9I4V0_v6	afdb_P96965_v6	2.990E-01	3.334E-01	3.721E-01	0.082	29
afdb_Q9I4V0_v6	afdb_P00914_v6	3.571E-01	2.708E-01	4.036E-01	0.138	35
afdb_Q9I4V0_v6	afdb_P29183_v6	3.497E-01	2.696E-01	4.237E-01	0.126	34
afdb_Q9I4V0_v6	afdb_P22394_v6	3.705E-01	2.467E-01	4.205E-01	0.164	37
afdb_Q9I4V0_v6	afdb_Q7ZAG8_v6	3.316E-01	2.833E-01	3.445E-01	0.116	33
afdb_Q9I4V0_v6	afdb_P22266_v6	3.115E-01	3.012E-01	3.325E-01	0.098	31
afdb_Q9I4V0_v6	afdb_O59791_v6	3.022E-01	3.054E-01	3.240E-01	0.090	30
afdb_Q9I4V0_v6	afdb_Q945K2_v6	3.594E-01	2.338E-01	3.689E-01	0.138	35
afdb_Q9I4V0_v6	afdb_P21836_v6	3.656E-01	2.263E-01	4.154E-01	0.150	36
afdb_Q9I4V0_v6	afdb_Q01693_v6	3.417E-01	2.503E-01	3.546E-01	0.126	34
afdb_Q9I4V0_v6	afdb_Q6YBS3_v6	3.686E-01	2.229E-01	4.334E-01	0.150	36
afdb_Q9I4V0_v6	afdb_P15289_v6	3.401E-01	2.477E-01	3.626E-01	0.126	34
afdb_Q9I4V0_v6	afdb_P00396_v6	3.394E-01	2.481E-01	3.401E-01	0.116	33
afdb_Q9I4V0_v6	afdb_P28305_v6	2.689E-01	3.084E-01	3.235E-01	0.063	26
afdb_Q9I4V0_v6	afdb_P83686_v6	2.675E-01	3.074E-01	3.323E-01	0.063	26
afdb_Q9I4V0_v6	afdb_P43099_v6	3.717E-01	1.994E-01	3.980E-01	0.164	37
afdb_Q9I4V0_v6	afdb_P00489_v6	3.880E-01	1.819E-01	4.158E-01	0.179	38
afdb_Q9I4V0_v6	afdb_P22637_v6	3.388E-01	2.307E-01	3.395E-01	0.116	33
afdb_Q9I4V0_v6	afdb_P09598_v6	2.688E-01	2.963E-01	3.262E-01	0.063	26
afdb_Q9I4V0_v6	afdb_Q9L9D7_v6	3.393E-01	2.231E-01	3.772E-01	0.116	33
afdb_Q9I4V0_v6	afdb_P37062_v6	3.111E-01	2.522E-01	3.344E-01	0.098	31
afdb_Q9I4V0_v6	afdb_P30122_v6	3.400E-01	2.142E-01	3.822E-01	0.126	34
afdb_Q9I4V0_v6	afdb_P19938_v6	2.631E-01	2.897E-01	3.103E-01	0.063	26
afdb_Q9I4V0_v6	afdb_Q6UV28_v6	2.003E-01	3.490E-01	4.131E-01	0.029	20
afdb_Q9I4V0_v6	afdb_P0CE47_v6	2.943E-01	2.550E-01	3.509E-01	0.082	29
afdb_Q9I4V0_v6	afdb_P08373_v6	2.783E-01	2.705E-01	3.233E-01	0.069	27
afdb_Q9I4V0_v6	afdb_P00388_v6	3.464E-01	1.967E-01	3.712E-01	0.126	34
afdb_Q9I4V0_v6	afdb_P00455_v6	2.824E-01	2.594E-01	3.658E-01	0.076	28
afdb_Q9I4V0_v6	afdb_P08165_v6	3.110E-01	2.294E-01	3.191E-01	0.098	31
afdb_Q9I4V0_v6	afdb_Q9AGP8_v6	3.560E-01	1.775E-01	3.604E-01	0.138	35
afdb_Q9I4V0_v6	afdb_P10902_v6	3.113E-01	2.193E-01	3.300E-01	0.098	31
afdb_Q9I4V0_v6	afdb_P00392_v6	3.109E-01	2.134E-01	3.362E-01	0.098	31
afdb_Q9I4V0_v6	afdb_Q56839_v6	3.042E-01	2.194E-01	3.239E-01	0.090	30
afdb_Q9I4V0_v6	afdb_Q7SID9_v6	3.090E-01	2.087E-01	3.551E-01	0.090	30
afdb_Q9I4V0_v6	afdb_P27487_v6	3.305E-01	1.786E-01	3.558E-01	0.116	33
afdb_Q9I4V0_v6	afdb_F8W4B7_v6	3.647E-01	1.403E-01	4.044E-01	0.150	36
afdb_Q9I4V0_v6	afdb_P0A9P4_v6	2.490E-01	2.527E-01	2.916E-01	0.051	24
afdb_Q9I4V0_v6	afdb_P00800_v6	2.936E-01	2.054E-01	3.284E-01	0.082	29
afdb_Q9I4V0_v6	afdb_P00777_v6	2.396E-01	2.556E-01	3.092E-01	0.045	23
afdb_Q9I4V0_v6	afdb_P21327_v6	2.609E-01	2.273E-01	2.997E-01	0.063	26
afdb_Q9I4V0_v6	afdb_P05725_v6	1.813E-01	2.995E-01	3.032E-01	0.020	18
afdb_Q9I4V0_v6	afdb_P08148_v6	2.838E-01	1.872E-01	3.008E-01	0.076	28
afdb_Q9I4V0_v6	afdb_Q06241_v6	1.927E-01	2.768E-01	3.321E-01	0.024	19
afdb_Q9I4V0_v6	afdb_P46076_v6	2.401E-01	2.289E-01	2.696E-01	0.051	24
afdb_Q9I4V0_v6	afdb_Q05769_v6	2.811E-01	1.804E-01	2.997E-01	0.076	28
afdb_Q9I4V0_v6	afdb_P14779_v6	3.251E-01	1.338E-01	3.282E-01	0.106	32
afdb_Q9I4V0_v6	afdb_P0A6T5_v6	1.988E-01	2.563E-01	2.635E-01	0.024	19
afdb_Q9I4V0_v6	afdb_P81054_v6	2.278E-01	2.189E-01	2.428E-01	0.040	22
afdb_Q9I4V0_v6	afdb_P21179_v6	2.909E-01	1.549E-01	3.191E-01	0.082	29
afdb_Q9I4V0_v6	afdb_P15917_v6	2.957E-01	1.484E-01	3.141E-01	0.082	29
afdb_Q9I4V0_v6	afdb_P12821_v6	2.905E-01	1.017E-01	3.219E-01	0.082	29
afdb_Q9NY33_v6	afdb_P08473_v6	3.583E-01	3.535E-01	4.055E-01	0.138	35
afdb_Q9NY33_v6	afdb_P00800_v6	3.090E-01	3.909E-01	4.201E-01	0.090	30
afdb_Q9NY33_v6	afdb_P27487_v6	3.365E-01	3.268E-01	3.659E-01	0.116	33
afdb_Q9NY33_v6	afdb_P00396_v6	2.794E-01	3.637E-01	3.679E-01	0.069	27
afdb_Q9NY33_v6	afdb_P43099_v6	3.001E-01	3.019E-01	3.329E-01	0.090	30
afdb_Q9NY33_v6	afdb_P00489_v6	3.080E-01	2.777E-01	3.155E-01	0.090	30
afdb_Q9NY33_v6	afdb_P46076_v6	2.070E-01	3.690E-01	3.884E-01	0.029	20
afdb_Q9NY33_v6	afdb_P00860_v6	2.374E-01	3.370E-01	3.575E-01	0.045	23
afdb_Q9NY33_v6	afdb_Q29460_v6	1.672E-01	4.028E-01	4.040E-01	0.014	16
afdb_Q9NY33_v6	afdb_P39377_v6	2.202E-01	3.480E-01	3.610E-01	0.034	21
afdb_Q9NY33_v6	afdb_P16099_v6	2.826E-01	2.846E-01	2.963E-01	0.076	28
afdb_Q9NY33_v6	afdb_P18314_v6	2.558E-01	3.092E-01	3.567E-01	0.057	25
afdb_Q9NY33_v6	afdb_P08819_v6	2.275E-01	3.316E-01	3.424E-01	0.040	22
afdb_Q9NY33_v6	afdb_Q16775_v6	1.906E-01	3.688E-01	3.967E-01	0.024	19
afdb_Q9NY33_v6	afdb_P42593_v6	2.690E-01	2.874E-01	3.097E-01	0.063	26
afdb_Q9NY33_v6	afdb_Q9AGP8_v6	2.904E-01	2.658E-01	3.167E-01	0.082	29
afdb_Q9NY33_v6	afdb_P0A9P4_v6	1.920E-01	3.628E-01	3.736E-01	0.024	19
afdb_Q9NY33_v6	afdb_P56216_v6	2.490E-01	3.056E-01	3.280E-01	0.051	24
afdb_Q9NY33_v6	afdb_P0AB77_v6	2.127E-01	3.367E-01	3.627E-01	0.034	21
afdb_Q9NY33_v6	afdb_P00935_v6	2.085E-01	3.378E-01	3.409E-01	0.029	20
afdb_Q9NY33_v6	afdb_P22394_v6	2.463E-01	2.998E-01	3.230E-01	0.051	24
afdb_Q9NY33_v6	afdb_P21836_v6	2.539E-01	2.916E-01	3.590E-01	0.057	25
afdb_Q9NY33_v6	afdb_Q58989_v6	1.524E-01	3.916E-01	4.263E-01	0.011	15
afdb_Q9NY33_v6	afdb_Q56839_v6	2.362E-01	3.054E-01	3.153E-01	0.045	23
afdb_Q9NY33_v6	afdb_P00914_v6	2.252E-01	3.158E-01	3.358E-01	0.040	22
afdb_Q9NY33_v6	afdb_P77444_v6	2.111E-01	3.294E-01	3.466E-01	0.034	21
afdb_Q9NY33_v6	afdb_P06721_v6	2.098E-01	3.306E-01	3.318E-01	0.029	20
afdb_Q9NY33_v6	afdb_Q9L9D7_v6	2.445E-01	2.951E-01	3.246E-01	0.051	24
afdb_Q9NY33_v6	afdb_P37967_v6	2.293E-01	3.097E-01	3.375E-01	0.040	22
afdb_Q9NY33_v6	afdb_P23295_v6	2.101E-01	3.268E-01	3.335E-01	0.029	20
afdb_Q9NY33_v6	afdb_Q00441_v6	2.116E-01	3.252E-01	3.325E-01	0.034	21
afdb_Q9NY33_v6	afdb_P03958_v6	1.959E-01	3.383E-01	3.510E-01	0.024	19
afdb_Q9NY33_v6	afdb_P0A6G7_v6	1.493E-01	3.802E-01	3.814E-01	0.010	14
afdb_Q9NY33_v6	afdb_P37062_v6	2.166E-01	3.100E-01	3.174E-01	0.034	21
afdb_Q9NY33_v6	afdb_P21327_v6	2.036E-01	3.199E-01	3.307E-01	0.029	20
afdb_Q9NY33_v6	afdb_P30122_v6	2.407E-01	2.807E-01	2.883E-01	0.051	24
afdb_Q9NY33_v6	afdb_Q945K2_v6	2.326E-01	2.867E-01	3.013E-01	0.045	23
afdb_Q9NY33_v6	afdb_P83788_v6	2.049E-01	3.142E-01	3.178E-01	0.029	20
afdb_Q9NY33_v6	afdb_P25910_v6	1.584E-01	3.607E-01	3.721E-01	0.011	15
afdb_Q9NY33_v6	afdb_P00639_v6	1.674E-01	3.501E-01	3.588E-01	0.014	16
afdb_Q9NY33_v6	afdb_P04042_v6	1.876E-01	3.287E-01	3.334E-01	0.020	18
afdb_Q9NY33_v6	afdb_P71119_v6	1.452E-01	3.682E-01	3.758E-01	0.010	14
afdb_Q9NY33_v6	afdb_P0A6K3_v6	1.251E-01	3.874E-01	3.922E-01	0.008	12
afdb_Q9NY33_v6	afdb_P15917_v6	2.648E-01	2.472E-01	3.047E-01	0.063	26
afdb_Q9NY33_v6	afdb_P08148_v6	2.368E-01	2.745E-01	2.934E-01	0.045	23
afdb_Q9NY33_v6	afdb_P48534_v6	1.532E-01	3.542E-01	3.789E-01	0.011	15
afdb_Q9NY33_v6	afdb_Q6LZM9_v6	2.053E-01	3.018E-01	3.027E-01	0.029	20
afdb_Q9NY33_v6	afdb_P14779_v6	2.860E-01	2.200E-01	3.078E-01	0.076	28
afdb_Q9NY33_v6	afdb_P28796_v6	2.111E-01	2.948E-01	3.001E-01	0.034	21
afdb_Q9NY33_v6	afdb_P52700_v6	1.666E-01	3.390E-01	3.739E-01	0.014	16
afdb_Q9NY33_v6	afdb_Q02899_v6	1.934E-01	3.108E-01	3.194E-01	0.024	19
afdb_Q9NY33_v6	afdb_P09598_v6	1.631E-01	3.400E-01	3.683E-01	0.014	16
afdb_Q9NY33_v6	afdb_P24630_v6	2.025E-01	2.982E-01	3.154E-01	0.029	20
afdb_Q9NY33_v6	afdb_P0CE47_v6	1.927E-01	3.066E-01	3.115E-01	0.024	19
afdb_Q9NY33_v6	afdb_P16444_v6	1.955E-01	3.017E-01	3.401E-01	0.024	19
afdb_Q9NY33_v6	afdb_P55038_v6	3.174E-01	1.795E-01	3.206E-01	0.098	31
afdb_Q9NY33_v6	afdb_Q05755_v6	3.143E-01	1.820E-01	3.179E-01	0.098	31
afdb_Q9NY33_v6	afdb_Q05769_v6	2.289E-01	2.664E-01	3.018E-01	0.040	22
afdb_Q9NY33_v6	afdb_P16932_v6	1.992E-01	2.952E-01	3.348E-01	0.024	19
afdb_Q9NY33_v6	afdb_Q50925_v6	2.240E-01	2.698E-01	2.984E-01	0.040	22
afdb_Q9NY33_v6	afdb_P83772_v6	1.515E-01	3.389E-01	3.401E-01	0.011	15
afdb_Q9NY33_v6	afdb_P00918_v6	1.543E-01	3.358E-01	3.531E-01	0.011	15
afdb_Q9NY33_v6	afdb_P21179_v6	2.469E-01	2.432E-01	2.703E-01	0.051	24
afdb_Q9NY33_v6	afdb_P12821_v6	3.002E-01	1.862E-01	3.999E-01	0.090	30
afdb_Q9NY33_v6	afdb_P12995_v6	1.956E-01	2.894E-01	2.919E-01	0.024	19
afdb_Q9NY33_v6	afdb_P30850_v6	2.309E-01	2.543E-01	2.628E-01	0.045	23
afdb_Q9NY33_v6	afdb_P22637_v6	2.144E-01	2.652E-01	3.034E-01	0.034	21
afdb_Q9NY33_v6	afdb_P05521_v6	1.643E-01	3.129E-01	3.323E-01	0.014	16
afdb_Q9NY33_v6	afdb_Q06241_v6	1.259E-01	3.492E-01	3.830E-01	0.008	12
afdb_Q9NY33_v6	afdb_Q3HWU8_v6	1.570E-01	3.178E-01	3.203E-01	0.011	15
afdb_Q9NY33_v6	afdb_P00777_v6	1.560E-01	3.173E-01	3.521E-01	0.011	15
afdb_Q9NY33_v6	afdb_F8W4B7_v6	2.698E-01	2.023E-01	3.036E-01	0.063	26
afdb_Q9NY33_v6	afdb_P05725_v6	1.074E-01	3.628E-01	4.150E-01	0.000	10
afdb_Q9NY33_v6	afdb_P00175_v6	2.157E-01	2.537E-01	2.677E-01	0.034	21
afdb_Q9NY33_v6	afdb_Q00017_v6	1.432E-01	3.216E-01	3.576E-01	0.010	14
afdb_Q9NY33_v6	afdb_P06621_v6	1.833E-01	2.814E-01	2.990E-01	0.020	18
afdb_Q9NY33_v6	afdb_Q75WN8_v6	1.590E-01	3.035E-01	3.062E-01	0.011	15
afdb_Q9NY33_v6	afdb_A0A0C6DRW4_v6	1.799E-01	2.715E-01	2.782E-01	0.016	17
afdb_Q9NY33_v6	afdb_P00766_v6	1.332E-01	3.074E-01	3.220E-01	0.009	13
afdb_Q9NY33_v6	afdb_Q28943_v6	2.409E-01	1.877E-01	2.503E-01	0.051	24
afdb_Q9NY33_v6	afdb_O16025_v6	2.426E-01	1.853E-01	2.549E-01	0.051	24
afdb_Q9NY33_v6	afdb_P00592_v6	9.200E-02	3.287E-01	3.411E-01	0.000	9
afdb_Q9NY33_v6	afdb_O13297_v6	1.872E-01	2.326E-01	2.584E-01	0.020	18
afdb_Q9NY33_v6	afdb_P09883_v6	1.862E-01	2.192E-01	2.260E-01	0.020	18
afdb_Q9NY33_v6	afdb_P00644_v6	1.090E-01	2.616E-01	2.744E-01	0.000	10
afdb_Q9UI42_v6	afdb_P06621_v6	4.430E-01	4.485E-01	5.865E-01	0.301	44
afdb_Q9UI42_v6	afdb_Q01693_v6	4.614E-01	3.957E-01	5.177E-01	0.353	46
afdb_Q9UI42_v6	afdb_P05521_v6	3.282E-01	4.251E-01	4.706E-01	0.106	32
afdb_Q9UI42_v6	afdb_Q29460_v6	2.833E-01	4.522E-01	4.852E-01	0.076	28
afdb_Q9UI42_v6	afdb_P83772_v6	2.905E-01	4.253E-01	4.289E-01	0.082	29
afdb_Q9UI42_v6	afdb_Q00017_v6	2.867E-01	4.276E-01	4.612E-01	0.076	28
afdb_Q9UI42_v6	afdb_P37957_v6	2.544E-01	4.313E-01	4.805E-01	0.057	25
afdb_Q9UI42_v6	afdb_P27487_v6	4.105E-01	2.584E-01	4.258E-01	0.233	41
afdb_Q9UI42_v6	afdb_P09184_v6	2.061E-01	4.547E-01	4.913E-01	0.029	20
afdb_Q9UI42_v6	afdb_P08819_v6	3.364E-01	3.227E-01	4.430E-01	0.116	33
afdb_Q9UI42_v6	afdb_Q58989_v6	2.464E-01	4.064E-01	4.465E-01	0.051	24
afdb_Q9UI42_v6	afdb_Q9UMR5_v6	2.864E-01	3.626E-01	4.009E-01	0.076	28
afdb_Q9UI42_v6	afdb_P04042_v6	2.999E-01	3.479E-01	3.606E-01	0.082	29
afdb_Q9UI42_v6	afdb_P29183_v6	3.323E-01	3.111E-01	3.995E-01	0.116	33
afdb_Q9UI42_v6	afdb_Q9XBQ8_v6	3.197E-01	3.223E-01	3.719E-01	0.098	31
afdb_Q9UI42_v6	afdb_P45478_v6	2.821E-01	3.529E-01	3.897E-01	0.076	28
afdb_Q9UI42_v6	afdb_P00639_v6	2.724E-01	3.610E-01	3.903E-01	0.069	27
afdb_Q9UI42_v6	afdb_P05414_v6	3.020E-01	3.315E-01	3.539E-01	0.090	30
afdb_Q9UI42_v6	afdb_P96965_v6	2.690E-01	3.636E-01	3.722E-01	0.063	26
afdb_Q9UI42_v6	afdb_P22394_v6	3.426E-01	2.767E-01	3.499E-01	0.126	34
afdb_Q9UI42_v6	afdb_P00175_v6	3.445E-01	2.690E-01	3.493E-01	0.126	34
afdb_Q9UI42_v6	afdb_P00800_v6	3.359E-01	2.752E-01	3.663E-01	0.116	33
afdb_Q9UI42_v6	afdb_P16444_v6	3.017E-01	3.068E-01	3.676E-01	0.090	30
afdb_Q9UI42_v6	afdb_P03958_v6	2.845E-01	3.224E-01	3.549E-01	0.076	28
afdb_Q9UI42_v6	afdb_P0A6C1_v6	2.624E-01	3.435E-01	3.720E-01	0.063	26
afdb_Q9UI42_v6	afdb_P0A1E3_v6	2.702E-01	3.313E-01	3.772E-01	0.063	26
afdb_Q9UI42_v6	afdb_Q6LZM9_v6	3.044E-01	2.963E-01	3.780E-01	0.090	30
afdb_Q9UI42_v6	afdb_Q75WN8_v6	2.545E-01	3.381E-01	3.406E-01	0.057	25
afdb_Q9UI42_v6	afdb_Q9NPB1_v6	2.261E-01	3.649E-01	3.659E-01	0.040	22
afdb_Q9UI42_v6	afdb_P37967_v6	3.109E-01	2.794E-01	3.177E-01	0.098	31
afdb_Q9UI42_v6	afdb_P08473_v6	3.566E-01	2.314E-01	3.617E-01	0.138	35
afdb_Q9UI42_v6	afdb_Q02899_v6	2.862E-01	2.967E-01	3.576E-01	0.076	28
afdb_Q9UI42_v6	afdb_P53608_v6	2.575E-01	3.253E-01	3.347E-01	0.057	25
afdb_Q9UI42_v6	afdb_Q16775_v6	2.567E-01	3.269E-01	5.004E-01	0.057	25
afdb_Q9UI42_v6	afdb_P83686_v6	2.418E-01	3.390E-01	3.620E-01	0.051	24
afdb_Q9UI42_v6	afdb_Q6YBS3_v6	3.371E-01	2.411E-01	4.327E-01	0.116	33
afdb_Q9UI42_v6	afdb_P00914_v6	3.016E-01	2.762E-01	3.371E-01	0.090	30
afdb_Q9UI42_v6	afdb_Q7ZAG8_v6	2.861E-01	2.919E-01	3.813E-01	0.076	28
afdb_Q9UI42_v6	afdb_P16932_v6	2.896E-01	2.834E-01	3.420E-01	0.076	28
afdb_Q9UI42_v6	afdb_Q3HWU8_v6	2.426E-01	3.316E-01	3.324E-01	0.051	24
afdb_Q9UI42_v6	afdb_Q9FEW9_v6	2.812E-01	2.924E-01	3.479E-01	0.076	28
afdb_Q9UI42_v6	afdb_Q00441_v6	2.810E-01	2.893E-01	3.235E-01	0.076	28
afdb_Q9UI42_v6	afdb_P22266_v6	2.644E-01	3.047E-01	3.501E-01	0.063	26
afdb_Q9UI42_v6	afdb_P04190_v6	2.314E-01	3.351E-01	3.525E-01	0.045	23
afdb_Q9UI42_v6	afdb_P00455_v6	2.686E-01	2.967E-01	3.071E-01	0.063	26
afdb_Q9UI42_v6	afdb_P00766_v6	2.280E-01	3.344E-01	3.449E-01	0.040	22
afdb_Q9UI42_v6	afdb_P25910_v6	2.294E-01	3.310E-01	3.665E-01	0.040	22
afdb_Q9UI42_v6	afdb_P00592_v6	1.716E-01	3.847E-01	4.263E-01	0.016	17
afdb_Q9UI42_v6	afdb_O58727_v6	1.958E-01	3.597E-01	3.689E-01	0.024	19
afdb_Q9UI42_v6	afdb_P0A9P4_v6	2.464E-01	3.065E-01	3.489E-01	0.051	24
afdb_Q9UI42_v6	afdb_P24630_v6	2.788E-01	2.741E-01	3.094E-01	0.069	27
afdb_Q9UI42_v6	afdb_Q9L9D7_v6	3.104E-01	2.416E-01	4.218E-01	0.098	31
afdb_Q9UI42_v6	afdb_P18314_v6	3.041E-01	2.463E-01	3.289E-01	0.090	30
afdb_Q9UI42_v6	afdb_P21836_v6	3.129E-01	2.375E-01	3.164E-01	0.098	31
afdb_Q9UI42_v6	afdb_P48534_v6	2.236E-01	3.241E-01	3.508E-01	0.040	22
afdb_Q9UI42_v6	afdb_P0CE47_v6	2.679E-01	2.801E-01	2.824E-01	0.063	26
afdb_Q9UI42_v6	afdb_P00489_v6	3.446E-01	2.017E-01	3.756E-01	0.126	34
afdb_Q9UI42_v6	afdb_P56216_v6	3.014E-01	2.454E-01	3.158E-01	0.090	30
afdb_Q9UI42_v6	afdb_P30122_v6	3.080E-01	2.391E-01	3.118E-01	0.090	30
afdb_Q9UI42_v6	afdb_P56218_v6	2.399E-01	3.060E-01	3.391E-01	0.045	23
afdb_Q9UI42_v6	afdb_Q8RB32_v6	2.188E-01	3.224E-01	3.484E-01	0.034	21
afdb_Q9UI42_v6	afdb_P00777_v6	2.381E-01	3.023E-01	3.508E-01	0.045	23
afdb_Q9UI42_v6	afdb_P52700_v6	2.324E-01	3.056E-01	3.223E-01	0.045	23
afdb_Q9UI42_v6	afdb_P43099_v6	3.233E-01	2.129E-01	3.339E-01	0.106	32
afdb_Q9UI42_v6	afdb_O59791_v6	2.419E-01	2.929E-01	3.573E-01	0.051	24
afdb_Q9UI42_v6	afdb_P80324_v6	2.541E-01	2.800E-01	3.125E-01	0.057	25
afdb_Q9UI42_v6	afdb_P0AB77_v6	2.615E-01	2.707E-01	2.963E-01	0.063	26
afdb_Q9UI42_v6	afdb_P42593_v6	3.105E-01	2.187E-01	3.259E-01	0.098	31
afdb_Q9UI42_v6	afdb_P23295_v6	2.603E-01	2.682E-01	2.919E-01	0.063	26
afdb_Q9UI42_v6	afdb_P81054_v6	2.460E-01	2.807E-01	2.984E-01	0.051	24
afdb_Q9UI42_v6	afdb_P06721_v6	2.555E-01	2.669E-01	3.242E-01	0.057	25
afdb_Q9UI42_v6	afdb_P28305_v6	2.223E-01	3.020E-01	3.028E-01	0.034	21
afdb_Q9UI42_v6	afdb_P15917_v6	3.257E-01	1.951E-01	3.273E-01	0.106	32
afdb_Q9UI42_v6	afdb_P77444_v6	2.566E-01	2.631E-01	2.822E-01	0.057	25
afdb_Q9UI42_v6	afdb_P08165_v6	2.732E-01	2.454E-01	3.152E-01	0.069	27
afdb_Q9UI42_v6	afdb_Q9AGP8_v6	3.223E-01	1.942E-01	3.499E-01	0.106	32
afdb_Q9UI42_v6	afdb_Q50925_v6	2.876E-01	2.280E-01	3.093E-01	0.076	28
afdb_Q9UI42_v6	afdb_Q945K2_v6	2.842E-01	2.287E-01	2.978E-01	0.076	28
afdb_Q9UI42_v6	afdb_F8W4B7_v6	3.450E-01	1.655E-01	3.498E-01	0.126	34
afdb_Q9UI42_v6	afdb_P08148_v6	2.875E-01	2.228E-01	3.083E-01	0.076	28
afdb_Q9UI42_v6	afdb_Q56839_v6	2.734E-01	2.331E-01	2.772E-01	0.069	27
afdb_Q9UI42_v6	afdb_P22637_v6	2.754E-01	2.262E-01	2.879E-01	0.069	27
afdb_Q9UI42_v6	afdb_Q05769_v6	2.828E-01	2.153E-01	3.068E-01	0.076	28
afdb_Q9UI42_v6	afdb_P19938_v6	2.141E-01	2.826E-01	2.944E-01	0.034	21
afdb_Q9UI42_v6	afdb_P16099_v6	2.965E-01	2.000E-01	3.092E-01	0.082	29
afdb_Q9UI42_v6	afdb_P12995_v6	2.466E-01	2.434E-01	2.644E-01	0.051	24
afdb_Q9UI42_v6	afdb_P10902_v6	2.659E-01	2.237E-01	2.902E-01	0.063	26
afdb_Q9UI42_v6	afdb_P03007_v6	1.964E-01	2.918E-01	3.735E-01	0.024	19
afdb_Q9UI42_v6	afdb_P28796_v6	2.532E-01	2.344E-01	2.673E-01	0.057	25
afdb_Q9UI42_v6	afdb_P00860_v6	2.500E-01	2.346E-01	2.643E-01	0.057	25
afdb_Q9UI42_v6	afdb_P0A6K3_v6	1.659E-01	3.123E-01	3.218E-01	0.014	16
afdb_Q9UI42_v6	afdb_P83788_v6	2.373E-01	2.393E-01	2.607E-01	0.045	23
afdb_Q9UI42_v6	afdb_Q28943_v6	3.174E-01	1.566E-01	3.391E-01	0.098	31
afdb_Q9UI42_v6	afdb_P21327_v6	2.332E-01	2.410E-01	3.124E-01	0.045	23
afdb_Q9UI42_v6	afdb_P15289_v6	2.516E-01	2.195E-01	3.497E-01	0.057	25
afdb_Q9UI42_v6	afdb_P00392_v6	2.584E-01	2.094E-01	2.836E-01	0.057	25
afdb_Q9UI42_v6	afdb_P14779_v6	3.097E-01	1.524E-01	3.138E-01	0.090	30
afdb_Q9UI42_v6	afdb_P21179_v6	2.797E-01	1.825E-01	2.942E-01	0.069	27
afdb_Q9UI42_v6	afdb_P55038_v6	3.369E-01	1.243E-01	3.792E-01	0.116	33
afdb_Q9UI42_v6	afdb_P05725_v6	1.501E-01	3.106E-01	3.307E-01	0.010	14
afdb_Q9UI42_v6	afdb_O16025_v6	3.084E-01	1.478E-01	3.656E-01	0.090	30
afdb_Q9UI42_v6	afdb_Q05755_v6	3.255E-01	1.202E-01	3.368E-01	0.106	32
afdb_Q9UI42_v6	afdb_P00388_v6	2.599E-01	1.829E-01	2.712E-01	0.057	25
afdb_Q9UI42_v6	afdb_P09883_v6	2.348E-01	1.860E-01	2.478E-01	0.045	23
afdb_Q9UQ90_v6	afdb_P42593_v6	2.646E-01	3.014E-01	4.142E-01	0.063	26
afdb_Q9UQ90_v6	afdb_O58727_v6	1.226E-01	4.113E-01	4.161E-01	0.008	12
afdb_Q9UQ90_v6	afdb_O16025_v6	2.954E-01	2.367E-01	3.217E-01	0.082	29
afdb_Q9UQ90_v6	afdb_Q00017_v6	1.463E-01	3.757E-01	4.444E-01	0.010	14
afdb_Q9UQ90_v6	afdb_Q12178_v6	1.124E-01	4.056E-01	4.297E-01	0.007	11
afdb_Q9UQ90_v6	afdb_P53608_v6	1.537E-01	3.617E-01	5.843E-01	0.011	15
afdb_Q9UQ90_v6	afdb_P16099_v6	2.471E-01	2.635E-01	3.675E-01	0.051	24
afdb_Q9UQ90_v6	afdb_Q29460_v6	1.399E-01	3.701E-01	4.201E-01	0.009	13
afdb_Q9UQ90_v6	afdb_P14779_v6	2.809E-01	2.283E-01	3.115E-01	0.076	28
afdb_Q9UQ90_v6	afdb_P15917_v6	2.514E-01	2.482E-01	2.769E-01	0.057	25
afdb_Q9UQ90_v6	afdb_P30850_v6	2.279E-01	2.649E-01	2.771E-01	0.040	22
afdb_Q9UQ90_v6	afdb_Q6YBS3_v6	2.253E-01	2.649E-01	2.688E-01	0.040	22
afdb_Q9UQ90_v6	afdb_P27487_v6	2.409E-01	2.474E-01	2.724E-01	0.051	24
afdb_Q9UQ90_v6	afdb_P00175_v6	2.158E-01	2.711E-01	2.967E-01	0.034	21
afdb_Q9UQ90_v6	afdb_Q9L9D7_v6	2.139E-01	2.735E-01	3.209E-01	0.034	21
afdb_Q9UQ90_v6	afdb_P0A6C1_v6	1.464E-01	3.393E-01	3.473E-01	0.010	14
afdb_Q9UQ90_v6	afdb_P00489_v6	2.480E-01	2.379E-01	2.617E-01	0.051	24
afdb_Q9UQ90_v6	afdb_P08373_v6	1.649E-01	3.184E-01	3.233E-01	0.014	16
afdb_Q9UQ90_v6	afdb_Q9FEW9_v6	1.728E-01	3.092E-01	3.363E-01	0.016	17
afdb_Q9UQ90_v6	afdb_P37957_v6	1.226E-01	3.569E-01	4.285E-01	0.008	12
afdb_Q9UQ90_v6	afdb_P83772_v6	1.434E-01	3.360E-01	3.832E-01	0.010	14
afdb_Q9UQ90_v6	afdb_P83686_v6	1.423E-01	3.362E-01	3.407E-01	0.010	14
afdb_Q9UQ90_v6	afdb_P22266_v6	1.650E-01	3.112E-01	3.317E-01	0.014	16
afdb_Q9UQ90_v6	afdb_P43099_v6	2.295E-01	2.435E-01	2.723E-01	0.040	22
afdb_Q9UQ90_v6	afdb_Q05755_v6	2.912E-01	1.789E-01	3.093E-01	0.082	29
afdb_Q9UQ90_v6	afdb_P00639_v6	1.445E-01	3.205E-01	3.871E-01	0.010	14
afdb_Q9UQ90_v6	afdb_P29183_v6	1.860E-01	2.767E-01	2.787E-01	0.020	18
afdb_Q9UQ90_v6	afdb_P37062_v6	1.787E-01	2.778E-01	3.045E-01	0.016	17
afdb_Q9UQ90_v6	afdb_P0A1E3_v6	1.463E-01	3.097E-01	3.734E-01	0.010	14
afdb_Q9UQ90_v6	afdb_Q28943_v6	2.495E-01	2.061E-01	2.702E-01	0.051	24
afdb_Q9UQ90_v6	afdb_P00396_v6	1.891E-01	2.642E-01	2.799E-01	0.020	18
afdb_Q9UQ90_v6	afdb_Q16775_v6	1.482E-01	3.045E-01	3.276E-01	0.010	14
afdb_Q9UQ90_v6	afdb_P71119_v6	1.229E-01	3.279E-01	3.677E-01	0.008	12
afdb_Q9UQ90_v6	afdb_P00914_v6	1.801E-01	2.689E-01	2.822E-01	0.016	17
afdb_Q9UQ90_v6	afdb_P37967_v6	1.819E-01	2.654E-01	2.909E-01	0.020	18
afdb_Q9UQ90_v6	afdb_P08473_v6	2.184E-01	2.277E-01	2.654E-01	0.034	21
afdb_Q9UQ90_v6	afdb_P09030_v6	1.301E-01	3.111E-01	3.656E-01	0.009	13
afdb_Q9UQ90_v6	afdb_Q9NPB1_v6	1.212E-01	3.198E-01	3.319E-01	0.008	12
afdb_Q9UQ90_v6	afdb_Q50925_v6	1.931E-01	2.477E-01	2.829E-01	0.024	19
afdb_Q9UQ90_v6	afdb_Q58989_v6	1.089E-01	3.300E-01	3.759E-01	0.000	10
afdb_Q9UQ90_v6	afdb_P45478_v6	1.438E-01	2.947E-01	2.998E-01	0.010	14
afdb_Q9UQ90_v6	afdb_P18314_v6	1.915E-01	2.454E-01	2.500E-01	0.024	19
afdb_Q9UQ90_v6	afdb_P00388_v6	2.058E-01	2.306E-01	2.581E-01	0.029	20
afdb_Q9UQ90_v6	afdb_Q01693_v6	1.794E-01	2.548E-01	2.664E-01	0.016	17
afdb_Q9UQ90_v6	afdb_P0A6T5_v6	1.217E-01	3.116E-01	3.127E-01	0.008	12
afdb_Q9UQ90_v6	afdb_P06621_v6	1.642E-01	2.684E-01	3.335E-01	0.014	16
afdb_Q9UQ90_v6	afdb_P04042_v6	1.534E-01	2.784E-01	2.857E-01	0.011	15
afdb_Q9UQ90_v6	afdb_Q8RB32_v6	1.189E-01	3.117E-01	3.301E-01	0.007	11
afdb_Q9UQ90_v6	afdb_P09883_v6	1.913E-01	2.387E-01	2.594E-01	0.024	19
afdb_Q9UQ90_v6	afdb_A0A0C6DRW4_v6	1.648E-01	2.653E-01	2.869E-01	0.014	16
afdb_Q9UQ90_v6	afdb_O59791_v6	1.371E-01	2.887E-01	3.598E-01	0.009	13
afdb_Q9UQ90_v6	afdb_P03958_v6	1.432E-01	2.823E-01	3.728E-01	0.010	14
afdb_Q9UQ90_v6	afdb_P08819_v6	1.626E-01	2.621E-01	2.766E-01	0.014	16
afdb_Q9UQ90_v6	afdb_P00592_v6	9.412E-02	3.293E-01	3.307E-01	0.000	9
afdb_Q9UQ90_v6	afdb_P21836_v6	1.901E-01	2.331E-01	2.447E-01	0.020	18
afdb_Q9UQ90_v6	afdb_P05414_v6	1.502E-01	2.728E-01	3.061E-01	0.011	15
afdb_Q9UQ90_v6	afdb_P05521_v6	1.391E-01	2.842E-01	2.849E-01	0.009	13
afdb_Q9UQ90_v6	afdb_P16444_v6	1.600E-01	2.629E-01	2.756E-01	0.011	15
afdb_Q9UQ90_v6	afdb_P05725_v6	9.041E-02	3.314E-01	3.800E-01	0.000	9
afdb_Q9UQ90_v6	afdb_P00800_v6	1.794E-01	2.407E-01	2.539E-01	0.016	17
afdb_Q9UQ90_v6	afdb_Q9UMR5_v6	1.324E-01	2.866E-01	3.868E-01	0.009	13
afdb_Q9UQ90_v6	afdb_P28796_v6	1.640E-01	2.533E-01	2.711E-01	0.014	16
afdb_Q9UQ90_v6	afdb_Q945K2_v6	1.824E-01	2.350E-01	2.629E-01	0.020	18
afdb_Q9UQ90_v6	afdb_P00392_v6	1.775E-01	2.335E-01	2.362E-01	0.016	17
afdb_Q9UQ90_v6	afdb_P00935_v6	1.506E-01	2.587E-01	2.711E-01	0.011	15
afdb_Q9UQ90_v6	afdb_Q7ZAG8_v6	1.550E-01	2.528E-01	2.579E-01	0.011	15
afdb_Q9UQ90_v6	afdb_P06721_v6	1.487E-01	2.541E-01	2.564E-01	0.010	14
afdb_Q9UQ90_v6	afdb_P10902_v6	1.715E-01	2.271E-01	2.514E-01	0.016	17
afdb_Q9UQ90_v6	afdb_P0A9P4_v6	1.320E-01	2.663E-01	3.204E-01	0.009	13
afdb_Q9UQ90_v6	afdb_P0A6K3_v6	9.457E-02	3.027E-01	3.050E-01	0.000	9
afdb_Q9UQ90_v6	afdb_P04190_v6	1.207E-01	2.762E-01	2.770E-01	0.008	12
afdb_Q9UQ90_v6	afdb_P12995_v6	1.506E-01	2.457E-01	3.004E-01	0.011	15
afdb_Q9UQ90_v6	afdb_P52700_v6	1.272E-01	2.680E-01	2.802E-01	0.008	12
afdb_Q9UQ90_v6	afdb_P22637_v6	1.699E-01	2.248E-01	2.507E-01	0.014	16
afdb_Q9UQ90_v6	afdb_P08165_v6	1.634E-01	2.303E-01	2.388E-01	0.014	16
afdb_Q9UQ90_v6	afdb_P00766_v6	1.175E-01	2.726E-01	2.836E-01	0.007	11
afdb_Q9UQ90_v6	afdb_P24630_v6	1.511E-01	2.372E-01	2.612E-01	0.011	15
afdb_Q9UQ90_v6	afdb_Q6LZM9_v6	1.513E-01	2.369E-01	2.392E-01	0.011	15
afdb_Q9UQ90_v6	afdb_P0A6G7_v6	9.806E-02	2.873E-01	3.103E-01	0.000	9
afdb_Q9UQ90_v6	afdb_P22394_v6	1.677E-01	2.156E-01	2.159E-01	0.014	16
afdb_Q9UQ90_v6	afdb_P83788_v6	1.431E-01	2.403E-01	3.100E-01	0.010	14
afdb_Q9UQ90_v6	afdb_P77444_v6	1.442E-01	2.375E-01	3.057E-01	0.010	14
afdb_Q9UQ90_v6	afdb_Q05769_v6	1.680E-01	2.036E-01	2.060E-01	0.014	16
afdb_Q9UQ90_v6	afdb_P0AB77_v6	1.361E-01	2.330E-01	2.606E-01	0.009	13
afdb_Q9UQ90_v6	afdb_O33199_v6	9.233E-02	2.650E-01	2.762E-01	0.000	9
afdb_Q9UQ90_v6	afdb_Q00441_v6	1.338E-01	2.230E-01	2.599E-01	0.009	13
afdb_Q9UQ90_v6	afdb_P27170_v6	1.238E-01	2.224E-01	2.577E-01	0.008	12
afdb_Q9UQ90_v6	afdb_P00918_v6	1.018E-01	2.386E-01	2.524E-01	0.000	10
afdb_Q9UQ90_v6	afdb_O13297_v6	1.452E-01	1.879E-01	2.017E-01	0.010	14
afdb_Q9ZQI7_v6	afdb_P0AB77_v6	6.190E-01	6.947E-01	6.961E-01	0.795	61
afdb_Q9ZQI7_v6	afdb_P16932_v6	6.284E-01	6.566E-01	6.657E-01	0.817	62
afdb_Q9ZQI7_v6	afdb_P28796_v6	6.458E-01	6.322E-01	7.421E-01	0.855	64
afdb_Q9ZQI7_v6	afdb_P77444_v6	6.015E-01	6.650E-01	7.082E-01	0.772	60
afdb_Q9ZQI7_v6	afdb_P12995_v6	6.127E-01	6.443E-01	6.479E-01	0.795	61
afdb_Q9ZQI7_v6	afdb_P24630_v6	6.060E-01	6.328E-01	6.502E-01	0.772	60
afdb_Q9ZQI7_v6	afdb_P00935_v6	5.495E-01	6.344E-01	6.777E-01	0.601	54
afdb_Q9ZQI7_v6	afdb_P06721_v6	5.543E-01	6.291E-01	6.864E-01	0.632	55
afdb_Q9ZQI7_v6	afdb_Q6LZM9_v6	5.750E-01	5.976E-01	7.098E-01	0.692	57
afdb_Q9ZQI7_v6	afdb_P83788_v6	5.519E-01	5.964E-01	6.560E-01	0.632	55
afdb_Q9ZQI7_v6	afdb_P43099_v6	5.686E-01	3.793E-01	6.856E-01	0.663	56
afdb_Q9ZQI7_v6	afdb_P0A1E3_v6	3.006E-01	3.880E-01	3.988E-01	0.082	29
afdb_Q9ZQI7_v6	afdb_P05414_v6	3.159E-01	3.711E-01	3.936E-01	0.098	31
afdb_Q9ZQI7_v6	afdb_O58727_v6	2.145E-01	4.489E-01	4.717E-01	0.034	21
afdb_Q9ZQI7_v6	afdb_P37957_v6	2.249E-01	4.227E-01	5.514E-01	0.040	22
afdb_Q9ZQI7_v6	afdb_Q29460_v6	2.380E-01	4.059E-01	5.447E-01	0.045	23
afdb_Q9ZQI7_v6	afdb_P53608_v6	2.661E-01	3.734E-01	4.010E-01	0.063	26
afdb_Q9ZQI7_v6	afdb_Q12178_v6	1.902E-01	4.475E-01	4.711E-01	0.024	19
afdb_Q9ZQI7_v6	afdb_O59791_v6	2.722E-01	3.544E-01	3.700E-01	0.069	27
afdb_Q9ZQI7_v6	afdb_P37062_v6	3.095E-01	3.138E-01	3.374E-01	0.090	30
afdb_Q9ZQI7_v6	afdb_P15289_v6	3.239E-01	2.978E-01	3.772E-01	0.106	32
afdb_Q9ZQI7_v6	afdb_P00175_v6	3.380E-01	2.779E-01	3.548E-01	0.116	33
afdb_Q9ZQI7_v6	afdb_P0A6C1_v6	2.525E-01	3.625E-01	4.552E-01	0.057	25
afdb_Q9ZQI7_v6	afdb_Q58989_v6	2.147E-01	3.909E-01	4.210E-01	0.034	21
afdb_Q9ZQI7_v6	afdb_P03958_v6	2.738E-01	3.319E-01	3.946E-01	0.069	27
afdb_Q9ZQI7_v6	afdb_P04042_v6	2.714E-01	3.283E-01	3.464E-01	0.069	27
afdb_Q9ZQI7_v6	afdb_P05521_v6	2.552E-01	3.436E-01	3.668E-01	0.057	25
afdb_Q9ZQI7_v6	afdb_Q9NPB1_v6	2.193E-01	3.779E-01	3.893E-01	0.034	21
afdb_Q9ZQI7_v6	afdb_P39377_v6	2.797E-01	3.139E-01	3.938E-01	0.069	27
afdb_Q9ZQI7_v6	afdb_Q9L9D7_v6	3.209E-01	2.703E-01	3.751E-01	0.106	32
afdb_Q9ZQI7_v6	afdb_P00392_v6	3.166E-01	2.722E-01	3.203E-01	0.098	31
afdb_Q9ZQI7_v6	afdb_P00860_v6	2.950E-01	2.932E-01	3.216E-01	0.082	29
afdb_Q9ZQI7_v6	afdb_Q02899_v6	2.788E-01	3.077E-01	3.614E-01	0.069	27
afdb_Q9ZQI7_v6	afdb_P0A9P4_v6	2.542E-01	3.277E-01	3.692E-01	0.057	25
afdb_Q9ZQI7_v6	afdb_Q7ZAG8_v6	2.785E-01	2.992E-01	3.167E-01	0.069	27
afdb_Q9ZQI7_v6	afdb_P08373_v6	2.575E-01	3.176E-01	3.838E-01	0.057	25
afdb_Q9ZQI7_v6	afdb_Q9FEW9_v6	2.721E-01	3.021E-01	3.594E-01	0.069	27
afdb_Q9ZQI7_v6	afdb_Q56839_v6	3.000E-01	2.722E-01	3.008E-01	0.082	29
afdb_Q9ZQI7_v6	afdb_Q9UMR5_v6	2.386E-01	3.332E-01	3.789E-01	0.045	23
afdb_Q9ZQI7_v6	afdb_Q8RB32_v6	2.196E-01	3.514E-01	3.941E-01	0.034	21
afdb_Q9ZQI7_v6	afdb_Q00441_v6	2.732E-01	2.972E-01	3.071E-01	0.069	27
afdb_Q9ZQI7_v6	afdb_Q9AGP8_v6	3.437E-01	2.187E-01	3.464E-01	0.126	34
afdb_Q9ZQI7_v6	afdb_P21179_v6	3.320E-01	2.298E-01	3.356E-01	0.116	33
afdb_Q9ZQI7_v6	afdb_P16444_v6	2.699E-01	2.916E-01	3.750E-01	0.063	26
afdb_Q9ZQI7_v6	afdb_P83686_v6	2.252E-01	3.291E-01	3.421E-01	0.040	22
afdb_Q9ZQI7_v6	afdb_P08473_v6	3.270E-01	2.247E-01	3.602E-01	0.106	32
afdb_Q9ZQI7_v6	afdb_P22266_v6	2.479E-01	3.035E-01	3.391E-01	0.051	24
afdb_Q9ZQI7_v6	afdb_P83772_v6	2.165E-01	3.344E-01	3.624E-01	0.034	21
afdb_Q9ZQI7_v6	afdb_P23295_v6	2.645E-01	2.873E-01	2.992E-01	0.063	26
afdb_Q9ZQI7_v6	afdb_P42593_v6	3.137E-01	2.334E-01	3.948E-01	0.098	31
afdb_Q9ZQI7_v6	afdb_P04190_v6	2.131E-01	3.302E-01	3.806E-01	0.034	21
afdb_Q9ZQI7_v6	afdb_Q3HWU8_v6	2.200E-01	3.226E-01	3.931E-01	0.034	21
afdb_Q9ZQI7_v6	afdb_P22637_v6	2.900E-01	2.516E-01	3.533E-01	0.082	29
afdb_Q9ZQI7_v6	afdb_Q00017_v6	2.083E-01	3.323E-01	3.859E-01	0.029	20
afdb_Q9ZQI7_v6	afdb_P16099_v6	3.183E-01	2.207E-01	3.538E-01	0.098	31
afdb_Q9ZQI7_v6	afdb_P00800_v6	2.867E-01	2.499E-01	2.956E-01	0.076	28
afdb_Q9ZQI7_v6	afdb_P08165_v6	2.752E-01	2.610E-01	3.335E-01	0.069	27
afdb_Q9ZQI7_v6	afdb_P27487_v6	3.190E-01	2.159E-01	3.288E-01	0.098	31
afdb_Q9ZQI7_v6	afdb_P09184_v6	1.612E-01	3.725E-01	4.046E-01	0.014	16
afdb_Q9ZQI7_v6	afdb_Q50925_v6	2.876E-01	2.453E-01	2.995E-01	0.076	28
afdb_Q9ZQI7_v6	afdb_P96965_v6	2.175E-01	3.130E-01	3.368E-01	0.034	21
afdb_Q9ZQI7_v6	afdb_Q05769_v6	2.907E-01	2.373E-01	3.073E-01	0.082	29
afdb_Q9ZQI7_v6	afdb_P00592_v6	1.559E-01	3.695E-01	3.960E-01	0.011	15
afdb_Q9ZQI7_v6	afdb_P56216_v6	2.813E-01	2.422E-01	2.957E-01	0.076	28
afdb_Q9ZQI7_v6	afdb_P0A6G7_v6	1.874E-01	3.333E-01	3.390E-01	0.020	18
afdb_Q9ZQI7_v6	afdb_P09598_v6	2.170E-01	3.033E-01	3.336E-01	0.034	21
afdb_Q9ZQI7_v6	afdb_P00914_v6	2.617E-01	2.552E-01	3.514E-01	0.063	26
afdb_Q9ZQI7_v6	afdb_Q01693_v6	2.676E-01	2.494E-01	2.722E-01	0.063	26
afdb_Q9ZQI7_v6	afdb_P15917_v6	3.112E-01	2.046E-01	3.121E-01	0.098	31
afdb_Q9ZQI7_v6	afdb_Q05755_v6	3.679E-01	1.429E-01	3.685E-01	0.150	36
afdb_Q9ZQI7_v6	afdb_P80324_v6	2.354E-01	2.737E-01	3.660E-01	0.045	23
afdb_Q9ZQI7_v6	afdb_P13717_v6	2.045E-01	3.041E-01	3.282E-01	0.029	20
afdb_Q9ZQI7_v6	afdb_P40859_v6	2.409E-01	2.672E-01	2.677E-01	0.045	23
afdb_Q9ZQI7_v6	afdb_P21836_v6	2.790E-01	2.236E-01	2.954E-01	0.069	27
afdb_Q9ZQI7_v6	afdb_P00388_v6	2.886E-01	2.127E-01	3.799E-01	0.076	28
afdb_Q9ZQI7_v6	afdb_P06621_v6	2.389E-01	2.554E-01	2.778E-01	0.045	23
afdb_Q9ZQI7_v6	afdb_Q9XBQ8_v6	2.390E-01	2.545E-01	2.970E-01	0.045	23
afdb_Q9ZQI7_v6	afdb_P00489_v6	2.988E-01	1.920E-01	3.089E-01	0.082	29
afdb_Q9ZQI7_v6	afdb_P29183_v6	2.455E-01	2.437E-01	2.902E-01	0.051	24
afdb_Q9ZQI7_v6	afdb_P18314_v6	2.632E-01	2.260E-01	2.703E-01	0.063	26
afdb_Q9ZQI7_v6	afdb_P24474_v6	2.638E-01	2.255E-01	2.749E-01	0.063	26
afdb_Q9ZQI7_v6	afdb_P19938_v6	1.996E-01	2.831E-01	3.016E-01	0.024	19
afdb_Q9ZQI7_v6	afdb_P55038_v6	3.505E-01	1.314E-01	3.774E-01	0.138	35
afdb_Q9ZQI7_v6	afdb_P48534_v6	1.911E-01	2.890E-01	3.159E-01	0.020	18
afdb_Q9ZQI7_v6	afdb_P81054_v6	2.165E-01	2.623E-01	2.679E-01	0.034	21
afdb_Q9ZQI7_v6	afdb_P45478_v6	2.054E-01	2.709E-01	2.854E-01	0.029	20
afdb_Q9ZQI7_v6	afdb_P08148_v6	2.566E-01	2.113E-01	2.635E-01	0.057	25
afdb_Q9ZQI7_v6	afdb_P30850_v6	2.593E-01	2.026E-01	2.988E-01	0.057	25
afdb_Q9ZQI7_v6	afdb_P12821_v6	3.065E-01	1.395E-01	3.266E-01	0.090	30
afdb_Q9ZQI7_v6	afdb_P14779_v6	2.901E-01	1.525E-01	2.920E-01	0.082	29
afdb_Q9ZQI7_v6	afdb_Q6UV28_v6	1.368E-01	3.027E-01	3.300E-01	0.009	13
afdb_Q9ZQI7_v6	afdb_F8W4B7_v6	2.861E-01	1.497E-01	2.865E-01	0.076	28
afdb_Q9ZQI7_v6	afdb_P09883_v6	2.340E-01	1.966E-01	2.554E-01	0.045	23
afdb_Q9ZQI7_v6	afdb_P00777_v6	1.793E-01	2.426E-01	2.798E-01	0.016	17
afdb_Q9ZQI7_v6	afdb_Q28943_v6	2.708E-01	1.455E-01	2.928E-01	0.069	27
afdb_Q9ZQI7_v6	afdb_O16025_v6	2.726E-01	1.428E-01	3.329E-01	0.069	27
afdb_Q9ZQI7_v6	afdb_O13297_v6	2.064E-01	1.797E-01	2.978E-01	0.029	20
afdb_A2AQ92_v6	afdb_Q05769_v6	2.657E-01	6.498E-01	8.315E-01	0.063	26
afdb_A2AQ92_v6	afdb_P83686_v6	1.364E-01	6.672E-01	6.865E-01	0.009	13
afdb_A2AQ92_v6	afdb_P00455_v6	1.507E-01	5.451E-01	5.538E-01	0.011	15
afdb_A2AQ92_v6	afdb_P48534_v6	1.011E-01	4.783E-01	4.856E-01	0.000	10
afdb_A2AQ92_v6	afdb_P71119_v6	9.655E-02	4.634E-01	4.696E-01	0.000	9
afdb_A2AQ92_v6	afdb_P00388_v6	1.788E-01	3.757E-01	5.161E-01	0.016	17
afdb_A2AQ92_v6	afdb_O58727_v6	7.071E-02	4.496E-01	5.042E-01	0.000	7
afdb_A2AQ92_v6	afdb_Q29460_v6	8.605E-02	4.160E-01	4.331E-01	0.000	8
afdb_A2AQ92_v6	afdb_P53608_v6	9.837E-02	3.984E-01	4.532E-01	0.000	9
afdb_A2AQ92_v6	afdb_P09598_v6	9.936E-02	3.905E-01	4.210E-01	0.000	9
afdb_A2AQ92_v6	afdb_P12821_v6	2.231E-01	2.540E-01	2.602E-01	0.040	22
afdb_A2AQ92_v6	afdb_P0A6G7_v6	7.636E-02	3.931E-01	3.944E-01	0.000	7
afdb_A2AQ92_v6	afdb_P16444_v6	1.194E-01	3.410E-01	3.742E-01	0.007	11
afdb_A2AQ92_v6	afdb_Q6UV28_v6	6.254E-02	3.971E-01	4.184E-01	0.000	6
afdb_A2AQ92_v6	afdb_Q8RB32_v6	8.425E-02	3.747E-01	3.997E-01	0.000	8
afdb_A2AQ92_v6	afdb_P08819_v6	1.257E-01	3.307E-01	3.373E-01	0.008	12
afdb_A2AQ92_v6	afdb_P24474_v6	1.410E-01	3.120E-01	3.337E-01	0.010	14
afdb_A2AQ92_v6	afdb_O33199_v6	7.582E-02	3.732E-01	3.894E-01	0.000	7
afdb_A2AQ92_v6	afdb_P05414_v6	1.065E-01	3.358E-01	3.656E-01	0.000	10
afdb_A2AQ92_v6	afdb_P96965_v6	8.982E-02	3.523E-01	3.623E-01	0.000	8
afdb_A2AQ92_v6	afdb_P14779_v6	1.849E-01	2.551E-01	2.563E-01	0.020	18
afdb_A2AQ92_v6	afdb_Q7ZAG8_v6	1.136E-01	3.250E-01	3.316E-01	0.007	11
afdb_A2AQ92_v6	afdb_P37967_v6	1.272E-01	3.120E-01	3.277E-01	0.008	12
afdb_A2AQ92_v6	afdb_P0A6C1_v6	9.176E-02	3.438E-01	3.446E-01	0.000	9
afdb_A2AQ92_v6	afdb_Q9FEW9_v6	1.130E-01	3.211E-01	3.442E-01	0.007	11
afdb_A2AQ92_v6	afdb_P00392_v6	1.369E-01	2.966E-01	3.054E-01	0.009	13
afdb_A2AQ92_v6	afdb_Q9L9D7_v6	1.364E-01	2.957E-01	2.958E-01	0.009	13
afdb_A2AQ92_v6	afdb_Q6YBS3_v6	1.439E-01	2.875E-01	2.984E-01	0.010	14
afdb_A2AQ92_v6	afdb_Q56839_v6	1.279E-01	3.012E-01	3.107E-01	0.008	12
afdb_A2AQ92_v6	afdb_P03958_v6	1.021E-01	3.254E-01	3.551E-01	0.000	10
afdb_A2AQ92_v6	afdb_P04190_v6	7.872E-02	3.468E-01	3.745E-01	0.000	7
afdb_A2AQ92_v6	afdb_Q7SID9_v6	1.315E-01	2.926E-01	2.930E-01	0.009	13
afdb_A2AQ92_v6	afdb_P08165_v6	1.208E-01	3.027E-01	3.709E-01	0.008	12
afdb_A2AQ92_v6	afdb_Q3HWU8_v6	8.704E-02	3.356E-01	3.464E-01	0.000	8
afdb_A2AQ92_v6	afdb_P56218_v6	8.955E-02	3.320E-01	3.466E-01	0.000	8
afdb_A2AQ92_v6	afdb_P25910_v6	7.853E-02	3.427E-01	3.594E-01	0.000	7
afdb_A2AQ92_v6	afdb_Q9AGP8_v6	1.604E-01	2.593E-01	2.595E-01	0.014	16
afdb_A2AQ92_v6	afdb_P43099_v6	1.486E-01	2.689E-01	2.811E-01	0.010	14
afdb_A2AQ92_v6	afdb_P37957_v6	7.325E-02	3.434E-01	3.577E-01	0.000	7
afdb_A2AQ92_v6	afdb_P35049_v6	7.676E-02	3.385E-01	3.443E-01	0.000	7
afdb_A2AQ92_v6	afdb_P27170_v6	9.953E-02	3.145E-01	3.151E-01	0.000	9
afdb_A2AQ92_v6	afdb_Q9XBQ8_v6	1.069E-01	3.073E-01	3.220E-01	0.000	10
afdb_A2AQ92_v6	afdb_P23295_v6	1.048E-01	3.090E-01	3.450E-01	0.000	10
afdb_A2AQ92_v6	afdb_A0A0C6DRW4_v6	1.039E-01	3.091E-01	3.583E-01	0.000	10
afdb_A2AQ92_v6	afdb_P0AB77_v6	1.054E-01	3.078E-01	3.175E-01	0.000	10
afdb_A2AQ92_v6	afdb_Q75WN8_v6	8.652E-02	3.262E-01	3.476E-01	0.000	8
afdb_A2AQ92_v6	afdb_Q00017_v6	7.686E-02	3.354E-01	3.627E-01	0.000	7
afdb_A2AQ92_v6	afdb_P19938_v6	8.339E-02	3.262E-01	3.286E-01	0.000	8
afdb_A2AQ92_v6	afdb_P37062_v6	1.134E-01	2.964E-01	3.276E-01	0.007	11
afdb_A2AQ92_v6	afdb_P00175_v6	1.284E-01	2.814E-01	2.915E-01	0.008	12
afdb_A2AQ92_v6	afdb_P05521_v6	8.962E-02	3.197E-01	3.271E-01	0.000	8
afdb_A2AQ92_v6	afdb_Q6LZM9_v6	1.108E-01	2.965E-01	3.028E-01	0.007	11
afdb_A2AQ92_v6	afdb_P28796_v6	1.158E-01	2.911E-01	2.929E-01	0.007	11
afdb_A2AQ92_v6	afdb_P77444_v6	1.034E-01	3.025E-01	3.041E-01	0.000	10
afdb_A2AQ92_v6	afdb_P24630_v6	1.074E-01	2.961E-01	3.433E-01	0.000	10
afdb_A2AQ92_v6	afdb_P0CE47_v6	1.013E-01	3.005E-01	3.292E-01	0.000	10
afdb_A2AQ92_v6	afdb_P00766_v6	7.665E-02	3.244E-01	3.298E-01	0.000	7
afdb_A2AQ92_v6	afdb_P00639_v6	8.277E-02	3.182E-01	3.419E-01	0.000	8
afdb_A2AQ92_v6	afdb_Q00441_v6	9.963E-02	3.004E-01	3.297E-01	0.000	9
afdb_A2AQ92_v6	afdb_P06721_v6	1.038E-01	2.963E-01	2.968E-01	0.000	10
afdb_A2AQ92_v6	afdb_P08148_v6	1.298E-01	2.700E-01	2.899E-01	0.008	12
afdb_A2AQ92_v6	afdb_P83788_v6	1.043E-01	2.954E-01	3.184E-01	0.000	10
afdb_A2AQ92_v6	afdb_P39377_v6	1.012E-01	2.982E-01	3.281E-01	0.000	10
afdb_A2AQ92_v6	afdb_P15917_v6	1.507E-01	2.486E-01	2.814E-01	0.011	15
afdb_A2AQ92_v6	afdb_P28305_v6	7.864E-02	3.177E-01	3.425E-01	0.000	7
afdb_A2AQ92_v6	afdb_P27487_v6	1.455E-01	2.503E-01	2.679E-01	0.010	14
afdb_A2AQ92_v6	afdb_P00860_v6	1.102E-01	2.831E-01	3.139E-01	0.007	11
afdb_A2AQ92_v6	afdb_Q01693_v6	1.138E-01	2.769E-01	2.943E-01	0.007	11
afdb_A2AQ92_v6	afdb_P03007_v6	7.386E-02	3.165E-01	3.601E-01	0.000	7
afdb_A2AQ92_v6	afdb_P45478_v6	8.580E-02	3.046E-01	3.236E-01	0.000	8
afdb_A2AQ92_v6	afdb_P06621_v6	1.009E-01	2.888E-01	3.107E-01	0.000	10
afdb_A2AQ92_v6	afdb_O16025_v6	1.670E-01	2.229E-01	2.363E-01	0.014	16
afdb_A2AQ92_v6	afdb_P40859_v6	9.602E-02	2.925E-01	3.139E-01	0.000	9
afdb_A2AQ92_v6	afdb_P00489_v6	1.484E-01	2.371E-01	2.618E-01	0.010	14
afdb_A2AQ92_v6	afdb_P22637_v6	1.207E-01	2.636E-01	2.853E-01	0.008	12
afdb_A2AQ92_v6	afdb_P30122_v6	1.218E-01	2.608E-01	2.926E-01	0.008	12
afdb_A2AQ92_v6	afdb_P12995_v6	1.040E-01	2.777E-01	3.212E-01	0.000	10
afdb_A2AQ92_v6	afdb_P00396_v6	1.128E-01	2.681E-01	2.833E-01	0.007	11
afdb_A2AQ92_v6	afdb_P08473_v6	1.356E-01	2.424E-01	2.983E-01	0.009	13
afdb_A2AQ92_v6	afdb_P10902_v6	1.168E-01	2.603E-01	2.680E-01	0.007	11
afdb_A2AQ92_v6	afdb_P0A9P4_v6	8.821E-02	2.891E-01	3.058E-01	0.000	8
afdb_A2AQ92_v6	afdb_P21836_v6	1.241E-01	2.509E-01	2.740E-01	0.008	12
afdb_A2AQ92_v6	afdb_P00918_v6	7.774E-02	2.974E-01	3.098E-01	0.000	7
afdb_A2AQ92_v6	afdb_P00800_v6	1.146E-01	2.598E-01	2.754E-01	0.007	11
afdb_A2AQ92_v6	afdb_Q16775_v6	8.092E-02	2.920E-01	3.347E-01	0.000	8
afdb_A2AQ92_v6	afdb_P80324_v6	8.965E-02	2.802E-01	3.038E-01	0.000	8
afdb_A2AQ92_v6	afdb_P09883_v6	1.171E-01	2.516E-01	2.562E-01	0.007	11
afdb_A2AQ92_v6	afdb_P22266_v6	8.588E-02	2.790E-01	3.165E-01	0.000	8
afdb_A2AQ92_v6	afdb_P21327_v6	9.457E-02	2.672E-01	2.700E-01	0.000	9
afdb_A2AQ92_v6	afdb_F8W4B7_v6	1.548E-01	2.049E-01	2.566E-01	0.011	15
afdb_A2AQ92_v6	afdb_Q05755_v6	1.780E-01	1.813E-01	2.557E-01	0.016	17
afdb_A2AQ92_v6	afdb_P55038_v6	1.797E-01	1.793E-01	2.560E-01	0.016	17
afdb_A2AQ92_v6	afdb_Q9UMR5_v6	7.436E-02	2.766E-01	2.811E-01	0.000	7
afdb_A2AQ92_v6	afdb_Q28943_v6	1.450E-01	1.953E-01	2.088E-01	0.010	14
afdb_O08498_v6	afdb_P25910_v6	8.654E-01	8.654E-01	9.458E-01	0.993	86
afdb_O08498_v6	afdb_P04190_v6	8.309E-01	8.060E-01	9.438E-01	0.990	83
afdb_O08498_v6	afdb_P52700_v6	7.207E-01	6.278E-01	7.923E-01	0.949	72
afdb_O08498_v6	afdb_Q16775_v6	6.713E-01	5.572E-01	7.382E-01	0.900	67
afdb_O08498_v6	afdb_P53608_v6	4.013E-01	3.510E-01	4.462E-01	0.214	40
afdb_O08498_v6	afdb_O59791_v6	3.969E-01	3.281E-01	4.268E-01	0.196	39
afdb_O08498_v6	afdb_P09030_v6	3.663E-01	3.480E-01	4.274E-01	0.150	36
afdb_O08498_v6	afdb_P00639_v6	3.722E-01	3.389E-01	4.452E-01	0.164	37
afdb_O08498_v6	afdb_P13717_v6	3.609E-01	3.461E-01	3.928E-01	0.150	36
afdb_O08498_v6	afdb_Q02899_v6	4.169E-01	2.876E-01	4.525E-01	0.233	41
afdb_O08498_v6	afdb_P05725_v6	2.960E-01	4.063E-01	4.421E-01	0.082	29
afdb_O08498_v6	afdb_P0A1E3_v6	3.841E-01	3.177E-01	4.127E-01	0.179	38
afdb_O08498_v6	afdb_P05521_v6	3.716E-01	3.186E-01	4.258E-01	0.164	37
afdb_O08498_v6	afdb_Q9FEW9_v6	4.035E-01	2.838E-01	4.369E-01	0.214	40
afdb_O08498_v6	afdb_P0A6C1_v6	3.560E-01	3.255E-01	3.962E-01	0.138	35
afdb_O08498_v6	afdb_Q75WN8_v6	3.517E-01	3.184E-01	4.147E-01	0.138	35
afdb_O08498_v6	afdb_P83686_v6	3.448E-01	3.251E-01	3.872E-01	0.126	34
afdb_O08498_v6	afdb_Q12178_v6	2.816E-01	3.847E-01	4.264E-01	0.076	28
afdb_O08498_v6	afdb_Q58989_v6	3.107E-01	3.480E-01	4.045E-01	0.090	30
afdb_O08498_v6	afdb_Q00017_v6	3.288E-01	3.279E-01	3.504E-01	0.106	32
afdb_O08498_v6	afdb_P00935_v6	3.789E-01	2.772E-01	3.936E-01	0.164	37
afdb_O08498_v6	afdb_P00455_v6	3.739E-01	2.804E-01	4.192E-01	0.164	37
afdb_O08498_v6	afdb_P45478_v6	3.484E-01	3.007E-01	3.535E-01	0.126	34
afdb_O08498_v6	afdb_Q9UMR5_v6	3.466E-01	3.017E-01	4.288E-01	0.126	34
afdb_O08498_v6	afdb_P12995_v6	3.863E-01	2.591E-01	4.125E-01	0.179	38
afdb_O08498_v6	afdb_P37957_v6	3.029E-01	3.419E-01	4.333E-01	0.090	30
afdb_O08498_v6	afdb_P40859_v6	3.768E-01	2.666E-01	4.241E-01	0.164	37
afdb_O08498_v6	afdb_P15289_v6	4.005E-01	2.345E-01	4.040E-01	0.214	40
afdb_O08498_v6	afdb_P37967_v6	3.976E-01	2.368E-01	4.690E-01	0.196	39
afdb_O08498_v6	afdb_Q8RB32_v6	3.128E-01	3.178E-01	3.496E-01	0.098	31
afdb_O08498_v6	afdb_P27170_v6	3.548E-01	2.752E-01	3.946E-01	0.138	35
afdb_O08498_v6	afdb_P39377_v6	3.648E-01	2.642E-01	4.219E-01	0.150	36
afdb_O08498_v6	afdb_Q3HWU8_v6	3.252E-01	3.013E-01	3.948E-01	0.106	32
afdb_O08498_v6	afdb_P05414_v6	3.557E-01	2.684E-01	3.980E-01	0.138	35
afdb_O08498_v6	afdb_P96965_v6	3.243E-01	2.977E-01	4.010E-01	0.106	32
afdb_O08498_v6	afdb_Q29460_v6	3.023E-01	3.169E-01	3.546E-01	0.090	30
afdb_O08498_v6	afdb_P0AB77_v6	3.574E-01	2.557E-01	3.794E-01	0.138	35
afdb_O08498_v6	afdb_P77444_v6	3.606E-01	2.507E-01	3.972E-01	0.150	36
afdb_O08498_v6	afdb_P35049_v6	3.039E-01	3.047E-01	3.151E-01	0.090	30
afdb_O08498_v6	afdb_P09184_v6	2.483E-01	3.582E-01	4.030E-01	0.051	24
afdb_O08498_v6	afdb_Q6LZM9_v6	3.648E-01	2.406E-01	3.871E-01	0.150	36
afdb_O08498_v6	afdb_P04042_v6	3.380E-01	2.673E-01	3.781E-01	0.116	33
afdb_O08498_v6	afdb_P08819_v6	3.678E-01	2.369E-01	4.285E-01	0.150	36
afdb_O08498_v6	afdb_P28796_v6	3.730E-01	2.304E-01	4.072E-01	0.164	37
afdb_O08498_v6	afdb_Q7SID9_v6	3.875E-01	2.081E-01	4.164E-01	0.179	38
afdb_O08498_v6	afdb_P0A9P4_v6	3.254E-01	2.679E-01	4.468E-01	0.106	32
afdb_O08498_v6	afdb_P42593_v6	4.005E-01	1.915E-01	4.244E-01	0.214	40
afdb_O08498_v6	afdb_Q7ZAG8_v6	3.478E-01	2.438E-01	3.872E-01	0.126	34
afdb_O08498_v6	afdb_P18314_v6	3.852E-01	2.063E-01	4.333E-01	0.179	38
afdb_O08498_v6	afdb_P56218_v6	3.118E-01	2.784E-01	3.372E-01	0.098	31
afdb_O08498_v6	afdb_P16932_v6	3.562E-01	2.313E-01	4.034E-01	0.138	35
afdb_O08498_v6	afdb_P00860_v6	3.562E-01	2.244E-01	3.903E-01	0.138	35
afdb_O08498_v6	afdb_P24630_v6	3.470E-01	2.328E-01	3.697E-01	0.126	34
afdb_O08498_v6	afdb_P06721_v6	3.381E-01	2.414E-01	3.526E-01	0.116	33
afdb_O08498_v6	afdb_P37062_v6	3.509E-01	2.278E-01	3.726E-01	0.138	35
afdb_O08498_v6	afdb_A0A0C6DRW4_v6	3.416E-01	2.352E-01	3.624E-01	0.126	34
afdb_O08498_v6	afdb_P81054_v6	3.242E-01	2.518E-01	3.418E-01	0.106	32
afdb_O08498_v6	afdb_Q6UV28_v6	2.358E-01	3.381E-01	3.486E-01	0.045	23
afdb_O08498_v6	afdb_P83772_v6	2.907E-01	2.828E-01	3.363E-01	0.082	29
afdb_O08498_v6	afdb_P08165_v6	3.567E-01	2.145E-01	3.944E-01	0.138	35
afdb_O08498_v6	afdb_P21836_v6	3.792E-01	1.873E-01	4.455E-01	0.164	37
afdb_O08498_v6	afdb_P00392_v6	3.628E-01	1.956E-01	3.773E-01	0.150	36
afdb_O08498_v6	afdb_P21179_v6	3.938E-01	1.642E-01	4.043E-01	0.196	39
afdb_O08498_v6	afdb_P00777_v6	2.947E-01	2.602E-01	3.000E-01	0.082	29
afdb_O08498_v6	afdb_P22394_v6	3.566E-01	1.926E-01	4.117E-01	0.138	35
afdb_O08498_v6	afdb_P0A6G7_v6	2.579E-01	2.913E-01	3.200E-01	0.057	25
afdb_O08498_v6	afdb_Q6YBS3_v6	3.659E-01	1.822E-01	3.670E-01	0.150	36
afdb_O08498_v6	afdb_P00766_v6	2.717E-01	2.746E-01	3.113E-01	0.069	27
afdb_O08498_v6	afdb_Q9L9D7_v6	3.518E-01	1.901E-01	3.720E-01	0.138	35
afdb_O08498_v6	afdb_P24474_v6	3.501E-01	1.916E-01	3.712E-01	0.138	35
afdb_O08498_v6	afdb_P00800_v6	3.439E-01	1.970E-01	3.659E-01	0.126	34
afdb_O08498_v6	afdb_P16099_v6	3.767E-01	1.630E-01	4.041E-01	0.164	37
afdb_O08498_v6	afdb_P03007_v6	2.663E-01	2.709E-01	3.889E-01	0.063	26
afdb_O08498_v6	afdb_P22637_v6	3.460E-01	1.905E-01	3.841E-01	0.126	34
afdb_O08498_v6	afdb_P00914_v6	3.296E-01	2.058E-01	3.612E-01	0.106	32
afdb_O08498_v6	afdb_P0A6K3_v6	2.348E-01	3.003E-01	3.150E-01	0.045	23
afdb_O08498_v6	afdb_P40881_v6	2.639E-01	2.653E-01	2.818E-01	0.063	26
afdb_O08498_v6	afdb_P46076_v6	2.939E-01	2.325E-01	3.162E-01	0.082	29
afdb_O08498_v6	afdb_P00388_v6	3.563E-01	1.665E-01	3.921E-01	0.138	35
afdb_O08498_v6	afdb_Q01693_v6	3.265E-01	1.957E-01	3.452E-01	0.106	32
afdb_O08498_v6	afdb_P43099_v6	3.583E-01	1.579E-01	3.831E-01	0.138	35
afdb_O08498_v6	afdb_Q56839_v6	3.235E-01	1.921E-01	3.395E-01	0.106	32
afdb_O08498_v6	afdb_P30850_v6	3.427E-01	1.689E-01	3.586E-01	0.126	34
afdb_O08498_v6	afdb_P06621_v6	3.011E-01	2.085E-01	3.462E-01	0.090	30
afdb_O08498_v6	afdb_P83788_v6	3.038E-01	2.049E-01	3.323E-01	0.090	30
afdb_O08498_v6	afdb_P55038_v6	4.111E-01	9.654E-02	4.122E-01	0.233	41
afdb_O08498_v6	afdb_P00489_v6	3.655E-01	1.399E-01	3.880E-01	0.150	36
afdb_O08498_v6	afdb_Q06241_v6	2.347E-01	2.708E-01	3.029E-01	0.045	23
afdb_O08498_v6	afdb_P00644_v6	2.462E-01	2.580E-01	2.810E-01	0.051	24
afdb_O08498_v6	afdb_P0CE47_v6	2.921E-01	2.089E-01	3.537E-01	0.082	29
afdb_O08498_v6	afdb_P28305_v6	2.543E-01	2.431E-01	2.734E-01	0.057	25
afdb_O08498_v6	afdb_P19938_v6	2.578E-01	2.383E-01	2.751E-01	0.057	25
afdb_O08498_v6	afdb_Q9AGP8_v6	3.558E-01	1.326E-01	4.333E-01	0.138	35
afdb_O08498_v6	afdb_Q945K2_v6	3.147E-01	1.688E-01	3.492E-01	0.098	31
afdb_O08498_v6	afdb_Q00441_v6	2.800E-01	2.007E-01	3.077E-01	0.076	28
afdb_O08498_v6	afdb_O33199_v6	2.248E-01	2.553E-01	2.865E-01	0.040	22
afdb_O08498_v6	afdb_P27487_v6	3.285E-01	1.418E-01	3.573E-01	0.106	32
afdb_O08498_v6	afdb_Q28943_v6	3.458E-01	1.136E-01	3.661E-01	0.126	34
afdb_O08498_v6	afdb_P14779_v6	3.421E-01	1.105E-01	3.740E-01	0.126	34
afdb_O08498_v6	afdb_P09598_v6	2.241E-01	2.064E-01	2.486E-01	0.040	22
afdb_O08498_v6	afdb_P09883_v6	2.804E-01	1.473E-01	3.070E-01	0.076	28
afdb_O08498_v6	afdb_O13297_v6	2.441E-01	1.407E-01	2.590E-01	0.051	24
afdb_O22229_v6	afdb_P0A9P4_v6	4.573E-01	7.216E-01	7.295E-01	0.326	45
afdb_O22229_v6	afdb_Q7ZAG8_v6	4.081E-01	5.070E-01	6.322E-01	0.214	40
afdb_O22229_v6	afdb_P37062_v6	4.111E-01	4.760E-01	6.534E-01	0.233	41
afdb_O22229_v6	afdb_Q56839_v6	4.181E-01	4.223E-01	4.934E-01	0.233	41
afdb_O22229_v6	afdb_P08165_v6	4.062E-01	4.323E-01	5.494E-01	0.214	40
afdb_O22229_v6	afdb_P00392_v6	4.220E-01	4.008E-01	6.639E-01	0.254	42
afdb_O22229_v6	afdb_P10902_v6	3.948E-01	3.876E-01	6.096E-01	0.196	39
afdb_O22229_v6	afdb_P40859_v6	3.319E-01	4.295E-01	5.136E-01	0.116	33
afdb_O22229_v6	afdb_Q28943_v6	4.803E-01	2.712E-01	4.909E-01	0.411	48
afdb_O22229_v6	afdb_P22637_v6	3.822E-01	3.684E-01	5.508E-01	0.179	38
afdb_O22229_v6	afdb_P80324_v6	3.128E-01	4.239E-01	4.689E-01	0.098	31
afdb_O22229_v6	afdb_Q945K2_v6	3.712E-01	3.523E-01	5.666E-01	0.164	37
afdb_O22229_v6	afdb_P42593_v6	3.661E-01	2.967E-01	4.988E-01	0.150	36
afdb_O22229_v6	afdb_P16099_v6	3.636E-01	2.732E-01	4.902E-01	0.150	36
afdb_O22229_v6	afdb_Q3HWU8_v6	2.118E-01	3.562E-01	3.781E-01	0.034	21
afdb_O22229_v6	afdb_Q29460_v6	1.872E-01	3.733E-01	4.417E-01	0.020	18
afdb_O22229_v6	afdb_O58727_v6	1.650E-01	3.939E-01	3.955E-01	0.014	16
afdb_O22229_v6	afdb_P96965_v6	2.092E-01	3.405E-01	3.690E-01	0.029	20
afdb_O22229_v6	afdb_Q9UMR5_v6	2.166E-01	3.322E-01	3.514E-01	0.034	21
afdb_O22229_v6	afdb_Q02899_v6	2.443E-01	3.018E-01	3.247E-01	0.051	24
afdb_O22229_v6	afdb_Q9AGP8_v6	3.247E-01	2.205E-01	4.948E-01	0.106	32
afdb_O22229_v6	afdb_Q9FEW9_v6	2.432E-01	3.003E-01	3.445E-01	0.051	24
afdb_O22229_v6	afdb_P22266_v6	2.269E-01	3.153E-01	3.325E-01	0.040	22
afdb_O22229_v6	afdb_Q9NPB1_v6	1.810E-01	3.594E-01	3.927E-01	0.020	18
afdb_O22229_v6	afdb_P37957_v6	1.782E-01	3.616E-01	3.794E-01	0.016	17
afdb_O22229_v6	afdb_O59791_v6	2.072E-01	3.126E-01	4.477E-01	0.029	20
afdb_O22229_v6	afdb_P53608_v6	2.027E-01	3.147E-01	3.393E-01	0.029	20
afdb_O22229_v6	afdb_Q00017_v6	1.864E-01	3.268E-01	3.423E-01	0.020	18
afdb_O22229_v6	afdb_P25910_v6	1.825E-01	3.275E-01	3.708E-01	0.020	18
afdb_O22229_v6	afdb_P0A1E3_v6	2.073E-01	3.018E-01	3.139E-01	0.029	20
afdb_O22229_v6	afdb_P0AB77_v6	2.278E-01	2.797E-01	3.734E-01	0.040	22
afdb_O22229_v6	afdb_P05521_v6	2.032E-01	3.040E-01	3.384E-01	0.029	20
afdb_O22229_v6	afdb_P04190_v6	1.835E-01	3.184E-01	3.710E-01	0.020	18
afdb_O22229_v6	afdb_P21179_v6	2.808E-01	2.164E-01	2.915E-01	0.076	28
afdb_O22229_v6	afdb_Q6LZM9_v6	2.306E-01	2.654E-01	3.254E-01	0.045	23
afdb_O22229_v6	afdb_Q8RB32_v6	1.784E-01	3.176E-01	3.229E-01	0.016	17
afdb_O22229_v6	afdb_P08819_v6	2.331E-01	2.641E-01	3.492E-01	0.045	23
afdb_O22229_v6	afdb_P15289_v6	2.392E-01	2.465E-01	2.851E-01	0.045	23
afdb_O22229_v6	afdb_P00175_v6	2.520E-01	2.325E-01	3.191E-01	0.057	25
afdb_O22229_v6	afdb_P52700_v6	1.862E-01	2.938E-01	3.177E-01	0.020	18
afdb_O22229_v6	afdb_P83686_v6	1.808E-01	2.956E-01	3.268E-01	0.020	18
afdb_O22229_v6	afdb_P46076_v6	2.028E-01	2.720E-01	2.964E-01	0.029	20
afdb_O22229_v6	afdb_P06621_v6	2.155E-01	2.557E-01	3.088E-01	0.034	21
afdb_O22229_v6	afdb_P77444_v6	2.091E-01	2.582E-01	3.798E-01	0.029	20
afdb_O22229_v6	afdb_P45478_v6	1.886E-01	2.779E-01	2.885E-01	0.020	18
afdb_O22229_v6	afdb_P00639_v6	1.818E-01	2.844E-01	3.089E-01	0.020	18
afdb_O22229_v6	afdb_P00489_v6	2.710E-01	1.955E-01	2.996E-01	0.069	27
afdb_O22229_v6	afdb_P00914_v6	2.227E-01	2.412E-01	2.523E-01	0.040	22
afdb_O22229_v6	afdb_O33199_v6	1.572E-01	3.061E-01	3.143E-01	0.011	15
afdb_O22229_v6	afdb_P05414_v6	2.005E-01	2.609E-01	3.083E-01	0.029	20
afdb_O22229_v6	afdb_P39377_v6	2.057E-01	2.556E-01	2.603E-01	0.029	20
afdb_O22229_v6	afdb_F8W4B7_v6	2.915E-01	1.695E-01	3.137E-01	0.082	29
afdb_O22229_v6	afdb_P00800_v6	2.321E-01	2.266E-01	2.997E-01	0.045	23
afdb_O22229_v6	afdb_P29183_v6	2.172E-01	2.412E-01	2.668E-01	0.034	21
afdb_O22229_v6	afdb_P06721_v6	2.036E-01	2.544E-01	3.639E-01	0.029	20
afdb_O22229_v6	afdb_P55038_v6	3.182E-01	1.367E-01	3.194E-01	0.098	31
afdb_O22229_v6	afdb_P28796_v6	2.178E-01	2.365E-01	3.024E-01	0.034	21
afdb_O22229_v6	afdb_P03958_v6	1.901E-01	2.612E-01	2.845E-01	0.020	18
afdb_O22229_v6	afdb_Q00441_v6	2.037E-01	2.446E-01	2.971E-01	0.029	20
afdb_O22229_v6	afdb_P09598_v6	1.735E-01	2.719E-01	2.971E-01	0.016	17
afdb_O22229_v6	afdb_P83788_v6	2.032E-01	2.419E-01	2.598E-01	0.029	20
afdb_O22229_v6	afdb_P21836_v6	2.343E-01	2.103E-01	3.228E-01	0.045	23
afdb_O22229_v6	afdb_P30850_v6	2.353E-01	2.066E-01	2.509E-01	0.045	23
afdb_O22229_v6	afdb_P00860_v6	2.100E-01	2.302E-01	2.380E-01	0.029	20
afdb_O22229_v6	afdb_P19938_v6	1.719E-01	2.668E-01	3.018E-01	0.016	17
afdb_O22229_v6	afdb_P0CE47_v6	1.947E-01	2.436E-01	3.305E-01	0.024	19
afdb_O22229_v6	afdb_P23295_v6	1.984E-01	2.400E-01	2.863E-01	0.024	19
afdb_O22229_v6	afdb_P15917_v6	2.537E-01	1.831E-01	2.636E-01	0.057	25
afdb_O22229_v6	afdb_Q58989_v6	1.468E-01	2.898E-01	2.989E-01	0.010	14
afdb_O22229_v6	afdb_P28305_v6	1.681E-01	2.682E-01	2.932E-01	0.014	16
afdb_O22229_v6	afdb_Q9XBQ8_v6	1.964E-01	2.372E-01	3.706E-01	0.024	19
afdb_O22229_v6	afdb_P00388_v6	2.346E-01	1.968E-01	2.421E-01	0.045	23
afdb_O22229_v6	afdb_Q9L9D7_v6	2.204E-01	2.085E-01	2.489E-01	0.040	22
afdb_O22229_v6	afdb_A0A0C6DRW4_v6	1.960E-01	2.314E-01	2.949E-01	0.024	19
afdb_O22229_v6	afdb_P09883_v6	2.196E-01	2.058E-01	2.363E-01	0.034	21
afdb_O22229_v6	afdb_P08148_v6	2.201E-01	1.997E-01	3.286E-01	0.040	22
afdb_O22229_v6	afdb_P00935_v6	1.870E-01	2.328E-01	3.457E-01	0.020	18
afdb_O22229_v6	afdb_P24474_v6	2.137E-01	2.030E-01	2.424E-01	0.034	21
afdb_O22229_v6	afdb_Q05755_v6	2.899E-01	1.260E-01	2.926E-01	0.076	28
afdb_O22229_v6	afdb_P56218_v6	1.648E-01	2.483E-01	2.500E-01	0.014	16
afdb_O22229_v6	afdb_P00455_v6	1.779E-01	2.345E-01	2.902E-01	0.016	17
afdb_O22229_v6	afdb_P12821_v6	2.748E-01	1.369E-01	2.945E-01	0.069	27
afdb_O22229_v6	afdb_P21327_v6	1.852E-01	2.244E-01	2.643E-01	0.020	18
afdb_O22229_v6	afdb_Q7SID9_v6	2.074E-01	1.991E-01	2.635E-01	0.029	20
afdb_O22229_v6	afdb_P81054_v6	1.725E-01	2.320E-01	2.509E-01	0.016	17
afdb_O22229_v6	afdb_O13297_v6	2.015E-01	1.961E-01	2.590E-01	0.029	20
afdb_O22229_v6	afdb_P43099_v6	2.207E-01	1.758E-01	2.915E-01	0.040	22
afdb_O22229_v6	afdb_P00777_v6	1.589E-01	2.369E-01	2.753E-01	0.011	15
afdb_O22229_v6	afdb_P08373_v6	1.652E-01	2.301E-01	2.493E-01	0.014	16
afdb_O22229_v6	afdb_P14779_v6	2.471E-01	1.448E-01	2.777E-01	0.051	24
afdb_O22229_v6	afdb_Q01693_v6	1.922E-01	1.991E-01	2.950E-01	0.024	19
afdb_O22229_v6	afdb_P40881_v6	1.421E-01	2.460E-01	2.681E-01	0.010	14
afdb_O22229_v6	afdb_Q6YBS3_v6	1.998E-01	1.750E-01	2.800E-01	0.024	19
afdb_O22229_v6	afdb_P18314_v6	1.886E-01	1.799E-01	2.326E-01	0.020	18
afdb_O22229_v6	afdb_P04042_v6	1.563E-01	2.103E-01	2.528E-01	0.011	15
afdb_O62140_v6	afdb_A0A0C6DRW4_v6	4.876E-01	7.493E-01	7.848E-01	0.411	48
afdb_O62140_v6	afdb_P00396_v6	2.691E-01	3.324E-01	3.840E-01	0.063	26
afdb_O62140_v6	afdb_P71119_v6	1.718E-01	4.189E-01	4.752E-01	0.016	17
afdb_O62140_v6	afdb_P55038_v6	3.735E-01	1.950E-01	3.838E-01	0.164	37
afdb_O62140_v6	afdb_P00800_v6	2.618E-01	3.030E-01	3.174E-01	0.063	26
afdb_O62140_v6	afdb_P0A6T5_v6	1.671E-01	3.918E-01	3.987E-01	0.014	16
afdb_O62140_v6	afdb_P81054_v6	2.118E-01	3.452E-01	3.648E-01	0.034	21
afdb_O62140_v6	afdb_P53608_v6	1.935E-01	3.618E-01	3.977E-01	0.024	19
afdb_O62140_v6	afdb_P00489_v6	2.959E-01	2.503E-01	3.235E-01	0.082	29
afdb_O62140_v6	afdb_P46076_v6	2.059E-01	3.398E-01	3.645E-01	0.029	20
afdb_O62140_v6	afdb_P00935_v6	2.162E-01	3.270E-01	3.295E-01	0.034	21
afdb_O62140_v6	afdb_P42593_v6	2.706E-01	2.712E-01	3.026E-01	0.069	27
afdb_O62140_v6	afdb_P00455_v6	2.118E-01	3.301E-01	3.507E-01	0.034	21
afdb_O62140_v6	afdb_P03958_v6	2.029E-01	3.345E-01	3.352E-01	0.029	20
afdb_O62140_v6	afdb_P30122_v6	2.540E-01	2.778E-01	3.048E-01	0.057	25
afdb_O62140_v6	afdb_Q05755_v6	3.472E-01	1.831E-01	3.505E-01	0.126	34
afdb_O62140_v6	afdb_P05414_v6	2.078E-01	3.214E-01	3.495E-01	0.029	20
afdb_O62140_v6	afdb_P83772_v6	1.748E-01	3.546E-01	3.833E-01	0.016	17
afdb_O62140_v6	afdb_P14779_v6	3.024E-01	2.193E-01	3.269E-01	0.090	30
afdb_O62140_v6	afdb_Q6LZM9_v6	2.190E-01	3.010E-01	3.210E-01	0.034	21
afdb_O62140_v6	afdb_P00860_v6	2.239E-01	2.962E-01	3.315E-01	0.040	22
afdb_O62140_v6	afdb_P37967_v6	2.285E-01	2.899E-01	2.934E-01	0.040	22
afdb_O62140_v6	afdb_Q05769_v6	2.474E-01	2.687E-01	3.181E-01	0.051	24
afdb_O62140_v6	afdb_P00914_v6	2.246E-01	2.918E-01	3.142E-01	0.040	22
afdb_O62140_v6	afdb_P28796_v6	2.234E-01	2.921E-01	3.002E-01	0.040	22
afdb_O62140_v6	afdb_P16932_v6	2.129E-01	2.997E-01	3.002E-01	0.034	21
afdb_O62140_v6	afdb_Q00441_v6	2.039E-01	3.045E-01	3.591E-01	0.029	20
afdb_O62140_v6	afdb_P43099_v6	2.614E-01	2.467E-01	2.936E-01	0.063	26
afdb_O62140_v6	afdb_Q50925_v6	2.389E-01	2.694E-01	3.048E-01	0.045	23
afdb_O62140_v6	afdb_P48534_v6	1.629E-01	3.419E-01	3.486E-01	0.014	16
afdb_O62140_v6	afdb_P83686_v6	1.690E-01	3.352E-01	3.495E-01	0.014	16
afdb_O62140_v6	afdb_P08148_v6	2.421E-01	2.615E-01	2.910E-01	0.051	24
afdb_O62140_v6	afdb_P00592_v6	1.119E-01	3.905E-01	4.311E-01	0.007	11
afdb_O62140_v6	afdb_P09598_v6	1.712E-01	3.303E-01	3.478E-01	0.016	17
afdb_O62140_v6	afdb_Q00017_v6	1.613E-01	3.389E-01	3.539E-01	0.014	16
afdb_O62140_v6	afdb_P18314_v6	2.341E-01	2.654E-01	2.983E-01	0.045	23
afdb_O62140_v6	afdb_Q75WN8_v6	1.738E-01	3.261E-01	3.312E-01	0.016	17
afdb_O62140_v6	afdb_P21327_v6	2.013E-01	2.982E-01	3.053E-01	0.029	20
afdb_O62140_v6	afdb_P04190_v6	1.650E-01	3.337E-01	3.772E-01	0.014	16
afdb_O62140_v6	afdb_P05521_v6	1.775E-01	3.189E-01	3.330E-01	0.016	17
afdb_O62140_v6	afdb_P08473_v6	2.572E-01	2.384E-01	2.803E-01	0.057	25
afdb_O62140_v6	afdb_Q02899_v6	2.009E-01	2.939E-01	2.987E-01	0.029	20
afdb_O62140_v6	afdb_Q6UV28_v6	1.171E-01	3.766E-01	4.343E-01	0.007	11
afdb_O62140_v6	afdb_O16025_v6	2.858E-01	2.016E-01	3.394E-01	0.076	28
afdb_O62140_v6	afdb_P00175_v6	2.320E-01	2.548E-01	2.659E-01	0.045	23
afdb_O62140_v6	afdb_P08819_v6	2.027E-01	2.800E-01	2.983E-01	0.029	20
afdb_O62140_v6	afdb_P24474_v6	2.269E-01	2.566E-01	2.868E-01	0.040	22
afdb_O62140_v6	afdb_P27170_v6	1.835E-01	2.983E-01	3.228E-01	0.020	18
afdb_O62140_v6	afdb_P21836_v6	2.312E-01	2.471E-01	2.725E-01	0.045	23
afdb_O62140_v6	afdb_P22266_v6	1.800E-01	2.954E-01	3.190E-01	0.016	17
afdb_O62140_v6	afdb_P30850_v6	2.322E-01	2.398E-01	2.566E-01	0.045	23
afdb_O62140_v6	afdb_P15917_v6	2.512E-01	2.186E-01	2.794E-01	0.057	25
afdb_O62140_v6	afdb_P00766_v6	1.493E-01	3.201E-01	3.406E-01	0.010	14
afdb_O62140_v6	afdb_P00777_v6	1.641E-01	3.016E-01	3.506E-01	0.014	16
afdb_O62140_v6	afdb_P00918_v6	1.503E-01	2.989E-01	3.172E-01	0.010	14
afdb_O62140_v6	afdb_P12821_v6	2.784E-01	1.673E-01	3.216E-01	0.069	27
afdb_O62140_v6	afdb_P35049_v6	1.392E-01	2.984E-01	3.334E-01	0.009	13
afdb_O62140_v6	afdb_F8W4B7_v6	2.551E-01	1.799E-01	2.710E-01	0.057	25
afdb_O62140_v6	afdb_P16444_v6	1.787E-01	2.557E-01	2.746E-01	0.016	17
afdb_O62140_v6	afdb_P09883_v6	2.056E-01	2.274E-01	2.304E-01	0.029	20
afdb_Q9BZ11_v6	afdb_Q9L9D7_v6	2.429E-01	3.126E-01	3.129E-01	0.051	24
afdb_Q9BZ11_v6	afdb_P04042_v6	1.841E-01	3.491E-01	3.638E-01	0.020	18
afdb_Q9BZ11_v6	afdb_P21179_v6	2.525E-01	2.663E-01	3.124E-01	0.057	25
afdb_Q9BZ11_v6	afdb_P03958_v6	1.776E-01	3.406E-01	3.508E-01	0.016	17
afdb_Q9BZ11_v6	afdb_P00914_v6	2.057E-01	3.030E-01	3.171E-01	0.029	20
afdb_Q9BZ11_v6	afdb_P55038_v6	3.142E-01	1.907E-01	3.444E-01	0.098	31
afdb_Q9BZ11_v6	afdb_Q3HWU8_v6	1.503E-01	3.543E-01	3.609E-01	0.011	15
afdb_Q9BZ11_v6	afdb_P42593_v6	2.341E-01	2.707E-01	2.811E-01	0.045	23
afdb_Q9BZ11_v6	afdb_Q6LZM9_v6	1.943E-01	3.095E-01	3.193E-01	0.024	19
afdb_Q9BZ11_v6	afdb_P83788_v6	1.890E-01	3.121E-01	3.444E-01	0.020	18
afdb_Q9BZ11_v6	afdb_P30122_v6	2.210E-01	2.797E-01	2.913E-01	0.040	22
afdb_Q9BZ11_v6	afdb_P0A6C1_v6	1.543E-01	3.432E-01	3.458E-01	0.011	15
afdb_Q9BZ11_v6	afdb_P37957_v6	1.259E-01	3.701E-01	4.101E-01	0.008	12
afdb_Q9BZ11_v6	afdb_Q6YBS3_v6	2.261E-01	2.696E-01	2.861E-01	0.040	22
afdb_Q9BZ11_v6	afdb_P56218_v6	1.559E-01	3.387E-01	3.738E-01	0.011	15
afdb_Q9BZ11_v6	afdb_Q05755_v6	3.044E-01	1.901E-01	3.507E-01	0.090	30
afdb_Q9BZ11_v6	afdb_P19938_v6	1.516E-01	3.401E-01	3.577E-01	0.011	15
afdb_Q9BZ11_v6	afdb_Q00017_v6	1.393E-01	3.507E-01	3.657E-01	0.009	13
afdb_Q9BZ11_v6	afdb_P83772_v6	1.411E-01	3.466E-01	3.476E-01	0.010	14
afdb_Q9BZ11_v6	afdb_Q9AGP8_v6	2.446E-01	2.413E-01	2.795E-01	0.051	24
afdb_Q9BZ11_v6	afdb_P05414_v6	1.722E-01	3.124E-01	3.153E-01	0.016	17
afdb_Q9BZ11_v6	afdb_P05521_v6	1.546E-01	3.260E-01	3.442E-01	0.011	15
afdb_Q9BZ11_v6	afdb_P21327_v6	1.805E-01	2.977E-01	3.047E-01	0.020	18
afdb_Q9BZ11_v6	afdb_P83686_v6	1.466E-01	3.285E-01	3.393E-01	0.010	14
afdb_Q9BZ11_v6	afdb_P12821_v6	2.808E-01	1.939E-01	2.893E-01	0.076	28
afdb_Q9BZ11_v6	afdb_P77444_v6	1.755E-01	2.980E-01	3.206E-01	0.016	17
afdb_Q9BZ11_v6	afdb_P00935_v6	1.734E-01	2.979E-01	3.375E-01	0.016	17
afdb_Q9BZ11_v6	afdb_P08148_v6	2.096E-01	2.612E-01	2.879E-01	0.029	20
afdb_Q9BZ11_v6	afdb_P00388_v6	2.201E-01	2.509E-01	2.851E-01	0.034	21
afdb_Q9BZ11_v6	afdb_Q58989_v6	1.250E-01	3.438E-01	3.450E-01	0.008	12
afdb_Q9BZ11_v6	afdb_P0A6G7_v6	1.220E-01	3.436E-01	3.454E-01	0.008	12
afdb_Q9BZ11_v6	afdb_P28305_v6	1.398E-01	3.244E-01	3.485E-01	0.009	13
afdb_Q9BZ11_v6	afdb_P28796_v6	1.848E-01	2.792E-01	3.148E-01	0.020	18
afdb_Q9BZ11_v6	afdb_P10902_v6	1.964E-01	2.671E-01	2.761E-01	0.024	19
afdb_Q9BZ11_v6	afdb_Q29460_v6	1.296E-01	3.327E-01	3.545E-01	0.008	12
afdb_Q9BZ11_v6	afdb_Q75WN8_v6	1.462E-01	3.141E-01	3.403E-01	0.010	14
afdb_Q9BZ11_v6	afdb_Q12178_v6	1.033E-01	3.557E-01	3.600E-01	0.000	10
afdb_Q9BZ11_v6	afdb_P0AB77_v6	1.694E-01	2.901E-01	3.128E-01	0.014	16
afdb_Q9BZ11_v6	afdb_P14779_v6	2.507E-01	2.070E-01	2.832E-01	0.057	25
afdb_Q9BZ11_v6	afdb_P05725_v6	9.878E-02	3.540E-01	3.778E-01	0.000	9
afdb_Q9BZ11_v6	afdb_Q7ZAG8_v6	1.685E-01	2.817E-01	2.931E-01	0.014	16
afdb_Q9BZ11_v6	afdb_P46076_v6	1.566E-01	2.922E-01	3.009E-01	0.011	15
afdb_Q9BZ11_v6	afdb_Q9FEW9_v6	1.637E-01	2.844E-01	3.071E-01	0.014	16
afdb_Q9BZ11_v6	afdb_P00392_v6	1.924E-01	2.549E-01	2.572E-01	0.024	19
afdb_Q9BZ11_v6	afdb_P53608_v6	1.455E-01	3.006E-01	3.052E-01	0.010	14
afdb_Q9BZ11_v6	afdb_Q9NPB1_v6	1.270E-01	3.176E-01	3.302E-01	0.008	12
afdb_Q9BZ11_v6	afdb_P00800_v6	1.891E-01	2.552E-01	2.867E-01	0.020	18
afdb_Q9BZ11_v6	afdb_P06721_v6	1.651E-01	2.794E-01	2.798E-01	0.014	16
afdb_Q9BZ11_v6	afdb_P81054_v6	1.556E-01	2.878E-01	3.067E-01	0.011	15
afdb_Q9BZ11_v6	afdb_P27487_v6	2.156E-01	2.255E-01	2.872E-01	0.034	21
afdb_Q9BZ11_v6	afdb_Q9UMR5_v6	1.430E-01	2.975E-01	3.224E-01	0.010	14
afdb_Q9BZ11_v6	afdb_Q8RB32_v6	1.245E-01	3.133E-01	3.159E-01	0.008	12
afdb_Q9BZ11_v6	afdb_P00644_v6	1.183E-01	3.194E-01	3.500E-01	0.007	11
afdb_Q9BZ11_v6	afdb_Q00441_v6	1.626E-01	2.733E-01	2.926E-01	0.014	16
afdb_Q9BZ11_v6	afdb_O58727_v6	1.072E-01	3.279E-01	3.528E-01	0.000	10
afdb_Q9BZ11_v6	afdb_Q7SID9_v6	1.885E-01	2.466E-01	2.494E-01	0.020	18
afdb_Q9BZ11_v6	afdb_Q56839_v6	1.823E-01	2.519E-01	2.935E-01	0.020	18
afdb_Q9BZ11_v6	afdb_P45478_v6	1.419E-01	2.901E-01	3.185E-01	0.010	14
afdb_Q9BZ11_v6	afdb_P08165_v6	1.762E-01	2.551E-01	2.597E-01	0.016	17
afdb_Q9BZ11_v6	afdb_Q01693_v6	1.761E-01	2.524E-01	2.603E-01	0.016	17
afdb_Q9BZ11_v6	afdb_P43099_v6	2.039E-01	2.199E-01	2.368E-01	0.029	20
afdb_Q9BZ11_v6	afdb_P08819_v6	1.665E-01	2.579E-01	2.578E-01	0.014	16
afdb_Q9BZ11_v6	afdb_P37062_v6	1.651E-01	2.568E-01	2.716E-01	0.014	16
afdb_Q9BZ11_v6	afdb_P56216_v6	1.818E-01	2.379E-01	2.632E-01	0.020	18
afdb_Q9BZ11_v6	afdb_P23295_v6	1.572E-01	2.619E-01	2.860E-01	0.011	15
afdb_Q9BZ11_v6	afdb_P00860_v6	1.651E-01	2.518E-01	2.807E-01	0.014	16
afdb_Q9BZ11_v6	afdb_P30850_v6	1.896E-01	2.259E-01	2.799E-01	0.020	18
afdb_Q9BZ11_v6	afdb_Q28943_v6	2.254E-01	1.896E-01	2.741E-01	0.040	22
afdb_Q9BZ11_v6	afdb_P40859_v6	1.467E-01	2.581E-01	2.644E-01	0.010	14
afdb_Q9BZ11_v6	afdb_P22266_v6	1.366E-01	2.632E-01	2.942E-01	0.009	13
afdb_Q9BZ11_v6	afdb_O16025_v6	2.138E-01	1.743E-01	2.210E-01	0.034	21
afdb_Q9I509_v6	afdb_Q29460_v6	5.288E-01	4.703E-01	5.594E-01	0.537	52
afdb_Q9I509_v6	afdb_Q00017_v6	5.386E-01	4.542E-01	5.405E-01	0.569	53
afdb_Q9I509_v6	afdb_P22266_v6	5.711E-01	3.717E-01	5.752E-01	0.692	57
afdb_Q9I509_v6	afdb_P83772_v6	5.081E-01	4.112E-01	5.097E-01	0.473	50
afdb_Q9I509_v6	afdb_P37957_v6	4.635E-01	4.409E-01	5.077E-01	0.353	46
afdb_Q9I509_v6	afdb_O58727_v6	4.247E-01	4.552E-01	4.569E-01	0.254	42
afdb_Q9I509_v6	afdb_P96965_v6	4.923E-01	3.737E-01	4.960E-01	0.442	49
afdb_Q9I509_v6	afdb_Q3HWU8_v6	4.778E-01	3.693E-01	4.910E-01	0.382	47
afdb_Q9I509_v6	afdb_Q75WN8_v6	4.795E-01	3.649E-01	4.847E-01	0.382	47
afdb_Q9I509_v6	afdb_P0CE47_v6	5.320E-01	3.039E-01	5.447E-01	0.569	53
afdb_Q9I509_v6	afdb_P53608_v6	4.750E-01	3.528E-01	4.799E-01	0.382	47
afdb_Q9I509_v6	afdb_Q9NPB1_v6	4.326E-01	3.878E-01	4.395E-01	0.277	43
afdb_Q9I509_v6	afdb_Q9UMR5_v6	4.635E-01	3.412E-01	4.748E-01	0.353	46
afdb_Q9I509_v6	afdb_P04042_v6	4.892E-01	3.052E-01	6.656E-01	0.411	48
afdb_Q9I509_v6	afdb_P05521_v6	4.592E-01	3.324E-01	4.723E-01	0.326	45
afdb_Q9I509_v6	afdb_P09184_v6	3.546E-01	4.229E-01	4.861E-01	0.138	35
afdb_Q9I509_v6	afdb_P00388_v6	5.788E-01	1.980E-01	6.922E-01	0.692	57
afdb_Q9I509_v6	afdb_P22394_v6	5.286E-01	2.368E-01	5.305E-01	0.537	52
afdb_Q9I509_v6	afdb_P21836_v6	5.365E-01	2.203E-01	5.384E-01	0.569	53
afdb_Q9I509_v6	afdb_P00639_v6	4.196E-01	3.287E-01	4.297E-01	0.233	41
afdb_Q9I509_v6	afdb_Q8RB32_v6	3.990E-01	3.452E-01	4.194E-01	0.196	39
afdb_Q9I509_v6	afdb_P08819_v6	4.811E-01	2.615E-01	4.862E-01	0.411	48
afdb_Q9I509_v6	afdb_P0A6C1_v6	4.154E-01	3.229E-01	4.277E-01	0.233	41
afdb_Q9I509_v6	afdb_P03958_v6	4.319E-01	2.883E-01	4.390E-01	0.277	43
afdb_Q9I509_v6	afdb_Q12178_v6	3.305E-01	3.847E-01	4.337E-01	0.116	33
afdb_Q9I509_v6	afdb_P80324_v6	4.428E-01	2.711E-01	4.462E-01	0.301	44
afdb_Q9I509_v6	afdb_Q58989_v6	3.645E-01	3.489E-01	3.761E-01	0.150	36
afdb_Q9I509_v6	afdb_P29183_v6	4.638E-01	2.464E-01	4.653E-01	0.353	46
afdb_Q9I509_v6	afdb_Q01693_v6	4.859E-01	2.235E-01	4.878E-01	0.411	48
afdb_Q9I509_v6	afdb_P14779_v6	5.713E-01	1.315E-01	7.025E-01	0.692	57
afdb_Q9I509_v6	afdb_P39377_v6	4.284E-01	2.687E-01	4.352E-01	0.254	42
afdb_Q9I509_v6	afdb_P0A9P4_v6	4.028E-01	2.787E-01	4.151E-01	0.214	40
afdb_Q9I509_v6	afdb_P0A1E3_v6	3.990E-01	2.754E-01	4.361E-01	0.196	39
afdb_Q9I509_v6	afdb_Q02899_v6	4.176E-01	2.555E-01	4.473E-01	0.233	41
afdb_Q9I509_v6	afdb_Q9L9D7_v6	4.685E-01	2.037E-01	4.702E-01	0.353	46
afdb_Q9I509_v6	afdb_P21179_v6	5.132E-01	1.569E-01	5.152E-01	0.505	51
afdb_Q9I509_v6	afdb_P16444_v6	4.237E-01	2.464E-01	4.351E-01	0.254	42
afdb_Q9I509_v6	afdb_P15289_v6	4.451E-01	2.198E-01	4.875E-01	0.301	44
afdb_Q9I509_v6	afdb_Q9XBQ8_v6	4.152E-01	2.354E-01	4.532E-01	0.233	41
afdb_Q9I509_v6	afdb_P40859_v6	4.142E-01	2.355E-01	4.259E-01	0.233	41
afdb_Q9I509_v6	afdb_P06721_v6	4.094E-01	2.389E-01	4.562E-01	0.214	40
afdb_Q9I509_v6	afdb_P28796_v6	4.299E-01	2.180E-01	4.721E-01	0.254	42
afdb_Q9I509_v6	afdb_P0A6G7_v6	3.286E-01	3.190E-01	3.494E-01	0.106	32
afdb_Q9I509_v6	afdb_P03007_v6	3.443E-01	2.993E-01	3.755E-01	0.126	34
afdb_Q9I509_v6	afdb_P00455_v6	3.933E-01	2.466E-01	4.017E-01	0.196	39
afdb_Q9I509_v6	afdb_Q945K2_v6	4.435E-01	1.951E-01	4.502E-01	0.301	44
afdb_Q9I509_v6	afdb_P22637_v6	4.380E-01	1.970E-01	4.436E-01	0.277	43
afdb_Q9I509_v6	afdb_P05414_v6	3.828E-01	2.524E-01	3.854E-01	0.179	38
afdb_Q9I509_v6	afdb_Q7ZAG8_v6	4.048E-01	2.279E-01	4.141E-01	0.214	40
afdb_Q9I509_v6	afdb_Q6YBS3_v6	4.420E-01	1.842E-01	4.461E-01	0.301	44
afdb_Q9I509_v6	afdb_P16932_v6	4.018E-01	2.237E-01	4.437E-01	0.214	40
afdb_Q9I509_v6	afdb_P71119_v6	3.200E-01	3.037E-01	3.359E-01	0.098	31
afdb_Q9I509_v6	afdb_P00914_v6	4.148E-01	2.052E-01	4.631E-01	0.233	41
afdb_Q9I509_v6	afdb_P00489_v6	4.745E-01	1.438E-01	4.763E-01	0.382	47
afdb_Q9I509_v6	afdb_P83788_v6	3.918E-01	2.197E-01	4.334E-01	0.196	39
afdb_Q9I509_v6	afdb_F8W4B7_v6	4.835E-01	1.278E-01	4.852E-01	0.411	48
afdb_Q9I509_v6	afdb_P12995_v6	3.906E-01	2.218E-01	4.175E-01	0.196	39
afdb_Q9I509_v6	afdb_P27487_v6	4.518E-01	1.552E-01	4.533E-01	0.326	45
afdb_Q9I509_v6	afdb_P18314_v6	4.132E-01	1.902E-01	4.145E-01	0.233	41
afdb_Q9I509_v6	afdb_P25910_v6	3.214E-01	2.766E-01	3.314E-01	0.106	32
afdb_Q9I509_v6	afdb_P24630_v6	3.810E-01	2.160E-01	4.199E-01	0.179	38
afdb_Q9I509_v6	afdb_P00860_v6	3.898E-01	2.070E-01	4.511E-01	0.179	38
afdb_Q9I509_v6	afdb_P0AB77_v6	3.720E-01	2.210E-01	4.057E-01	0.164	37
afdb_Q9I509_v6	afdb_P10902_v6	4.085E-01	1.824E-01	4.115E-01	0.214	40
afdb_Q9I509_v6	afdb_P16099_v6	4.312E-01	1.589E-01	4.445E-01	0.277	43
afdb_Q9I509_v6	afdb_P00935_v6	3.639E-01	2.200E-01	4.400E-01	0.150	36
afdb_Q9I509_v6	afdb_P00392_v6	4.098E-01	1.734E-01	4.213E-01	0.214	40
afdb_Q9I509_v6	afdb_P52700_v6	3.276E-01	2.553E-01	3.491E-01	0.106	32
afdb_Q9I509_v6	afdb_P19938_v6	3.267E-01	2.563E-01	3.278E-01	0.106	32
afdb_Q9I509_v6	afdb_Q16775_v6	3.352E-01	2.468E-01	3.431E-01	0.116	33
afdb_Q9I509_v6	afdb_P42593_v6	4.152E-01	1.567E-01	4.502E-01	0.233	41
afdb_Q9I509_v6	afdb_P37062_v6	3.710E-01	2.002E-01	3.750E-01	0.164	37
afdb_Q9I509_v6	afdb_P40881_v6	3.075E-01	2.608E-01	3.236E-01	0.090	30
afdb_Q9I509_v6	afdb_Q06241_v6	2.842E-01	2.802E-01	3.263E-01	0.076	28
afdb_Q9I509_v6	afdb_Q6LZM9_v6	3.644E-01	1.971E-01	4.038E-01	0.150	36
afdb_Q9I509_v6	afdb_P00175_v6	3.927E-01	1.686E-01	4.116E-01	0.196	39
afdb_Q9I509_v6	afdb_P48534_v6	2.977E-01	2.571E-01	3.004E-01	0.082	29
afdb_Q9I509_v6	afdb_P77444_v6	3.413E-01	2.033E-01	3.599E-01	0.126	34
afdb_Q9I509_v6	afdb_P08165_v6	3.568E-01	1.869E-01	3.773E-01	0.138	35
afdb_Q9I509_v6	afdb_P81054_v6	3.257E-01	2.150E-01	3.448E-01	0.106	32
afdb_Q9I509_v6	afdb_P43099_v6	3.966E-01	1.391E-01	4.435E-01	0.196	39
afdb_Q9I509_v6	afdb_Q28943_v6	4.180E-01	1.149E-01	4.605E-01	0.233	41
afdb_Q9I509_v6	afdb_P23295_v6	3.355E-01	1.911E-01	3.522E-01	0.116	33
afdb_Q9I509_v6	afdb_P00800_v6	3.561E-01	1.666E-01	3.573E-01	0.138	35
afdb_Q9I509_v6	afdb_P55038_v6	4.211E-01	8.551E-02	4.238E-01	0.254	42
afdb_Q9I509_v6	afdb_P24474_v6	3.423E-01	1.594E-01	3.602E-01	0.126	34
afdb_Q9I509_v6	afdb_Q9AGP8_v6	3.829E-01	1.180E-01	3.996E-01	0.179	38
afdb_Q9I509_v6	afdb_Q50925_v6	3.336E-01	1.530E-01	3.441E-01	0.116	33
afdb_Q9I509_v6	afdb_Q56839_v6	3.254E-01	1.596E-01	3.266E-01	0.106	32
afdb_Q9I509_v6	afdb_P00777_v6	2.749E-01	2.052E-01	3.001E-01	0.069	27
afdb_Q9I509_v6	afdb_Q7SID9_v6	3.241E-01	1.542E-01	3.264E-01	0.106	32
afdb_Q9I509_v6	afdb_Q05755_v6	3.984E-01	7.718E-02	4.164E-01	0.196	39
afdb_Q9I509_v6	afdb_P15917_v6	3.431E-01	1.185E-01	3.453E-01	0.126	34
afdb_Q9I509_v6	afdb_P30850_v6	2.991E-01	1.305E-01	3.012E-01	0.082	29
afdb_Q9MA74_v6	afdb_P0AB77_v6	6.325E-01	7.525E-01	7.735E-01	0.837	63
afdb_Q9MA74_v6	afdb_P77444_v6	6.211E-01	7.249E-01	8.032E-01	0.817	62
afdb_Q9MA74_v6	afdb_P12995_v6	6.212E-01	6.878E-01	6.892E-01	0.817	62
afdb_Q9MA74_v6	afdb_P16932_v6	6.199E-01	6.819E-01	6.917E-01	0.795	61
afdb_Q9MA74_v6	afdb_P24630_v6	6.036E-01	6.634E-01	6.716E-01	0.772	60
afdb_Q9MA74_v6	afdb_P83788_v6	5.887E-01	6.716E-01	7.603E-01	0.720	58
afdb_Q9MA74_v6	afdb_P28796_v6	6.167E-01	6.342E-01	6.819E-01	0.795	61
afdb_Q9MA74_v6	afdb_Q6LZM9_v6	5.839E-01	6.394E-01	7.974E-01	0.720	58
afdb_Q9MA74_v6	afdb_P06721_v6	5.409E-01	6.482E-01	7.490E-01	0.601	54
afdb_Q9MA74_v6	afdb_P00935_v6	5.330E-01	6.525E-01	7.433E-01	0.569	53
afdb_Q9MA74_v6	afdb_P43099_v6	5.932E-01	4.084E-01	7.065E-01	0.747	59
afdb_Q9MA74_v6	afdb_P0A1E3_v6	2.841E-01	3.913E-01	4.215E-01	0.076	28
afdb_Q9MA74_v6	afdb_O58727_v6	2.105E-01	4.644E-01	5.010E-01	0.034	21
afdb_Q9MA74_v6	afdb_Q29460_v6	2.349E-01	4.237E-01	4.546E-01	0.045	23
afdb_Q9MA74_v6	afdb_Q00017_v6	2.432E-01	4.114E-01	5.449E-01	0.051	24
afdb_Q9MA74_v6	afdb_P37957_v6	2.166E-01	4.326E-01	5.756E-01	0.034	21
afdb_Q9MA74_v6	afdb_O59791_v6	2.749E-01	3.738E-01	3.987E-01	0.069	27
afdb_Q9MA74_v6	afdb_P00860_v6	3.081E-01	3.190E-01	3.918E-01	0.090	30
afdb_Q9MA74_v6	afdb_P53608_v6	2.476E-01	3.654E-01	4.302E-01	0.051	24
afdb_Q9MA74_v6	afdb_P0A6C1_v6	2.443E-01	3.660E-01	4.626E-01	0.051	24
afdb_Q9MA74_v6	afdb_P52700_v6	2.462E-01	3.625E-01	3.828E-01	0.051	24
afdb_Q9MA74_v6	afdb_P15289_v6	3.097E-01	2.979E-01	4.134E-01	0.090	30
afdb_Q9MA74_v6	afdb_P00392_v6	3.186E-01	2.859E-01	3.506E-01	0.098	31
afdb_Q9MA74_v6	afdb_P21179_v6	3.509E-01	2.530E-01	3.658E-01	0.138	35
afdb_Q9MA74_v6	afdb_P37062_v6	2.942E-01	3.093E-01	3.102E-01	0.082	29
afdb_Q9MA74_v6	afdb_P04042_v6	2.631E-01	3.355E-01	3.725E-01	0.063	26
afdb_Q9MA74_v6	afdb_P05414_v6	2.700E-01	3.292E-01	3.610E-01	0.063	26
afdb_Q9MA74_v6	afdb_P83772_v6	2.233E-01	3.723E-01	4.482E-01	0.040	22
afdb_Q9MA74_v6	afdb_P15917_v6	3.512E-01	2.375E-01	3.546E-01	0.138	35
afdb_Q9MA74_v6	afdb_P09030_v6	2.267E-01	3.537E-01	4.470E-01	0.040	22
afdb_Q9MA74_v6	afdb_P00175_v6	3.122E-01	2.684E-01	3.368E-01	0.098	31
afdb_Q9MA74_v6	afdb_Q7ZAG8_v6	2.709E-01	3.040E-01	3.363E-01	0.069	27
afdb_Q9MA74_v6	afdb_P05521_v6	2.318E-01	3.396E-01	3.710E-01	0.045	23
afdb_Q9MA74_v6	afdb_P0A9P4_v6	2.469E-01	3.254E-01	3.313E-01	0.051	24
afdb_Q9MA74_v6	afdb_P39377_v6	2.602E-01	3.058E-01	4.289E-01	0.057	25
afdb_Q9MA74_v6	afdb_P03958_v6	2.475E-01	3.122E-01	3.974E-01	0.051	24
afdb_Q9MA74_v6	afdb_Q75WN8_v6	2.188E-01	3.297E-01	4.670E-01	0.034	21
afdb_Q9MA74_v6	afdb_P96965_v6	2.179E-01	3.300E-01	4.379E-01	0.034	21
afdb_Q9MA74_v6	afdb_P0A6T5_v6	1.984E-01	3.484E-01	3.514E-01	0.024	19
afdb_Q9MA74_v6	afdb_Q9NPB1_v6	2.020E-01	3.441E-01	3.630E-01	0.029	20
afdb_Q9MA74_v6	afdb_Q56839_v6	2.810E-01	2.652E-01	2.876E-01	0.076	28
afdb_Q9MA74_v6	afdb_P00914_v6	2.702E-01	2.745E-01	3.852E-01	0.069	27
afdb_Q9MA74_v6	afdb_P06621_v6	2.583E-01	2.879E-01	3.908E-01	0.057	25
afdb_Q9MA74_v6	afdb_P22394_v6	2.874E-01	2.539E-01	3.878E-01	0.076	28
afdb_Q9MA74_v6	afdb_Q6YBS3_v6	2.970E-01	2.424E-01	3.563E-01	0.082	29
afdb_Q9MA74_v6	afdb_Q02899_v6	2.496E-01	2.886E-01	3.946E-01	0.051	24
afdb_Q9MA74_v6	afdb_P0A6G7_v6	1.823E-01	3.551E-01	4.607E-01	0.020	18
afdb_Q9MA74_v6	afdb_P08373_v6	2.357E-01	3.016E-01	3.227E-01	0.045	23
afdb_Q9MA74_v6	afdb_Q9L9D7_v6	2.843E-01	2.508E-01	2.917E-01	0.076	28
afdb_Q9MA74_v6	afdb_P56216_v6	2.819E-01	2.531E-01	3.056E-01	0.076	28
afdb_Q9MA74_v6	afdb_P08148_v6	2.880E-01	2.464E-01	3.075E-01	0.076	28
afdb_Q9MA74_v6	afdb_Q8RB32_v6	1.958E-01	3.387E-01	4.549E-01	0.024	19
afdb_Q9MA74_v6	afdb_P16099_v6	3.080E-01	2.243E-01	3.798E-01	0.090	30
afdb_Q9MA74_v6	afdb_P83686_v6	2.068E-01	3.242E-01	3.511E-01	0.029	20
afdb_Q9MA74_v6	afdb_P00388_v6	2.977E-01	2.263E-01	4.008E-01	0.082	29
afdb_Q9MA74_v6	afdb_P55038_v6	3.736E-01	1.491E-01	3.778E-01	0.164	37
afdb_Q9MA74_v6	afdb_P22266_v6	2.299E-01	2.908E-01	3.197E-01	0.040	22
afdb_Q9MA74_v6	afdb_P08165_v6	2.618E-01	2.579E-01	2.695E-01	0.063	26
afdb_Q9MA74_v6	afdb_P16444_v6	2.431E-01	2.765E-01	3.978E-01	0.051	24
afdb_Q9MA74_v6	afdb_P08473_v6	2.993E-01	2.178E-01	3.106E-01	0.082	29
afdb_Q9MA74_v6	afdb_Q05769_v6	2.794E-01	2.381E-01	3.158E-01	0.069	27
afdb_Q9MA74_v6	afdb_Q00441_v6	2.430E-01	2.741E-01	2.955E-01	0.051	24
afdb_Q9MA74_v6	afdb_Q05755_v6	3.655E-01	1.489E-01	3.765E-01	0.150	36
afdb_Q9MA74_v6	afdb_P05725_v6	1.553E-01	3.543E-01	3.946E-01	0.011	15
afdb_Q9MA74_v6	afdb_P30850_v6	2.779E-01	2.288E-01	2.859E-01	0.069	27
afdb_Q9MA74_v6	afdb_Q3HWU8_v6	1.990E-01	3.014E-01	3.542E-01	0.024	19
afdb_Q9MA74_v6	afdb_Q28943_v6	3.188E-01	1.809E-01	3.310E-01	0.098	31
afdb_Q9MA74_v6	afdb_P23295_v6	2.343E-01	2.647E-01	2.814E-01	0.045	23
afdb_Q9MA74_v6	afdb_P09598_v6	2.005E-01	2.963E-01	3.194E-01	0.024	19
afdb_Q9MA74_v6	afdb_Q01693_v6	2.501E-01	2.423E-01	2.974E-01	0.057	25
afdb_Q9MA74_v6	afdb_P21836_v6	2.668E-01	2.255E-01	2.758E-01	0.063	26
afdb_Q9MA74_v6	afdb_P25910_v6	1.933E-01	2.998E-01	3.066E-01	0.024	19
afdb_Q9MA74_v6	afdb_P00592_v6	1.444E-01	3.420E-01	3.595E-01	0.010	14
afdb_Q9MA74_v6	afdb_Q6UV28_v6	1.431E-01	3.380E-01	3.643E-01	0.010	14
afdb_Q9MA74_v6	afdb_Q58989_v6	1.676E-01	3.123E-01	3.166E-01	0.014	16
afdb_Q9MA74_v6	afdb_P27170_v6	2.137E-01	2.627E-01	2.905E-01	0.034	21
afdb_Q9MA74_v6	afdb_P00455_v6	2.134E-01	2.592E-01	2.911E-01	0.034	21
afdb_Q9MA74_v6	afdb_P29183_v6	2.298E-01	2.368E-01	2.600E-01	0.040	22
afdb_Q9MA74_v6	afdb_P0A6K3_v6	1.480E-01	3.183E-01	3.375E-01	0.010	14
afdb_Q9MA74_v6	afdb_F8W4B7_v6	3.041E-01	1.615E-01	3.324E-01	0.090	30
afdb_Q9MA74_v6	afdb_P80324_v6	2.107E-01	2.541E-01	2.621E-01	0.029	20
afdb_Q9MA74_v6	afdb_Q9UMR5_v6	1.938E-01	2.692E-01	2.824E-01	0.024	19
afdb_Q9MA74_v6	afdb_P45478_v6	1.929E-01	2.681E-01	3.192E-01	0.024	19
afdb_Q9MA74_v6	afdb_P09184_v6	1.313E-01	3.256E-01	3.831E-01	0.009	13
afdb_Q9MA74_v6	afdb_P00489_v6	2.738E-01	1.799E-01	2.923E-01	0.069	27
afdb_Q9MA74_v6	afdb_P14779_v6	2.898E-01	1.606E-01	2.984E-01	0.076	28
afdb_Q9MA74_v6	afdb_P09883_v6	2.396E-01	2.088E-01	2.791E-01	0.045	23
afdb_Q9MA74_v6	afdb_O16025_v6	2.867E-01	1.564E-01	3.270E-01	0.076	28
afdb_Q9MA74_v6	afdb_P12821_v6	2.929E-01	1.402E-01	3.099E-01	0.082	29
afdb_Q9MA74_v6	afdb_O13297_v6	1.875E-01	1.702E-01	1.926E-01	0.020	18
afdb_Q9SWG0_v6	afdb_A0A0C6DRW4_v6	8.191E-01	8.045E-01	8.420E-01	0.986	81
afdb_Q9SWG0_v6	afdb_P00592_v6	1.852E-01	4.330E-01	4.920E-01	0.020	18
afdb_Q9SWG0_v6	afdb_P00396_v6	3.305E-01	2.772E-01	3.602E-01	0.116	33
afdb_Q9SWG0_v6	afdb_P0A6K3_v6	2.076E-01	4.002E-01	4.273E-01	0.029	20
afdb_Q9SWG0_v6	afdb_P37967_v6	3.219E-01	2.802E-01	3.318E-01	0.106	32
afdb_Q9SWG0_v6	afdb_P21836_v6	3.335E-01	2.456E-01	3.395E-01	0.116	33
afdb_Q9SWG0_v6	afdb_P09598_v6	2.508E-01	3.273E-01	3.531E-01	0.057	25
afdb_Q9SWG0_v6	afdb_Q16775_v6	2.583E-01	3.191E-01	3.523E-01	0.057	25
afdb_Q9SWG0_v6	afdb_P22637_v6	3.199E-01	2.564E-01	3.587E-01	0.098	31
afdb_Q9SWG0_v6	afdb_P00914_v6	3.013E-01	2.735E-01	3.023E-01	0.090	30
afdb_Q9SWG0_v6	afdb_P21327_v6	2.842E-01	2.884E-01	3.015E-01	0.076	28
afdb_Q9SWG0_v6	afdb_P24630_v6	2.923E-01	2.805E-01	3.162E-01	0.082	29
afdb_Q9SWG0_v6	afdb_Q945K2_v6	3.157E-01	2.480E-01	3.325E-01	0.098	31
afdb_Q9SWG0_v6	afdb_P05725_v6	1.782E-01	3.836E-01	3.923E-01	0.016	17
afdb_Q9SWG0_v6	afdb_Q9AGP8_v6	3.533E-01	2.086E-01	3.597E-01	0.138	35
afdb_Q9SWG0_v6	afdb_P45478_v6	2.495E-01	3.110E-01	3.354E-01	0.051	24
afdb_Q9SWG0_v6	afdb_P21179_v6	3.432E-01	2.158E-01	3.615E-01	0.126	34
afdb_Q9SWG0_v6	afdb_P03958_v6	2.633E-01	2.928E-01	3.105E-01	0.063	26
afdb_Q9SWG0_v6	afdb_Q9L9D7_v6	3.129E-01	2.423E-01	3.208E-01	0.098	31
afdb_Q9SWG0_v6	afdb_P48534_v6	2.311E-01	3.240E-01	3.322E-01	0.040	22
afdb_Q9SWG0_v6	afdb_Q00441_v6	2.734E-01	2.758E-01	2.817E-01	0.069	27
afdb_Q9SWG0_v6	afdb_P05521_v6	2.484E-01	3.011E-01	3.088E-01	0.051	24
afdb_Q9SWG0_v6	afdb_P27170_v6	2.614E-01	2.863E-01	3.219E-01	0.063	26
afdb_Q9SWG0_v6	afdb_Q9UMR5_v6	2.448E-01	3.023E-01	3.228E-01	0.051	24
afdb_Q9SWG0_v6	afdb_P24474_v6	3.050E-01	2.409E-01	3.114E-01	0.090	30
afdb_Q9SWG0_v6	afdb_P42593_v6	3.202E-01	2.204E-01	3.410E-01	0.106	32
afdb_Q9SWG0_v6	afdb_P06621_v6	2.705E-01	2.683E-01	3.214E-01	0.069	27
afdb_Q9SWG0_v6	afdb_P23295_v6	2.666E-01	2.694E-01	2.880E-01	0.063	26
afdb_Q9SWG0_v6	afdb_P05414_v6	2.570E-01	2.762E-01	3.112E-01	0.057	25
afdb_Q9SWG0_v6	afdb_Q3HWU8_v6	2.288E-01	3.027E-01	3.335E-01	0.040	22
afdb_Q9SWG0_v6	afdb_P16444_v6	2.648E-01	2.638E-01	3.171E-01	0.063	26
afdb_Q9SWG0_v6	afdb_P28796_v6	2.764E-01	2.513E-01	3.266E-01	0.069	27
afdb_Q9SWG0_v6	afdb_P00455_v6	2.535E-01	2.736E-01	3.087E-01	0.057	25
afdb_Q9SWG0_v6	afdb_P00935_v6	2.564E-01	2.668E-01	2.818E-01	0.057	25
afdb_Q9SWG0_v6	afdb_P0AB77_v6	2.574E-01	2.623E-01	2.636E-01	0.057	25
afdb_Q9SWG0_v6	afdb_Q6UV28_v6	1.711E-01	3.474E-01	3.777E-01	0.016	17
afdb_Q9SWG0_v6	afdb_P08165_v6	2.769E-01	2.416E-01	3.014E-01	0.069	27
afdb_Q9SWG0_v6	afdb_P12995_v6	2.625E-01	2.530E-01	2.985E-01	0.063	26
afdb_Q9SWG0_v6	afdb_P00800_v6	2.845E-01	2.306E-01	3.025E-01	0.076	28
afdb_Q9SWG0_v6	afdb_P77444_v6	2.566E-01	2.580E-01	2.770E-01	0.057	25
afdb_Q9SWG0_v6	afdb_P35049_v6	2.127E-01	3.002E-01	3.203E-01	0.034	21
afdb_Q9SWG0_v6	afdb_P00766_v6	2.101E-01	3.009E-01	3.031E-01	0.029	20
afdb_Q9SWG0_v6	afdb_Q6LZM9_v6	2.612E-01	2.496E-01	2.673E-01	0.063	26
afdb_Q9SWG0_v6	afdb_Q75WN8_v6	2.232E-01	2.867E-01	2.941E-01	0.040	22
afdb_Q9SWG0_v6	afdb_P08473_v6	3.120E-01	1.984E-01	3.293E-01	0.098	31
afdb_Q9SWG0_v6	afdb_P06721_v6	2.514E-01	2.576E-01	2.796E-01	0.057	25
afdb_Q9SWG0_v6	afdb_P08148_v6	2.894E-01	2.198E-01	2.953E-01	0.076	28
afdb_Q9SWG0_v6	afdb_P46076_v6	2.401E-01	2.673E-01	2.915E-01	0.045	23
afdb_Q9SWG0_v6	afdb_O33199_v6	1.929E-01	3.143E-01	3.153E-01	0.024	19
afdb_Q9SWG0_v6	afdb_Q05769_v6	2.895E-01	2.172E-01	2.978E-01	0.076	28
afdb_Q9SWG0_v6	afdb_P37062_v6	2.600E-01	2.445E-01	2.950E-01	0.063	26
afdb_Q9SWG0_v6	afdb_P71119_v6	1.939E-01	3.095E-01	3.805E-01	0.024	19
afdb_Q9SWG0_v6	afdb_Q29460_v6	1.985E-01	3.043E-01	3.323E-01	0.024	19
afdb_Q9SWG0_v6	afdb_Q9NPB1_v6	2.005E-01	3.018E-01	3.087E-01	0.029	20
afdb_Q9SWG0_v6	afdb_Q9FEW9_v6	2.480E-01	2.529E-01	2.926E-01	0.051	24
afdb_Q9SWG0_v6	afdb_Q01693_v6	2.654E-01	2.300E-01	2.806E-01	0.063	26
afdb_Q9SWG0_v6	afdb_Q8RB32_v6	2.047E-01	2.908E-01	2.943E-01	0.029	20
afdb_Q9SWG0_v6	afdb_P30850_v6	2.886E-01	2.054E-01	3.010E-01	0.076	28
afdb_Q9SWG0_v6	afdb_P00489_v6	3.137E-01	1.794E-01	3.652E-01	0.098	31
afdb_Q9SWG0_v6	afdb_P22266_v6	2.314E-01	2.614E-01	2.869E-01	0.045	23
afdb_Q9SWG0_v6	afdb_O16025_v6	3.367E-01	1.539E-01	3.473E-01	0.116	33
afdb_Q9SWG0_v6	afdb_Q05755_v6	3.596E-01	1.294E-01	3.695E-01	0.138	35
afdb_Q9SWG0_v6	afdb_Q7SID9_v6	2.703E-01	2.182E-01	2.843E-01	0.069	27
afdb_Q9SWG0_v6	afdb_P00860_v6	2.527E-01	2.339E-01	2.613E-01	0.057	25
afdb_Q9SWG0_v6	afdb_P81054_v6	2.237E-01	2.511E-01	2.943E-01	0.040	22
afdb_Q9SWG0_v6	afdb_P27487_v6	2.901E-01	1.813E-01	2.906E-01	0.082	29
afdb_Q9SWG0_v6	afdb_P14779_v6	3.179E-01	1.500E-01	3.208E-01	0.098	31
afdb_Q9SWG0_v6	afdb_Q28943_v6	3.095E-01	1.583E-01	3.229E-01	0.090	30
afdb_Q9SWG0_v6	afdb_P00175_v6	2.593E-01	1.996E-01	2.708E-01	0.057	25
afdb_Q9SWG0_v6	afdb_O13297_v6	2.513E-01	2.019E-01	3.234E-01	0.057	25
afdb_Q9SWG0_v6	afdb_P15917_v6	2.733E-01	1.604E-01	2.930E-01	0.069	27
afdb_Q9SWG0_v6	afdb_P09883_v6	2.408E-01	1.892E-01	2.439E-01	0.051	24
afdb_Q9SWG0_v6	afdb_P00777_v6	1.772E-01	2.245E-01	2.638E-01	0.016	17
afdb_Q9UNA0_v6	afdb_P08148_v6	2.180E-01	3.143E-01	4.512E-01	0.034	21
afdb_Q9UNA0_v6	afdb_P37957_v6	1.262E-01	3.870E-01	4.086E-01	0.008	12
afdb_Q9UNA0_v6	afdb_Q00017_v6	1.341E-01	3.751E-01	3.826E-01	0.009	13
afdb_Q9UNA0_v6	afdb_P53608_v6	1.496E-01	3.538E-01	3.563E-01	0.010	14
afdb_Q9UNA0_v6	afdb_Q05755_v6	2.966E-01	2.039E-01	3.119E-01	0.082	29
afdb_Q9UNA0_v6	afdb_P04042_v6	1.578E-01	3.404E-01	3.470E-01	0.011	15
afdb_Q9UNA0_v6	afdb_P55038_v6	2.955E-01	1.984E-01	3.101E-01	0.082	29
afdb_Q9UNA0_v6	afdb_P0A6C1_v6	1.458E-01	3.473E-01	3.528E-01	0.010	14
afdb_Q9UNA0_v6	afdb_P39377_v6	1.658E-01	3.175E-01	3.408E-01	0.014	16
afdb_Q9UNA0_v6	afdb_Q29460_v6	1.230E-01	3.570E-01	3.679E-01	0.008	12
afdb_Q9UNA0_v6	afdb_P03958_v6	1.505E-01	3.176E-01	3.353E-01	0.011	15
afdb_Q9UNA0_v6	afdb_O58727_v6	1.062E-01	3.620E-01	3.647E-01	0.000	10
afdb_Q9UNA0_v6	afdb_P22266_v6	1.490E-01	3.148E-01	3.287E-01	0.010	14
afdb_Q9UNA0_v6	afdb_P18314_v6	1.876E-01	2.741E-01	2.899E-01	0.020	18
afdb_Q9UNA0_v6	afdb_P29183_v6	1.694E-01	2.919E-01	3.021E-01	0.014	16
afdb_Q9UNA0_v6	afdb_P45478_v6	1.345E-01	3.252E-01	4.302E-01	0.009	13
afdb_Q9UNA0_v6	afdb_P83686_v6	1.269E-01	3.311E-01	3.526E-01	0.008	12
afdb_Q9UNA0_v6	afdb_Q9UMR5_v6	1.333E-01	3.216E-01	4.272E-01	0.009	13
afdb_Q9UNA0_v6	afdb_Q50925_v6	1.864E-01	2.682E-01	2.831E-01	0.020	18
afdb_Q9UNA0_v6	afdb_P0A6G7_v6	1.068E-01	3.475E-01	3.644E-01	0.000	10
afdb_Q9UNA0_v6	afdb_P04190_v6	1.223E-01	3.313E-01	3.659E-01	0.008	12
afdb_Q9UNA0_v6	afdb_P25910_v6	1.241E-01	3.292E-01	3.453E-01	0.008	12
afdb_Q9UNA0_v6	afdb_P15289_v6	1.731E-01	2.779E-01	2.945E-01	0.016	17
afdb_Q9UNA0_v6	afdb_P00396_v6	1.756E-01	2.753E-01	2.759E-01	0.016	17
afdb_Q9UNA0_v6	afdb_Q01693_v6	1.742E-01	2.744E-01	3.526E-01	0.016	17
afdb_Q9UNA0_v6	afdb_P09598_v6	1.225E-01	3.263E-01	3.833E-01	0.008	12
afdb_Q9UNA0_v6	afdb_P19938_v6	1.301E-01	3.177E-01	3.422E-01	0.008	12
afdb_Q9UNA0_v6	afdb_Q58989_v6	1.055E-01	3.403E-01	3.559E-01	0.000	10
afdb_Q9UNA0_v6	afdb_P00388_v6	1.962E-01	2.482E-01	2.525E-01	0.024	19
afdb_Q9UNA0_v6	afdb_P00766_v6	1.167E-01	3.267E-01	3.341E-01	0.007	11
afdb_Q9UNA0_v6	afdb_P00489_v6	2.137E-01	2.295E-01	2.324E-01	0.034	21
afdb_Q9UNA0_v6	afdb_P05521_v6	1.318E-01	3.110E-01	3.224E-01	0.009	13
afdb_Q9UNA0_v6	afdb_P15917_v6	2.084E-01	2.318E-01	2.354E-01	0.029	20
afdb_Q9UNA0_v6	afdb_P30850_v6	1.897E-01	2.493E-01	2.593E-01	0.020	18
afdb_Q9UNA0_v6	afdb_Q28943_v6	2.262E-01	2.104E-01	2.375E-01	0.040	22
afdb_Q9UNA0_v6	afdb_P0A9P4_v6	1.357E-01	3.003E-01	3.041E-01	0.009	13
afdb_Q9UNA0_v6	afdb_P22394_v6	1.765E-01	2.587E-01	3.290E-01	0.016	17
afdb_Q9UNA0_v6	afdb_Q9FEW9_v6	1.471E-01	2.842E-01	3.116E-01	0.010	14
afdb_Q9UNA0_v6	afdb_P12821_v6	2.434E-01	1.881E-01	2.572E-01	0.051	24
afdb_Q9UNA0_v6	afdb_P43099_v6	1.952E-01	2.356E-01	2.572E-01	0.024	19
afdb_Q9UNA0_v6	afdb_A0A0C6DRW4_v6	1.523E-01	2.781E-01	2.964E-01	0.011	15
afdb_Q9UNA0_v6	afdb_Q9AGP8_v6	2.063E-01	2.242E-01	2.497E-01	0.029	20
afdb_Q9UNA0_v6	afdb_Q6YBS3_v6	1.843E-01	2.456E-01	2.503E-01	0.020	18
afdb_Q9UNA0_v6	afdb_P08373_v6	1.386E-01	2.903E-01	2.958E-01	0.009	13
afdb_Q9UNA0_v6	afdb_P96965_v6	1.220E-01	3.056E-01	3.104E-01	0.008	12
afdb_Q9UNA0_v6	afdb_P0CE47_v6	1.471E-01	2.798E-01	3.124E-01	0.010	14
afdb_Q9UNA0_v6	afdb_Q945K2_v6	1.741E-01	2.520E-01	2.553E-01	0.016	17
afdb_Q9UNA0_v6	afdb_Q6LZM9_v6	1.533E-01	2.703E-01	2.769E-01	0.011	15
afdb_Q9UNA0_v6	afdb_Q7SID9_v6	1.716E-01	2.503E-01	2.655E-01	0.016	17
afdb_Q9UNA0_v6	afdb_P00935_v6	1.436E-01	2.776E-01	2.861E-01	0.010	14
afdb_Q9UNA0_v6	afdb_Q3HWU8_v6	1.163E-01	3.042E-01	3.271E-01	0.007	11
afdb_Q9UNA0_v6	afdb_P00800_v6	1.691E-01	2.491E-01	2.613E-01	0.014	16
afdb_Q9UNA0_v6	afdb_P16099_v6	1.907E-01	2.274E-01	2.714E-01	0.024	19
afdb_Q9UNA0_v6	afdb_P14779_v6	2.176E-01	2.000E-01	2.303E-01	0.034	21
afdb_Q9UNA0_v6	afdb_P37062_v6	1.536E-01	2.591E-01	2.660E-01	0.011	15
afdb_Q9UNA0_v6	afdb_P21836_v6	1.741E-01	2.379E-01	2.405E-01	0.016	17
afdb_Q9UNA0_v6	afdb_P00644_v6	1.049E-01	3.065E-01	3.241E-01	0.000	10
afdb_Q9UNA0_v6	afdb_P56218_v6	1.227E-01	2.883E-01	3.246E-01	0.008	12
afdb_Q9UNA0_v6	afdb_P05725_v6	8.469E-02	3.259E-01	3.738E-01	0.000	8
afdb_Q9UNA0_v6	afdb_P81054_v6	1.324E-01	2.768E-01	2.948E-01	0.009	13
afdb_Q9UNA0_v6	afdb_Q02899_v6	1.406E-01	2.689E-01	2.955E-01	0.010	14
afdb_Q9UNA0_v6	afdb_P83772_v6	1.105E-01	2.972E-01	3.239E-01	0.007	11
afdb_Q9UNA0_v6	afdb_O33199_v6	9.820E-02	3.080E-01	3.278E-01	0.000	9
afdb_Q9UNA0_v6	afdb_P09883_v6	1.675E-01	2.376E-01	2.504E-01	0.014	16
afdb_Q9UNA0_v6	afdb_P10902_v6	1.609E-01	2.423E-01	2.624E-01	0.014	16
afdb_Q9UNA0_v6	afdb_P00918_v6	1.079E-01	2.940E-01	3.153E-01	0.000	10
afdb_Q9UNA0_v6	afdb_P06621_v6	1.413E-01	2.599E-01	2.635E-01	0.010	14
afdb_Q9UNA0_v6	afdb_Q75WN8_v6	1.154E-01	2.842E-01	2.847E-01	0.007	11
afdb_Q9UNA0_v6	afdb_P05414_v6	1.334E-01	2.653E-01	2.697E-01	0.009	13
afdb_Q9UNA0_v6	afdb_P16932_v6	1.411E-01	2.573E-01	3.047E-01	0.010	14
afdb_Q9UNA0_v6	afdb_P00592_v6	7.825E-02	3.200E-01	3.310E-01	0.000	7
afdb_Q9UNA0_v6	afdb_P27170_v6	1.305E-01	2.671E-01	3.072E-01	0.008	12
afdb_Q9UNA0_v6	afdb_Q9L9D7_v6	1.645E-01	2.327E-01	2.357E-01	0.014	16
afdb_Q9UNA0_v6	afdb_P00392_v6	1.609E-01	2.338E-01	2.854E-01	0.014	16
afdb_Q9UNA0_v6	afdb_P08819_v6	1.429E-01	2.523E-01	3.053E-01	0.010	14
afdb_Q9UNA0_v6	afdb_P42593_v6	1.738E-01	2.198E-01	2.593E-01	0.016	17
afdb_Q9UNA0_v6	afdb_P00914_v6	1.462E-01	2.463E-01	2.501E-01	0.010	14
afdb_Q9UNA0_v6	afdb_P22637_v6	1.588E-01	2.332E-01	2.399E-01	0.011	15
afdb_Q9UNA0_v6	afdb_P77444_v6	1.391E-01	2.528E-01	2.532E-01	0.009	13
afdb_Q9UNA0_v6	afdb_P21179_v6	1.804E-01	2.112E-01	2.131E-01	0.020	18
afdb_Q9UNA0_v6	afdb_P06721_v6	1.347E-01	2.567E-01	2.617E-01	0.009	13
afdb_Q9UNA0_v6	afdb_P00777_v6	1.152E-01	2.761E-01	2.767E-01	0.007	11
afdb_Q9UNA0_v6	afdb_Q56839_v6	1.554E-01	2.352E-01	2.647E-01	0.011	15
afdb_Q9UNA0_v6	afdb_P71119_v6	9.920E-02	2.890E-01	2.904E-01	0.000	9
afdb_Q9UNA0_v6	afdb_P27487_v6	1.787E-01	2.063E-01	2.280E-01	0.016	17
afdb_Q9UNA0_v6	afdb_Q16775_v6	1.154E-01	2.675E-01	3.379E-01	0.007	11
afdb_Q9UNA0_v6	afdb_P00175_v6	1.583E-01	2.235E-01	2.331E-01	0.011	15
afdb_Q9UNA0_v6	afdb_Q9NPB1_v6	9.719E-02	2.842E-01	2.859E-01	0.000	9
afdb_Q9UNA0_v6	afdb_P46076_v6	1.228E-01	2.579E-01	2.719E-01	0.008	12
afdb_Q9UNA0_v6	afdb_P24474_v6	1.541E-01	2.249E-01	2.348E-01	0.011	15
afdb_Q9UNA0_v6	afdb_Q9XBQ8_v6	1.340E-01	2.442E-01	2.556E-01	0.009	13
afdb_Q9UNA0_v6	afdb_P0A6T5_v6	9.456E-02	2.817E-01	3.043E-01	0.000	9
afdb_Q9UNA0_v6	afdb_O59791_v6	1.176E-01	2.572E-01	2.681E-01	0.007	11
afdb_Q9UNA0_v6	afdb_P08165_v6	1.446E-01	2.302E-01	2.465E-01	0.010	14
afdb_Q9UNA0_v6	afdb_P21327_v6	1.294E-01	2.431E-01	2.507E-01	0.008	12
afdb_Q9UNA0_v6	afdb_P0AB77_v6	1.259E-01	2.446E-01	2.451E-01	0.008	12
afdb_Q9UNA0_v6	afdb_P40859_v6	1.258E-01	2.443E-01	2.521E-01	0.008	12
afdb_Q9UNA0_v6	afdb_P0A1E3_v6	1.130E-01	2.563E-01	3.139E-01	0.007	11
afdb_Q9UNA0_v6	afdb_Q7ZAG8_v6	1.284E-01	2.396E-01	2.989E-01	0.008	12
afdb_Q9UNA0_v6	afdb_P13717_v6	1.028E-01	2.648E-01	2.800E-01	0.000	10
afdb_Q9UNA0_v6	afdb_P52700_v6	1.004E-01	2.551E-01	3.274E-01	0.000	10
afdb_Q9UNA0_v6	afdb_P00455_v6	1.156E-01	2.311E-01	2.336E-01	0.007	11
afdb_Q9UNA0_v6	afdb_O13297_v6	1.306E-01	1.943E-01	2.117E-01	0.009	13
afdb_Q9Z0X1_v6	afdb_P37062_v6	6.005E-01	8.046E-01	8.217E-01	0.772	60
afdb_Q9Z0X1_v6	afdb_P0A9P4_v6	4.318E-01	7.857E-01	8.064E-01	0.277	43
afdb_Q9Z0X1_v6	afdb_Q56839_v6	5.596E-01	6.411E-01	6.608E-01	0.632	55
afdb_Q9Z0X1_v6	afdb_Q7ZAG8_v6	4.921E-01	7.025E-01	7.040E-01	0.442	49
afdb_Q9Z0X1_v6	afdb_P00392_v6	5.709E-01	6.178E-01	7.041E-01	0.692	57
afdb_Q9Z0X1_v6	afdb_P08165_v6	4.089E-01	4.945E-01	5.644E-01	0.214	40
afdb_Q9Z0X1_v6	afdb_P42593_v6	3.873E-01	3.558E-01	5.033E-01	0.179	38
afdb_Q9Z0X1_v6	afdb_P16099_v6	3.970E-01	3.399E-01	4.144E-01	0.196	39
afdb_Q9Z0X1_v6	afdb_Q28943_v6	4.328E-01	2.724E-01	4.979E-01	0.277	43
afdb_Q9Z0X1_v6	afdb_P40859_v6	2.840E-01	4.174E-01	4.531E-01	0.076	28
afdb_Q9Z0X1_v6	afdb_P10902_v6	3.226E-01	3.592E-01	4.224E-01	0.106	32
afdb_Q9Z0X1_v6	afdb_P22637_v6	3.268E-01	3.551E-01	4.535E-01	0.106	32
afdb_Q9Z0X1_v6	afdb_Q945K2_v6	3.119E-01	3.339E-01	4.524E-01	0.098	31
afdb_Q9Z0X1_v6	afdb_P0A1E3_v6	2.406E-01	4.033E-01	4.189E-01	0.051	24
afdb_Q9Z0X1_v6	afdb_O59791_v6	2.376E-01	4.019E-01	4.084E-01	0.045	23
afdb_Q9Z0X1_v6	afdb_P80324_v6	2.461E-01	3.763E-01	3.985E-01	0.051	24
afdb_Q9Z0X1_v6	afdb_Q9AGP8_v6	3.387E-01	2.645E-01	4.066E-01	0.116	33
afdb_Q9Z0X1_v6	afdb_P77444_v6	2.518E-01	3.431E-01	3.437E-01	0.057	25
afdb_Q9Z0X1_v6	afdb_P00935_v6	2.461E-01	3.454E-01	3.549E-01	0.051	24
afdb_Q9Z0X1_v6	afdb_P08819_v6	2.572E-01	3.285E-01	3.298E-01	0.057	25
afdb_Q9Z0X1_v6	afdb_P06721_v6	2.463E-01	3.390E-01	3.493E-01	0.051	24
afdb_Q9Z0X1_v6	afdb_Q6LZM9_v6	2.552E-01	3.254E-01	3.369E-01	0.057	25
afdb_Q9Z0X1_v6	afdb_Q02899_v6	2.417E-01	3.369E-01	3.618E-01	0.051	24
afdb_Q9Z0X1_v6	afdb_Q3HWU8_v6	2.027E-01	3.734E-01	3.743E-01	0.029	20
afdb_Q9Z0X1_v6	afdb_Q9L9D7_v6	2.808E-01	2.945E-01	3.163E-01	0.076	28
afdb_Q9Z0X1_v6	afdb_O58727_v6	1.506E-01	4.242E-01	5.568E-01	0.011	15
afdb_Q9Z0X1_v6	afdb_Q6YBS3_v6	2.917E-01	2.832E-01	3.334E-01	0.082	29
afdb_Q9Z0X1_v6	afdb_P29183_v6	2.556E-01	3.156E-01	3.448E-01	0.057	25
afdb_Q9Z0X1_v6	afdb_P83788_v6	2.429E-01	3.280E-01	3.298E-01	0.051	24
afdb_Q9Z0X1_v6	afdb_P12995_v6	2.467E-01	3.207E-01	3.516E-01	0.051	24
afdb_Q9Z0X1_v6	afdb_Q9FEW9_v6	2.365E-01	3.295E-01	3.503E-01	0.045	23
afdb_Q9Z0X1_v6	afdb_P25910_v6	1.876E-01	3.744E-01	3.923E-01	0.020	18
afdb_Q9Z0X1_v6	afdb_P0AB77_v6	2.357E-01	3.224E-01	3.325E-01	0.045	23
afdb_Q9Z0X1_v6	afdb_Q12178_v6	1.393E-01	4.148E-01	4.726E-01	0.009	13
afdb_Q9Z0X1_v6	afdb_P15289_v6	2.568E-01	2.958E-01	3.746E-01	0.057	25
afdb_Q9Z0X1_v6	afdb_P28796_v6	2.483E-01	3.026E-01	3.031E-01	0.051	24
afdb_Q9Z0X1_v6	afdb_P30850_v6	2.795E-01	2.700E-01	2.876E-01	0.069	27
afdb_Q9Z0X1_v6	afdb_P04042_v6	2.175E-01	3.303E-01	3.343E-01	0.034	21
afdb_Q9Z0X1_v6	afdb_P24630_v6	2.406E-01	3.070E-01	3.165E-01	0.045	23
afdb_Q9Z0X1_v6	afdb_P24474_v6	2.642E-01	2.791E-01	2.950E-01	0.063	26
afdb_Q9Z0X1_v6	afdb_P52700_v6	1.974E-01	3.453E-01	3.865E-01	0.024	19
afdb_Q9Z0X1_v6	afdb_Q29460_v6	1.700E-01	3.720E-01	4.101E-01	0.014	16
afdb_Q9Z0X1_v6	afdb_Q75WN8_v6	1.944E-01	3.454E-01	3.481E-01	0.024	19
afdb_Q9Z0X1_v6	afdb_P16932_v6	2.362E-01	3.035E-01	3.298E-01	0.045	23
afdb_Q9Z0X1_v6	afdb_P96965_v6	1.926E-01	3.466E-01	3.604E-01	0.024	19
afdb_Q9Z0X1_v6	afdb_P0CE47_v6	2.255E-01	3.108E-01	3.136E-01	0.040	22
afdb_Q9Z0X1_v6	afdb_P45478_v6	1.977E-01	3.335E-01	3.554E-01	0.024	19
afdb_Q9Z0X1_v6	afdb_P04190_v6	1.820E-01	3.434E-01	3.643E-01	0.020	18
afdb_Q9Z0X1_v6	afdb_P00489_v6	2.933E-01	2.311E-01	3.290E-01	0.082	29
afdb_Q9Z0X1_v6	afdb_Q00017_v6	1.764E-01	3.461E-01	3.613E-01	0.016	17
afdb_Q9Z0X1_v6	afdb_P05414_v6	2.133E-01	3.080E-01	3.651E-01	0.034	21
afdb_Q9Z0X1_v6	afdb_P06621_v6	2.237E-01	2.968E-01	3.152E-01	0.040	22
afdb_Q9Z0X1_v6	afdb_P0A6G7_v6	1.568E-01	3.628E-01	3.974E-01	0.011	15
afdb_Q9Z0X1_v6	afdb_P53608_v6	1.869E-01	3.299E-01	3.904E-01	0.020	18
afdb_Q9Z0X1_v6	afdb_P22266_v6	2.027E-01	3.137E-01	3.848E-01	0.029	20
afdb_Q9Z0X1_v6	afdb_P00639_v6	1.861E-01	3.289E-01	3.312E-01	0.020	18
afdb_Q9Z0X1_v6	afdb_P19938_v6	1.894E-01	3.249E-01	3.336E-01	0.020	18
afdb_Q9Z0X1_v6	afdb_P08473_v6	2.749E-01	2.375E-01	2.832E-01	0.069	27
afdb_Q9Z0X1_v6	afdb_P83686_v6	1.726E-01	3.389E-01	4.315E-01	0.016	17
afdb_Q9Z0X1_v6	afdb_Q7SID9_v6	2.474E-01	2.635E-01	2.813E-01	0.051	24
afdb_Q9Z0X1_v6	afdb_Q58989_v6	1.528E-01	3.556E-01	3.625E-01	0.011	15
afdb_Q9Z0X1_v6	afdb_P00388_v6	2.615E-01	2.434E-01	2.633E-01	0.063	26
afdb_Q9Z0X1_v6	afdb_P00175_v6	2.489E-01	2.554E-01	2.746E-01	0.051	24
afdb_Q9Z0X1_v6	afdb_P27170_v6	2.010E-01	3.014E-01	3.222E-01	0.029	20
afdb_Q9Z0X1_v6	afdb_P05521_v6	1.858E-01	3.162E-01	3.412E-01	0.020	18
afdb_Q9Z0X1_v6	afdb_P00800_v6	2.415E-01	2.604E-01	2.695E-01	0.051	24
afdb_Q9Z0X1_v6	afdb_P0A6T5_v6	1.606E-01	3.360E-01	3.380E-01	0.014	16
afdb_Q9Z0X1_v6	afdb_Q9NPB1_v6	1.591E-01	3.361E-01	3.941E-01	0.011	15
afdb_Q9Z0X1_v6	afdb_P37957_v6	1.448E-01	3.487E-01	4.215E-01	0.010	14
afdb_Q9Z0X1_v6	afdb_P28305_v6	1.772E-01	3.167E-01	3.213E-01	0.016	17
afdb_Q9Z0X1_v6	afdb_P08148_v6	2.452E-01	2.481E-01	2.859E-01	0.051	24
afdb_Q9Z0X1_v6	afdb_P81054_v6	1.983E-01	2.952E-01	3.004E-01	0.024	19
afdb_Q9Z0X1_v6	afdb_P08373_v6	1.939E-01	2.992E-01	3.114E-01	0.024	19
afdb_Q9Z0X1_v6	afdb_P09184_v6	1.288E-01	3.633E-01	3.665E-01	0.008	12
afdb_Q9Z0X1_v6	afdb_P21179_v6	2.630E-01	2.268E-01	2.799E-01	0.063	26
afdb_Q9Z0X1_v6	afdb_Q8RB32_v6	1.634E-01	3.255E-01	3.424E-01	0.014	16
afdb_Q9Z0X1_v6	afdb_P00914_v6	2.176E-01	2.650E-01	2.925E-01	0.034	21
afdb_Q9Z0X1_v6	afdb_Q05755_v6	3.210E-01	1.599E-01	3.499E-01	0.106	32
afdb_Q9Z0X1_v6	afdb_P21327_v6	2.030E-01	2.764E-01	2.991E-01	0.029	20
afdb_Q9Z0X1_v6	afdb_Q9UMR5_v6	1.738E-01	3.026E-01	3.808E-01	0.016	17
afdb_Q9Z0X1_v6	afdb_F8W4B7_v6	2.877E-01	1.874E-01	2.927E-01	0.076	28
afdb_Q9Z0X1_v6	afdb_P55038_v6	3.180E-01	1.555E-01	3.481E-01	0.098	31
afdb_Q9Z0X1_v6	afdb_P14779_v6	2.840E-01	1.900E-01	3.136E-01	0.076	28
afdb_Q9Z0X1_v6	afdb_P83772_v6	1.578E-01	3.130E-01	3.903E-01	0.011	15
afdb_Q9Z0X1_v6	afdb_P00860_v6	2.101E-01	2.581E-01	2.598E-01	0.029	20
afdb_Q9Z0X1_v6	afdb_P15917_v6	2.539E-01	2.073E-01	2.756E-01	0.057	25
afdb_Q9Z0X1_v6	afdb_P18314_v6	2.238E-01	2.369E-01	2.522E-01	0.040	22
afdb_Q9Z0X1_v6	afdb_P09598_v6	1.702E-01	2.901E-01	3.059E-01	0.016	17
afdb_Q9Z0X1_v6	afdb_P00766_v6	1.530E-01	3.057E-01	3.300E-01	0.011	15
afdb_Q9Z0X1_v6	afdb_Q01693_v6	2.096E-01	2.406E-01	2.444E-01	0.029	20
afdb_Q9Z0X1_v6	afdb_Q9XBQ8_v6	1.940E-01	2.560E-01	3.167E-01	0.024	19
afdb_Q9Z0X1_v6	afdb_P0A6C1_v6	1.601E-01	2.763E-01	2.998E-01	0.014	16
afdb_Q9Z0X1_v6	afdb_P39377_v6	1.846E-01	2.521E-01	2.617E-01	0.020	18
afdb_Q9Z0X1_v6	afdb_P0A6K3_v6	1.217E-01	3.058E-01	3.103E-01	0.008	12
afdb_Q9Z0X1_v6	afdb_Q6UV28_v6	1.047E-01	3.232E-01	3.506E-01	0.000	10
afdb_Q9Z0X1_v6	afdb_P03958_v6	1.691E-01	2.545E-01	2.968E-01	0.014	16
afdb_Q9Z0X1_v6	afdb_P09883_v6	1.833E-01	1.895E-01	1.936E-01	0.020	18
afdb_Q9Z0X1_v6	afdb_O13297_v6	1.712E-01	1.857E-01	1.911E-01	0.016	17
afdb_P80025_v6	afdb_Q05769_v6	5.657E-01	6.600E-01	8.407E-01	0.663	56
afdb_P80025_v6	afdb_P48534_v6	2.045E-01	4.816E-01	4.875E-01	0.029	20
afdb_P80025_v6	afdb_P71119_v6	1.845E-01	4.624E-01	4.653E-01	0.020	18
afdb_P80025_v6	afdb_P37967_v6	2.485E-01	3.303E-01	3.598E-01	0.051	24
afdb_P80025_v6	afdb_P30850_v6	2.747E-01	2.965E-01	3.880E-01	0.069	27
afdb_P80025_v6	afdb_P09598_v6	1.857E-01	3.760E-01	4.260E-01	0.020	18
afdb_P80025_v6	afdb_P24630_v6	2.269E-01	3.299E-01	3.687E-01	0.040	22
afdb_P80025_v6	afdb_P22394_v6	2.526E-01	3.004E-01	3.053E-01	0.057	25
afdb_P80025_v6	afdb_P30122_v6	2.575E-01	2.928E-01	3.075E-01	0.057	25
afdb_P80025_v6	afdb_P00175_v6	2.511E-01	2.903E-01	3.406E-01	0.057	25
afdb_P80025_v6	afdb_P16932_v6	2.188E-01	3.207E-01	3.748E-01	0.034	21
afdb_P80025_v6	afdb_Q00017_v6	1.667E-01	3.712E-01	3.827E-01	0.014	16
afdb_P80025_v6	afdb_Q50925_v6	2.478E-01	2.912E-01	3.229E-01	0.051	24
afdb_P80025_v6	afdb_P05521_v6	1.896E-01	3.481E-01	3.568E-01	0.020	18
afdb_P80025_v6	afdb_P08373_v6	1.940E-01	3.423E-01	3.461E-01	0.024	19
afdb_P80025_v6	afdb_P00914_v6	2.281E-01	3.069E-01	3.132E-01	0.040	22
afdb_P80025_v6	afdb_Q29460_v6	1.570E-01	3.711E-01	3.723E-01	0.011	15
afdb_P80025_v6	afdb_P56216_v6	2.401E-01	2.862E-01	2.866E-01	0.045	23
afdb_P80025_v6	afdb_P0CE47_v6	2.038E-01	3.201E-01	3.417E-01	0.029	20
afdb_P80025_v6	afdb_P0A6T5_v6	1.543E-01	3.686E-01	3.697E-01	0.011	15
afdb_P80025_v6	afdb_P21327_v6	2.039E-01	3.172E-01	3.421E-01	0.029	20
afdb_P80025_v6	afdb_P19938_v6	1.764E-01	3.408E-01	3.448E-01	0.016	17
afdb_P80025_v6	afdb_A0A0C6DRW4_v6	2.045E-01	3.091E-01	3.136E-01	0.029	20
afdb_P80025_v6	afdb_P29183_v6	2.141E-01	2.952E-01	3.123E-01	0.034	21
afdb_P80025_v6	afdb_P00388_v6	2.501E-01	2.587E-01	2.887E-01	0.051	24
afdb_P80025_v6	afdb_P08819_v6	2.073E-01	2.976E-01	3.730E-01	0.029	20
afdb_P80025_v6	afdb_P81054_v6	1.870E-01	3.176E-01	3.299E-01	0.020	18
afdb_P80025_v6	afdb_P08473_v6	2.570E-01	2.477E-01	2.916E-01	0.057	25
afdb_P80025_v6	afdb_P43099_v6	2.540E-01	2.491E-01	2.971E-01	0.057	25
afdb_P80025_v6	afdb_Q00441_v6	1.987E-01	3.035E-01	3.051E-01	0.024	19
afdb_P80025_v6	afdb_P56218_v6	1.705E-01	3.279E-01	3.634E-01	0.016	17
afdb_P80025_v6	afdb_Q6LZM9_v6	2.041E-01	2.948E-01	3.340E-01	0.029	20
afdb_P80025_v6	afdb_Q02899_v6	1.955E-01	2.989E-01	3.307E-01	0.024	19
afdb_P80025_v6	afdb_P77444_v6	1.977E-01	2.957E-01	3.452E-01	0.024	19
afdb_P80025_v6	afdb_P00592_v6	1.150E-01	3.771E-01	3.835E-01	0.007	11
afdb_P80025_v6	afdb_P00396_v6	2.168E-01	2.744E-01	2.965E-01	0.034	21
afdb_P80025_v6	afdb_Q945K2_v6	2.240E-01	2.665E-01	2.807E-01	0.040	22
afdb_P80025_v6	afdb_F8W4B7_v6	2.830E-01	2.060E-01	2.921E-01	0.076	28
afdb_P80025_v6	afdb_Q05755_v6	3.130E-01	1.746E-01	3.223E-01	0.098	31
afdb_P80025_v6	afdb_P08148_v6	2.296E-01	2.578E-01	2.752E-01	0.040	22
afdb_P80025_v6	afdb_P10902_v6	2.170E-01	2.652E-01	2.769E-01	0.034	21
afdb_P80025_v6	afdb_P55038_v6	3.105E-01	1.690E-01	3.188E-01	0.098	31
afdb_P80025_v6	afdb_P21179_v6	2.446E-01	2.353E-01	2.686E-01	0.051	24
afdb_P80025_v6	afdb_P16444_v6	1.895E-01	2.857E-01	2.998E-01	0.020	18
afdb_P80025_v6	afdb_Q9FEW9_v6	1.860E-01	2.884E-01	3.414E-01	0.020	18
afdb_P80025_v6	afdb_P00800_v6	2.124E-01	2.582E-01	2.961E-01	0.034	21
afdb_P80025_v6	afdb_P00766_v6	1.461E-01	3.235E-01	3.354E-01	0.010	14
afdb_P80025_v6	afdb_P12821_v6	2.890E-01	1.806E-01	2.950E-01	0.076	28
afdb_P80025_v6	afdb_P14779_v6	2.676E-01	2.002E-01	2.761E-01	0.063	26
afdb_P80025_v6	afdb_P46076_v6	1.710E-01	2.884E-01	3.038E-01	0.016	17
afdb_P80025_v6	afdb_P00860_v6	1.863E-01	2.586E-01	2.850E-01	0.020	18
afdb_P80025_v6	afdb_O16025_v6	2.556E-01	1.865E-01	2.688E-01	0.057	25
afdb_P80025_v6	afdb_P15917_v6	2.317E-01	2.108E-01	2.345E-01	0.045	23
afdb_P80025_v6	afdb_P00455_v6	1.664E-01	2.656E-01	2.935E-01	0.014	16
afdb_P80025_v6	afdb_P06621_v6	1.709E-01	2.563E-01	2.637E-01	0.016	17
afdb_P80025_v6	afdb_P22266_v6	1.558E-01	2.671E-01	2.759E-01	0.011	15
afdb_P80025_v6	afdb_P35049_v6	1.292E-01	2.749E-01	3.060E-01	0.008	12
afdb_P80025_v6	afdb_Q28943_v6	2.231E-01	1.713E-01	2.384E-01	0.040	22
afdb_P9WHH1_v6	afdb_P0A9P4_v6	6.929E-01	7.195E-01	7.296E-01	0.923	69
afdb_P9WHH1_v6	afdb_Q7ZAG8_v6	6.110E-01	5.137E-01	6.660E-01	0.795	61
afdb_P9WHH1_v6	afdb_P37062_v6	6.074E-01	4.733E-01	6.673E-01	0.772	60
afdb_P9WHH1_v6	afdb_Q56839_v6	6.130E-01	4.141E-01	6.640E-01	0.795	61
afdb_P9WHH1_v6	afdb_P00392_v6	6.249E-01	3.957E-01	6.836E-01	0.817	62
afdb_P9WHH1_v6	afdb_P08165_v6	5.813E-01	4.180E-01	6.181E-01	0.720	58
afdb_P9WHH1_v6	afdb_P10902_v6	5.976E-01	3.907E-01	6.235E-01	0.747	59
afdb_P9WHH1_v6	afdb_P40859_v6	4.907E-01	4.319E-01	5.279E-01	0.442	49
afdb_P9WHH1_v6	afdb_P22637_v6	5.503E-01	3.570E-01	5.904E-01	0.632	55
afdb_P9WHH1_v6	afdb_Q945K2_v6	5.459E-01	3.464E-01	5.815E-01	0.601	54
afdb_P9WHH1_v6	afdb_P80324_v6	4.636E-01	4.296E-01	4.935E-01	0.353	46
afdb_P9WHH1_v6	afdb_Q28943_v6	5.983E-01	2.192E-01	6.436E-01	0.747	59
afdb_P9WHH1_v6	afdb_P42593_v6	5.190E-01	2.830E-01	5.745E-01	0.505	51
afdb_P9WHH1_v6	afdb_P16099_v6	5.192E-01	2.609E-01	5.667E-01	0.505	51
afdb_P9WHH1_v6	afdb_Q9AGP8_v6	4.693E-01	2.171E-01	4.989E-01	0.353	46
afdb_P9WHH1_v6	afdb_Q29460_v6	2.909E-01	3.906E-01	4.515E-01	0.082	29
afdb_P9WHH1_v6	afdb_Q02899_v6	3.627E-01	3.174E-01	3.815E-01	0.150	36
afdb_P9WHH1_v6	afdb_O59791_v6	3.247E-01	3.342E-01	4.165E-01	0.106	32
afdb_P9WHH1_v6	afdb_Q3HWU8_v6	3.008E-01	3.463E-01	3.653E-01	0.082	29
afdb_P9WHH1_v6	afdb_P96965_v6	2.985E-01	3.403E-01	3.672E-01	0.082	29
afdb_P9WHH1_v6	afdb_Q9FEW9_v6	3.364E-01	2.989E-01	3.512E-01	0.116	33
afdb_P9WHH1_v6	afdb_P09184_v6	2.263E-01	4.064E-01	4.788E-01	0.040	22
afdb_P9WHH1_v6	afdb_O58727_v6	2.394E-01	3.852E-01	3.868E-01	0.045	23
afdb_P9WHH1_v6	afdb_Q9UMR5_v6	2.949E-01	3.179E-01	3.435E-01	0.082	29
afdb_P9WHH1_v6	afdb_Q00017_v6	2.749E-01	3.365E-01	3.457E-01	0.069	27
afdb_P9WHH1_v6	afdb_P16444_v6	3.244E-01	2.815E-01	3.492E-01	0.106	32
afdb_P9WHH1_v6	afdb_P05414_v6	3.122E-01	2.916E-01	3.478E-01	0.098	31
afdb_P9WHH1_v6	afdb_P0A1E3_v6	2.969E-01	3.051E-01	3.838E-01	0.082	29
afdb_P9WHH1_v6	afdb_P53608_v6	2.809E-01	3.053E-01	3.298E-01	0.069	27
afdb_P9WHH1_v6	afdb_P0A6C1_v6	2.744E-01	3.075E-01	3.104E-01	0.069	27
afdb_P9WHH1_v6	afdb_P25910_v6	2.579E-01	3.233E-01	3.658E-01	0.057	25
afdb_P9WHH1_v6	afdb_P08819_v6	3.201E-01	2.617E-01	3.422E-01	0.106	32
afdb_P9WHH1_v6	afdb_P45478_v6	2.807E-01	2.991E-01	3.178E-01	0.076	28
afdb_P9WHH1_v6	afdb_P04042_v6	2.928E-01	2.838E-01	4.384E-01	0.082	29
afdb_P9WHH1_v6	afdb_P05521_v6	2.776E-01	2.962E-01	3.542E-01	0.069	27
afdb_P9WHH1_v6	afdb_P04190_v6	2.577E-01	3.128E-01	3.624E-01	0.057	25
afdb_P9WHH1_v6	afdb_Q8RB32_v6	2.499E-01	3.167E-01	3.176E-01	0.051	24
afdb_P9WHH1_v6	afdb_P83772_v6	2.549E-01	3.059E-01	3.210E-01	0.057	25
afdb_P9WHH1_v6	afdb_P00860_v6	3.112E-01	2.482E-01	3.326E-01	0.098	31
afdb_P9WHH1_v6	afdb_P03958_v6	2.824E-01	2.725E-01	2.979E-01	0.076	28
afdb_P9WHH1_v6	afdb_P0A6G7_v6	2.232E-01	3.289E-01	3.501E-01	0.040	22
afdb_P9WHH1_v6	afdb_P27170_v6	2.822E-01	2.697E-01	3.075E-01	0.076	28
afdb_P9WHH1_v6	afdb_Q6LZM9_v6	3.011E-01	2.507E-01	3.240E-01	0.090	30
afdb_P9WHH1_v6	afdb_Q58989_v6	2.323E-01	3.174E-01	3.244E-01	0.045	23
afdb_P9WHH1_v6	afdb_P77444_v6	2.918E-01	2.551E-01	3.107E-01	0.082	29
afdb_P9WHH1_v6	afdb_P06621_v6	2.919E-01	2.501E-01	3.045E-01	0.082	29
afdb_P9WHH1_v6	afdb_P00388_v6	3.453E-01	1.960E-01	3.888E-01	0.126	34
afdb_P9WHH1_v6	afdb_P37957_v6	2.220E-01	3.184E-01	4.777E-01	0.040	22
afdb_P9WHH1_v6	afdb_P03007_v6	2.404E-01	2.999E-01	3.425E-01	0.045	23
afdb_P9WHH1_v6	afdb_P52700_v6	2.569E-01	2.829E-01	3.441E-01	0.057	25
afdb_P9WHH1_v6	afdb_P06721_v6	2.844E-01	2.526E-01	3.600E-01	0.076	28
afdb_P9WHH1_v6	afdb_Q16775_v6	2.597E-01	2.757E-01	3.361E-01	0.057	25
afdb_P9WHH1_v6	afdb_P00935_v6	2.803E-01	2.527E-01	3.567E-01	0.076	28
afdb_P9WHH1_v6	afdb_O33199_v6	2.240E-01	3.082E-01	3.159E-01	0.040	22
afdb_P9WHH1_v6	afdb_P56216_v6	3.151E-01	2.157E-01	3.302E-01	0.098	31
afdb_P9WHH1_v6	afdb_Q75WN8_v6	2.487E-01	2.820E-01	3.701E-01	0.051	24
afdb_P9WHH1_v6	afdb_P00639_v6	2.481E-01	2.794E-01	3.045E-01	0.051	24
afdb_P9WHH1_v6	afdb_P00396_v6	3.022E-01	2.251E-01	3.100E-01	0.090	30
afdb_P9WHH1_v6	afdb_P83686_v6	2.404E-01	2.818E-01	3.233E-01	0.045	23
afdb_P9WHH1_v6	afdb_Q00441_v6	2.745E-01	2.412E-01	2.957E-01	0.069	27
afdb_P9WHH1_v6	afdb_P39377_v6	2.705E-01	2.443E-01	2.851E-01	0.069	27
afdb_P9WHH1_v6	afdb_P23295_v6	2.723E-01	2.399E-01	2.937E-01	0.069	27
afdb_P9WHH1_v6	afdb_P00175_v6	3.104E-01	2.005E-01	3.413E-01	0.098	31
afdb_P9WHH1_v6	afdb_P0AB77_v6	2.692E-01	2.376E-01	3.502E-01	0.063	26
afdb_P9WHH1_v6	afdb_Q9L9D7_v6	3.040E-01	2.019E-01	3.314E-01	0.090	30
afdb_P9WHH1_v6	afdb_A0A0C6DRW4_v6	2.715E-01	2.331E-01	3.072E-01	0.069	27
afdb_P9WHH1_v6	afdb_Q01693_v6	2.901E-01	2.110E-01	3.149E-01	0.082	29
afdb_P9WHH1_v6	afdb_P83788_v6	2.658E-01	2.271E-01	3.245E-01	0.063	26
afdb_P9WHH1_v6	afdb_P00455_v6	2.540E-01	2.371E-01	3.276E-01	0.057	25
afdb_P9WHH1_v6	afdb_P81054_v6	2.480E-01	2.417E-01	2.701E-01	0.051	24
afdb_P9WHH1_v6	afdb_P00914_v6	2.751E-01	2.129E-01	4.293E-01	0.069	27
afdb_P9WHH1_v6	afdb_Q6YBS3_v6	2.997E-01	1.871E-01	3.142E-01	0.082	29
afdb_P9WHH1_v6	afdb_P28305_v6	2.243E-01	2.623E-01	3.295E-01	0.040	22
afdb_P9WHH1_v6	afdb_Q9XBQ8_v6	2.626E-01	2.219E-01	3.617E-01	0.063	26
afdb_P9WHH1_v6	afdb_P29183_v6	2.699E-01	2.134E-01	3.374E-01	0.063	26
afdb_P9WHH1_v6	afdb_P0CE47_v6	2.538E-01	2.274E-01	2.772E-01	0.057	25
afdb_P9WHH1_v6	afdb_Q9NPB1_v6	2.091E-01	2.715E-01	2.911E-01	0.029	20
afdb_P9WHH1_v6	afdb_P28796_v6	2.701E-01	2.093E-01	3.253E-01	0.069	27
afdb_P9WHH1_v6	afdb_P56218_v6	2.290E-01	2.490E-01	2.534E-01	0.040	22
afdb_P9WHH1_v6	afdb_P00777_v6	2.295E-01	2.475E-01	2.967E-01	0.040	22
afdb_P9WHH1_v6	afdb_Q50925_v6	2.845E-01	1.916E-01	3.213E-01	0.076	28
afdb_P9WHH1_v6	afdb_P15289_v6	2.737E-01	2.023E-01	2.895E-01	0.069	27
afdb_P9WHH1_v6	afdb_P19938_v6	2.232E-01	2.494E-01	2.793E-01	0.040	22
afdb_P9WHH1_v6	afdb_P21179_v6	3.024E-01	1.625E-01	3.326E-01	0.090	30
afdb_P9WHH1_v6	afdb_P30850_v6	2.885E-01	1.756E-01	3.190E-01	0.076	28
afdb_P9WHH1_v6	afdb_P27487_v6	2.993E-01	1.622E-01	3.096E-01	0.082	29
afdb_P9WHH1_v6	afdb_P08373_v6	2.324E-01	2.289E-01	2.484E-01	0.045	23
afdb_P9WHH1_v6	afdb_P00800_v6	2.700E-01	1.883E-01	2.821E-01	0.063	26
afdb_P9WHH1_v6	afdb_P00489_v6	3.032E-01	1.516E-01	3.232E-01	0.090	30
afdb_P9WHH1_v6	afdb_P18314_v6	2.665E-01	1.844E-01	2.755E-01	0.063	26
afdb_P9WHH1_v6	afdb_F8W4B7_v6	3.218E-01	1.293E-01	3.225E-01	0.106	32
afdb_P9WHH1_v6	afdb_P0A6K3_v6	1.700E-01	2.789E-01	2.933E-01	0.014	16
afdb_P9WHH1_v6	afdb_P55038_v6	3.378E-01	1.009E-01	3.491E-01	0.116	33
afdb_P9WHH1_v6	afdb_Q05755_v6	3.332E-01	1.033E-01	3.397E-01	0.116	33
afdb_P9WHH1_v6	afdb_O13297_v6	2.567E-01	1.784E-01	3.035E-01	0.057	25
afdb_P9WHH1_v6	afdb_P24474_v6	2.568E-01	1.768E-01	2.859E-01	0.057	25
afdb_P9WHH1_v6	afdb_P00644_v6	1.898E-01	2.417E-01	2.499E-01	0.020	18
afdb_P9WHH1_v6	afdb_P14779_v6	2.926E-01	1.221E-01	3.305E-01	0.082	29
afdb_P9WHH1_v6	afdb_P21327_v6	2.164E-01	1.923E-01	2.469E-01	0.034	21
afdb_P9WHH1_v6	afdb_P08148_v6	2.412E-01	1.550E-01	2.761E-01	0.051	24
afdb_Q06063_v6	afdb_Q02899_v6	5.807E-01	5.377E-01	6.247E-01	0.720	58
afdb_Q06063_v6	afdb_Q9FEW9_v6	5.773E-01	5.393E-01	6.461E-01	0.692	57
afdb_Q06063_v6	afdb_P42593_v6	6.257E-01	3.619E-01	6.641E-01	0.817	62
afdb_Q06063_v6	afdb_P0A6C1_v6	4.298E-01	5.316E-01	5.332E-01	0.254	42
afdb_Q06063_v6	afdb_P16099_v6	6.243E-01	3.344E-01	6.610E-01	0.817	62
afdb_Q06063_v6	afdb_Q8RB32_v6	3.779E-01	5.256E-01	5.290E-01	0.164	37
afdb_Q06063_v6	afdb_P39377_v6	4.616E-01	4.393E-01	5.519E-01	0.353	46
afdb_Q06063_v6	afdb_P03958_v6	4.271E-01	4.420E-01	6.131E-01	0.254	42
afdb_Q06063_v6	afdb_P16444_v6	4.397E-01	4.011E-01	6.207E-01	0.277	43
afdb_Q06063_v6	afdb_P05414_v6	4.168E-01	4.150E-01	5.336E-01	0.233	41
afdb_Q06063_v6	afdb_P00860_v6	4.456E-01	3.695E-01	5.098E-01	0.301	44
afdb_Q06063_v6	afdb_Q9XBQ8_v6	4.269E-01	3.854E-01	4.872E-01	0.254	42
afdb_Q06063_v6	afdb_Q28943_v6	5.553E-01	2.113E-01	7.941E-01	0.632	55
afdb_Q06063_v6	afdb_P00639_v6	3.486E-01	4.180E-01	4.454E-01	0.126	34
afdb_Q06063_v6	afdb_P18314_v6	4.433E-01	3.095E-01	4.990E-01	0.301	44
afdb_Q06063_v6	afdb_P05521_v6	3.338E-01	3.816E-01	4.168E-01	0.116	33
afdb_Q06063_v6	afdb_Q29460_v6	2.893E-01	4.094E-01	4.990E-01	0.076	28
afdb_Q06063_v6	afdb_P37957_v6	2.759E-01	4.179E-01	4.887E-01	0.069	27
afdb_Q06063_v6	afdb_Q00017_v6	2.908E-01	3.962E-01	4.530E-01	0.082	29
afdb_Q06063_v6	afdb_P15289_v6	3.780E-01	3.000E-01	3.969E-01	0.164	37
afdb_Q06063_v6	afdb_P29183_v6	3.654E-01	3.078E-01	4.355E-01	0.150	36
afdb_Q06063_v6	afdb_Q9UMR5_v6	3.101E-01	3.556E-01	4.065E-01	0.090	30
afdb_Q06063_v6	afdb_P0A6G7_v6	2.575E-01	4.070E-01	4.360E-01	0.057	25
afdb_Q06063_v6	afdb_P00175_v6	3.952E-01	2.602E-01	4.940E-01	0.196	39
afdb_Q06063_v6	afdb_Q05755_v6	5.099E-01	1.407E-01	6.162E-01	0.473	50
afdb_Q06063_v6	afdb_P55038_v6	5.107E-01	1.380E-01	5.874E-01	0.505	51
afdb_Q06063_v6	afdb_P53608_v6	3.003E-01	3.465E-01	3.609E-01	0.090	30
afdb_Q06063_v6	afdb_Q3HWU8_v6	2.883E-01	3.561E-01	3.835E-01	0.076	28
afdb_Q06063_v6	afdb_P45478_v6	2.982E-01	3.420E-01	3.981E-01	0.082	29
afdb_Q06063_v6	afdb_P83772_v6	2.796E-01	3.587E-01	3.813E-01	0.069	27
afdb_Q06063_v6	afdb_Q12178_v6	2.188E-01	4.146E-01	4.601E-01	0.034	21
afdb_Q06063_v6	afdb_P08819_v6	3.380E-01	2.924E-01	4.320E-01	0.116	33
afdb_Q06063_v6	afdb_P22266_v6	3.069E-01	3.212E-01	3.801E-01	0.090	30
afdb_Q06063_v6	afdb_P00489_v6	4.069E-01	2.192E-01	4.203E-01	0.214	40
afdb_Q06063_v6	afdb_P96965_v6	2.813E-01	3.392E-01	3.846E-01	0.076	28
afdb_Q06063_v6	afdb_P28796_v6	3.364E-01	2.790E-01	3.931E-01	0.116	33
afdb_Q06063_v6	afdb_Q75WN8_v6	2.806E-01	3.344E-01	3.583E-01	0.076	28
afdb_Q06063_v6	afdb_P0CE47_v6	3.129E-01	2.985E-01	3.395E-01	0.098	31
afdb_Q06063_v6	afdb_A0A0C6DRW4_v6	3.181E-01	2.894E-01	3.641E-01	0.098	31
afdb_Q06063_v6	afdb_Q01693_v6	3.357E-01	2.683E-01	3.440E-01	0.116	33
afdb_Q06063_v6	afdb_P25910_v6	2.577E-01	3.415E-01	3.685E-01	0.057	25
afdb_Q06063_v6	afdb_O58727_v6	2.195E-01	3.776E-01	3.783E-01	0.034	21
afdb_Q06063_v6	afdb_P40859_v6	3.031E-01	2.907E-01	3.203E-01	0.090	30
afdb_Q06063_v6	afdb_P0A1E3_v6	2.828E-01	3.082E-01	3.127E-01	0.076	28
afdb_Q06063_v6	afdb_P04190_v6	2.610E-01	3.312E-01	3.529E-01	0.057	25
afdb_Q06063_v6	afdb_P52700_v6	2.685E-01	3.180E-01	3.557E-01	0.063	26
afdb_Q06063_v6	afdb_P21327_v6	3.004E-01	2.823E-01	3.231E-01	0.090	30
afdb_Q06063_v6	afdb_Q58989_v6	2.331E-01	3.466E-01	3.592E-01	0.045	23
afdb_Q06063_v6	afdb_P0AB77_v6	2.977E-01	2.801E-01	4.334E-01	0.082	29
afdb_Q06063_v6	afdb_P37967_v6	3.208E-01	2.568E-01	4.414E-01	0.106	32
afdb_Q06063_v6	afdb_P00392_v6	3.330E-01	2.445E-01	3.433E-01	0.116	33
afdb_Q06063_v6	afdb_P24630_v6	3.051E-01	2.701E-01	3.937E-01	0.090	30
afdb_Q06063_v6	afdb_P06721_v6	2.943E-01	2.784E-01	3.389E-01	0.082	29
afdb_Q06063_v6	afdb_P12995_v6	3.021E-01	2.691E-01	3.415E-01	0.090	30
afdb_Q06063_v6	afdb_P16932_v6	3.021E-01	2.681E-01	3.776E-01	0.090	30
afdb_Q06063_v6	afdb_P22394_v6	3.295E-01	2.376E-01	3.858E-01	0.106	32
afdb_Q06063_v6	afdb_P83686_v6	2.520E-01	3.138E-01	3.394E-01	0.057	25
afdb_Q06063_v6	afdb_P05725_v6	2.013E-01	3.610E-01	3.693E-01	0.029	20
afdb_Q06063_v6	afdb_Q9L9D7_v6	3.275E-01	2.344E-01	3.449E-01	0.106	32
afdb_Q06063_v6	afdb_O59791_v6	2.693E-01	2.929E-01	3.121E-01	0.063	26
afdb_Q06063_v6	afdb_P00935_v6	2.853E-01	2.747E-01	4.515E-01	0.076	28
afdb_Q06063_v6	afdb_P37062_v6	2.985E-01	2.618E-01	3.101E-01	0.082	29
afdb_Q06063_v6	afdb_P00455_v6	2.797E-01	2.785E-01	3.613E-01	0.069	27
afdb_Q06063_v6	afdb_Q6LZM9_v6	2.941E-01	2.600E-01	3.890E-01	0.082	29
afdb_Q06063_v6	afdb_P30122_v6	3.254E-01	2.255E-01	3.822E-01	0.106	32
afdb_Q06063_v6	afdb_P0A9P4_v6	2.605E-01	2.856E-01	2.949E-01	0.063	26
afdb_Q06063_v6	afdb_P77444_v6	2.815E-01	2.611E-01	4.120E-01	0.076	28
afdb_Q06063_v6	afdb_Q9AGP8_v6	3.502E-01	1.901E-01	3.666E-01	0.138	35
afdb_Q06063_v6	afdb_F8W4B7_v6	3.742E-01	1.656E-01	3.895E-01	0.164	37
afdb_Q06063_v6	afdb_P00914_v6	2.923E-01	2.452E-01	3.086E-01	0.082	29
afdb_Q06063_v6	afdb_Q945K2_v6	3.091E-01	2.257E-01	3.228E-01	0.090	30
afdb_Q06063_v6	afdb_P23295_v6	2.739E-01	2.563E-01	3.150E-01	0.069	27
afdb_Q06063_v6	afdb_P08165_v6	2.911E-01	2.368E-01	3.128E-01	0.082	29
afdb_Q06063_v6	afdb_P22637_v6	3.018E-01	2.258E-01	3.325E-01	0.090	30
afdb_Q06063_v6	afdb_P24474_v6	3.003E-01	2.197E-01	3.493E-01	0.090	30
afdb_Q06063_v6	afdb_Q56839_v6	2.918E-01	2.264E-01	3.236E-01	0.082	29
afdb_Q06063_v6	afdb_Q00441_v6	2.676E-01	2.504E-01	3.077E-01	0.063	26
afdb_Q06063_v6	afdb_Q9NPB1_v6	2.156E-01	3.007E-01	3.365E-01	0.034	21
afdb_Q06063_v6	afdb_P27487_v6	3.289E-01	1.851E-01	4.287E-01	0.106	32
afdb_Q06063_v6	afdb_P00388_v6	3.159E-01	1.980E-01	3.545E-01	0.098	31
afdb_Q06063_v6	afdb_P83788_v6	2.684E-01	2.443E-01	4.092E-01	0.063	26
afdb_Q06063_v6	afdb_P03007_v6	2.197E-01	2.911E-01	3.534E-01	0.034	21
afdb_Q06063_v6	afdb_P21836_v6	3.064E-01	2.046E-01	4.317E-01	0.090	30
afdb_Q06063_v6	afdb_P08148_v6	2.990E-01	2.063E-01	3.303E-01	0.082	29
afdb_Q06063_v6	afdb_P09184_v6	1.752E-01	3.297E-01	3.725E-01	0.016	17
afdb_Q06063_v6	afdb_P19938_v6	2.278E-01	2.744E-01	3.897E-01	0.040	22
afdb_Q06063_v6	afdb_Q7ZAG8_v6	2.596E-01	2.419E-01	3.438E-01	0.057	25
afdb_Q06063_v6	afdb_P09598_v6	2.262E-01	2.727E-01	3.176E-01	0.040	22
afdb_Q06063_v6	afdb_P40881_v6	2.146E-01	2.802E-01	3.111E-01	0.034	21
afdb_Q06063_v6	afdb_P04042_v6	2.418E-01	2.504E-01	3.326E-01	0.051	24
afdb_Q06063_v6	afdb_P00777_v6	2.281E-01	2.616E-01	2.848E-01	0.040	22
afdb_Q06063_v6	afdb_P00800_v6	2.764E-01	2.076E-01	2.943E-01	0.069	27
afdb_Q06063_v6	afdb_P06621_v6	2.519E-01	2.312E-01	3.360E-01	0.057	25
afdb_Q06063_v6	afdb_Q06241_v6	1.935E-01	2.850E-01	2.867E-01	0.024	19
afdb_Q06063_v6	afdb_O16025_v6	3.288E-01	1.481E-01	3.474E-01	0.106	32
afdb_Q06063_v6	afdb_P71119_v6	1.896E-01	2.803E-01	3.424E-01	0.020	18
afdb_Q06063_v6	afdb_P08473_v6	2.897E-01	1.759E-01	3.070E-01	0.076	28
afdb_Q06063_v6	afdb_P15917_v6	2.954E-01	1.661E-01	3.132E-01	0.082	29
afdb_Q06063_v6	afdb_P00592_v6	1.500E-01	2.945E-01	3.390E-01	0.010	14
afdb_Q06063_v6	afdb_P81054_v6	2.167E-01	2.246E-01	2.389E-01	0.034	21
afdb_Q06063_v6	afdb_P12821_v6	2.780E-01	1.022E-01	2.898E-01	0.069	27
afdb_Q0E4K1_v6	afdb_P21179_v6	9.526E-01	6.280E-01	9.660E-01	0.998	95
afdb_Q0E4K1_v6	afdb_O16025_v6	5.283E-01	2.537E-01	7.761E-01	0.537	52
afdb_Q0E4K1_v6	afdb_P08819_v6	2.773E-01	2.980E-01	3.000E-01	0.069	27
afdb_Q0E4K1_v6	afdb_P27170_v6	2.460E-01	3.115E-01	3.255E-01	0.051	24
afdb_Q0E4K1_v6	afdb_P25910_v6	2.075E-01	3.486E-01	3.531E-01	0.029	20
afdb_Q0E4K1_v6	afdb_A0A0C6DRW4_v6	2.597E-01	2.927E-01	3.248E-01	0.057	25
afdb_Q0E4K1_v6	afdb_P10902_v6	2.832E-01	2.648E-01	3.116E-01	0.076	28
afdb_Q0E4K1_v6	afdb_P00918_v6	2.073E-01	3.246E-01	3.362E-01	0.029	20
afdb_Q0E4K1_v6	afdb_Q9L9D7_v6	2.796E-01	2.515E-01	3.012E-01	0.069	27
afdb_Q0E4K1_v6	afdb_P81054_v6	2.278E-01	2.922E-01	3.249E-01	0.040	22
afdb_Q0E4K1_v6	afdb_P56218_v6	2.089E-01	3.071E-01	3.114E-01	0.029	20
afdb_Q0E4K1_v6	afdb_Q9FEW9_v6	2.374E-01	2.768E-01	2.773E-01	0.045	23
afdb_Q0E4K1_v6	afdb_P29183_v6	2.477E-01	2.604E-01	3.105E-01	0.051	24
afdb_Q0E4K1_v6	afdb_Q9AGP8_v6	3.002E-01	2.006E-01	3.388E-01	0.090	30
afdb_Q0E4K1_v6	afdb_P30122_v6	2.661E-01	2.343E-01	2.857E-01	0.063	26
afdb_Q0E4K1_v6	afdb_P00392_v6	2.613E-01	2.386E-01	2.993E-01	0.063	26
afdb_Q0E4K1_v6	afdb_P0CE47_v6	2.277E-01	2.673E-01	2.884E-01	0.040	22
afdb_Q0E4K1_v6	afdb_P13717_v6	1.916E-01	2.966E-01	3.046E-01	0.024	19
afdb_Q0E4K1_v6	afdb_P00388_v6	2.707E-01	2.130E-01	3.036E-01	0.069	27
afdb_Q0E4K1_v6	afdb_P04190_v6	1.842E-01	2.983E-01	3.523E-01	0.020	18
afdb_Q0E4K1_v6	afdb_P77444_v6	2.250E-01	2.553E-01	3.030E-01	0.040	22
afdb_Q0E4K1_v6	afdb_Q945K2_v6	2.505E-01	2.277E-01	2.797E-01	0.057	25
afdb_Q0E4K1_v6	afdb_Q01693_v6	2.402E-01	2.361E-01	2.576E-01	0.051	24
afdb_Q0E4K1_v6	afdb_P00639_v6	1.894E-01	2.860E-01	3.236E-01	0.020	18
afdb_Q0E4K1_v6	afdb_P09030_v6	1.875E-01	2.878E-01	3.223E-01	0.020	18
afdb_Q0E4K1_v6	afdb_P00914_v6	2.297E-01	2.364E-01	2.441E-01	0.040	22
afdb_Q0E4K1_v6	afdb_Q16775_v6	1.935E-01	2.725E-01	3.219E-01	0.024	19
afdb_Q0E4K1_v6	afdb_P00800_v6	2.406E-01	2.234E-01	2.779E-01	0.051	24
afdb_Q0E4K1_v6	afdb_Q56839_v6	2.359E-01	2.260E-01	2.649E-01	0.045	23
afdb_Q0E4K1_v6	afdb_P46076_v6	1.940E-01	2.556E-01	2.802E-01	0.024	19
afdb_Q0E4K1_v6	afdb_P00455_v6	2.007E-01	2.469E-01	2.981E-01	0.029	20
afdb_Q0E4K1_v6	afdb_P14779_v6	2.872E-01	1.594E-01	3.014E-01	0.076	28
afdb_Q0E4K1_v6	afdb_P28305_v6	1.770E-01	2.701E-01	3.175E-01	0.016	17
afdb_Q0E4K1_v6	afdb_P52700_v6	1.805E-01	2.632E-01	2.731E-01	0.020	18
afdb_Q0E4K1_v6	afdb_P19938_v6	1.778E-01	2.647E-01	2.685E-01	0.016	17
afdb_Q0E4K1_v6	afdb_Q58989_v6	1.597E-01	2.804E-01	2.847E-01	0.011	15
afdb_Q0E4K1_v6	afdb_Q6UV28_v6	1.265E-01	3.104E-01	3.492E-01	0.008	12
afdb_Q0E4K1_v6	afdb_P00860_v6	2.124E-01	2.223E-01	2.416E-01	0.034	21
afdb_Q0E4K1_v6	afdb_P00489_v6	2.575E-01	1.742E-01	2.734E-01	0.057	25
afdb_Q0E4K1_v6	afdb_P27487_v6	2.494E-01	1.820E-01	2.763E-01	0.051	24
afdb_Q0E4K1_v6	afdb_P0A6C1_v6	1.710E-01	2.567E-01	2.644E-01	0.016	17
afdb_Q0E4K1_v6	afdb_P30850_v6	2.355E-01	1.927E-01	2.811E-01	0.045	23
afdb_Q0E4K1_v6	afdb_P37062_v6	2.006E-01	2.141E-01	2.510E-01	0.029	20
afdb_Q0E4K1_v6	afdb_P0A6T5_v6	1.486E-01	2.648E-01	2.707E-01	0.010	14
afdb_Q0E4K1_v6	afdb_O13297_v6	2.061E-01	1.913E-01	2.193E-01	0.029	20
afdb_Q0E4K1_v6	afdb_P12821_v6	2.613E-01	1.231E-01	2.739E-01	0.063	26
afdb_Q23490_v6	afdb_Q05769_v6	5.406E-01	6.408E-01	8.311E-01	0.601	54
afdb_Q23490_v6	afdb_P48534_v6	2.033E-01	4.858E-01	4.962E-01	0.029	20
afdb_Q23490_v6	afdb_P71119_v6	1.846E-01	4.662E-01	4.734E-01	0.020	18
afdb_Q23490_v6	afdb_Q6YBS3_v6	2.640E-01	2.899E-01	3.010E-01	0.063	26
afdb_Q23490_v6	afdb_A0A0C6DRW4_v6	2.172E-01	3.262E-01	3.343E-01	0.034	21
afdb_Q23490_v6	afdb_O16025_v6	3.107E-01	2.312E-01	3.491E-01	0.098	31
afdb_Q23490_v6	afdb_P00914_v6	2.226E-01	3.079E-01	3.196E-01	0.040	22
afdb_Q23490_v6	afdb_P30850_v6	2.538E-01	2.767E-01	3.198E-01	0.057	25
afdb_Q23490_v6	afdb_P05521_v6	1.794E-01	3.423E-01	3.512E-01	0.016	17
afdb_Q23490_v6	afdb_P09598_v6	1.704E-01	3.501E-01	3.544E-01	0.016	17
afdb_Q23490_v6	afdb_Q6LZM9_v6	2.105E-01	3.085E-01	3.573E-01	0.034	21
afdb_Q23490_v6	afdb_Q6UV28_v6	1.150E-01	4.006E-01	4.240E-01	0.007	11
afdb_Q23490_v6	afdb_P81054_v6	1.913E-01	3.236E-01	3.267E-01	0.024	19
afdb_Q23490_v6	afdb_P08819_v6	2.111E-01	3.034E-01	3.255E-01	0.034	21
afdb_Q23490_v6	afdb_P37967_v6	2.199E-01	2.941E-01	3.193E-01	0.034	21
afdb_Q23490_v6	afdb_P12995_v6	2.085E-01	3.044E-01	3.067E-01	0.029	20
afdb_Q23490_v6	afdb_P00175_v6	2.354E-01	2.738E-01	3.237E-01	0.045	23
afdb_Q23490_v6	afdb_P24474_v6	2.322E-01	2.762E-01	2.900E-01	0.045	23
afdb_Q23490_v6	afdb_P08473_v6	2.552E-01	2.486E-01	2.571E-01	0.057	25
afdb_Q23490_v6	afdb_P00800_v6	2.248E-01	2.755E-01	2.862E-01	0.040	22
afdb_Q23490_v6	afdb_P28796_v6	2.081E-01	2.881E-01	3.064E-01	0.029	20
afdb_Q23490_v6	afdb_P00396_v6	2.174E-01	2.776E-01	3.068E-01	0.034	21
afdb_Q23490_v6	afdb_P52700_v6	1.674E-01	3.253E-01	3.551E-01	0.014	16
afdb_Q23490_v6	afdb_P15917_v6	2.564E-01	2.357E-01	2.800E-01	0.057	25
afdb_Q23490_v6	afdb_P37957_v6	1.409E-01	3.488E-01	3.733E-01	0.010	14
afdb_Q23490_v6	afdb_Q9XBQ8_v6	1.950E-01	2.943E-01	3.224E-01	0.024	19
afdb_Q23490_v6	afdb_Q7ZAG8_v6	1.953E-01	2.965E-01	3.165E-01	0.024	19
afdb_Q23490_v6	afdb_P10902_v6	2.198E-01	2.689E-01	2.731E-01	0.034	21
afdb_Q23490_v6	afdb_Q01693_v6	2.104E-01	2.758E-01	2.837E-01	0.029	20
afdb_Q23490_v6	afdb_Q00441_v6	1.936E-01	2.916E-01	3.004E-01	0.024	19
afdb_Q23490_v6	afdb_P77444_v6	1.913E-01	2.929E-01	3.439E-01	0.024	19
afdb_Q23490_v6	afdb_P23295_v6	1.905E-01	2.923E-01	3.041E-01	0.020	18
afdb_Q23490_v6	afdb_P00489_v6	2.532E-01	2.251E-01	2.637E-01	0.057	25
afdb_Q23490_v6	afdb_P03958_v6	1.760E-01	3.007E-01	3.061E-01	0.016	17
afdb_Q23490_v6	afdb_P43099_v6	2.378E-01	2.363E-01	2.667E-01	0.045	23
afdb_Q23490_v6	afdb_Q9AGP8_v6	2.484E-01	2.250E-01	2.749E-01	0.051	24
afdb_Q23490_v6	afdb_P12821_v6	2.876E-01	1.811E-01	3.471E-01	0.076	28
afdb_Q23490_v6	afdb_P0A6K3_v6	1.141E-01	3.522E-01	3.550E-01	0.007	11
afdb_Q23490_v6	afdb_P14779_v6	2.642E-01	2.012E-01	2.886E-01	0.063	26
afdb_Q23490_v6	afdb_P42593_v6	2.269E-01	2.387E-01	2.677E-01	0.040	22
afdb_Q23490_v6	afdb_P00860_v6	1.939E-01	2.712E-01	3.038E-01	0.024	19
afdb_Q23490_v6	afdb_P80324_v6	1.745E-01	2.894E-01	3.416E-01	0.016	17
afdb_Q23490_v6	afdb_P16444_v6	1.803E-01	2.826E-01	3.069E-01	0.020	18
afdb_Q23490_v6	afdb_P27170_v6	1.713E-01	2.914E-01	2.937E-01	0.016	17
afdb_Q23490_v6	afdb_O58727_v6	1.188E-01	3.401E-01	3.413E-01	0.007	11
afdb_Q23490_v6	afdb_Q7SID9_v6	2.060E-01	2.483E-01	2.490E-01	0.029	20
afdb_Q23490_v6	afdb_P55038_v6	2.906E-01	1.595E-01	3.024E-01	0.082	29
afdb_Q23490_v6	afdb_F8W4B7_v6	2.577E-01	1.917E-01	2.671E-01	0.057	25
afdb_Q23490_v6	afdb_Q05755_v6	2.724E-01	1.565E-01	2.836E-01	0.069	27
afdb_Q23490_v6	afdb_P00766_v6	1.290E-01	2.934E-01	2.942E-01	0.008	12
afdb_Q23490_v6	afdb_P00644_v6	1.267E-01	2.856E-01	2.880E-01	0.008	12
afdb_Q5F676_v6	afdb_P00935_v6	2.934E-01	3.157E-01	3.390E-01	0.082	29
afdb_Q5F676_v6	afdb_P42593_v6	3.447E-01	2.472E-01	3.723E-01	0.126	34
afdb_Q5F676_v6	afdb_P16099_v6	3.484E-01	2.340E-01	3.736E-01	0.126	34
afdb_Q5F676_v6	afdb_P00914_v6	2.946E-01	2.764E-01	3.415E-01	0.082	29
afdb_Q5F676_v6	afdb_P24474_v6	3.080E-01	2.530E-01	3.521E-01	0.090	30
afdb_Q5F676_v6	afdb_P27487_v6	3.401E-01	2.175E-01	3.828E-01	0.126	34
afdb_Q5F676_v6	afdb_P28796_v6	2.858E-01	2.695E-01	3.258E-01	0.076	28
afdb_Q5F676_v6	afdb_P0AB77_v6	2.687E-01	2.833E-01	3.201E-01	0.063	26
afdb_Q5F676_v6	afdb_P35049_v6	2.173E-01	3.238E-01	3.348E-01	0.034	21
afdb_Q5F676_v6	afdb_P27170_v6	2.527E-01	2.874E-01	3.002E-01	0.057	25
afdb_Q5F676_v6	afdb_Q01693_v6	2.836E-01	2.533E-01	3.316E-01	0.076	28
afdb_Q5F676_v6	afdb_P00644_v6	2.039E-01	3.211E-01	3.490E-01	0.029	20
afdb_Q5F676_v6	afdb_Q945K2_v6	2.846E-01	2.345E-01	2.902E-01	0.076	28
afdb_Q5F676_v6	afdb_P04042_v6	2.414E-01	2.775E-01	2.837E-01	0.051	24
afdb_Q5F676_v6	afdb_P83686_v6	2.154E-01	2.944E-01	3.141E-01	0.034	21
afdb_Q5F676_v6	afdb_P08819_v6	2.559E-01	2.503E-01	2.761E-01	0.057	25
afdb_Q5F676_v6	afdb_P22394_v6	2.779E-01	2.287E-01	3.200E-01	0.069	27
afdb_Q5F676_v6	afdb_P09598_v6	2.155E-01	2.894E-01	3.109E-01	0.034	21
afdb_Q5F676_v6	afdb_Q56839_v6	2.693E-01	2.355E-01	2.991E-01	0.063	26
afdb_Q5F676_v6	afdb_P25910_v6	2.049E-01	2.993E-01	3.188E-01	0.029	20
afdb_Q5F676_v6	afdb_P00455_v6	2.385E-01	2.655E-01	2.745E-01	0.045	23
afdb_Q5F676_v6	afdb_Q9L9D7_v6	2.758E-01	2.255E-01	3.139E-01	0.069	27
afdb_Q5F676_v6	afdb_Q9FEW9_v6	2.427E-01	2.570E-01	3.019E-01	0.051	24
afdb_Q5F676_v6	afdb_A0A0C6DRW4_v6	2.462E-01	2.516E-01	2.876E-01	0.051	24
afdb_Q5F676_v6	afdb_P39377_v6	2.401E-01	2.566E-01	3.222E-01	0.045	23
afdb_Q5F676_v6	afdb_P56216_v6	2.708E-01	2.241E-01	2.848E-01	0.069	27
afdb_Q5F676_v6	afdb_Q7SID9_v6	2.705E-01	2.248E-01	2.879E-01	0.069	27
afdb_Q5F676_v6	afdb_P52700_v6	2.125E-01	2.800E-01	3.002E-01	0.034	21
afdb_Q5F676_v6	afdb_P19938_v6	2.106E-01	2.819E-01	3.189E-01	0.034	21
afdb_Q5F676_v6	afdb_P55038_v6	3.622E-01	1.288E-01	3.781E-01	0.150	36
afdb_Q5F676_v6	afdb_Q9AGP8_v6	3.030E-01	1.899E-01	3.378E-01	0.090	30
afdb_Q5F676_v6	afdb_P08165_v6	2.551E-01	2.324E-01	2.770E-01	0.057	25
afdb_Q5F676_v6	afdb_P00175_v6	2.708E-01	2.176E-01	2.940E-01	0.069	27
afdb_Q5F676_v6	afdb_P29183_v6	2.489E-01	2.372E-01	2.769E-01	0.051	24
afdb_Q5F676_v6	afdb_Q06241_v6	1.783E-01	3.076E-01	3.105E-01	0.016	17
afdb_Q5F676_v6	afdb_Q16775_v6	2.142E-01	2.715E-01	2.970E-01	0.034	21
afdb_Q5F676_v6	afdb_P0A6K3_v6	1.614E-01	3.213E-01	3.225E-01	0.014	16
afdb_Q5F676_v6	afdb_P28305_v6	2.023E-01	2.810E-01	3.134E-01	0.029	20
afdb_Q5F676_v6	afdb_P37062_v6	2.440E-01	2.376E-01	2.788E-01	0.051	24
afdb_Q5F676_v6	afdb_P00800_v6	2.574E-01	2.170E-01	2.792E-01	0.057	25
afdb_Q5F676_v6	afdb_Q8RB32_v6	1.917E-01	2.800E-01	3.093E-01	0.024	19
afdb_Q5F676_v6	afdb_O13297_v6	2.566E-01	2.118E-01	3.339E-01	0.057	25
afdb_Q5F676_v6	afdb_P09883_v6	2.598E-01	2.088E-01	2.720E-01	0.057	25
afdb_Q5F676_v6	afdb_P00777_v6	2.040E-01	2.628E-01	2.856E-01	0.029	20
afdb_Q5F676_v6	afdb_O16025_v6	3.101E-01	1.544E-01	3.247E-01	0.098	31
afdb_Q5F676_v6	afdb_P21327_v6	2.253E-01	2.371E-01	2.520E-01	0.040	22
afdb_Q5F676_v6	afdb_P21179_v6	2.774E-01	1.841E-01	3.258E-01	0.069	27
afdb_Q5F676_v6	afdb_P81054_v6	2.117E-01	2.446E-01	2.640E-01	0.034	21
afdb_Q5F676_v6	afdb_P40859_v6	2.199E-01	2.354E-01	2.719E-01	0.034	21
afdb_Q5F676_v6	afdb_P22637_v6	2.472E-01	2.068E-01	2.477E-01	0.051	24
afdb_Q5F676_v6	afdb_Q05755_v6	3.296E-01	1.230E-01	3.367E-01	0.106	32
afdb_Q5F676_v6	afdb_P15289_v6	2.401E-01	2.125E-01	2.430E-01	0.051	24
afdb_Q5F676_v6	afdb_P30850_v6	2.569E-01	1.926E-01	3.083E-01	0.057	25
afdb_Q5F676_v6	afdb_P10902_v6	2.412E-01	2.060E-01	2.767E-01	0.051	24
afdb_Q5F676_v6	afdb_P0A6T5_v6	1.697E-01	2.742E-01	3.059E-01	0.014	16
afdb_Q5U7L7_v6	afdb_P25910_v6	8.037E-01	8.552E-01	9.110E-01	0.984	80
afdb_Q5U7L7_v6	afdb_P04190_v6	7.801E-01	8.063E-01	9.198E-01	0.978	78
afdb_Q5U7L7_v6	afdb_P52700_v6	6.850E-01	6.331E-01	7.812E-01	0.912	68
afdb_Q5U7L7_v6	afdb_Q16775_v6	6.330E-01	5.562E-01	7.264E-01	0.837	63
afdb_Q5U7L7_v6	afdb_P53608_v6	4.127E-01	3.787E-01	4.652E-01	0.233	41
afdb_Q5U7L7_v6	afdb_P45478_v6	3.861E-01	3.479E-01	4.072E-01	0.179	38
afdb_Q5U7L7_v6	afdb_O59791_v6	3.881E-01	3.374E-01	4.198E-01	0.179	38
afdb_Q5U7L7_v6	afdb_P13717_v6	3.589E-01	3.589E-01	3.991E-01	0.138	35
afdb_Q5U7L7_v6	afdb_P05521_v6	3.679E-01	3.333E-01	4.198E-01	0.150	36
afdb_Q5U7L7_v6	afdb_Q9UMR5_v6	3.648E-01	3.330E-01	3.855E-01	0.150	36
afdb_Q5U7L7_v6	afdb_P00639_v6	3.549E-01	3.399E-01	4.009E-01	0.138	35
afdb_Q5U7L7_v6	afdb_P0A1E3_v6	3.736E-01	3.212E-01	4.315E-01	0.164	37
afdb_Q5U7L7_v6	afdb_P27170_v6	3.836E-01	3.108E-01	4.369E-01	0.179	38
afdb_Q5U7L7_v6	afdb_Q9FEW9_v6	3.987E-01	2.936E-01	4.373E-01	0.196	39
afdb_Q5U7L7_v6	afdb_Q6UV28_v6	2.755E-01	4.162E-01	4.233E-01	0.069	27
afdb_Q5U7L7_v6	afdb_P09030_v6	3.441E-01	3.422E-01	4.354E-01	0.126	34
afdb_Q5U7L7_v6	afdb_Q8RB32_v6	3.278E-01	3.490E-01	3.756E-01	0.106	32
afdb_Q5U7L7_v6	afdb_Q12178_v6	2.757E-01	3.971E-01	4.090E-01	0.069	27
afdb_Q5U7L7_v6	afdb_P0A6C1_v6	3.432E-01	3.282E-01	3.899E-01	0.126	34
afdb_Q5U7L7_v6	afdb_P83686_v6	3.374E-01	3.324E-01	3.937E-01	0.116	33
afdb_Q5U7L7_v6	afdb_O58727_v6	2.878E-01	3.809E-01	4.086E-01	0.076	28
afdb_Q5U7L7_v6	afdb_Q02899_v6	3.840E-01	2.818E-01	4.237E-01	0.179	38
afdb_Q5U7L7_v6	afdb_P96965_v6	3.322E-01	3.189E-01	3.983E-01	0.116	33
afdb_Q5U7L7_v6	afdb_Q00017_v6	3.168E-01	3.304E-01	3.567E-01	0.098	31
afdb_Q5U7L7_v6	afdb_Q75WN8_v6	3.315E-01	3.156E-01	4.008E-01	0.116	33
afdb_Q5U7L7_v6	afdb_P22266_v6	3.513E-01	2.902E-01	3.838E-01	0.138	35
afdb_Q5U7L7_v6	afdb_Q3HWU8_v6	3.226E-01	3.142E-01	3.853E-01	0.106	32
afdb_Q5U7L7_v6	afdb_P48534_v6	3.109E-01	3.241E-01	3.426E-01	0.098	31
afdb_Q5U7L7_v6	afdb_P00935_v6	3.612E-01	2.723E-01	4.219E-01	0.150	36
afdb_Q5U7L7_v6	afdb_P00777_v6	3.272E-01	3.010E-01	3.407E-01	0.106	32
afdb_Q5U7L7_v6	afdb_P83772_v6	3.113E-01	3.160E-01	3.627E-01	0.098	31
afdb_Q5U7L7_v6	afdb_P39377_v6	3.533E-01	2.686E-01	3.723E-01	0.138	35
afdb_Q5U7L7_v6	afdb_P04042_v6	3.395E-01	2.806E-01	3.951E-01	0.116	33
afdb_Q5U7L7_v6	afdb_Q58989_v6	2.835E-01	3.348E-01	3.469E-01	0.076	28
afdb_Q5U7L7_v6	afdb_Q9NPB1_v6	2.907E-01	3.268E-01	4.119E-01	0.082	29
afdb_Q5U7L7_v6	afdb_P06721_v6	3.496E-01	2.595E-01	4.084E-01	0.126	34
afdb_Q5U7L7_v6	afdb_Q9XBQ8_v6	3.524E-01	2.546E-01	3.983E-01	0.138	35
afdb_Q5U7L7_v6	afdb_P56218_v6	3.134E-01	2.907E-01	3.635E-01	0.098	31
afdb_Q5U7L7_v6	afdb_P35049_v6	2.951E-01	3.088E-01	3.350E-01	0.082	29
afdb_Q5U7L7_v6	afdb_P18314_v6	3.807E-01	2.207E-01	4.146E-01	0.179	38
afdb_Q5U7L7_v6	afdb_P0A9P4_v6	3.212E-01	2.798E-01	3.514E-01	0.106	32
afdb_Q5U7L7_v6	afdb_P05414_v6	3.342E-01	2.671E-01	3.747E-01	0.116	33
afdb_Q5U7L7_v6	afdb_P16932_v6	3.561E-01	2.423E-01	3.932E-01	0.138	35
afdb_Q5U7L7_v6	afdb_P08819_v6	3.555E-01	2.430E-01	3.978E-01	0.138	35
afdb_Q5U7L7_v6	afdb_P0A6G7_v6	2.705E-01	3.264E-01	4.448E-01	0.069	27
afdb_Q5U7L7_v6	afdb_P28796_v6	3.607E-01	2.345E-01	3.819E-01	0.150	36
afdb_Q5U7L7_v6	afdb_P56216_v6	3.779E-01	2.165E-01	4.086E-01	0.164	37
afdb_Q5U7L7_v6	afdb_Q6LZM9_v6	3.486E-01	2.409E-01	3.751E-01	0.126	34
afdb_Q5U7L7_v6	afdb_P22394_v6	3.741E-01	2.106E-01	4.386E-01	0.164	37
afdb_Q5U7L7_v6	afdb_P0A6T5_v6	2.738E-01	3.078E-01	3.310E-01	0.069	27
afdb_Q5U7L7_v6	afdb_P37062_v6	3.451E-01	2.360E-01	3.703E-01	0.126	34
afdb_Q5U7L7_v6	afdb_Q29460_v6	2.751E-01	3.002E-01	3.319E-01	0.069	27
afdb_Q5U7L7_v6	afdb_P00388_v6	3.848E-01	1.899E-01	4.262E-01	0.179	38
afdb_Q5U7L7_v6	afdb_P21836_v6	3.706E-01	2.000E-01	4.117E-01	0.164	37
afdb_Q5U7L7_v6	afdb_P00175_v6	3.632E-01	2.068E-01	3.748E-01	0.150	36
afdb_Q5U7L7_v6	afdb_P15289_v6	3.500E-01	2.207E-01	3.579E-01	0.126	34
afdb_Q5U7L7_v6	afdb_P24474_v6	3.580E-01	2.086E-01	3.815E-01	0.138	35
afdb_Q5U7L7_v6	afdb_P29183_v6	3.382E-01	2.269E-01	3.796E-01	0.116	33
afdb_Q5U7L7_v6	afdb_P83788_v6	3.290E-01	2.358E-01	3.616E-01	0.106	32
afdb_Q5U7L7_v6	afdb_P40859_v6	3.218E-01	2.425E-01	3.542E-01	0.106	32
afdb_Q5U7L7_v6	afdb_Q7SID9_v6	3.599E-01	2.035E-01	3.942E-01	0.138	35
afdb_Q5U7L7_v6	afdb_P27487_v6	3.906E-01	1.705E-01	4.334E-01	0.196	39
afdb_Q5U7L7_v6	afdb_Q9L9D7_v6	3.616E-01	1.987E-01	3.893E-01	0.150	36
afdb_Q5U7L7_v6	afdb_P16099_v6	3.793E-01	1.789E-01	4.102E-01	0.164	37
afdb_Q5U7L7_v6	afdb_P77444_v6	3.223E-01	2.337E-01	3.437E-01	0.106	32
afdb_Q5U7L7_v6	afdb_P08165_v6	3.413E-01	2.135E-01	3.956E-01	0.126	34
afdb_Q5U7L7_v6	afdb_P00766_v6	2.690E-01	2.844E-01	3.212E-01	0.063	26
afdb_Q5U7L7_v6	afdb_Q7ZAG8_v6	3.192E-01	2.334E-01	3.510E-01	0.098	31
afdb_Q5U7L7_v6	afdb_P19938_v6	2.793E-01	2.673E-01	3.233E-01	0.069	27
afdb_Q5U7L7_v6	afdb_P42593_v6	3.627E-01	1.811E-01	3.913E-01	0.150	36
afdb_Q5U7L7_v6	afdb_P03007_v6	2.625E-01	2.797E-01	3.703E-01	0.063	26
afdb_Q5U7L7_v6	afdb_Q6YBS3_v6	3.592E-01	1.804E-01	3.804E-01	0.138	35
afdb_Q5U7L7_v6	afdb_P21179_v6	3.725E-01	1.644E-01	3.790E-01	0.164	37
afdb_Q5U7L7_v6	afdb_P28305_v6	2.687E-01	2.665E-01	3.629E-01	0.063	26
afdb_Q5U7L7_v6	afdb_P00455_v6	2.939E-01	2.349E-01	3.118E-01	0.082	29
afdb_Q5U7L7_v6	afdb_Q00441_v6	3.016E-01	2.275E-01	3.351E-01	0.090	30
afdb_Q5U7L7_v6	afdb_P55038_v6	4.233E-01	1.026E-01	4.344E-01	0.254	42
afdb_Q5U7L7_v6	afdb_P09184_v6	2.109E-01	3.146E-01	4.083E-01	0.034	21
afdb_Q5U7L7_v6	afdb_P00800_v6	3.322E-01	1.930E-01	3.497E-01	0.116	33
afdb_Q5U7L7_v6	afdb_P22637_v6	3.307E-01	1.909E-01	3.632E-01	0.116	33
afdb_Q5U7L7_v6	afdb_P06621_v6	2.990E-01	2.205E-01	3.537E-01	0.082	29
afdb_Q5U7L7_v6	afdb_Q56839_v6	3.225E-01	1.960E-01	3.444E-01	0.106	32
afdb_Q5U7L7_v6	afdb_P09598_v6	2.645E-01	2.530E-01	3.180E-01	0.063	26
afdb_Q5U7L7_v6	afdb_Q06241_v6	2.346E-01	2.820E-01	2.951E-01	0.045	23
afdb_Q5U7L7_v6	afdb_P00392_v6	3.284E-01	1.880E-01	3.499E-01	0.106	32
afdb_Q5U7L7_v6	afdb_P00914_v6	3.115E-01	2.028E-01	3.594E-01	0.098	31
afdb_Q5U7L7_v6	afdb_P81054_v6	2.810E-01	2.327E-01	3.025E-01	0.076	28
afdb_Q5U7L7_v6	afdb_P0A6K3_v6	2.197E-01	2.916E-01	2.985E-01	0.034	21
afdb_Q5U7L7_v6	afdb_Q01693_v6	3.123E-01	1.968E-01	3.284E-01	0.098	31
afdb_Q5U7L7_v6	afdb_P00489_v6	3.594E-01	1.497E-01	3.757E-01	0.138	35
afdb_Q5U7L7_v6	afdb_P24630_v6	2.965E-01	2.099E-01	3.254E-01	0.082	29
afdb_Q5U7L7_v6	afdb_P46076_v6	2.764E-01	2.292E-01	3.095E-01	0.069	27
afdb_Q5U7L7_v6	afdb_Q945K2_v6	3.175E-01	1.857E-01	3.534E-01	0.098	31
afdb_Q5U7L7_v6	afdb_P12995_v6	2.929E-01	2.089E-01	3.192E-01	0.082	29
afdb_Q5U7L7_v6	afdb_P00644_v6	2.303E-01	2.530E-01	2.671E-01	0.040	22
afdb_Q5U7L7_v6	afdb_O33199_v6	2.142E-01	2.570E-01	3.158E-01	0.034	21
afdb_Q5U7L7_v6	afdb_P08148_v6	3.009E-01	1.652E-01	3.265E-01	0.090	30
afdb_Q5U7L7_v6	afdb_Q05755_v6	3.675E-01	9.209E-02	3.833E-01	0.150	36
afdb_Q5U7L7_v6	afdb_P14779_v6	3.423E-01	1.159E-01	3.787E-01	0.126	34
afdb_Q5U7L7_v6	afdb_Q28943_v6	3.285E-01	1.195E-01	3.701E-01	0.106	32
afdb_Q5U7L7_v6	afdb_O16025_v6	3.284E-01	1.076E-01	3.502E-01	0.106	32
afdb_Q5U7L7_v6	afdb_P00592_v6	1.719E-01	2.613E-01	2.786E-01	0.016	17
afdb_Q5U7L7_v6	afdb_P09883_v6	2.583E-01	1.477E-01	2.893E-01	0.057	25
afdb_Q5U7L7_v6	afdb_P12821_v6	2.934E-01	8.086E-02	2.967E-01	0.082	29
afdb_Q64669_v6	afdb_P37957_v6	3.997E-01	4.899E-01	5.515E-01	0.196	39
afdb_Q64669_v6	afdb_Q00017_v6	4.186E-01	4.478E-01	4.676E-01	0.233	41
afdb_Q64669_v6	afdb_P04042_v6	4.715E-01	3.866E-01	4.934E-01	0.382	47
afdb_Q64669_v6	afdb_Q29460_v6	3.982E-01	4.511E-01	5.471E-01	0.196	39
afdb_Q64669_v6	afdb_O58727_v6	3.306E-01	4.589E-01	4.608E-01	0.116	33
afdb_Q64669_v6	afdb_P22266_v6	4.239E-01	3.558E-01	4.989E-01	0.254	42
afdb_Q64669_v6	afdb_Q9UMR5_v6	4.033E-01	3.750E-01	4.794E-01	0.214	40
afdb_Q64669_v6	afdb_Q3HWU8_v6	3.898E-01	3.878E-01	4.678E-01	0.179	38
afdb_Q64669_v6	afdb_P83772_v6	3.772E-01	3.932E-01	4.478E-01	0.164	37
afdb_Q64669_v6	afdb_P37967_v6	4.687E-01	3.013E-01	4.867E-01	0.353	46
afdb_Q64669_v6	afdb_P96965_v6	3.835E-01	3.747E-01	4.618E-01	0.179	38
afdb_Q64669_v6	afdb_P45478_v6	3.930E-01	3.632E-01	4.630E-01	0.196	39
afdb_Q64669_v6	afdb_Q75WN8_v6	3.792E-01	3.675E-01	4.525E-01	0.164	37
afdb_Q64669_v6	afdb_P05521_v6	3.839E-01	3.541E-01	4.499E-01	0.179	38
afdb_Q64669_v6	afdb_P53608_v6	3.758E-01	3.511E-01	4.513E-01	0.164	37
afdb_Q64669_v6	afdb_P22394_v6	4.534E-01	2.632E-01	4.701E-01	0.326	45
afdb_Q64669_v6	afdb_P21836_v6	4.585E-01	2.449E-01	4.745E-01	0.326	45
afdb_Q64669_v6	afdb_Q58989_v6	3.131E-01	3.840E-01	3.854E-01	0.098	31
afdb_Q64669_v6	afdb_Q12178_v6	2.649E-01	3.950E-01	4.499E-01	0.063	26
afdb_Q64669_v6	afdb_P0A6T5_v6	3.067E-01	3.506E-01	3.512E-01	0.090	30
afdb_Q64669_v6	afdb_Q9L9D7_v6	4.136E-01	2.342E-01	4.234E-01	0.233	41
afdb_Q64669_v6	afdb_Q6YBS3_v6	4.236E-01	2.189E-01	4.279E-01	0.254	42
afdb_Q64669_v6	afdb_P0A6G7_v6	2.870E-01	3.519E-01	4.515E-01	0.076	28
afdb_Q64669_v6	afdb_P0CE47_v6	3.637E-01	2.744E-01	3.793E-01	0.150	36
afdb_Q64669_v6	afdb_P0A6C1_v6	3.231E-01	3.141E-01	3.616E-01	0.106	32
afdb_Q64669_v6	afdb_P03958_v6	3.462E-01	2.873E-01	4.013E-01	0.126	34
afdb_Q64669_v6	afdb_P16444_v6	3.633E-01	2.692E-01	3.701E-01	0.150	36
afdb_Q64669_v6	afdb_P29183_v6	3.762E-01	2.543E-01	3.792E-01	0.164	37
afdb_Q64669_v6	afdb_P00489_v6	4.551E-01	1.746E-01	5.411E-01	0.326	45
afdb_Q64669_v6	afdb_P05414_v6	3.409E-01	2.812E-01	3.484E-01	0.126	34
afdb_Q64669_v6	afdb_P00935_v6	3.473E-01	2.726E-01	3.499E-01	0.126	34
afdb_Q64669_v6	afdb_Q02899_v6	3.518E-01	2.670E-01	4.063E-01	0.138	35
afdb_Q64669_v6	afdb_P0A1E3_v6	3.267E-01	2.880E-01	4.154E-01	0.106	32
afdb_Q64669_v6	afdb_Q9FEW9_v6	3.462E-01	2.620E-01	3.481E-01	0.126	34
afdb_Q64669_v6	afdb_P39377_v6	3.439E-01	2.639E-01	4.020E-01	0.126	34
afdb_Q64669_v6	afdb_P25910_v6	2.917E-01	3.109E-01	3.504E-01	0.082	29
afdb_Q64669_v6	afdb_P0AB77_v6	3.412E-01	2.592E-01	3.514E-01	0.126	34
afdb_Q64669_v6	afdb_Q16775_v6	3.110E-01	2.877E-01	3.171E-01	0.098	31
afdb_Q64669_v6	afdb_P24630_v6	3.487E-01	2.497E-01	3.610E-01	0.126	34
afdb_Q64669_v6	afdb_P83686_v6	2.957E-01	2.972E-01	3.017E-01	0.082	29
afdb_Q64669_v6	afdb_Q8RB32_v6	2.838E-01	3.084E-01	3.414E-01	0.076	28
afdb_Q64669_v6	afdb_P03007_v6	2.815E-01	3.069E-01	3.819E-01	0.076	28
afdb_Q64669_v6	afdb_P06721_v6	3.318E-01	2.545E-01	3.318E-01	0.116	33
afdb_Q64669_v6	afdb_Q6LZM9_v6	3.408E-01	2.429E-01	3.510E-01	0.126	34
afdb_Q64669_v6	afdb_Q9XBQ8_v6	3.364E-01	2.436E-01	3.664E-01	0.116	33
afdb_Q64669_v6	afdb_P16932_v6	3.382E-01	2.408E-01	3.668E-01	0.116	33
afdb_Q64669_v6	afdb_P16099_v6	3.937E-01	1.826E-01	3.948E-01	0.196	39
afdb_Q64669_v6	afdb_P80324_v6	3.223E-01	2.537E-01	3.837E-01	0.106	32
afdb_Q64669_v6	afdb_F8W4B7_v6	4.310E-01	1.428E-01	4.457E-01	0.277	43
afdb_Q64669_v6	afdb_P0A6K3_v6	2.397E-01	3.329E-01	3.424E-01	0.045	23
afdb_Q64669_v6	afdb_P42593_v6	3.812E-01	1.894E-01	3.822E-01	0.179	38
afdb_Q64669_v6	afdb_P52700_v6	2.904E-01	2.797E-01	3.103E-01	0.082	29
afdb_Q64669_v6	afdb_P48534_v6	2.760E-01	2.940E-01	3.207E-01	0.069	27
afdb_Q64669_v6	afdb_P00860_v6	3.406E-01	2.290E-01	3.815E-01	0.126	34
afdb_Q64669_v6	afdb_P12995_v6	3.282E-01	2.426E-01	3.390E-01	0.106	32
afdb_Q64669_v6	afdb_P00396_v6	3.459E-01	2.218E-01	3.554E-01	0.126	34
afdb_Q64669_v6	afdb_P10902_v6	3.468E-01	2.152E-01	3.542E-01	0.126	34
afdb_Q64669_v6	afdb_P14779_v6	4.299E-01	1.291E-01	7.002E-01	0.254	42
afdb_Q64669_v6	afdb_P83788_v6	3.221E-01	2.297E-01	4.772E-01	0.106	32
afdb_Q64669_v6	afdb_P18314_v6	3.427E-01	2.046E-01	3.435E-01	0.126	34
afdb_Q64669_v6	afdb_Q9NPB1_v6	2.520E-01	2.857E-01	3.273E-01	0.057	25
afdb_Q64669_v6	afdb_Q7ZAG8_v6	3.074E-01	2.244E-01	3.675E-01	0.090	30
afdb_Q64669_v6	afdb_Q9AGP8_v6	3.728E-01	1.525E-01	3.748E-01	0.164	37
afdb_Q64669_v6	afdb_P27487_v6	3.621E-01	1.593E-01	4.253E-01	0.150	36
afdb_Q64669_v6	afdb_P28796_v6	3.109E-01	2.074E-01	3.696E-01	0.098	31
afdb_Q64669_v6	afdb_P00455_v6	2.880E-01	2.267E-01	4.390E-01	0.076	28
afdb_Q64669_v6	afdb_P37062_v6	2.994E-01	2.130E-01	3.111E-01	0.082	29
afdb_Q64669_v6	afdb_P19938_v6	2.545E-01	2.490E-01	2.615E-01	0.057	25
afdb_Q64669_v6	afdb_P08165_v6	3.089E-01	1.944E-01	3.638E-01	0.090	30
afdb_Q64669_v6	afdb_P09598_v6	2.529E-01	2.473E-01	3.051E-01	0.057	25
afdb_Q64669_v6	afdb_P00175_v6	3.160E-01	1.809E-01	3.358E-01	0.098	31
afdb_Q64669_v6	afdb_P40859_v6	2.762E-01	2.178E-01	2.851E-01	0.069	27
afdb_Q64669_v6	afdb_P00914_v6	2.930E-01	1.964E-01	3.001E-01	0.082	29
afdb_Q64669_v6	afdb_Q05755_v6	3.880E-01	9.836E-02	3.890E-01	0.179	38
afdb_Q64669_v6	afdb_P00392_v6	3.007E-01	1.852E-01	3.086E-01	0.090	30
afdb_Q64669_v6	afdb_P40881_v6	2.337E-01	2.502E-01	2.668E-01	0.045	23
afdb_Q64669_v6	afdb_P55038_v6	3.828E-01	9.811E-02	3.952E-01	0.179	38
afdb_Q64669_v6	afdb_Q05769_v6	3.011E-01	1.687E-01	3.151E-01	0.090	30
afdb_Q64669_v6	afdb_P0A9P4_v6	2.449E-01	2.195E-01	2.781E-01	0.051	24
afdb_Q64669_v6	afdb_P24474_v6	2.903E-01	1.722E-01	3.105E-01	0.082	29
afdb_Q64669_v6	afdb_Q56839_v6	2.829E-01	1.790E-01	2.846E-01	0.076	28
afdb_Q64669_v6	afdb_P00388_v6	2.981E-01	1.551E-01	3.079E-01	0.082	29
afdb_Q64669_v6	afdb_Q28943_v6	3.330E-01	1.145E-01	3.337E-01	0.116	33
afdb_Q64669_v6	afdb_P21179_v6	2.975E-01	1.442E-01	3.061E-01	0.082	29
afdb_Q64669_v6	afdb_O13297_v6	2.603E-01	1.581E-01	3.169E-01	0.063	26
afdb_Q64669_v6	afdb_P81054_v6	2.243E-01	1.911E-01	2.503E-01	0.040	22
afdb_Q64669_v6	afdb_P46076_v6	2.217E-01	1.875E-01	2.292E-01	0.040	22
afdb_Q64669_v6	afdb_P15917_v6	2.722E-01	1.155E-01	2.811E-01	0.069	27
afdb_Q70G58_v6	afdb_P0A9P4_v6	4.696E-01	7.238E-01	7.340E-01	0.353	46
afdb_Q70G58_v6	afdb_Q7ZAG8_v6	4.233E-01	5.198E-01	6.567E-01	0.254	42
afdb_Q70G58_v6	afdb_P37062_v6	4.224E-01	4.778E-01	6.566E-01	0.254	42
afdb_Q70G58_v6	afdb_P08165_v6	4.265E-01	4.435E-01	5.676E-01	0.254	42
afdb_Q70G58_v6	afdb_P00392_v6	4.375E-01	4.064E-01	6.621E-01	0.277	43
afdb_Q70G58_v6	afdb_Q56839_v6	4.225E-01	4.171E-01	6.475E-01	0.254	42
afdb_Q70G58_v6	afdb_P10902_v6	4.016E-01	3.850E-01	6.076E-01	0.214	40
afdb_Q70G58_v6	afdb_P40859_v6	3.371E-01	4.272E-01	5.141E-01	0.116	33
afdb_Q70G58_v6	afdb_Q28943_v6	4.899E-01	2.691E-01	4.981E-01	0.411	48
afdb_Q70G58_v6	afdb_P80324_v6	3.216E-01	4.265E-01	4.753E-01	0.106	32
afdb_Q70G58_v6	afdb_P22637_v6	3.800E-01	3.580E-01	5.752E-01	0.164	37
afdb_Q70G58_v6	afdb_Q945K2_v6	3.776E-01	3.500E-01	5.694E-01	0.164	37
afdb_Q70G58_v6	afdb_P42593_v6	3.780E-01	2.990E-01	5.050E-01	0.164	37
afdb_Q70G58_v6	afdb_P16099_v6	3.752E-01	2.754E-01	4.957E-01	0.164	37
afdb_Q70G58_v6	afdb_P22266_v6	2.557E-01	3.473E-01	3.692E-01	0.057	25
afdb_Q70G58_v6	afdb_Q9UMR5_v6	2.277E-01	3.437E-01	3.639E-01	0.040	22
afdb_Q70G58_v6	afdb_Q29460_v6	1.916E-01	3.730E-01	4.423E-01	0.024	19
afdb_Q70G58_v6	afdb_O59791_v6	2.276E-01	3.354E-01	4.067E-01	0.040	22
afdb_Q70G58_v6	afdb_Q58989_v6	1.835E-01	3.789E-01	3.802E-01	0.020	18
afdb_Q70G58_v6	afdb_Q3HWU8_v6	2.155E-01	3.463E-01	3.652E-01	0.034	21
afdb_Q70G58_v6	afdb_Q00017_v6	2.035E-01	3.563E-01	3.688E-01	0.029	20
afdb_Q70G58_v6	afdb_O58727_v6	1.689E-01	3.898E-01	3.913E-01	0.014	16
afdb_Q70G58_v6	afdb_P96965_v6	2.148E-01	3.417E-01	3.698E-01	0.034	21
afdb_Q70G58_v6	afdb_Q02899_v6	2.490E-01	3.013E-01	3.234E-01	0.051	24
afdb_Q70G58_v6	afdb_Q9NPB1_v6	1.867E-01	3.625E-01	4.000E-01	0.020	18
afdb_Q70G58_v6	afdb_Q9AGP8_v6	3.291E-01	2.189E-01	4.844E-01	0.106	32
afdb_Q70G58_v6	afdb_P24630_v6	2.563E-01	2.905E-01	3.552E-01	0.057	25
afdb_Q70G58_v6	afdb_P45478_v6	2.199E-01	3.253E-01	3.424E-01	0.034	21
afdb_Q70G58_v6	afdb_Q9FEW9_v6	2.388E-01	2.896E-01	3.052E-01	0.045	23
afdb_Q70G58_v6	afdb_P0A1E3_v6	2.143E-01	2.995E-01	3.280E-01	0.034	21
afdb_Q70G58_v6	afdb_P00639_v6	2.008E-01	3.123E-01	3.125E-01	0.029	20
afdb_Q70G58_v6	afdb_P0AB77_v6	2.320E-01	2.791E-01	3.743E-01	0.045	23
afdb_Q70G58_v6	afdb_P05521_v6	2.060E-01	3.042E-01	3.404E-01	0.029	20
afdb_Q70G58_v6	afdb_P21179_v6	2.911E-01	2.191E-01	2.976E-01	0.082	29
afdb_Q70G58_v6	afdb_Q75WN8_v6	2.011E-01	3.081E-01	3.235E-01	0.029	20
afdb_Q70G58_v6	afdb_P04190_v6	1.865E-01	3.190E-01	3.726E-01	0.020	18
afdb_Q70G58_v6	afdb_Q6LZM9_v6	2.381E-01	2.679E-01	3.329E-01	0.045	23
afdb_Q70G58_v6	afdb_P25910_v6	1.818E-01	3.187E-01	3.595E-01	0.020	18
afdb_Q70G58_v6	afdb_P08819_v6	2.360E-01	2.636E-01	3.465E-01	0.045	23
afdb_Q70G58_v6	afdb_P0A6C1_v6	1.951E-01	3.039E-01	3.102E-01	0.024	19
afdb_Q70G58_v6	afdb_P00860_v6	2.368E-01	2.578E-01	3.872E-01	0.045	23
afdb_Q70G58_v6	afdb_P53608_v6	1.954E-01	2.973E-01	3.241E-01	0.024	19
afdb_Q70G58_v6	afdb_P52700_v6	1.925E-01	2.980E-01	3.200E-01	0.024	19
afdb_Q70G58_v6	afdb_P00777_v6	1.978E-01	2.892E-01	3.012E-01	0.024	19
afdb_Q70G58_v6	afdb_P15289_v6	2.410E-01	2.433E-01	2.821E-01	0.051	24
afdb_Q70G58_v6	afdb_P05414_v6	2.130E-01	2.709E-01	3.149E-01	0.034	21
afdb_Q70G58_v6	afdb_P00489_v6	2.838E-01	1.973E-01	3.092E-01	0.076	28
afdb_Q70G58_v6	afdb_P37957_v6	1.560E-01	3.220E-01	4.711E-01	0.011	15
afdb_Q70G58_v6	afdb_O33199_v6	1.635E-01	3.143E-01	3.224E-01	0.014	16
afdb_Q70G58_v6	afdb_Q16775_v6	1.907E-01	2.870E-01	3.288E-01	0.024	19
afdb_Q70G58_v6	afdb_P06621_v6	2.201E-01	2.564E-01	2.976E-01	0.040	22
afdb_Q70G58_v6	afdb_P83686_v6	1.828E-01	2.931E-01	3.261E-01	0.020	18
afdb_Q70G58_v6	afdb_P03958_v6	2.003E-01	2.680E-01	2.874E-01	0.029	20
afdb_Q70G58_v6	afdb_P15917_v6	2.711E-01	1.948E-01	3.204E-01	0.069	27
afdb_Q70G58_v6	afdb_P06721_v6	2.084E-01	2.541E-01	3.585E-01	0.029	20
afdb_Q70G58_v6	afdb_P39377_v6	2.080E-01	2.543E-01	2.864E-01	0.029	20
afdb_Q70G58_v6	afdb_P28796_v6	2.205E-01	2.363E-01	2.951E-01	0.040	22
afdb_Q70G58_v6	afdb_F8W4B7_v6	2.908E-01	1.654E-01	2.990E-01	0.082	29
afdb_Q70G58_v6	afdb_P24474_v6	2.362E-01	2.197E-01	3.161E-01	0.045	23
afdb_Q70G58_v6	afdb_Q00441_v6	2.066E-01	2.473E-01	2.996E-01	0.029	20
afdb_Q70G58_v6	afdb_Q01693_v6	2.246E-01	2.278E-01	2.460E-01	0.040	22
afdb_Q70G58_v6	afdb_P09598_v6	1.733E-01	2.789E-01	2.806E-01	0.016	17
afdb_Q70G58_v6	afdb_P00935_v6	2.010E-01	2.503E-01	3.478E-01	0.029	20
afdb_Q70G58_v6	afdb_P00175_v6	2.372E-01	2.136E-01	2.972E-01	0.045	23
afdb_Q70G58_v6	afdb_P21836_v6	2.379E-01	2.086E-01	3.455E-01	0.045	23
afdb_Q70G58_v6	afdb_P00800_v6	2.273E-01	2.184E-01	2.999E-01	0.040	22
afdb_Q70G58_v6	afdb_P21327_v6	2.024E-01	2.423E-01	3.048E-01	0.029	20
afdb_Q70G58_v6	afdb_P0CE47_v6	2.002E-01	2.445E-01	3.189E-01	0.024	19
afdb_Q70G58_v6	afdb_P04042_v6	1.873E-01	2.575E-01	2.617E-01	0.020	18
afdb_Q70G58_v6	afdb_P83788_v6	2.058E-01	2.375E-01	2.768E-01	0.029	20
afdb_Q70G58_v6	afdb_P14779_v6	2.776E-01	1.624E-01	3.449E-01	0.069	27
afdb_Q70G58_v6	afdb_P00914_v6	2.128E-01	2.265E-01	2.417E-01	0.034	21
afdb_Q70G58_v6	afdb_P09883_v6	2.248E-01	2.060E-01	2.382E-01	0.040	22
afdb_Q70G58_v6	afdb_P00388_v6	2.359E-01	1.943E-01	2.417E-01	0.045	23
afdb_Q70G58_v6	afdb_Q7SID9_v6	2.213E-01	2.092E-01	2.578E-01	0.040	22
afdb_Q70G58_v6	afdb_Q9XBQ8_v6	1.963E-01	2.324E-01	3.767E-01	0.024	19
afdb_Q70G58_v6	afdb_P19938_v6	1.693E-01	2.564E-01	2.804E-01	0.014	16
afdb_Q70G58_v6	afdb_P81054_v6	1.832E-01	2.425E-01	2.636E-01	0.020	18
afdb_Q70G58_v6	afdb_P30850_v6	2.285E-01	1.944E-01	2.421E-01	0.040	22
afdb_Q70G58_v6	afdb_P08373_v6	1.808E-01	2.425E-01	2.533E-01	0.016	17
afdb_Q70G58_v6	afdb_P08148_v6	2.222E-01	2.001E-01	3.192E-01	0.040	22
afdb_Q70G58_v6	afdb_A0A0C6DRW4_v6	1.942E-01	2.252E-01	2.613E-01	0.024	19
afdb_Q70G58_v6	afdb_P12821_v6	2.813E-01	1.357E-01	2.902E-01	0.076	28
afdb_Q70G58_v6	afdb_P56218_v6	1.680E-01	2.473E-01	2.492E-01	0.014	16
afdb_Q70G58_v6	afdb_P28305_v6	1.588E-01	2.509E-01	2.681E-01	0.011	15
afdb_Q70G58_v6	afdb_P0A6T5_v6	1.427E-01	2.667E-01	3.294E-01	0.010	14
afdb_Q70G58_v6	afdb_P18314_v6	2.112E-01	1.982E-01	2.806E-01	0.034	21
afdb_Q70G58_v6	afdb_P00455_v6	1.770E-01	2.261E-01	2.669E-01	0.016	17
afdb_Q70G58_v6	afdb_P77444_v6	1.809E-01	2.153E-01	2.466E-01	0.020	18
afdb_Q70G58_v6	afdb_P29183_v6	1.902E-01	2.056E-01	2.762E-01	0.020	18
afdb_Q70G58_v6	afdb_P43099_v6	2.212E-01	1.728E-01	2.867E-01	0.040	22
afdb_Q70G58_v6	afdb_P23295_v6	1.800E-01	2.132E-01	2.417E-01	0.016	17
afdb_Q70G58_v6	afdb_O13297_v6	2.009E-01	1.924E-01	2.577E-01	0.029	20
afdb_Q70G58_v6	afdb_P27487_v6	2.238E-01	1.676E-01	2.271E-01	0.040	22
afdb_Q70G58_v6	afdb_Q6YBS3_v6	2.100E-01	1.808E-01	2.681E-01	0.034	21
afdb_Q70G58_v6	afdb_Q05755_v6	2.698E-01	1.170E-01	2.767E-01	0.063	26
afdb_Q70G58_v6	afdb_Q6UV28_v6	1.124E-01	2.741E-01	3.029E-01	0.007	11
afdb_Q70G58_v6	afdb_P00644_v6	1.387E-01	2.456E-01	2.463E-01	0.009	13
afdb_Q70G58_v6	afdb_P55038_v6	2.615E-01	1.119E-01	2.791E-01	0.063	26
afdb_Q831B2_v6	afdb_P37957_v6	4.619E-01	4.552E-01	5.357E-01	0.353	46
afdb_Q831B2_v6	afdb_Q29460_v6	4.645E-01	4.292E-01	5.262E-01	0.353	46
afdb_Q831B2_v6	afdb_Q00017_v6	4.769E-01	4.162E-01	4.779E-01	0.382	47
afdb_Q831B2_v6	afdb_O58727_v6	4.083E-01	4.537E-01	4.573E-01	0.214	40
afdb_Q831B2_v6	afdb_P22266_v6	4.959E-01	3.364E-01	4.976E-01	0.442	49
afdb_Q831B2_v6	afdb_Q3HWU8_v6	4.538E-01	3.631E-01	4.555E-01	0.326	45
afdb_Q831B2_v6	afdb_P83772_v6	4.414E-01	3.743E-01	4.429E-01	0.301	44
afdb_Q831B2_v6	afdb_Q9UMR5_v6	4.614E-01	3.498E-01	4.629E-01	0.353	46
afdb_Q831B2_v6	afdb_P45478_v6	4.583E-01	3.455E-01	4.599E-01	0.326	45
afdb_Q831B2_v6	afdb_Q75WN8_v6	4.458E-01	3.557E-01	4.472E-01	0.301	44
afdb_Q831B2_v6	afdb_P96965_v6	4.443E-01	3.539E-01	4.458E-01	0.301	44
afdb_Q831B2_v6	afdb_P53608_v6	4.439E-01	3.358E-01	4.455E-01	0.301	44
afdb_Q831B2_v6	afdb_P0CE47_v6	4.905E-01	2.889E-01	5.396E-01	0.442	49
afdb_Q831B2_v6	afdb_P09030_v6	4.134E-01	3.477E-01	4.147E-01	0.233	41
afdb_Q831B2_v6	afdb_P37967_v6	5.007E-01	2.596E-01	5.023E-01	0.473	50
afdb_Q831B2_v6	afdb_P05521_v6	4.274E-01	3.216E-01	4.289E-01	0.254	42
afdb_Q831B2_v6	afdb_P00388_v6	5.419E-01	1.893E-01	7.065E-01	0.601	54
afdb_Q831B2_v6	afdb_Q12178_v6	3.284E-01	4.001E-01	4.348E-01	0.106	32
afdb_Q831B2_v6	afdb_P22394_v6	4.968E-01	2.270E-01	4.985E-01	0.442	49
afdb_Q831B2_v6	afdb_P30122_v6	4.871E-01	2.177E-01	4.887E-01	0.411	48
afdb_Q831B2_v6	afdb_P04042_v6	4.246E-01	2.800E-01	6.099E-01	0.254	42
afdb_Q831B2_v6	afdb_P29183_v6	4.467E-01	2.401E-01	4.480E-01	0.301	44
afdb_Q831B2_v6	afdb_Q9L9D7_v6	4.755E-01	2.093E-01	4.772E-01	0.382	47
afdb_Q831B2_v6	afdb_P0A6C1_v6	3.813E-01	3.019E-01	4.231E-01	0.179	38
afdb_Q831B2_v6	afdb_Q8RB32_v6	3.587E-01	3.228E-01	3.657E-01	0.138	35
afdb_Q831B2_v6	afdb_P0A1E3_v6	3.918E-01	2.790E-01	3.989E-01	0.196	39
afdb_Q831B2_v6	afdb_P06721_v6	4.220E-01	2.482E-01	5.728E-01	0.254	42
afdb_Q831B2_v6	afdb_P16444_v6	4.151E-01	2.534E-01	4.236E-01	0.233	41
afdb_Q831B2_v6	afdb_Q6YBS3_v6	4.733E-01	1.948E-01	4.747E-01	0.382	47
afdb_Q831B2_v6	afdb_P03958_v6	3.884E-01	2.700E-01	3.896E-01	0.179	38
afdb_Q831B2_v6	afdb_O59791_v6	3.826E-01	2.743E-01	4.203E-01	0.179	38
afdb_Q831B2_v6	afdb_P00935_v6	4.069E-01	2.468E-01	5.497E-01	0.214	40
afdb_Q831B2_v6	afdb_Q9FEW9_v6	4.019E-01	2.497E-01	4.112E-01	0.214	40
afdb_Q831B2_v6	afdb_P0A6G7_v6	3.248E-01	3.259E-01	3.379E-01	0.106	32
afdb_Q831B2_v6	afdb_P16932_v6	4.132E-01	2.374E-01	4.306E-01	0.233	41
afdb_Q831B2_v6	afdb_P71119_v6	3.264E-01	3.191E-01	3.413E-01	0.106	32
afdb_Q831B2_v6	afdb_P77444_v6	4.075E-01	2.371E-01	5.483E-01	0.214	40
afdb_Q831B2_v6	afdb_P0AB77_v6	4.005E-01	2.412E-01	5.186E-01	0.214	40
afdb_Q831B2_v6	afdb_P12995_v6	4.014E-01	2.358E-01	4.306E-01	0.214	40
afdb_Q831B2_v6	afdb_P0A9P4_v6	3.719E-01	2.628E-01	3.733E-01	0.164	37
afdb_Q831B2_v6	afdb_Q6LZM9_v6	3.992E-01	2.297E-01	4.645E-01	0.196	39
afdb_Q831B2_v6	afdb_Q6UV28_v6	2.735E-01	3.466E-01	4.239E-01	0.069	27
afdb_Q831B2_v6	afdb_P00860_v6	4.006E-01	2.177E-01	4.469E-01	0.214	40
afdb_Q831B2_v6	afdb_P00396_v6	4.109E-01	2.068E-01	4.178E-01	0.233	41
afdb_Q831B2_v6	afdb_P18314_v6	4.137E-01	1.980E-01	4.205E-01	0.233	41
afdb_Q831B2_v6	afdb_P08165_v6	4.115E-01	1.986E-01	4.131E-01	0.233	41
afdb_Q831B2_v6	afdb_P80324_v6	3.628E-01	2.343E-01	3.641E-01	0.150	36
afdb_Q831B2_v6	afdb_Q16775_v6	3.372E-01	2.582E-01	3.425E-01	0.116	33
afdb_Q831B2_v6	afdb_P40859_v6	3.619E-01	2.335E-01	3.718E-01	0.150	36
afdb_Q831B2_v6	afdb_P00914_v6	3.926E-01	2.014E-01	4.511E-01	0.196	39
afdb_Q831B2_v6	afdb_P05414_v6	3.557E-01	2.349E-01	3.710E-01	0.138	35
afdb_Q831B2_v6	afdb_P0A6T5_v6	3.016E-01	2.891E-01	3.146E-01	0.090	30
afdb_Q831B2_v6	afdb_P42593_v6	4.215E-01	1.661E-01	4.614E-01	0.254	42
afdb_Q831B2_v6	afdb_P27487_v6	4.384E-01	1.485E-01	4.400E-01	0.277	43
afdb_Q831B2_v6	afdb_P25910_v6	3.103E-01	2.750E-01	3.267E-01	0.098	31
afdb_Q831B2_v6	afdb_P16099_v6	4.218E-01	1.559E-01	4.610E-01	0.254	42
afdb_Q831B2_v6	afdb_P28796_v6	3.695E-01	2.017E-01	3.851E-01	0.150	36
afdb_Q831B2_v6	afdb_F8W4B7_v6	4.489E-01	1.168E-01	4.505E-01	0.301	44
afdb_Q831B2_v6	afdb_Q7ZAG8_v6	3.380E-01	2.101E-01	3.423E-01	0.116	33
afdb_Q831B2_v6	afdb_P00175_v6	3.776E-01	1.622E-01	3.929E-01	0.164	37
afdb_Q831B2_v6	afdb_Q00441_v6	3.319E-01	2.057E-01	3.785E-01	0.116	33
afdb_Q831B2_v6	afdb_Q01693_v6	3.483E-01	1.865E-01	3.790E-01	0.126	34
afdb_Q831B2_v6	afdb_P10902_v6	3.529E-01	1.760E-01	3.581E-01	0.138	35
afdb_Q831B2_v6	afdb_P19938_v6	2.904E-01	2.362E-01	2.914E-01	0.082	29
afdb_Q831B2_v6	afdb_P00392_v6	3.591E-01	1.603E-01	3.765E-01	0.138	35
afdb_Q831B2_v6	afdb_P83788_v6	3.251E-01	1.942E-01	3.410E-01	0.106	32
afdb_Q831B2_v6	afdb_Q9NPB1_v6	2.642E-01	2.483E-01	3.187E-01	0.063	26
afdb_Q831B2_v6	afdb_P00800_v6	3.457E-01	1.653E-01	3.515E-01	0.126	34
afdb_Q831B2_v6	afdb_P21327_v6	3.116E-01	1.929E-01	3.127E-01	0.098	31
afdb_Q831B2_v6	afdb_P48534_v6	2.646E-01	2.333E-01	3.191E-01	0.063	26
afdb_Q831B2_v6	afdb_P81054_v6	2.899E-01	2.033E-01	3.229E-01	0.076	28
afdb_Q831B2_v6	afdb_P21179_v6	3.565E-01	1.377E-01	3.678E-01	0.138	35
afdb_Q831B2_v6	afdb_Q28943_v6	3.798E-01	1.111E-01	3.808E-01	0.164	37
afdb_Q831B2_v6	afdb_P08148_v6	3.313E-01	1.525E-01	3.334E-01	0.116	33
afdb_Q831B2_v6	afdb_Q9AGP8_v6	3.582E-01	1.195E-01	4.100E-01	0.138	35
afdb_Q831B2_v6	afdb_A0A0C6DRW4_v6	2.907E-01	1.820E-01	3.003E-01	0.082	29
afdb_Q831B2_v6	afdb_P40881_v6	2.484E-01	2.203E-01	2.592E-01	0.051	24
afdb_Q831B2_v6	afdb_P55038_v6	3.894E-01	7.915E-02	3.906E-01	0.179	38
afdb_Q831B2_v6	afdb_Q05755_v6	3.890E-01	7.916E-02	4.019E-01	0.179	38
afdb_Q831B2_v6	afdb_P14779_v6	3.648E-01	9.468E-02	4.609E-01	0.150	36
afdb_Q831B2_v6	afdb_P46076_v6	2.720E-01	1.856E-01	3.233E-01	0.069	27
afdb_Q831B2_v6	afdb_Q56839_v6	2.982E-01	1.578E-01	3.201E-01	0.082	29
afdb_Q831B2_v6	afdb_P37062_v6	2.894E-01	1.661E-01	3.083E-01	0.076	28
afdb_Q831B2_v6	afdb_P12821_v6	3.388E-01	8.167E-02	3.636E-01	0.116	33
afdb_D0VWY5_v6	afdb_P00392_v6	8.989E-01	7.479E-01	9.236E-01	0.996	89
afdb_D0VWY5_v6	afdb_Q56839_v6	8.642E-01	7.715E-01	8.892E-01	0.993	86
afdb_D0VWY5_v6	afdb_P37062_v6	7.678E-01	7.929E-01	7.946E-01	0.971	76
afdb_D0VWY5_v6	afdb_Q7ZAG8_v6	6.126E-01	6.853E-01	7.236E-01	0.795	61
afdb_D0VWY5_v6	afdb_P0A9P4_v6	5.351E-01	7.473E-01	7.711E-01	0.569	53
afdb_D0VWY5_v6	afdb_P08165_v6	5.048E-01	4.781E-01	6.873E-01	0.473	50
afdb_D0VWY5_v6	afdb_P42593_v6	4.730E-01	3.358E-01	7.022E-01	0.382	47
afdb_D0VWY5_v6	afdb_P16099_v6	4.694E-01	3.121E-01	6.301E-01	0.353	46
afdb_D0VWY5_v6	afdb_Q28943_v6	5.233E-01	2.540E-01	5.540E-01	0.537	52
afdb_D0VWY5_v6	afdb_P22637_v6	4.105E-01	3.539E-01	5.415E-01	0.233	41
afdb_D0VWY5_v6	afdb_P40859_v6	3.505E-01	4.015E-01	4.503E-01	0.126	34
afdb_D0VWY5_v6	afdb_P10902_v6	3.981E-01	3.503E-01	3.986E-01	0.196	39
afdb_D0VWY5_v6	afdb_Q945K2_v6	4.024E-01	3.419E-01	5.271E-01	0.214	40
afdb_D0VWY5_v6	afdb_Q9AGP8_v6	4.329E-01	2.732E-01	4.481E-01	0.277	43
afdb_D0VWY5_v6	afdb_P80324_v6	3.142E-01	3.753E-01	4.122E-01	0.098	31
afdb_D0VWY5_v6	afdb_P0A1E3_v6	2.824E-01	3.757E-01	3.784E-01	0.076	28
afdb_D0VWY5_v6	afdb_Q02899_v6	3.010E-01	3.371E-01	3.632E-01	0.090	30
afdb_D0VWY5_v6	afdb_O59791_v6	2.707E-01	3.618E-01	3.680E-01	0.069	27
afdb_D0VWY5_v6	afdb_P00396_v6	3.256E-01	3.026E-01	3.487E-01	0.106	32
afdb_D0VWY5_v6	afdb_P15289_v6	3.218E-01	3.010E-01	3.434E-01	0.106	32
afdb_D0VWY5_v6	afdb_Q6LZM9_v6	2.923E-01	3.048E-01	3.052E-01	0.082	29
afdb_D0VWY5_v6	afdb_P00914_v6	3.002E-01	2.963E-01	3.025E-01	0.090	30
afdb_D0VWY5_v6	afdb_P28796_v6	2.987E-01	2.969E-01	3.342E-01	0.082	29
afdb_D0VWY5_v6	afdb_Q6YBS3_v6	3.337E-01	2.605E-01	3.354E-01	0.116	33
afdb_D0VWY5_v6	afdb_Q9L9D7_v6	3.196E-01	2.729E-01	3.347E-01	0.098	31
afdb_D0VWY5_v6	afdb_P0AB77_v6	2.790E-01	3.091E-01	3.386E-01	0.069	27
afdb_D0VWY5_v6	afdb_P06721_v6	2.753E-01	3.094E-01	3.140E-01	0.069	27
afdb_D0VWY5_v6	afdb_Q58989_v6	2.090E-01	3.751E-01	3.779E-01	0.029	20
afdb_D0VWY5_v6	afdb_P25910_v6	2.263E-01	3.543E-01	3.657E-01	0.040	22
afdb_D0VWY5_v6	afdb_P77444_v6	2.765E-01	3.041E-01	3.224E-01	0.069	27
afdb_D0VWY5_v6	afdb_P00935_v6	2.716E-01	3.093E-01	3.144E-01	0.069	27
afdb_D0VWY5_v6	afdb_P08373_v6	2.566E-01	3.202E-01	3.367E-01	0.057	25
afdb_D0VWY5_v6	afdb_P04042_v6	2.574E-01	3.180E-01	3.235E-01	0.057	25
afdb_D0VWY5_v6	afdb_P52700_v6	2.401E-01	3.358E-01	3.763E-01	0.045	23
afdb_D0VWY5_v6	afdb_P16932_v6	2.804E-01	2.942E-01	3.213E-01	0.076	28
afdb_D0VWY5_v6	afdb_P00489_v6	3.489E-01	2.236E-01	3.520E-01	0.126	34
afdb_D0VWY5_v6	afdb_P27170_v6	2.564E-01	3.095E-01	3.434E-01	0.057	25
afdb_D0VWY5_v6	afdb_P0CE47_v6	2.659E-01	2.987E-01	3.047E-01	0.063	26
afdb_D0VWY5_v6	afdb_Q3HWU8_v6	2.317E-01	3.330E-01	3.438E-01	0.045	23
afdb_D0VWY5_v6	afdb_Q12178_v6	1.673E-01	3.942E-01	4.519E-01	0.014	16
afdb_D0VWY5_v6	afdb_Q29460_v6	2.051E-01	3.542E-01	4.203E-01	0.029	20
afdb_D0VWY5_v6	afdb_P16444_v6	2.670E-01	2.912E-01	3.579E-01	0.063	26
afdb_D0VWY5_v6	afdb_P83788_v6	2.685E-01	2.888E-01	3.101E-01	0.063	26
afdb_D0VWY5_v6	afdb_O58727_v6	1.711E-01	3.829E-01	4.978E-01	0.016	17
afdb_D0VWY5_v6	afdb_P83772_v6	2.157E-01	3.360E-01	3.393E-01	0.034	21
afdb_D0VWY5_v6	afdb_Q75WN8_v6	2.272E-01	3.212E-01	3.372E-01	0.040	22
afdb_D0VWY5_v6	afdb_P05521_v6	2.329E-01	3.110E-01	3.374E-01	0.045	23
afdb_D0VWY5_v6	afdb_P22266_v6	2.428E-01	3.002E-01	3.550E-01	0.051	24
afdb_D0VWY5_v6	afdb_P00777_v6	2.280E-01	3.131E-01	3.447E-01	0.040	22
afdb_D0VWY5_v6	afdb_A0A0C6DRW4_v6	2.588E-01	2.786E-01	2.973E-01	0.057	25
afdb_D0VWY5_v6	afdb_Q00017_v6	2.077E-01	3.237E-01	3.285E-01	0.029	20
afdb_D0VWY5_v6	afdb_P28305_v6	2.123E-01	3.144E-01	3.183E-01	0.034	21
afdb_D0VWY5_v6	afdb_P00175_v6	2.865E-01	2.395E-01	3.592E-01	0.076	28
afdb_D0VWY5_v6	afdb_Q00441_v6	2.497E-01	2.749E-01	2.755E-01	0.051	24
afdb_D0VWY5_v6	afdb_P53608_v6	2.168E-01	3.076E-01	3.343E-01	0.034	21
afdb_D0VWY5_v6	afdb_P83686_v6	2.036E-01	3.147E-01	3.478E-01	0.029	20
afdb_D0VWY5_v6	afdb_P00388_v6	2.926E-01	2.245E-01	3.125E-01	0.082	29
afdb_D0VWY5_v6	afdb_P55038_v6	3.712E-01	1.439E-01	3.783E-01	0.164	37
afdb_D0VWY5_v6	afdb_P00800_v6	2.695E-01	2.393E-01	2.976E-01	0.063	26
afdb_D0VWY5_v6	afdb_P21327_v6	2.412E-01	2.672E-01	2.803E-01	0.051	24
afdb_D0VWY5_v6	afdb_P04190_v6	1.982E-01	3.061E-01	3.567E-01	0.024	19
afdb_D0VWY5_v6	afdb_P21836_v6	2.769E-01	2.237E-01	2.922E-01	0.069	27
afdb_D0VWY5_v6	afdb_Q01693_v6	2.580E-01	2.426E-01	2.616E-01	0.057	25
afdb_D0VWY5_v6	afdb_P18314_v6	2.683E-01	2.317E-01	2.704E-01	0.063	26
afdb_D0VWY5_v6	afdb_P08148_v6	2.733E-01	2.261E-01	2.801E-01	0.069	27
afdb_D0VWY5_v6	afdb_Q8RB32_v6	1.973E-01	3.018E-01	3.261E-01	0.024	19
afdb_D0VWY5_v6	afdb_P19938_v6	2.042E-01	2.924E-01	2.975E-01	0.029	20
afdb_D0VWY5_v6	afdb_P03958_v6	2.245E-01	2.717E-01	2.881E-01	0.040	22
afdb_D0VWY5_v6	afdb_P24474_v6	2.645E-01	2.285E-01	3.049E-01	0.063	26
afdb_D0VWY5_v6	afdb_P0A6C1_v6	2.050E-01	2.886E-01	3.086E-01	0.029	20
afdb_D0VWY5_v6	afdb_Q16775_v6	2.083E-01	2.839E-01	3.385E-01	0.029	20
afdb_D0VWY5_v6	afdb_P00766_v6	1.900E-01	3.010E-01	3.249E-01	0.020	18
afdb_D0VWY5_v6	afdb_P05414_v6	2.264E-01	2.633E-01	3.067E-01	0.040	22
afdb_D0VWY5_v6	afdb_P09184_v6	1.523E-01	3.343E-01	3.368E-01	0.011	15
afdb_D0VWY5_v6	afdb_Q9XBQ8_v6	2.348E-01	2.519E-01	2.728E-01	0.045	23
afdb_D0VWY5_v6	afdb_P00644_v6	1.824E-01	3.032E-01	3.085E-01	0.020	18
afdb_D0VWY5_v6	afdb_Q9UMR5_v6	2.071E-01	2.783E-01	3.001E-01	0.029	20
afdb_D0VWY5_v6	afdb_P00860_v6	2.410E-01	2.418E-01	2.462E-01	0.051	24
afdb_D0VWY5_v6	afdb_Q9FEW9_v6	2.288E-01	2.547E-01	2.930E-01	0.040	22
afdb_D0VWY5_v6	afdb_P39377_v6	2.231E-01	2.545E-01	3.088E-01	0.040	22
afdb_D0VWY5_v6	afdb_P05725_v6	1.528E-01	3.230E-01	3.301E-01	0.011	15
afdb_D0VWY5_v6	afdb_P30850_v6	2.667E-01	2.094E-01	2.755E-01	0.063	26
afdb_D0VWY5_v6	afdb_Q05755_v6	3.373E-01	1.383E-01	3.437E-01	0.116	33
afdb_D0VWY5_v6	afdb_P00592_v6	1.397E-01	3.334E-01	3.444E-01	0.009	13
afdb_D0VWY5_v6	afdb_O16025_v6	3.091E-01	1.616E-01	3.265E-01	0.090	30
afdb_D0VWY5_v6	afdb_P81054_v6	2.085E-01	2.559E-01	2.629E-01	0.029	20
afdb_D0VWY5_v6	afdb_P00639_v6	1.881E-01	2.665E-01	2.787E-01	0.020	18
afdb_D0VWY5_v6	afdb_P0A6K3_v6	1.471E-01	2.969E-01	2.980E-01	0.010	14
afdb_D0VWY5_v6	afdb_F8W4B7_v6	2.918E-01	1.521E-01	3.143E-01	0.082	29
afdb_D0VWY5_v6	afdb_P21179_v6	2.597E-01	1.823E-01	2.617E-01	0.057	25
afdb_D0VWY5_v6	afdb_Q7SID9_v6	2.357E-01	2.049E-01	2.608E-01	0.045	23
afdb_D0VWY5_v6	afdb_P35049_v6	1.719E-01	2.629E-01	2.764E-01	0.016	17
afdb_D0VWY5_v6	afdb_P14779_v6	2.831E-01	1.501E-01	2.985E-01	0.076	28
afdb_D0VWY5_v6	afdb_P12821_v6	2.928E-01	1.325E-01	2.937E-01	0.082	29
afdb_D0VWY5_v6	afdb_O13297_v6	2.251E-01	1.980E-01	2.636E-01	0.040	22
afdb_D0VWY5_v6	afdb_P00918_v6	1.615E-01	2.471E-01	2.477E-01	0.014	16
afdb_O14672_v6	afdb_P08148_v6	2.674E-01	3.162E-01	3.691E-01	0.063	26
afdb_O14672_v6	afdb_P42593_v6	2.741E-01	2.965E-01	3.246E-01	0.069	27
afdb_O14672_v6	afdb_P83788_v6	2.172E-01	3.442E-01	3.579E-01	0.034	21
afdb_O14672_v6	afdb_P27487_v6	2.806E-01	2.765E-01	3.118E-01	0.076	28
afdb_O14672_v6	afdb_P16099_v6	2.754E-01	2.804E-01	3.270E-01	0.069	27
afdb_O14672_v6	afdb_P04042_v6	2.031E-01	3.524E-01	3.627E-01	0.029	20
afdb_O14672_v6	afdb_P37957_v6	1.441E-01	4.008E-01	4.502E-01	0.010	14
afdb_O14672_v6	afdb_A0A0C6DRW4_v6	2.131E-01	3.279E-01	3.538E-01	0.034	21
afdb_O14672_v6	afdb_P56216_v6	2.418E-01	2.992E-01	2.996E-01	0.051	24
afdb_O14672_v6	afdb_Q00017_v6	1.565E-01	3.816E-01	4.260E-01	0.011	15
afdb_O14672_v6	afdb_P21179_v6	2.649E-01	2.636E-01	2.841E-01	0.063	26
afdb_O14672_v6	afdb_P77444_v6	2.043E-01	3.203E-01	3.276E-01	0.029	20
afdb_O14672_v6	afdb_Q05755_v6	3.275E-01	1.880E-01	3.493E-01	0.106	32
afdb_O14672_v6	afdb_P55038_v6	3.251E-01	1.860E-01	3.554E-01	0.106	32
afdb_O14672_v6	afdb_Q29460_v6	1.449E-01	3.644E-01	3.857E-01	0.010	14
afdb_O14672_v6	afdb_Q01693_v6	2.186E-01	2.906E-01	3.087E-01	0.034	21
afdb_O14672_v6	afdb_Q02899_v6	1.937E-01	3.144E-01	3.149E-01	0.024	19
afdb_O14672_v6	afdb_Q7SID9_v6	2.259E-01	2.813E-01	2.920E-01	0.040	22
afdb_O14672_v6	afdb_P96965_v6	1.634E-01	3.437E-01	3.497E-01	0.014	16
afdb_O14672_v6	afdb_P0AB77_v6	1.952E-01	3.088E-01	3.335E-01	0.024	19
afdb_O14672_v6	afdb_P03958_v6	1.798E-01	3.180E-01	3.379E-01	0.016	17
afdb_O14672_v6	afdb_P12995_v6	1.987E-01	2.991E-01	3.158E-01	0.024	19
afdb_O14672_v6	afdb_P00392_v6	2.228E-01	2.752E-01	3.056E-01	0.040	22
afdb_O14672_v6	afdb_P83772_v6	1.525E-01	3.440E-01	3.450E-01	0.011	15
afdb_O14672_v6	afdb_P16932_v6	1.980E-01	2.974E-01	3.144E-01	0.024	19
afdb_O14672_v6	afdb_P08165_v6	2.086E-01	2.857E-01	3.188E-01	0.029	20
afdb_O14672_v6	afdb_P15289_v6	2.101E-01	2.825E-01	3.244E-01	0.029	20
afdb_O14672_v6	afdb_O58727_v6	1.242E-01	3.680E-01	3.721E-01	0.008	12
afdb_O14672_v6	afdb_P24630_v6	1.980E-01	2.948E-01	2.995E-01	0.024	19
afdb_O14672_v6	afdb_P56218_v6	1.631E-01	3.279E-01	3.571E-01	0.014	16
afdb_O14672_v6	afdb_P81054_v6	1.705E-01	3.186E-01	4.003E-01	0.016	17
afdb_O14672_v6	afdb_P05414_v6	1.796E-01	3.076E-01	3.232E-01	0.016	17
afdb_O14672_v6	afdb_P83686_v6	1.530E-01	3.333E-01	3.618E-01	0.011	15
afdb_O14672_v6	afdb_Q56839_v6	2.116E-01	2.748E-01	2.922E-01	0.034	21
afdb_O14672_v6	afdb_Q6YBS3_v6	2.292E-01	2.570E-01	2.747E-01	0.040	22
afdb_O14672_v6	afdb_P00860_v6	2.007E-01	2.838E-01	3.085E-01	0.029	20
afdb_O14672_v6	afdb_P00935_v6	1.822E-01	3.023E-01	3.043E-01	0.020	18
afdb_O14672_v6	afdb_P16444_v6	1.890E-01	2.910E-01	3.193E-01	0.020	18
afdb_O14672_v6	afdb_P23295_v6	1.848E-01	2.927E-01	3.010E-01	0.020	18
afdb_O14672_v6	afdb_P39377_v6	1.825E-01	2.950E-01	3.159E-01	0.020	18
afdb_O14672_v6	afdb_P06621_v6	1.862E-01	2.901E-01	3.100E-01	0.020	18
afdb_O14672_v6	afdb_P80324_v6	1.781E-01	2.982E-01	3.021E-01	0.016	17
afdb_O14672_v6	afdb_P04190_v6	1.465E-01	3.239E-01	3.589E-01	0.010	14
afdb_O14672_v6	afdb_Q6LZM9_v6	1.893E-01	2.809E-01	3.319E-01	0.020	18
afdb_O14672_v6	afdb_P53608_v6	1.559E-01	3.145E-01	3.740E-01	0.011	15
afdb_O14672_v6	afdb_Q00441_v6	1.838E-01	2.842E-01	2.934E-01	0.020	18
afdb_O14672_v6	afdb_P06721_v6	1.760E-01	2.912E-01	3.009E-01	0.016	17
afdb_O14672_v6	afdb_Q28943_v6	2.597E-01	2.046E-01	2.813E-01	0.057	25
afdb_O14672_v6	afdb_P27170_v6	1.698E-01	2.943E-01	2.983E-01	0.014	16
afdb_O14672_v6	afdb_P00918_v6	1.480E-01	3.152E-01	3.225E-01	0.010	14
afdb_O14672_v6	afdb_P30850_v6	2.173E-01	2.425E-01	2.663E-01	0.034	21
afdb_O14672_v6	afdb_Q75WN8_v6	1.533E-01	3.049E-01	3.131E-01	0.011	15
afdb_O14672_v6	afdb_P29183_v6	1.892E-01	2.683E-01	2.970E-01	0.020	18
afdb_O14672_v6	afdb_P00800_v6	2.016E-01	2.535E-01	2.601E-01	0.029	20
afdb_O14672_v6	afdb_P00914_v6	1.892E-01	2.653E-01	2.872E-01	0.020	18
afdb_O14672_v6	afdb_Q9FEW9_v6	1.756E-01	2.775E-01	3.023E-01	0.016	17
afdb_O14672_v6	afdb_P0A6G7_v6	1.238E-01	3.264E-01	3.306E-01	0.008	12
afdb_O14672_v6	afdb_F8W4B7_v6	2.556E-01	1.937E-01	2.696E-01	0.057	25
afdb_O14672_v6	afdb_Q05769_v6	2.077E-01	2.421E-01	2.815E-01	0.029	20
afdb_O14672_v6	afdb_Q7ZAG8_v6	1.747E-01	2.733E-01	2.844E-01	0.016	17
afdb_O14672_v6	afdb_O16025_v6	2.525E-01	1.941E-01	2.784E-01	0.057	25
afdb_O14672_v6	afdb_P0A9P4_v6	1.549E-01	2.859E-01	2.936E-01	0.011	15
afdb_O14672_v6	afdb_Q9UMR5_v6	1.434E-01	2.971E-01	3.507E-01	0.010	14
afdb_O14672_v6	afdb_P08819_v6	1.790E-01	2.618E-01	2.672E-01	0.016	17
afdb_O14672_v6	afdb_P13717_v6	1.384E-01	3.002E-01	3.145E-01	0.009	13
afdb_O14672_v6	afdb_P40859_v6	1.678E-01	2.700E-01	2.842E-01	0.014	16
afdb_O14672_v6	afdb_P22266_v6	1.559E-01	2.817E-01	3.626E-01	0.011	15
afdb_O14672_v6	afdb_P21327_v6	1.675E-01	2.665E-01	2.832E-01	0.014	16
afdb_O14672_v6	afdb_P0CE47_v6	1.674E-01	2.674E-01	2.705E-01	0.014	16
afdb_O14672_v6	afdb_P45478_v6	1.474E-01	2.856E-01	3.250E-01	0.010	14
afdb_O14672_v6	afdb_P46076_v6	1.558E-01	2.747E-01	2.934E-01	0.011	15
afdb_O14672_v6	afdb_P14779_v6	2.419E-01	1.883E-01	2.999E-01	0.051	24
afdb_O14672_v6	afdb_P0A6K3_v6	1.054E-01	3.219E-01	3.294E-01	0.000	10
afdb_O14672_v6	afdb_P30122_v6	1.969E-01	2.309E-01	2.773E-01	0.024	19
afdb_O14672_v6	afdb_Q9AGP8_v6	2.205E-01	2.043E-01	2.659E-01	0.040	22
afdb_O14672_v6	afdb_P00644_v6	1.234E-01	3.009E-01	3.378E-01	0.008	12
afdb_O14672_v6	afdb_Q945K2_v6	1.886E-01	2.318E-01	2.527E-01	0.020	18
afdb_O14672_v6	afdb_P05725_v6	1.034E-01	3.125E-01	3.412E-01	0.000	10
afdb_O14672_v6	afdb_P00455_v6	1.509E-01	2.585E-01	2.888E-01	0.011	15
afdb_O14672_v6	afdb_P12821_v6	2.302E-01	1.493E-01	2.881E-01	0.045	23
afdb_O52582_v6	afdb_P37062_v6	9.217E-01	9.041E-01	9.257E-01	0.997	92
afdb_O52582_v6	afdb_P00392_v6	8.137E-01	6.490E-01	8.170E-01	0.986	81
afdb_O52582_v6	afdb_Q56839_v6	7.558E-01	6.473E-01	7.573E-01	0.967	75
afdb_O52582_v6	afdb_Q7ZAG8_v6	6.512E-01	6.918E-01	7.360E-01	0.872	65
afdb_O52582_v6	afdb_P0A9P4_v6	5.609E-01	7.446E-01	7.728E-01	0.663	56
afdb_O52582_v6	afdb_P08165_v6	5.083E-01	4.604E-01	6.689E-01	0.473	50
afdb_O52582_v6	afdb_P42593_v6	4.769E-01	3.250E-01	6.650E-01	0.382	47
afdb_O52582_v6	afdb_Q28943_v6	5.412E-01	2.516E-01	5.670E-01	0.601	54
afdb_O52582_v6	afdb_P10902_v6	4.302E-01	3.588E-01	5.241E-01	0.277	43
afdb_O52582_v6	afdb_P16099_v6	4.781E-01	3.054E-01	6.078E-01	0.382	47
afdb_O52582_v6	afdb_P22637_v6	4.146E-01	3.404E-01	5.442E-01	0.233	41
afdb_O52582_v6	afdb_P40859_v6	3.600E-01	3.953E-01	4.637E-01	0.138	35
afdb_O52582_v6	afdb_Q945K2_v6	4.007E-01	3.249E-01	5.256E-01	0.214	40
afdb_O52582_v6	afdb_Q9AGP8_v6	4.452E-01	2.643E-01	4.532E-01	0.301	44
afdb_O52582_v6	afdb_P0A1E3_v6	3.051E-01	3.896E-01	3.964E-01	0.090	30
afdb_O52582_v6	afdb_O59791_v6	3.023E-01	3.855E-01	3.925E-01	0.090	30
afdb_O52582_v6	afdb_Q6LZM9_v6	3.306E-01	3.317E-01	3.472E-01	0.116	33
afdb_O52582_v6	afdb_P28796_v6	3.288E-01	3.141E-01	3.412E-01	0.106	32
afdb_O52582_v6	afdb_P77444_v6	3.105E-01	3.282E-01	3.481E-01	0.098	31
afdb_O52582_v6	afdb_P12995_v6	3.145E-01	3.188E-01	3.490E-01	0.098	31
afdb_O52582_v6	afdb_P06721_v6	3.046E-01	3.274E-01	3.335E-01	0.090	30
afdb_O52582_v6	afdb_P0AB77_v6	3.028E-01	3.246E-01	3.589E-01	0.090	30
afdb_O52582_v6	afdb_Q9L9D7_v6	3.423E-01	2.807E-01	3.729E-01	0.126	34
afdb_O52582_v6	afdb_O58727_v6	2.008E-01	4.208E-01	5.519E-01	0.029	20
afdb_O52582_v6	afdb_Q58989_v6	2.142E-01	3.966E-01	4.043E-01	0.034	21
afdb_O52582_v6	afdb_P00489_v6	3.784E-01	2.325E-01	3.790E-01	0.164	37
afdb_O52582_v6	afdb_Q6YBS3_v6	3.469E-01	2.619E-01	3.480E-01	0.126	34
afdb_O52582_v6	afdb_P00935_v6	2.885E-01	3.153E-01	3.220E-01	0.076	28
afdb_O52582_v6	afdb_Q12178_v6	1.842E-01	4.085E-01	4.620E-01	0.020	18
afdb_O52582_v6	afdb_P16932_v6	2.951E-01	2.976E-01	3.415E-01	0.082	29
afdb_O52582_v6	afdb_Q00017_v6	2.293E-01	3.537E-01	3.718E-01	0.040	22
afdb_O52582_v6	afdb_P22266_v6	2.634E-01	3.176E-01	3.512E-01	0.063	26
afdb_O52582_v6	afdb_P0CE47_v6	2.787E-01	3.003E-01	3.014E-01	0.069	27
afdb_O52582_v6	afdb_P00914_v6	2.963E-01	2.818E-01	3.121E-01	0.082	29
afdb_O52582_v6	afdb_P08373_v6	2.628E-01	3.120E-01	3.272E-01	0.063	26
afdb_O52582_v6	afdb_P83686_v6	2.376E-01	3.337E-01	3.401E-01	0.045	23
afdb_O52582_v6	afdb_P25910_v6	2.264E-01	3.413E-01	3.581E-01	0.040	22
afdb_O52582_v6	afdb_P29183_v6	2.878E-01	2.776E-01	3.177E-01	0.076	28
afdb_O52582_v6	afdb_P24630_v6	2.815E-01	2.838E-01	2.931E-01	0.076	28
afdb_O52582_v6	afdb_P96965_v6	2.364E-01	3.255E-01	3.456E-01	0.045	23
afdb_O52582_v6	afdb_Q02899_v6	2.722E-01	2.904E-01	3.593E-01	0.069	27
afdb_O52582_v6	afdb_P16444_v6	2.735E-01	2.863E-01	3.503E-01	0.069	27
afdb_O52582_v6	afdb_P05521_v6	2.423E-01	3.135E-01	3.630E-01	0.051	24
afdb_O52582_v6	afdb_P08819_v6	2.783E-01	2.758E-01	2.832E-01	0.069	27
afdb_O52582_v6	afdb_P08148_v6	3.063E-01	2.420E-01	3.227E-01	0.090	30
afdb_O52582_v6	afdb_Q9UMR5_v6	2.337E-01	3.101E-01	3.761E-01	0.045	23
afdb_O52582_v6	afdb_P19938_v6	2.274E-01	3.163E-01	3.501E-01	0.040	22
afdb_O52582_v6	afdb_Q9NPB1_v6	2.020E-01	3.395E-01	3.842E-01	0.029	20
afdb_O52582_v6	afdb_P04190_v6	2.164E-01	3.242E-01	4.092E-01	0.034	21
afdb_O52582_v6	afdb_Q75WN8_v6	2.273E-01	3.108E-01	3.276E-01	0.040	22
afdb_O52582_v6	afdb_P23295_v6	2.615E-01	2.761E-01	2.767E-01	0.063	26
afdb_O52582_v6	afdb_P00639_v6	2.238E-01	3.113E-01	3.407E-01	0.040	22
afdb_O52582_v6	afdb_P00777_v6	2.316E-01	3.043E-01	3.525E-01	0.040	22
afdb_O52582_v6	afdb_P00388_v6	3.094E-01	2.235E-01	3.289E-01	0.090	30
afdb_O52582_v6	afdb_P21327_v6	2.565E-01	2.722E-01	2.916E-01	0.057	25
afdb_O52582_v6	afdb_Q16775_v6	2.309E-01	2.958E-01	3.281E-01	0.045	23
afdb_O52582_v6	afdb_Q7SID9_v6	2.819E-01	2.352E-01	3.400E-01	0.076	28
afdb_O52582_v6	afdb_P00175_v6	2.866E-01	2.289E-01	2.965E-01	0.076	28
afdb_O52582_v6	afdb_Q05755_v6	3.688E-01	1.444E-01	3.721E-01	0.150	36
afdb_O52582_v6	afdb_P03958_v6	2.385E-01	2.747E-01	2.837E-01	0.045	23
afdb_O52582_v6	afdb_P53608_v6	2.221E-01	2.899E-01	3.335E-01	0.040	22
afdb_O52582_v6	afdb_P00860_v6	2.598E-01	2.503E-01	2.830E-01	0.057	25
afdb_O52582_v6	afdb_Q29460_v6	1.942E-01	3.164E-01	3.595E-01	0.024	19
afdb_O52582_v6	afdb_Q01693_v6	2.670E-01	2.418E-01	2.726E-01	0.063	26
afdb_O52582_v6	afdb_P0A6K3_v6	1.669E-01	3.414E-01	3.427E-01	0.014	16
afdb_O52582_v6	afdb_P27170_v6	2.360E-01	2.711E-01	2.992E-01	0.045	23
afdb_O52582_v6	afdb_P83772_v6	2.074E-01	2.997E-01	3.028E-01	0.029	20
afdb_O52582_v6	afdb_P45478_v6	2.217E-01	2.832E-01	3.018E-01	0.040	22
afdb_O52582_v6	afdb_P24474_v6	2.760E-01	2.287E-01	3.081E-01	0.069	27
afdb_O52582_v6	afdb_Q9FEW9_v6	2.446E-01	2.604E-01	3.002E-01	0.051	24
afdb_O52582_v6	afdb_P0A6T5_v6	1.900E-01	3.134E-01	3.144E-01	0.020	18
afdb_O52582_v6	afdb_O16025_v6	3.343E-01	1.663E-01	3.461E-01	0.116	33
afdb_O52582_v6	afdb_Q3HWU8_v6	2.063E-01	2.911E-01	3.225E-01	0.029	20
afdb_O52582_v6	afdb_P05414_v6	2.303E-01	2.627E-01	4.165E-01	0.040	22
afdb_O52582_v6	afdb_Q8RB32_v6	1.943E-01	2.957E-01	3.007E-01	0.024	19
afdb_O52582_v6	afdb_P0A6C1_v6	2.060E-01	2.808E-01	3.012E-01	0.029	20
afdb_O52582_v6	afdb_P14779_v6	3.230E-01	1.635E-01	3.327E-01	0.106	32
afdb_O52582_v6	afdb_P04042_v6	2.239E-01	2.619E-01	2.941E-01	0.040	22
afdb_O52582_v6	afdb_O33199_v6	1.794E-01	3.002E-01	3.087E-01	0.016	17
afdb_O52582_v6	afdb_P00766_v6	1.897E-01	2.893E-01	3.199E-01	0.020	18
afdb_O52582_v6	afdb_P05725_v6	1.553E-01	3.199E-01	3.288E-01	0.011	15
afdb_O52582_v6	afdb_P0A6G7_v6	1.769E-01	2.974E-01	3.150E-01	0.016	17
afdb_O52582_v6	afdb_P39377_v6	2.244E-01	2.434E-01	2.781E-01	0.040	22
afdb_O52582_v6	afdb_P30850_v6	2.627E-01	2.028E-01	2.714E-01	0.063	26
afdb_O52582_v6	afdb_P18314_v6	2.546E-01	2.110E-01	2.909E-01	0.057	25
afdb_O52582_v6	afdb_P09184_v6	1.440E-01	3.181E-01	3.462E-01	0.010	14
afdb_O52582_v6	afdb_P46076_v6	2.121E-01	2.477E-01	2.578E-01	0.034	21
afdb_O52582_v6	afdb_P81054_v6	2.062E-01	2.443E-01	2.581E-01	0.029	20
afdb_O52582_v6	afdb_P00644_v6	1.731E-01	2.696E-01	2.765E-01	0.016	17
afdb_O52582_v6	afdb_Q9XBQ8_v6	2.150E-01	2.226E-01	2.867E-01	0.034	21
afdb_O52582_v6	afdb_P55038_v6	3.189E-01	1.184E-01	3.271E-01	0.098	31
afdb_O52582_v6	afdb_F8W4B7_v6	2.883E-01	1.479E-01	3.121E-01	0.076	28
afdb_O52582_v6	afdb_P09883_v6	2.357E-01	1.910E-01	2.449E-01	0.045	23
afdb_O52582_v6	afdb_O13297_v6	2.164E-01	1.824E-01	2.455E-01	0.034	21
afdb_O75844_v6	afdb_P08473_v6	3.867E-01	2.661E-01	4.214E-01	0.179	38
afdb_O75844_v6	afdb_P53608_v6	2.472E-01	3.522E-01	3.667E-01	0.051	24
afdb_O75844_v6	afdb_P46076_v6	2.638E-01	3.317E-01	3.417E-01	0.063	26
afdb_O75844_v6	afdb_P09598_v6	2.408E-01	3.526E-01	3.834E-01	0.051	24
afdb_O75844_v6	afdb_P00800_v6	3.114E-01	2.793E-01	3.932E-01	0.098	31
afdb_O75844_v6	afdb_P81054_v6	2.479E-01	3.161E-01	3.361E-01	0.051	24
afdb_O75844_v6	afdb_P16444_v6	2.675E-01	2.970E-01	3.558E-01	0.063	26
afdb_O75844_v6	afdb_Q00441_v6	2.649E-01	2.960E-01	3.264E-01	0.063	26
afdb_O75844_v6	afdb_Q6LZM9_v6	2.692E-01	2.879E-01	3.069E-01	0.063	26
afdb_O75844_v6	afdb_P00396_v6	2.819E-01	2.669E-01	2.996E-01	0.076	28
afdb_O75844_v6	afdb_P00489_v6	3.322E-01	2.121E-01	3.428E-01	0.116	33
afdb_O75844_v6	afdb_Q05755_v6	3.815E-01	1.539E-01	3.837E-01	0.179	38
afdb_O75844_v6	afdb_P05414_v6	2.418E-01	2.885E-01	2.995E-01	0.051	24
afdb_O75844_v6	afdb_Q05769_v6	2.883E-01	2.411E-01	3.084E-01	0.076	28
afdb_O75844_v6	afdb_P00175_v6	2.822E-01	2.414E-01	2.847E-01	0.076	28
afdb_O75844_v6	afdb_Q00017_v6	1.969E-01	3.139E-01	3.266E-01	0.024	19
afdb_O75844_v6	afdb_P0A1E3_v6	2.209E-01	2.891E-01	3.089E-01	0.034	21
afdb_O75844_v6	afdb_P30850_v6	2.803E-01	2.251E-01	2.826E-01	0.076	28
afdb_O75844_v6	afdb_O16025_v6	3.313E-01	1.739E-01	3.416E-01	0.116	33
afdb_O75844_v6	afdb_Q50925_v6	2.689E-01	2.353E-01	2.743E-01	0.063	26
afdb_O75844_v6	afdb_P15917_v6	3.010E-01	2.004E-01	3.069E-01	0.090	30
afdb_O75844_v6	afdb_P12821_v6	3.466E-01	1.543E-01	3.788E-01	0.126	34
afdb_O75844_v6	afdb_A0A0C6DRW4_v6	2.387E-01	2.611E-01	3.027E-01	0.045	23
afdb_O75844_v6	afdb_P00766_v6	1.866E-01	3.068E-01	3.086E-01	0.020	18
afdb_O75844_v6	afdb_P71119_v6	1.796E-01	3.128E-01	3.226E-01	0.016	17
afdb_O75844_v6	afdb_P0CE47_v6	2.275E-01	2.592E-01	2.744E-01	0.040	22
afdb_O75844_v6	afdb_Q6UV28_v6	1.333E-01	3.324E-01	4.198E-01	0.009	13
afdb_O75844_v6	afdb_P16099_v6	2.652E-01	1.948E-01	2.780E-01	0.063	26
afdb_O75844_v6	afdb_P55038_v6	3.132E-01	1.232E-01	3.335E-01	0.098	31
afdb_O95831_v6	afdb_P37062_v6	5.989E-01	8.043E-01	8.214E-01	0.747	59
afdb_O95831_v6	afdb_P0A9P4_v6	4.312E-01	7.861E-01	8.068E-01	0.277	43
afdb_O95831_v6	afdb_Q56839_v6	5.591E-01	6.421E-01	6.602E-01	0.632	55
afdb_O95831_v6	afdb_Q7ZAG8_v6	4.912E-01	7.021E-01	7.036E-01	0.442	49
afdb_O95831_v6	afdb_P00392_v6	5.680E-01	6.154E-01	6.777E-01	0.663	56
afdb_O95831_v6	afdb_P08165_v6	4.077E-01	4.937E-01	5.635E-01	0.214	40
afdb_O95831_v6	afdb_P42593_v6	3.934E-01	3.621E-01	5.116E-01	0.196	39
afdb_O95831_v6	afdb_P16099_v6	4.028E-01	3.456E-01	4.201E-01	0.214	40
afdb_O95831_v6	afdb_Q28943_v6	4.319E-01	2.708E-01	4.863E-01	0.277	43
afdb_O95831_v6	afdb_P40859_v6	2.834E-01	4.180E-01	4.535E-01	0.076	28
afdb_O95831_v6	afdb_P10902_v6	3.227E-01	3.600E-01	4.227E-01	0.106	32
afdb_O95831_v6	afdb_P22637_v6	3.227E-01	3.529E-01	5.160E-01	0.106	32
afdb_O95831_v6	afdb_Q945K2_v6	3.104E-01	3.327E-01	4.520E-01	0.098	31
afdb_O95831_v6	afdb_P0A1E3_v6	2.407E-01	4.010E-01	4.166E-01	0.051	24
afdb_O95831_v6	afdb_O59791_v6	2.355E-01	4.015E-01	4.082E-01	0.045	23
afdb_O95831_v6	afdb_P80324_v6	2.469E-01	3.798E-01	4.020E-01	0.051	24
afdb_O95831_v6	afdb_P05521_v6	2.215E-01	3.812E-01	3.984E-01	0.040	22
afdb_O95831_v6	afdb_Q9AGP8_v6	3.381E-01	2.646E-01	4.064E-01	0.116	33
afdb_O95831_v6	afdb_P00935_v6	2.460E-01	3.455E-01	3.557E-01	0.051	24
afdb_O95831_v6	afdb_P06721_v6	2.486E-01	3.423E-01	3.526E-01	0.051	24
afdb_O95831_v6	afdb_P77444_v6	2.486E-01	3.408E-01	3.664E-01	0.051	24
afdb_O95831_v6	afdb_P83788_v6	2.484E-01	3.363E-01	3.381E-01	0.051	24
afdb_O95831_v6	afdb_Q6LZM9_v6	2.545E-01	3.259E-01	3.364E-01	0.057	25
afdb_O95831_v6	afdb_Q3HWU8_v6	2.031E-01	3.760E-01	3.770E-01	0.029	20
afdb_O95831_v6	afdb_O58727_v6	1.505E-01	4.249E-01	5.581E-01	0.011	15
afdb_O95831_v6	afdb_Q02899_v6	2.400E-01	3.349E-01	3.597E-01	0.045	23
afdb_O95831_v6	afdb_Q6YBS3_v6	2.914E-01	2.836E-01	3.357E-01	0.082	29
afdb_O95831_v6	afdb_Q9L9D7_v6	2.795E-01	2.928E-01	3.170E-01	0.069	27
afdb_O95831_v6	afdb_P29183_v6	2.537E-01	3.137E-01	3.412E-01	0.057	25
afdb_O95831_v6	afdb_P12995_v6	2.490E-01	3.199E-01	3.401E-01	0.051	24
afdb_O95831_v6	afdb_P0AB77_v6	2.397E-01	3.280E-01	3.364E-01	0.045	23
afdb_O95831_v6	afdb_P08819_v6	2.460E-01	3.115E-01	3.146E-01	0.051	24
afdb_O95831_v6	afdb_Q9FEW9_v6	2.327E-01	3.245E-01	3.453E-01	0.045	23
afdb_O95831_v6	afdb_Q12178_v6	1.432E-01	4.138E-01	4.697E-01	0.010	14
afdb_O95831_v6	afdb_P28796_v6	2.515E-01	3.053E-01	3.057E-01	0.057	25
afdb_O95831_v6	afdb_P30850_v6	2.816E-01	2.721E-01	2.897E-01	0.076	28
afdb_O95831_v6	afdb_P15289_v6	2.566E-01	2.952E-01	3.633E-01	0.057	25
afdb_O95831_v6	afdb_P16932_v6	2.414E-01	3.092E-01	3.249E-01	0.051	24
afdb_O95831_v6	afdb_P27170_v6	2.206E-01	3.297E-01	3.670E-01	0.034	21
afdb_O95831_v6	afdb_P52700_v6	2.001E-01	3.487E-01	3.888E-01	0.024	19
afdb_O95831_v6	afdb_Q29460_v6	1.699E-01	3.720E-01	4.100E-01	0.014	16
afdb_O95831_v6	afdb_P25910_v6	1.834E-01	3.549E-01	3.639E-01	0.020	18
afdb_O95831_v6	afdb_Q75WN8_v6	1.935E-01	3.394E-01	3.402E-01	0.024	19
afdb_O95831_v6	afdb_P05414_v6	2.199E-01	3.128E-01	3.350E-01	0.034	21
afdb_O95831_v6	afdb_P96965_v6	1.890E-01	3.417E-01	3.531E-01	0.020	18
afdb_O95831_v6	afdb_P45478_v6	1.958E-01	3.318E-01	3.531E-01	0.024	19
afdb_O95831_v6	afdb_P00489_v6	2.924E-01	2.308E-01	3.316E-01	0.082	29
afdb_O95831_v6	afdb_P0A6G7_v6	1.573E-01	3.642E-01	3.987E-01	0.011	15
afdb_O95831_v6	afdb_P24474_v6	2.534E-01	2.676E-01	2.834E-01	0.057	25
afdb_O95831_v6	afdb_P00639_v6	1.875E-01	3.330E-01	3.347E-01	0.020	18
afdb_O95831_v6	afdb_P00800_v6	2.491E-01	2.687E-01	2.777E-01	0.051	24
afdb_O95831_v6	afdb_P04190_v6	1.780E-01	3.390E-01	3.583E-01	0.016	17
afdb_O95831_v6	afdb_P83686_v6	1.733E-01	3.430E-01	4.364E-01	0.016	17
afdb_O95831_v6	afdb_P53608_v6	1.871E-01	3.294E-01	3.902E-01	0.020	18
afdb_O95831_v6	afdb_Q58989_v6	1.525E-01	3.554E-01	3.624E-01	0.011	15
afdb_O95831_v6	afdb_P21327_v6	2.163E-01	2.910E-01	3.011E-01	0.034	21
afdb_O95831_v6	afdb_Q9XBQ8_v6	2.174E-01	2.883E-01	2.998E-01	0.034	21
afdb_O95831_v6	afdb_P37957_v6	1.478E-01	3.578E-01	4.281E-01	0.010	14
afdb_O95831_v6	afdb_P0A6T5_v6	1.636E-01	3.427E-01	3.445E-01	0.014	16
afdb_O95831_v6	afdb_P19938_v6	1.819E-01	3.223E-01	3.312E-01	0.020	18
afdb_O95831_v6	afdb_P28305_v6	1.801E-01	3.241E-01	3.301E-01	0.016	17
afdb_O95831_v6	afdb_P03958_v6	2.037E-01	2.998E-01	3.003E-01	0.029	20
afdb_O95831_v6	afdb_P08373_v6	1.970E-01	3.045E-01	3.289E-01	0.024	19
afdb_O95831_v6	afdb_P06621_v6	2.158E-01	2.848E-01	2.991E-01	0.034	21
afdb_O95831_v6	afdb_P22266_v6	1.986E-01	3.024E-01	3.342E-01	0.024	19
afdb_O95831_v6	afdb_P00175_v6	2.462E-01	2.529E-01	2.732E-01	0.051	24
afdb_O95831_v6	afdb_P00388_v6	2.577E-01	2.403E-01	2.595E-01	0.057	25
afdb_O95831_v6	afdb_Q9NPB1_v6	1.597E-01	3.381E-01	3.971E-01	0.011	15
afdb_O95831_v6	afdb_P27487_v6	2.673E-01	2.274E-01	2.962E-01	0.063	26
afdb_O95831_v6	afdb_P09184_v6	1.279E-01	3.668E-01	3.698E-01	0.008	12
afdb_O95831_v6	afdb_Q8RB32_v6	1.630E-01	3.251E-01	3.416E-01	0.014	16
afdb_O95831_v6	afdb_Q7SID9_v6	2.355E-01	2.504E-01	2.711E-01	0.045	23
afdb_O95831_v6	afdb_P15917_v6	2.665E-01	2.141E-01	2.844E-01	0.063	26
afdb_O95831_v6	afdb_P55038_v6	3.223E-01	1.548E-01	3.620E-01	0.106	32
afdb_O95831_v6	afdb_P00860_v6	2.140E-01	2.624E-01	2.644E-01	0.034	21
afdb_O95831_v6	afdb_F8W4B7_v6	2.883E-01	1.881E-01	2.937E-01	0.076	28
afdb_O95831_v6	afdb_P14779_v6	2.863E-01	1.899E-01	3.184E-01	0.076	28
afdb_O95831_v6	afdb_Q05755_v6	3.152E-01	1.557E-01	3.469E-01	0.098	31
afdb_O95831_v6	afdb_Q9UMR5_v6	1.738E-01	2.923E-01	3.593E-01	0.016	17
afdb_O95831_v6	afdb_P21179_v6	2.498E-01	2.154E-01	2.725E-01	0.051	24
afdb_O95831_v6	afdb_Q00017_v6	1.594E-01	3.042E-01	3.114E-01	0.011	15
afdb_O95831_v6	afdb_Q01693_v6	2.158E-01	2.478E-01	2.517E-01	0.034	21
afdb_O95831_v6	afdb_P08148_v6	2.297E-01	2.323E-01	2.605E-01	0.040	22
afdb_O95831_v6	afdb_P00766_v6	1.523E-01	3.071E-01	3.290E-01	0.011	15
afdb_O95831_v6	afdb_P18314_v6	2.227E-01	2.355E-01	2.462E-01	0.040	22
afdb_O95831_v6	afdb_Q06241_v6	1.389E-01	3.113E-01	3.334E-01	0.009	13
afdb_O95831_v6	afdb_P04042_v6	1.806E-01	2.687E-01	2.817E-01	0.020	18
afdb_O95831_v6	afdb_P83772_v6	1.553E-01	2.937E-01	3.014E-01	0.011	15
afdb_O95831_v6	afdb_P08473_v6	2.391E-01	2.061E-01	2.546E-01	0.045	23
afdb_O95831_v6	afdb_P09598_v6	1.651E-01	2.808E-01	2.940E-01	0.014	16
afdb_O95831_v6	afdb_P0A6C1_v6	1.612E-01	2.780E-01	2.891E-01	0.014	16
afdb_O95831_v6	afdb_Q6UV28_v6	1.063E-01	3.298E-01	3.544E-01	0.000	10
afdb_O95831_v6	afdb_P09883_v6	2.131E-01	2.213E-01	2.331E-01	0.034	21
afdb_O95831_v6	afdb_P39377_v6	1.827E-01	2.497E-01	2.581E-01	0.020	18
afdb_O95831_v6	afdb_P0A6K3_v6	1.188E-01	2.978E-01	3.031E-01	0.007	11
afdb_O95831_v6	afdb_O13297_v6	1.783E-01	1.929E-01	2.111E-01	0.016	17
afdb_P02144_v6	afdb_Q6UV28_v6	3.424E-01	3.491E-01	4.411E-01	0.126	34
afdb_P02144_v6	afdb_P0A6T5_v6	3.861E-01	2.906E-01	4.301E-01	0.179	38
afdb_P02144_v6	afdb_P22266_v6	4.402E-01	2.344E-01	4.891E-01	0.301	44
afdb_P02144_v6	afdb_Q29460_v6	3.827E-01	2.857E-01	4.265E-01	0.179	38
afdb_P02144_v6	afdb_Q3HWU8_v6	3.945E-01	2.546E-01	4.665E-01	0.196	39
afdb_P02144_v6	afdb_P53608_v6	4.018E-01	2.469E-01	4.588E-01	0.214	40
afdb_P02144_v6	afdb_P09598_v6	3.987E-01	2.483E-01	4.581E-01	0.196	39
afdb_P02144_v6	afdb_P48534_v6	3.782E-01	2.684E-01	4.001E-01	0.164	37
afdb_P02144_v6	afdb_Q12178_v6	3.260E-01	3.199E-01	4.138E-01	0.106	32
afdb_P02144_v6	afdb_P71119_v6	3.576E-01	2.818E-01	4.260E-01	0.138	35
afdb_P02144_v6	afdb_P05414_v6	4.179E-01	2.193E-01	4.318E-01	0.233	41
afdb_P02144_v6	afdb_P03958_v6	4.019E-01	2.150E-01	4.303E-01	0.214	40
afdb_P02144_v6	afdb_Q75WN8_v6	3.601E-01	2.331E-01	3.903E-01	0.150	36
afdb_P02144_v6	afdb_P03007_v6	3.389E-01	2.443E-01	3.849E-01	0.116	33
afdb_P02144_v6	afdb_P00175_v6	4.235E-01	1.537E-01	4.253E-01	0.254	42
afdb_P02144_v6	afdb_A0A0C6DRW4_v6	3.911E-01	1.800E-01	4.716E-01	0.196	39
afdb_P02144_v6	afdb_P05521_v6	3.593E-01	2.086E-01	3.887E-01	0.138	35
afdb_P02144_v6	afdb_P46076_v6	3.655E-01	2.021E-01	4.294E-01	0.150	36
afdb_P02144_v6	afdb_Q8RB32_v6	3.283E-01	2.386E-01	3.655E-01	0.106	32
afdb_P02144_v6	afdb_P08373_v6	3.608E-01	2.000E-01	3.829E-01	0.150	36
afdb_P02144_v6	afdb_P37967_v6	3.962E-01	1.611E-01	4.264E-01	0.196	39
afdb_P02144_v6	afdb_P10902_v6	3.963E-01	1.544E-01	4.249E-01	0.196	39
afdb_P02144_v6	afdb_P0CE47_v6	3.673E-01	1.809E-01	3.984E-01	0.150	36
afdb_P02144_v6	afdb_P30122_v6	4.114E-01	1.365E-01	4.520E-01	0.233	41
afdb_P02144_v6	afdb_P08819_v6	3.810E-01	1.652E-01	4.504E-01	0.179	38
afdb_P02144_v6	afdb_P00914_v6	3.819E-01	1.628E-01	4.386E-01	0.179	38
afdb_P02144_v6	afdb_Q01693_v6	3.878E-01	1.543E-01	4.054E-01	0.179	38
afdb_P02144_v6	afdb_P45478_v6	3.355E-01	2.061E-01	3.798E-01	0.116	33
afdb_P02144_v6	afdb_P83772_v6	3.192E-01	2.218E-01	3.729E-01	0.098	31
afdb_P02144_v6	afdb_Q16775_v6	3.303E-01	2.094E-01	3.452E-01	0.116	33
afdb_P02144_v6	afdb_P21327_v6	3.555E-01	1.802E-01	3.609E-01	0.138	35
afdb_P02144_v6	afdb_P16444_v6	3.657E-01	1.632E-01	4.895E-01	0.150	36
afdb_P02144_v6	afdb_P00860_v6	3.695E-01	1.578E-01	4.227E-01	0.150	36
afdb_P02144_v6	afdb_Q9XBQ8_v6	3.539E-01	1.701E-01	3.614E-01	0.138	35
afdb_P02144_v6	afdb_P00800_v6	3.791E-01	1.413E-01	4.032E-01	0.164	37
afdb_P02144_v6	afdb_P81054_v6	3.293E-01	1.862E-01	3.903E-01	0.106	32
afdb_P02144_v6	afdb_P18314_v6	3.787E-01	1.356E-01	3.877E-01	0.164	37
afdb_P02144_v6	afdb_O16025_v6	4.246E-01	8.935E-02	4.264E-01	0.254	42
afdb_P02144_v6	afdb_P77444_v6	3.370E-01	1.743E-01	3.396E-01	0.116	33
afdb_P02144_v6	afdb_Q9L9D7_v6	3.684E-01	1.390E-01	3.985E-01	0.150	36
afdb_P02144_v6	afdb_P14779_v6	4.041E-01	8.839E-02	4.221E-01	0.214	40
afdb_P02144_v6	afdb_P24630_v6	3.295E-01	1.601E-01	3.348E-01	0.106	32
afdb_P02144_v6	afdb_P28796_v6	3.404E-01	1.475E-01	3.961E-01	0.126	34
afdb_P02144_v6	afdb_P00777_v6	2.960E-01	1.901E-01	3.204E-01	0.082	29
afdb_P02144_v6	afdb_Q50925_v6	3.461E-01	1.286E-01	3.879E-01	0.126	34
afdb_P02144_v6	afdb_Q6YBS3_v6	3.419E-01	1.118E-01	3.628E-01	0.126	34
afdb_P02144_v6	afdb_P00392_v6	3.250E-01	1.182E-01	3.592E-01	0.106	32
afdb_P02144_v6	afdb_P00489_v6	3.444E-01	8.880E-02	3.586E-01	0.126	34
afdb_P02144_v6	afdb_Q56839_v6	3.126E-01	1.175E-01	3.563E-01	0.098	31
afdb_P02144_v6	afdb_P24474_v6	3.018E-01	1.135E-01	3.076E-01	0.090	30
afdb_P02144_v6	afdb_P09883_v6	3.011E-01	1.095E-01	3.024E-01	0.090	30
afdb_P07514_v6	afdb_P83686_v6	9.019E-01	9.978E-01	1.001E+00	0.996	90
afdb_P07514_v6	afdb_P00455_v6	7.025E-01	5.843E-01	7.580E-01	0.933	70
afdb_P07514_v6	afdb_P00388_v6	6.852E-01	3.251E-01	7.640E-01	0.912	68
afdb_P07514_v6	afdb_P14779_v6	6.762E-01	2.114E-01	7.637E-01	0.900	67
afdb_P07514_v6	afdb_P53608_v6	3.893E-01	3.915E-01	4.419E-01	0.179	38
afdb_P07514_v6	afdb_P04042_v6	4.003E-01	3.588E-01	4.438E-01	0.214	40
afdb_P07514_v6	afdb_O59791_v6	3.806E-01	3.611E-01	4.264E-01	0.179	38
afdb_P07514_v6	afdb_O58727_v6	2.893E-01	4.390E-01	5.618E-01	0.076	28
afdb_P07514_v6	afdb_P0A1E3_v6	3.671E-01	3.490E-01	4.026E-01	0.150	36
afdb_P07514_v6	afdb_Q58989_v6	2.890E-01	3.829E-01	4.482E-01	0.076	28
afdb_P07514_v6	afdb_Q29460_v6	2.966E-01	3.594E-01	3.938E-01	0.082	29
afdb_P07514_v6	afdb_Q8RB32_v6	3.031E-01	3.530E-01	4.058E-01	0.090	30
afdb_P07514_v6	afdb_P25910_v6	3.021E-01	3.456E-01	4.017E-01	0.090	30
afdb_P07514_v6	afdb_Q9XBQ8_v6	3.564E-01	2.769E-01	4.622E-01	0.138	35
afdb_P07514_v6	afdb_P37967_v6	3.665E-01	2.624E-01	3.934E-01	0.150	36
afdb_P07514_v6	afdb_P0CE47_v6	3.401E-01	2.798E-01	3.661E-01	0.126	34
afdb_P07514_v6	afdb_P04190_v6	2.923E-01	3.275E-01	3.818E-01	0.082	29
afdb_P07514_v6	afdb_P0A6G7_v6	2.647E-01	3.459E-01	3.521E-01	0.063	26
afdb_P07514_v6	afdb_Q9NPB1_v6	2.752E-01	3.306E-01	3.495E-01	0.069	27
afdb_P07514_v6	afdb_Q12178_v6	2.313E-01	3.692E-01	4.348E-01	0.045	23
afdb_P07514_v6	afdb_P13717_v6	2.877E-01	3.126E-01	3.225E-01	0.076	28
afdb_P07514_v6	afdb_P05414_v6	3.231E-01	2.752E-01	3.523E-01	0.106	32
afdb_P07514_v6	afdb_P81054_v6	3.130E-01	2.838E-01	3.187E-01	0.098	31
afdb_P07514_v6	afdb_P0A6C1_v6	2.928E-01	3.036E-01	3.506E-01	0.082	29
afdb_P07514_v6	afdb_P52700_v6	2.936E-01	3.014E-01	3.609E-01	0.082	29
afdb_P07514_v6	afdb_P22394_v6	3.668E-01	2.274E-01	4.053E-01	0.150	36
afdb_P07514_v6	afdb_P19938_v6	2.902E-01	3.030E-01	3.250E-01	0.076	28
afdb_P07514_v6	afdb_P05521_v6	2.968E-01	2.938E-01	3.362E-01	0.082	29
afdb_P07514_v6	afdb_P03958_v6	3.094E-01	2.782E-01	3.352E-01	0.090	30
afdb_P07514_v6	afdb_Q01693_v6	3.514E-01	2.356E-01	3.628E-01	0.138	35
afdb_P07514_v6	afdb_P00175_v6	3.657E-01	2.206E-01	3.801E-01	0.150	36
afdb_P07514_v6	afdb_F8W4B7_v6	4.374E-01	1.487E-01	4.408E-01	0.277	43
afdb_P07514_v6	afdb_Q9UMR5_v6	2.931E-01	2.923E-01	3.476E-01	0.082	29
afdb_P07514_v6	afdb_P0A9P4_v6	2.987E-01	2.843E-01	3.559E-01	0.082	29
afdb_P07514_v6	afdb_P21327_v6	3.192E-01	2.614E-01	3.685E-01	0.098	31
afdb_P07514_v6	afdb_Q00017_v6	2.696E-01	3.105E-01	3.434E-01	0.063	26
afdb_P07514_v6	afdb_P28305_v6	2.783E-01	2.986E-01	3.119E-01	0.069	27
afdb_P07514_v6	afdb_P00935_v6	3.123E-01	2.638E-01	3.328E-01	0.098	31
afdb_P07514_v6	afdb_P08165_v6	3.401E-01	2.347E-01	3.763E-01	0.126	34
afdb_P07514_v6	afdb_P16099_v6	3.854E-01	1.882E-01	4.145E-01	0.179	38
afdb_P07514_v6	afdb_P46076_v6	2.998E-01	2.677E-01	3.214E-01	0.082	29
afdb_P07514_v6	afdb_P96965_v6	2.768E-01	2.898E-01	3.043E-01	0.069	27
afdb_P07514_v6	afdb_P30122_v6	3.529E-01	2.135E-01	3.762E-01	0.138	35
afdb_P07514_v6	afdb_Q3HWU8_v6	2.746E-01	2.907E-01	3.033E-01	0.069	27
afdb_P07514_v6	afdb_Q7ZAG8_v6	3.161E-01	2.460E-01	3.798E-01	0.098	31
afdb_P07514_v6	afdb_P22637_v6	3.396E-01	2.209E-01	3.730E-01	0.116	33
afdb_P07514_v6	afdb_Q02899_v6	3.063E-01	2.541E-01	3.294E-01	0.090	30
afdb_P07514_v6	afdb_P16444_v6	3.109E-01	2.472E-01	3.786E-01	0.098	31
afdb_P07514_v6	afdb_Q75WN8_v6	2.740E-01	2.837E-01	3.008E-01	0.069	27
afdb_P07514_v6	afdb_A0A0C6DRW4_v6	3.091E-01	2.475E-01	3.286E-01	0.090	30
afdb_P07514_v6	afdb_Q9FEW9_v6	3.033E-01	2.496E-01	3.330E-01	0.090	30
afdb_P07514_v6	afdb_P09184_v6	2.154E-01	3.358E-01	3.596E-01	0.034	21
afdb_P07514_v6	afdb_P00918_v6	2.604E-01	2.899E-01	3.332E-01	0.063	26
afdb_P07514_v6	afdb_P24474_v6	3.407E-01	2.098E-01	3.738E-01	0.126	34
afdb_P07514_v6	afdb_P37062_v6	3.133E-01	2.366E-01	3.408E-01	0.098	31
afdb_P07514_v6	afdb_P21836_v6	3.455E-01	1.999E-01	3.828E-01	0.126	34
afdb_P07514_v6	afdb_P00914_v6	3.152E-01	2.303E-01	3.268E-01	0.098	31
afdb_P07514_v6	afdb_Q56839_v6	3.233E-01	2.196E-01	3.462E-01	0.106	32
afdb_P07514_v6	afdb_P29183_v6	3.139E-01	2.280E-01	3.426E-01	0.098	31
afdb_P07514_v6	afdb_P08819_v6	3.075E-01	2.344E-01	3.365E-01	0.090	30
afdb_P07514_v6	afdb_P16932_v6	3.059E-01	2.319E-01	3.448E-01	0.090	30
afdb_P07514_v6	afdb_P09030_v6	2.573E-01	2.787E-01	3.267E-01	0.057	25
afdb_P07514_v6	afdb_P83788_v6	2.971E-01	2.384E-01	3.105E-01	0.082	29
afdb_P07514_v6	afdb_P06721_v6	2.910E-01	2.438E-01	3.072E-01	0.082	29
afdb_P07514_v6	afdb_P37957_v6	2.317E-01	3.030E-01	4.939E-01	0.045	23
afdb_P07514_v6	afdb_P12995_v6	3.017E-01	2.321E-01	3.429E-01	0.090	30
afdb_P07514_v6	afdb_P0A6T5_v6	2.383E-01	2.935E-01	2.944E-01	0.045	23
afdb_P07514_v6	afdb_P00800_v6	3.237E-01	2.078E-01	3.462E-01	0.106	32
afdb_P07514_v6	afdb_P08373_v6	2.774E-01	2.536E-01	2.979E-01	0.069	27
afdb_P07514_v6	afdb_P22266_v6	2.781E-01	2.506E-01	3.128E-01	0.069	27
afdb_P07514_v6	afdb_P42593_v6	3.473E-01	1.804E-01	4.174E-01	0.126	34
afdb_P07514_v6	afdb_P77444_v6	2.923E-01	2.339E-01	3.727E-01	0.082	29
afdb_P07514_v6	afdb_P27170_v6	2.782E-01	2.465E-01	3.187E-01	0.069	27
afdb_P07514_v6	afdb_P00489_v6	3.622E-01	1.613E-01	3.821E-01	0.150	36
afdb_P07514_v6	afdb_Q6LZM9_v6	2.960E-01	2.271E-01	3.102E-01	0.082	29
afdb_P07514_v6	afdb_Q945K2_v6	3.195E-01	1.994E-01	3.549E-01	0.098	31
afdb_P07514_v6	afdb_P39377_v6	2.834E-01	2.341E-01	2.967E-01	0.076	28
afdb_P07514_v6	afdb_Q6YBS3_v6	3.275E-01	1.888E-01	3.304E-01	0.106	32
afdb_P07514_v6	afdb_P15289_v6	3.055E-01	2.093E-01	3.300E-01	0.090	30
afdb_P07514_v6	afdb_O33199_v6	2.226E-01	2.924E-01	3.527E-01	0.040	22
afdb_P07514_v6	afdb_P03007_v6	2.365E-01	2.759E-01	3.562E-01	0.045	23
afdb_P07514_v6	afdb_P24630_v6	2.888E-01	2.199E-01	3.233E-01	0.076	28
afdb_P07514_v6	afdb_Q9L9D7_v6	3.141E-01	1.942E-01	3.645E-01	0.098	31
afdb_P07514_v6	afdb_Q16775_v6	2.553E-01	2.513E-01	2.711E-01	0.057	25
afdb_P07514_v6	afdb_P00766_v6	2.376E-01	2.713E-01	3.221E-01	0.045	23
afdb_P07514_v6	afdb_P83772_v6	2.413E-01	2.663E-01	2.811E-01	0.051	24
afdb_P07514_v6	afdb_P21179_v6	3.386E-01	1.655E-01	3.835E-01	0.116	33
afdb_P07514_v6	afdb_P80324_v6	2.695E-01	2.333E-01	2.942E-01	0.063	26
afdb_P07514_v6	afdb_P35049_v6	2.352E-01	2.676E-01	2.874E-01	0.045	23
afdb_P07514_v6	afdb_P0AB77_v6	2.756E-01	2.237E-01	3.340E-01	0.069	27
afdb_P07514_v6	afdb_Q7SID9_v6	3.037E-01	1.938E-01	3.375E-01	0.090	30
afdb_P07514_v6	afdb_Q05755_v6	3.906E-01	1.034E-01	4.037E-01	0.196	39
afdb_P07514_v6	afdb_P40859_v6	2.665E-01	2.224E-01	2.878E-01	0.063	26
afdb_P07514_v6	afdb_P10902_v6	2.937E-01	1.927E-01	3.132E-01	0.082	29
afdb_P07514_v6	afdb_P28796_v6	2.835E-01	2.036E-01	3.572E-01	0.076	28
afdb_P07514_v6	afdb_P27487_v6	3.197E-01	1.614E-01	3.219E-01	0.098	31
afdb_P07514_v6	afdb_P06621_v6	2.680E-01	2.111E-01	2.898E-01	0.063	26
afdb_P07514_v6	afdb_P00644_v6	2.183E-01	2.613E-01	2.899E-01	0.034	21
afdb_P07514_v6	afdb_Q9AGP8_v6	3.268E-01	1.512E-01	3.337E-01	0.106	32
afdb_P07514_v6	afdb_P30850_v6	3.014E-01	1.733E-01	3.288E-01	0.090	30
afdb_P07514_v6	afdb_P08473_v6	3.138E-01	1.600E-01	3.375E-01	0.098	31
afdb_P07514_v6	afdb_P18314_v6	2.887E-01	1.833E-01	3.124E-01	0.076	28
afdb_P07514_v6	afdb_P00392_v6	2.947E-01	1.774E-01	3.303E-01	0.082	29
afdb_P07514_v6	afdb_P55038_v6	3.669E-01	1.041E-01	3.745E-01	0.150	36
afdb_P07514_v6	afdb_P00777_v6	2.330E-01	2.341E-01	3.238E-01	0.045	23
afdb_P07514_v6	afdb_P00592_v6	1.780E-01	2.859E-01	3.140E-01	0.016	17
afdb_P07514_v6	afdb_O13297_v6	2.724E-01	1.783E-01	2.829E-01	0.069	27
afdb_P07514_v6	afdb_Q28943_v6	3.239E-01	1.174E-01	3.278E-01	0.106	32
afdb_P07514_v6	afdb_O16025_v6	2.951E-01	1.163E-01	3.193E-01	0.082	29
afdb_P07514_v6	afdb_P09883_v6	2.411E-01	1.515E-01	2.458E-01	0.051	24
afdb_P09624_v6	afdb_Q56839_v6	8.319E-01	7.965E-01	8.693E-01	0.990	83
afdb_P09624_v6	afdb_P00392_v6	8.541E-01	7.639E-01	9.208E-01	0.992	85
afdb_P09624_v6	afdb_P37062_v6	7.378E-01	8.162E-01	8.213E-01	0.956	73
afdb_P09624_v6	afdb_P0A9P4_v6	5.285E-01	7.951E-01	8.160E-01	0.537	52
afdb_P09624_v6	afdb_Q7ZAG8_v6	5.800E-01	6.948E-01	6.963E-01	0.692	57
afdb_P09624_v6	afdb_P08165_v6	4.916E-01	4.978E-01	6.787E-01	0.442	49
afdb_P09624_v6	afdb_P42593_v6	4.548E-01	3.447E-01	7.280E-01	0.326	45
afdb_P09624_v6	afdb_P16099_v6	4.598E-01	3.256E-01	6.636E-01	0.326	45
afdb_P09624_v6	afdb_P22637_v6	4.060E-01	3.722E-01	5.419E-01	0.214	40
afdb_P09624_v6	afdb_Q28943_v6	5.125E-01	2.637E-01	5.579E-01	0.505	51
afdb_P09624_v6	afdb_P40859_v6	3.408E-01	4.163E-01	4.457E-01	0.116	33
afdb_P09624_v6	afdb_Q945K2_v6	3.938E-01	3.560E-01	5.237E-01	0.196	39
afdb_P09624_v6	afdb_P10902_v6	3.825E-01	3.577E-01	5.140E-01	0.179	38
afdb_P09624_v6	afdb_P80324_v6	3.000E-01	3.822E-01	3.997E-01	0.082	29
afdb_P09624_v6	afdb_Q9AGP8_v6	4.034E-01	2.719E-01	4.191E-01	0.214	40
afdb_P09624_v6	afdb_P0A1E3_v6	2.685E-01	3.787E-01	3.820E-01	0.063	26
afdb_P09624_v6	afdb_O59791_v6	2.592E-01	3.603E-01	3.611E-01	0.057	25
afdb_P09624_v6	afdb_P00935_v6	2.774E-01	3.362E-01	3.466E-01	0.069	27
afdb_P09624_v6	afdb_Q02899_v6	2.807E-01	3.310E-01	3.596E-01	0.076	28
afdb_P09624_v6	afdb_Q6LZM9_v6	2.906E-01	3.200E-01	3.347E-01	0.082	29
afdb_P09624_v6	afdb_P15289_v6	3.048E-01	3.013E-01	3.279E-01	0.090	30
afdb_P09624_v6	afdb_Q9FEW9_v6	2.772E-01	3.298E-01	3.503E-01	0.069	27
afdb_P09624_v6	afdb_P06721_v6	2.743E-01	3.247E-01	3.310E-01	0.069	27
afdb_P09624_v6	afdb_P00396_v6	2.999E-01	2.932E-01	3.314E-01	0.082	29
afdb_P09624_v6	afdb_P77444_v6	2.740E-01	3.178E-01	3.353E-01	0.069	27
afdb_P09624_v6	afdb_P0AB77_v6	2.643E-01	3.108E-01	3.423E-01	0.063	26
afdb_P09624_v6	afdb_P28796_v6	2.795E-01	2.923E-01	3.281E-01	0.069	27
afdb_P09624_v6	afdb_Q6YBS3_v6	3.115E-01	2.593E-01	3.215E-01	0.098	31
afdb_P09624_v6	afdb_P25910_v6	2.110E-01	3.554E-01	3.663E-01	0.034	21
afdb_P09624_v6	afdb_P16932_v6	2.675E-01	2.972E-01	3.060E-01	0.063	26
afdb_P09624_v6	afdb_P22394_v6	2.950E-01	2.692E-01	3.109E-01	0.082	29
afdb_P09624_v6	afdb_Q12178_v6	1.596E-01	4.044E-01	4.627E-01	0.011	15
afdb_P09624_v6	afdb_Q58989_v6	1.926E-01	3.707E-01	3.959E-01	0.024	19
afdb_P09624_v6	afdb_P27170_v6	2.470E-01	3.161E-01	3.522E-01	0.051	24
afdb_P09624_v6	afdb_Q6UV28_v6	1.643E-01	3.982E-01	4.119E-01	0.014	16
afdb_P09624_v6	afdb_P52700_v6	2.249E-01	3.368E-01	3.526E-01	0.040	22
afdb_P09624_v6	afdb_O58727_v6	1.773E-01	3.812E-01	3.826E-01	0.016	17
afdb_P09624_v6	afdb_P83788_v6	2.615E-01	2.966E-01	3.144E-01	0.063	26
afdb_P09624_v6	afdb_P24630_v6	2.637E-01	2.932E-01	3.214E-01	0.063	26
afdb_P09624_v6	afdb_Q9L9D7_v6	2.919E-01	2.635E-01	3.021E-01	0.082	29
afdb_P09624_v6	afdb_P09184_v6	1.614E-01	3.886E-01	3.935E-01	0.014	16
afdb_P09624_v6	afdb_P22266_v6	2.375E-01	3.116E-01	3.737E-01	0.045	23
afdb_P09624_v6	afdb_Q00017_v6	2.005E-01	3.463E-01	3.664E-01	0.029	20
afdb_P09624_v6	afdb_P29183_v6	2.655E-01	2.812E-01	2.902E-01	0.063	26
afdb_P09624_v6	afdb_P05521_v6	2.249E-01	3.215E-01	3.217E-01	0.040	22
afdb_P09624_v6	afdb_Q3HWU8_v6	2.151E-01	3.265E-01	3.376E-01	0.034	21
afdb_P09624_v6	afdb_P16444_v6	2.503E-01	2.888E-01	3.562E-01	0.051	24
afdb_P09624_v6	afdb_P45478_v6	2.215E-01	3.167E-01	3.366E-01	0.040	22
afdb_P09624_v6	afdb_P83772_v6	2.081E-01	3.281E-01	3.322E-01	0.029	20
afdb_P09624_v6	afdb_P96965_v6	2.104E-01	3.253E-01	3.432E-01	0.034	21
afdb_P09624_v6	afdb_P08819_v6	2.553E-01	2.784E-01	2.899E-01	0.057	25
afdb_P09624_v6	afdb_P0CE47_v6	2.440E-01	2.887E-01	2.944E-01	0.051	24
afdb_P09624_v6	afdb_P08148_v6	2.842E-01	2.483E-01	2.983E-01	0.076	28
afdb_P09624_v6	afdb_P71119_v6	1.863E-01	3.453E-01	3.957E-01	0.020	18
afdb_P09624_v6	afdb_P00175_v6	2.799E-01	2.472E-01	3.075E-01	0.069	27
afdb_P09624_v6	afdb_A0A0C6DRW4_v6	2.472E-01	2.797E-01	2.921E-01	0.051	24
afdb_P09624_v6	afdb_P04042_v6	2.295E-01	2.968E-01	2.996E-01	0.040	22
afdb_P09624_v6	afdb_P21836_v6	2.824E-01	2.452E-01	2.840E-01	0.076	28
afdb_P09624_v6	afdb_Q00441_v6	2.440E-01	2.817E-01	2.954E-01	0.051	24
afdb_P09624_v6	afdb_P28305_v6	2.037E-01	3.204E-01	3.352E-01	0.029	20
afdb_P09624_v6	afdb_P00388_v6	2.922E-01	2.314E-01	3.107E-01	0.082	29
afdb_P09624_v6	afdb_P03958_v6	2.266E-01	2.861E-01	3.105E-01	0.040	22
afdb_P09624_v6	afdb_P56216_v6	2.658E-01	2.452E-01	2.797E-01	0.063	26
afdb_P09624_v6	afdb_P39377_v6	2.338E-01	2.772E-01	3.441E-01	0.045	23
afdb_P09624_v6	afdb_P55038_v6	3.577E-01	1.485E-01	3.708E-01	0.138	35
afdb_P09624_v6	afdb_P05725_v6	1.568E-01	3.478E-01	3.662E-01	0.011	15
afdb_P09624_v6	afdb_P46076_v6	2.196E-01	2.835E-01	2.854E-01	0.034	21
afdb_P09624_v6	afdb_P83686_v6	1.957E-01	3.065E-01	3.120E-01	0.024	19
afdb_P09624_v6	afdb_P53608_v6	2.055E-01	2.962E-01	2.968E-01	0.029	20
afdb_P09624_v6	afdb_Q01693_v6	2.514E-01	2.497E-01	2.909E-01	0.057	25
afdb_P09624_v6	afdb_P04190_v6	1.869E-01	3.128E-01	4.124E-01	0.020	18
afdb_P09624_v6	afdb_P19938_v6	1.971E-01	3.003E-01	3.189E-01	0.024	19
afdb_P09624_v6	afdb_P00800_v6	2.564E-01	2.415E-01	2.707E-01	0.057	25
afdb_P09624_v6	afdb_Q9UMR5_v6	2.038E-01	2.920E-01	3.125E-01	0.029	20
afdb_P09624_v6	afdb_P81054_v6	2.145E-01	2.787E-01	2.942E-01	0.034	21
afdb_P09624_v6	afdb_P21327_v6	2.281E-01	2.637E-01	2.856E-01	0.040	22
afdb_P09624_v6	afdb_P56218_v6	1.980E-01	2.898E-01	3.243E-01	0.024	19
afdb_P09624_v6	afdb_P00860_v6	2.365E-01	2.495E-01	2.982E-01	0.045	23
afdb_P09624_v6	afdb_Q9NPB1_v6	1.726E-01	3.120E-01	3.411E-01	0.016	17
afdb_P09624_v6	afdb_P24474_v6	2.517E-01	2.302E-01	2.812E-01	0.057	25
afdb_P09624_v6	afdb_Q05755_v6	3.368E-01	1.439E-01	3.432E-01	0.116	33
afdb_P09624_v6	afdb_P0A6C1_v6	1.879E-01	2.926E-01	3.004E-01	0.020	18
afdb_P09624_v6	afdb_P00914_v6	2.353E-01	2.441E-01	2.538E-01	0.045	23
afdb_P09624_v6	afdb_P00639_v6	1.922E-01	2.862E-01	3.234E-01	0.024	19
afdb_P09624_v6	afdb_P06621_v6	2.220E-01	2.519E-01	2.761E-01	0.040	22
afdb_P09624_v6	afdb_P08373_v6	2.026E-01	2.688E-01	2.875E-01	0.029	20
afdb_P09624_v6	afdb_P05414_v6	2.101E-01	2.598E-01	2.893E-01	0.029	20
afdb_P09624_v6	afdb_Q7SID9_v6	2.437E-01	2.246E-01	2.704E-01	0.051	24
afdb_P09624_v6	afdb_P00592_v6	1.352E-01	3.324E-01	3.422E-01	0.009	13
afdb_P09624_v6	afdb_P00777_v6	1.873E-01	2.795E-01	3.094E-01	0.020	18
afdb_P09624_v6	afdb_P21179_v6	2.657E-01	1.962E-01	2.889E-01	0.063	26
afdb_P09624_v6	afdb_P00455_v6	2.079E-01	2.559E-01	2.856E-01	0.029	20
afdb_P09624_v6	afdb_P18314_v6	2.395E-01	2.185E-01	2.530E-01	0.045	23
afdb_P09624_v6	afdb_Q29460_v6	1.581E-01	2.982E-01	3.374E-01	0.011	15
afdb_P09624_v6	afdb_Q06241_v6	1.530E-01	3.027E-01	3.079E-01	0.011	15
afdb_P09624_v6	afdb_P30850_v6	2.477E-01	2.071E-01	2.746E-01	0.051	24
afdb_P09624_v6	afdb_P09598_v6	1.825E-01	2.684E-01	2.967E-01	0.020	18
afdb_P09624_v6	afdb_P37957_v6	1.544E-01	2.884E-01	3.193E-01	0.011	15
afdb_P09624_v6	afdb_F8W4B7_v6	2.836E-01	1.576E-01	3.209E-01	0.076	28
afdb_P09624_v6	afdb_P0A6T5_v6	1.568E-01	2.804E-01	2.830E-01	0.011	15
afdb_P09624_v6	afdb_P0A6K3_v6	1.363E-01	2.938E-01	3.220E-01	0.009	13
afdb_P09624_v6	afdb_Q9XBQ8_v6	2.009E-01	2.275E-01	2.612E-01	0.029	20
afdb_P09624_v6	afdb_P00766_v6	1.580E-01	2.605E-01	2.782E-01	0.011	15
afdb_P09624_v6	afdb_O13297_v6	2.162E-01	2.012E-01	2.587E-01	0.034	21
afdb_P09624_v6	afdb_P14779_v6	2.626E-01	1.497E-01	2.667E-01	0.063	26
afdb_P12007_v6	afdb_A0A0C6DRW4_v6	7.871E-01	7.995E-01	8.758E-01	0.978	78
afdb_P12007_v6	afdb_P05725_v6	2.087E-01	4.246E-01	4.282E-01	0.029	20
afdb_P12007_v6	afdb_P22637_v6	3.282E-01	2.695E-01	3.501E-01	0.106	32
afdb_P12007_v6	afdb_P00396_v6	3.121E-01	2.696E-01	3.537E-01	0.098	31
afdb_P12007_v6	afdb_P37967_v6	3.055E-01	2.738E-01	3.277E-01	0.090	30
afdb_P12007_v6	afdb_P0A6K3_v6	1.903E-01	3.890E-01	4.281E-01	0.024	19
afdb_P12007_v6	afdb_P22266_v6	2.647E-01	3.085E-01	3.212E-01	0.063	26
afdb_P12007_v6	afdb_P00766_v6	2.291E-01	3.429E-01	3.504E-01	0.040	22
afdb_P12007_v6	afdb_P00489_v6	3.606E-01	2.112E-01	3.843E-01	0.150	36
afdb_P12007_v6	afdb_Q16775_v6	2.526E-01	3.189E-01	3.510E-01	0.057	25
afdb_P12007_v6	afdb_P03958_v6	2.657E-01	3.031E-01	3.169E-01	0.063	26
afdb_P12007_v6	afdb_Q75WN8_v6	2.427E-01	3.253E-01	3.700E-01	0.051	24
afdb_P12007_v6	afdb_Q945K2_v6	3.136E-01	2.541E-01	3.370E-01	0.098	31
afdb_P12007_v6	afdb_P08165_v6	2.978E-01	2.666E-01	3.205E-01	0.082	29
afdb_P12007_v6	afdb_P16932_v6	2.840E-01	2.796E-01	3.198E-01	0.076	28
afdb_P12007_v6	afdb_P00777_v6	2.449E-01	3.168E-01	3.296E-01	0.051	24
afdb_P12007_v6	afdb_P24630_v6	2.828E-01	2.787E-01	3.125E-01	0.076	28
afdb_P12007_v6	afdb_P40859_v6	2.695E-01	2.854E-01	2.955E-01	0.063	26
afdb_P12007_v6	afdb_P09598_v6	2.367E-01	3.184E-01	3.486E-01	0.045	23
afdb_P12007_v6	afdb_P83686_v6	2.331E-01	3.215E-01	3.357E-01	0.045	23
afdb_P12007_v6	afdb_P00800_v6	3.011E-01	2.538E-01	3.127E-01	0.090	30
afdb_P12007_v6	afdb_P48534_v6	2.260E-01	3.261E-01	3.369E-01	0.040	22
afdb_P12007_v6	afdb_P81054_v6	2.571E-01	2.948E-01	3.043E-01	0.057	25
afdb_P12007_v6	afdb_P21179_v6	3.346E-01	2.153E-01	3.611E-01	0.116	33
afdb_P12007_v6	afdb_P71119_v6	2.067E-01	3.418E-01	4.002E-01	0.029	20
afdb_P12007_v6	afdb_P05521_v6	2.432E-01	3.039E-01	3.137E-01	0.051	24
afdb_P12007_v6	afdb_Q9AGP8_v6	3.421E-01	2.043E-01	3.569E-01	0.126	34
afdb_P12007_v6	afdb_Q7SID9_v6	3.000E-01	2.442E-01	3.135E-01	0.090	30
afdb_P12007_v6	afdb_P80324_v6	2.573E-01	2.846E-01	3.016E-01	0.057	25
afdb_P12007_v6	afdb_P21836_v6	3.044E-01	2.300E-01	3.295E-01	0.090	30
afdb_P12007_v6	afdb_P27170_v6	2.505E-01	2.820E-01	3.188E-01	0.051	24
afdb_P12007_v6	afdb_P00918_v6	2.191E-01	3.125E-01	3.249E-01	0.034	21
afdb_P12007_v6	afdb_P0CE47_v6	2.584E-01	2.724E-01	2.762E-01	0.057	25
afdb_P12007_v6	afdb_Q9UMR5_v6	2.338E-01	2.969E-01	3.012E-01	0.045	23
afdb_P12007_v6	afdb_P23295_v6	2.601E-01	2.697E-01	3.108E-01	0.057	25
afdb_P12007_v6	afdb_P21327_v6	2.596E-01	2.701E-01	2.899E-01	0.057	25
afdb_P12007_v6	afdb_P42593_v6	3.090E-01	2.198E-01	3.482E-01	0.090	30
afdb_P12007_v6	afdb_P04190_v6	2.174E-01	3.119E-01	3.380E-01	0.034	21
afdb_P12007_v6	afdb_P16444_v6	2.608E-01	2.662E-01	2.980E-01	0.063	26
afdb_P12007_v6	afdb_Q05769_v6	2.965E-01	2.299E-01	3.042E-01	0.082	29
afdb_P12007_v6	afdb_Q6UV28_v6	1.695E-01	3.561E-01	3.810E-01	0.014	16
afdb_P12007_v6	afdb_Q6YBS3_v6	3.002E-01	2.218E-01	3.229E-01	0.090	30
afdb_P12007_v6	afdb_P16099_v6	3.129E-01	2.077E-01	3.523E-01	0.098	31
afdb_P12007_v6	afdb_P24474_v6	2.876E-01	2.325E-01	2.928E-01	0.076	28
afdb_P12007_v6	afdb_P12995_v6	2.604E-01	2.587E-01	3.073E-01	0.063	26
afdb_P12007_v6	afdb_P05414_v6	2.472E-01	2.713E-01	2.787E-01	0.051	24
afdb_P12007_v6	afdb_P0AB77_v6	2.519E-01	2.627E-01	2.637E-01	0.057	25
afdb_P12007_v6	afdb_P00935_v6	2.480E-01	2.640E-01	2.816E-01	0.051	24
afdb_P12007_v6	afdb_Q00441_v6	2.503E-01	2.589E-01	2.829E-01	0.057	25
afdb_P12007_v6	afdb_Q9FEW9_v6	2.477E-01	2.593E-01	2.850E-01	0.051	24
afdb_P12007_v6	afdb_Q9L9D7_v6	2.803E-01	2.247E-01	2.957E-01	0.076	28
afdb_P12007_v6	afdb_Q3HWU8_v6	2.120E-01	2.906E-01	2.913E-01	0.034	21
afdb_P12007_v6	afdb_P96965_v6	2.166E-01	2.866E-01	3.268E-01	0.034	21
afdb_P12007_v6	afdb_Q50925_v6	2.774E-01	2.250E-01	2.868E-01	0.069	27
afdb_P12007_v6	afdb_P83788_v6	2.484E-01	2.519E-01	2.730E-01	0.051	24
afdb_P12007_v6	afdb_P77444_v6	2.460E-01	2.538E-01	2.753E-01	0.051	24
afdb_P12007_v6	afdb_P45478_v6	2.208E-01	2.784E-01	3.169E-01	0.034	21
afdb_P12007_v6	afdb_Q29460_v6	1.947E-01	3.024E-01	3.267E-01	0.024	19
afdb_P12007_v6	afdb_P28796_v6	2.566E-01	2.408E-01	2.805E-01	0.057	25
afdb_P12007_v6	afdb_P08148_v6	2.795E-01	2.169E-01	2.997E-01	0.069	27
afdb_P12007_v6	afdb_P0A6T5_v6	1.907E-01	3.036E-01	3.085E-01	0.024	19
afdb_P12007_v6	afdb_P37062_v6	2.505E-01	2.426E-01	2.903E-01	0.057	25
afdb_P12007_v6	afdb_Q8RB32_v6	1.928E-01	2.922E-01	3.510E-01	0.024	19
afdb_P12007_v6	afdb_P06621_v6	2.402E-01	2.438E-01	2.943E-01	0.051	24
afdb_P12007_v6	afdb_P27487_v6	2.910E-01	1.886E-01	2.992E-01	0.082	29
afdb_P12007_v6	afdb_P08473_v6	2.878E-01	1.898E-01	2.941E-01	0.076	28
afdb_P12007_v6	afdb_P56216_v6	2.615E-01	2.146E-01	2.877E-01	0.063	26
afdb_P12007_v6	afdb_O16025_v6	3.243E-01	1.519E-01	3.381E-01	0.106	32
afdb_P12007_v6	afdb_Q9NPB1_v6	1.859E-01	2.878E-01	2.954E-01	0.020	18
afdb_P12007_v6	afdb_Q6LZM9_v6	2.389E-01	2.347E-01	2.593E-01	0.045	23
afdb_P12007_v6	afdb_P46076_v6	2.203E-01	2.509E-01	2.727E-01	0.034	21
afdb_P12007_v6	afdb_O13297_v6	2.589E-01	2.117E-01	3.229E-01	0.057	25
afdb_P12007_v6	afdb_P15917_v6	2.836E-01	1.748E-01	3.117E-01	0.076	28
afdb_P12007_v6	afdb_P00392_v6	2.516E-01	2.077E-01	2.614E-01	0.057	25
afdb_P12007_v6	afdb_P43099_v6	2.734E-01	1.823E-01	2.927E-01	0.069	27
afdb_P12007_v6	afdb_P00175_v6	2.533E-01	1.995E-01	2.642E-01	0.057	25
afdb_P12007_v6	afdb_P35049_v6	1.840E-01	2.655E-01	2.860E-01	0.020	18
afdb_P12007_v6	afdb_P14779_v6	2.974E-01	1.488E-01	3.195E-01	0.082	29
afdb_P12007_v6	afdb_F8W4B7_v6	2.958E-01	1.453E-01	3.226E-01	0.082	29
afdb_P12007_v6	afdb_Q05755_v6	3.208E-01	1.184E-01	3.458E-01	0.106	32
afdb_P12007_v6	afdb_P55038_v6	3.185E-01	1.168E-01	3.547E-01	0.098	31
afdb_P12007_v6	afdb_P30850_v6	2.511E-01	1.824E-01	2.655E-01	0.057	25
afdb_P12007_v6	afdb_Q28943_v6	2.652E-01	1.393E-01	2.813E-01	0.063	26
afdb_P12007_v6	afdb_P09883_v6	2.216E-01	1.764E-01	2.417E-01	0.040	22
afdb_P14735_v6	afdb_P00489_v6	2.667E-01	3.080E-01	3.423E-01	0.063	26
afdb_P14735_v6	afdb_P00914_v6	2.056E-01	3.681E-01	3.692E-01	0.029	20
afdb_P14735_v6	afdb_P0AB77_v6	1.842E-01	3.823E-01	3.830E-01	0.020	18
afdb_P14735_v6	afdb_P28796_v6	1.954E-01	3.651E-01	3.723E-01	0.024	19
afdb_P14735_v6	afdb_P14779_v6	2.810E-01	2.751E-01	2.900E-01	0.076	28
afdb_P14735_v6	afdb_P21179_v6	2.457E-01	3.103E-01	3.146E-01	0.051	24
afdb_P14735_v6	afdb_P12995_v6	1.821E-01	3.499E-01	3.504E-01	0.020	18
afdb_P14735_v6	afdb_F8W4B7_v6	2.713E-01	2.602E-01	2.929E-01	0.069	27
afdb_P14735_v6	afdb_P37967_v6	1.905E-01	3.322E-01	3.433E-01	0.024	19
afdb_P14735_v6	afdb_Q9AGP8_v6	2.410E-01	2.795E-01	2.828E-01	0.051	24
afdb_P14735_v6	afdb_P00388_v6	2.205E-01	2.987E-01	3.260E-01	0.034	21
afdb_P14735_v6	afdb_P08148_v6	2.069E-01	3.057E-01	3.173E-01	0.029	20
afdb_P14735_v6	afdb_Q7SID9_v6	1.988E-01	3.108E-01	3.120E-01	0.024	19
afdb_P14735_v6	afdb_Q05755_v6	2.924E-01	2.141E-01	3.112E-01	0.082	29
afdb_P14735_v6	afdb_P00392_v6	1.949E-01	3.110E-01	3.139E-01	0.024	19
afdb_P14735_v6	afdb_P00800_v6	1.921E-01	3.033E-01	3.236E-01	0.024	19
afdb_P14735_v6	afdb_P08473_v6	2.170E-01	2.744E-01	2.969E-01	0.034	21
afdb_P14735_v6	afdb_P0CE47_v6	1.574E-01	3.235E-01	3.508E-01	0.011	15
afdb_P14735_v6	afdb_P55038_v6	2.790E-01	2.017E-01	2.986E-01	0.069	27
afdb_P14735_v6	afdb_P46076_v6	1.487E-01	3.324E-01	3.416E-01	0.010	14
afdb_P14735_v6	afdb_P00777_v6	1.332E-01	3.439E-01	3.487E-01	0.009	13
afdb_P14735_v6	afdb_Q6UV28_v6	8.340E-02	3.928E-01	4.327E-01	0.000	8
afdb_P14735_v6	afdb_Q28943_v6	2.386E-01	2.379E-01	2.499E-01	0.045	23
afdb_P14735_v6	afdb_P08165_v6	1.751E-01	3.003E-01	3.357E-01	0.016	17
afdb_P14735_v6	afdb_Q56839_v6	1.783E-01	2.922E-01	2.946E-01	0.016	17
afdb_P14735_v6	afdb_P30850_v6	1.944E-01	2.750E-01	2.800E-01	0.024	19
afdb_P14735_v6	afdb_P21836_v6	1.909E-01	2.781E-01	2.847E-01	0.024	19
afdb_P14735_v6	afdb_Q6YBS3_v6	1.913E-01	2.773E-01	2.823E-01	0.024	19
afdb_P14735_v6	afdb_P15917_v6	2.149E-01	2.541E-01	2.589E-01	0.034	21
afdb_P14735_v6	afdb_Q945K2_v6	1.813E-01	2.846E-01	2.927E-01	0.020	18
afdb_P14735_v6	afdb_O33199_v6	1.057E-01	3.573E-01	3.971E-01	0.000	10
afdb_P14735_v6	afdb_P04042_v6	1.406E-01	3.216E-01	3.319E-01	0.010	14
afdb_P14735_v6	afdb_P56216_v6	1.785E-01	2.815E-01	2.819E-01	0.016	17
afdb_P14735_v6	afdb_P09598_v6	1.222E-01	3.301E-01	3.423E-01	0.008	12
afdb_P14735_v6	afdb_P24474_v6	1.749E-01	2.749E-01	3.235E-01	0.016	17
afdb_P14735_v6	afdb_Q9XBQ8_v6	1.507E-01	2.982E-01	3.025E-01	0.011	15
afdb_P14735_v6	afdb_P22637_v6	1.731E-01	2.737E-01	2.883E-01	0.016	17
afdb_P14735_v6	afdb_P52700_v6	1.261E-01	3.196E-01	3.325E-01	0.008	12
afdb_P14735_v6	afdb_Q16775_v6	1.290E-01	3.134E-01	3.172E-01	0.008	12
afdb_P14735_v6	afdb_P25910_v6	1.142E-01	3.278E-01	3.329E-01	0.007	11
afdb_P14735_v6	afdb_P37062_v6	1.549E-01	2.847E-01	2.856E-01	0.011	15
afdb_P14735_v6	afdb_P00455_v6	1.405E-01	2.980E-01	3.044E-01	0.010	14
afdb_P14735_v6	afdb_P00639_v6	1.134E-01	3.219E-01	3.555E-01	0.007	11
afdb_P14735_v6	afdb_P81054_v6	1.286E-01	3.020E-01	3.356E-01	0.008	12
afdb_P14735_v6	afdb_P00644_v6	1.008E-01	3.253E-01	3.335E-01	0.000	10
afdb_P14735_v6	afdb_P09883_v6	1.652E-01	2.550E-01	2.581E-01	0.014	16
afdb_P14735_v6	afdb_Q9UMR5_v6	1.186E-01	2.911E-01	3.358E-01	0.007	11
afdb_P14735_v6	afdb_P06621_v6	1.363E-01	2.626E-01	2.789E-01	0.009	13
afdb_P14735_v6	afdb_P04190_v6	9.850E-02	2.972E-01	3.643E-01	0.000	9
afdb_P14735_v6	afdb_P22266_v6	1.195E-01	2.752E-01	3.162E-01	0.007	11
afdb_P14735_v6	afdb_P05725_v6	7.537E-02	3.162E-01	3.229E-01	0.000	7
afdb_P14735_v6	afdb_P13717_v6	1.026E-01	2.879E-01	3.187E-01	0.000	10
afdb_P14735_v6	afdb_Q06241_v6	8.485E-02	3.010E-01	3.233E-01	0.000	8
afdb_P14735_v6	afdb_P0A6G7_v6	8.790E-02	2.913E-01	3.017E-01	0.000	8
afdb_E1CG36_v6	afdb_P0AB77_v6	6.113E-01	6.125E-01	6.557E-01	0.795	61
afdb_E1CG36_v6	afdb_P77444_v6	5.888E-01	5.803E-01	6.321E-01	0.720	58
afdb_E1CG36_v6	afdb_P12995_v6	6.022E-01	5.667E-01	6.478E-01	0.772	60
afdb_E1CG36_v6	afdb_P16932_v6	5.984E-01	5.606E-01	6.399E-01	0.747	59
afdb_E1CG36_v6	afdb_P24630_v6	5.895E-01	5.513E-01	6.285E-01	0.720	58
afdb_E1CG36_v6	afdb_Q6LZM9_v6	5.845E-01	5.431E-01	6.021E-01	0.720	58
afdb_E1CG36_v6	afdb_P83788_v6	5.717E-01	5.529E-01	6.169E-01	0.692	57
afdb_E1CG36_v6	afdb_P00935_v6	5.534E-01	5.688E-01	6.404E-01	0.632	55
afdb_E1CG36_v6	afdb_P28796_v6	5.941E-01	5.229E-01	6.341E-01	0.747	59
afdb_E1CG36_v6	afdb_P06721_v6	5.467E-01	5.512E-01	6.292E-01	0.601	54
afdb_E1CG36_v6	afdb_P43099_v6	6.153E-01	3.667E-01	6.292E-01	0.795	61
afdb_E1CG36_v6	afdb_Q00017_v6	2.821E-01	4.133E-01	5.865E-01	0.076	28
afdb_E1CG36_v6	afdb_O58727_v6	2.285E-01	4.252E-01	4.555E-01	0.040	22
afdb_E1CG36_v6	afdb_P05414_v6	3.146E-01	3.335E-01	4.345E-01	0.098	31
afdb_E1CG36_v6	afdb_P00860_v6	3.380E-01	3.033E-01	3.636E-01	0.116	33
afdb_E1CG36_v6	afdb_P0A6C1_v6	2.776E-01	3.594E-01	4.420E-01	0.069	27
afdb_E1CG36_v6	afdb_P0A1E3_v6	2.916E-01	3.417E-01	3.794E-01	0.082	29
afdb_E1CG36_v6	afdb_O59791_v6	2.917E-01	3.408E-01	3.844E-01	0.082	29
afdb_E1CG36_v6	afdb_Q9L9D7_v6	3.584E-01	2.714E-01	4.621E-01	0.138	35
afdb_E1CG36_v6	afdb_P53608_v6	2.714E-01	3.391E-01	4.404E-01	0.069	27
afdb_E1CG36_v6	afdb_Q9AGP8_v6	3.835E-01	2.212E-01	4.335E-01	0.179	38
afdb_E1CG36_v6	afdb_P42593_v6	3.626E-01	2.405E-01	4.351E-01	0.150	36
afdb_E1CG36_v6	afdb_Q29460_v6	2.378E-01	3.618E-01	5.124E-01	0.045	23
afdb_E1CG36_v6	afdb_Q6YBS3_v6	3.530E-01	2.458E-01	4.574E-01	0.138	35
afdb_E1CG36_v6	afdb_P37957_v6	2.270E-01	3.715E-01	4.502E-01	0.040	22
afdb_E1CG36_v6	afdb_Q12178_v6	1.995E-01	3.972E-01	4.171E-01	0.024	19
afdb_E1CG36_v6	afdb_P03958_v6	2.825E-01	3.101E-01	4.055E-01	0.076	28
afdb_E1CG36_v6	afdb_P08473_v6	3.637E-01	2.269E-01	3.772E-01	0.150	36
afdb_E1CG36_v6	afdb_P04042_v6	2.799E-01	3.087E-01	4.027E-01	0.069	27
afdb_E1CG36_v6	afdb_P25910_v6	2.438E-01	3.435E-01	3.606E-01	0.051	24
afdb_E1CG36_v6	afdb_P39377_v6	2.906E-01	2.958E-01	4.457E-01	0.082	29
afdb_E1CG36_v6	afdb_P00175_v6	3.375E-01	2.488E-01	3.729E-01	0.116	33
afdb_E1CG36_v6	afdb_P00800_v6	3.267E-01	2.589E-01	3.404E-01	0.106	32
afdb_E1CG36_v6	afdb_Q9FEW9_v6	2.916E-01	2.932E-01	3.820E-01	0.082	29
afdb_E1CG36_v6	afdb_Q8RB32_v6	2.323E-01	3.518E-01	3.729E-01	0.045	23
afdb_E1CG36_v6	afdb_Q02899_v6	2.879E-01	2.874E-01	3.944E-01	0.076	28
afdb_E1CG36_v6	afdb_P16099_v6	3.514E-01	2.219E-01	3.933E-01	0.138	35
afdb_E1CG36_v6	afdb_P96965_v6	2.473E-01	3.192E-01	3.252E-01	0.051	24
afdb_E1CG36_v6	afdb_P37062_v6	2.938E-01	2.724E-01	2.999E-01	0.082	29
afdb_E1CG36_v6	afdb_P83772_v6	2.359E-01	3.294E-01	3.612E-01	0.045	23
afdb_E1CG36_v6	afdb_Q9NPB1_v6	2.301E-01	3.359E-01	3.570E-01	0.040	22
afdb_E1CG36_v6	afdb_Q3HWU8_v6	2.391E-01	3.227E-01	5.344E-01	0.045	23
afdb_E1CG36_v6	afdb_Q9UMR5_v6	2.483E-01	3.053E-01	3.263E-01	0.051	24
afdb_E1CG36_v6	afdb_P30850_v6	3.225E-01	2.291E-01	3.310E-01	0.106	32
afdb_E1CG36_v6	afdb_P09598_v6	2.403E-01	3.099E-01	3.390E-01	0.051	24
afdb_E1CG36_v6	afdb_P27487_v6	3.376E-01	2.095E-01	3.457E-01	0.116	33
afdb_E1CG36_v6	afdb_Q28943_v6	3.657E-01	1.783E-01	4.044E-01	0.150	36
afdb_E1CG36_v6	afdb_Q56839_v6	2.961E-01	2.455E-01	3.021E-01	0.082	29
afdb_E1CG36_v6	afdb_P45478_v6	2.440E-01	2.944E-01	3.145E-01	0.051	24
afdb_E1CG36_v6	afdb_P15917_v6	3.380E-01	1.979E-01	3.414E-01	0.116	33
afdb_E1CG36_v6	afdb_Q9XBQ8_v6	2.719E-01	2.632E-01	3.880E-01	0.069	27
afdb_E1CG36_v6	afdb_P00392_v6	3.000E-01	2.346E-01	3.380E-01	0.090	30
afdb_E1CG36_v6	afdb_P23295_v6	2.674E-01	2.656E-01	3.019E-01	0.063	26
afdb_E1CG36_v6	afdb_P71119_v6	2.097E-01	3.233E-01	3.606E-01	0.029	20
afdb_E1CG36_v6	afdb_P08819_v6	2.754E-01	2.551E-01	2.870E-01	0.069	27
afdb_E1CG36_v6	afdb_P00489_v6	3.367E-01	1.929E-01	3.499E-01	0.116	33
afdb_E1CG36_v6	afdb_P83686_v6	2.275E-01	3.021E-01	3.649E-01	0.040	22
afdb_E1CG36_v6	afdb_P21327_v6	2.624E-01	2.620E-01	2.894E-01	0.063	26
afdb_E1CG36_v6	afdb_P08373_v6	2.485E-01	2.744E-01	2.908E-01	0.051	24
afdb_E1CG36_v6	afdb_P06621_v6	2.646E-01	2.570E-01	2.979E-01	0.063	26
afdb_E1CG36_v6	afdb_P16444_v6	2.624E-01	2.567E-01	3.982E-01	0.063	26
afdb_E1CG36_v6	afdb_F8W4B7_v6	3.532E-01	1.638E-01	3.985E-01	0.138	35
afdb_E1CG36_v6	afdb_Q00441_v6	2.577E-01	2.556E-01	2.884E-01	0.057	25
afdb_E1CG36_v6	afdb_P09883_v6	2.923E-01	2.222E-01	3.213E-01	0.082	29
afdb_E1CG36_v6	afdb_P0CE47_v6	2.557E-01	2.577E-01	2.966E-01	0.057	25
afdb_E1CG36_v6	afdb_P21179_v6	3.126E-01	1.997E-01	3.382E-01	0.098	31
afdb_E1CG36_v6	afdb_P0A6G7_v6	1.961E-01	3.158E-01	3.748E-01	0.024	19
afdb_E1CG36_v6	afdb_P18314_v6	2.866E-01	2.240E-01	3.148E-01	0.076	28
afdb_E1CG36_v6	afdb_P15289_v6	2.752E-01	2.330E-01	3.012E-01	0.069	27
afdb_E1CG36_v6	afdb_P22266_v6	2.419E-01	2.665E-01	2.968E-01	0.051	24
afdb_E1CG36_v6	afdb_P08165_v6	2.705E-01	2.320E-01	2.904E-01	0.069	27
afdb_E1CG36_v6	afdb_P00388_v6	3.006E-01	2.013E-01	3.540E-01	0.090	30
afdb_E1CG36_v6	afdb_P09184_v6	1.675E-01	3.336E-01	3.887E-01	0.014	16
afdb_E1CG36_v6	afdb_P05521_v6	2.264E-01	2.737E-01	2.834E-01	0.040	22
afdb_E1CG36_v6	afdb_P48534_v6	2.099E-01	2.882E-01	2.941E-01	0.029	20
afdb_E1CG36_v6	afdb_P56216_v6	2.766E-01	2.161E-01	3.522E-01	0.069	27
afdb_E1CG36_v6	afdb_Q58989_v6	1.908E-01	2.997E-01	3.073E-01	0.024	19
afdb_E1CG36_v6	afdb_Q6UV28_v6	1.573E-01	3.316E-01	3.579E-01	0.011	15
afdb_E1CG36_v6	afdb_P29183_v6	2.562E-01	2.325E-01	2.861E-01	0.057	25
afdb_E1CG36_v6	afdb_P05725_v6	1.679E-01	3.189E-01	3.771E-01	0.014	16
afdb_E1CG36_v6	afdb_Q01693_v6	2.632E-01	2.235E-01	2.721E-01	0.063	26
afdb_E1CG36_v6	afdb_Q05755_v6	3.597E-01	1.264E-01	3.669E-01	0.138	35
afdb_E1CG36_v6	afdb_P14779_v6	3.292E-01	1.558E-01	3.650E-01	0.106	32
afdb_E1CG36_v6	afdb_P21836_v6	2.801E-01	2.024E-01	2.972E-01	0.076	28
afdb_E1CG36_v6	afdb_P00777_v6	2.154E-01	2.664E-01	3.080E-01	0.034	21
afdb_E1CG36_v6	afdb_P24474_v6	2.662E-01	2.060E-01	3.518E-01	0.063	26
afdb_E1CG36_v6	afdb_Q7SID9_v6	2.642E-01	2.070E-01	2.786E-01	0.063	26
afdb_E1CG36_v6	afdb_P55038_v6	3.476E-01	1.206E-01	3.493E-01	0.126	34
afdb_E1CG36_v6	afdb_P81054_v6	2.209E-01	2.433E-01	2.535E-01	0.040	22
afdb_E1CG36_v6	afdb_P08148_v6	2.666E-01	1.973E-01	2.753E-01	0.063	26
afdb_E1CG36_v6	afdb_P00592_v6	1.441E-01	3.137E-01	3.487E-01	0.010	14
afdb_E1CG36_v6	afdb_P30122_v6	2.618E-01	1.945E-01	2.814E-01	0.063	26
afdb_E1CG36_v6	afdb_Q75WN8_v6	1.979E-01	2.508E-01	2.620E-01	0.024	19
afdb_E1CG36_v6	afdb_P0A6K3_v6	1.495E-01	2.796E-01	2.920E-01	0.010	14
afdb_E1CG36_v6	afdb_P12821_v6	2.910E-01	1.136E-01	3.306E-01	0.082	29
afdb_E1CG36_v6	afdb_O13297_v6	2.230E-01	1.770E-01	2.774E-01	0.040	22
afdb_O15770_v6	afdb_Q56839_v6	7.528E-01	7.838E-01	8.426E-01	0.967	75
afdb_O15770_v6	afdb_P00392_v6	7.748E-01	7.549E-01	8.089E-01	0.975	77
afdb_O15770_v6	afdb_P37062_v6	6.801E-01	8.176E-01	8.227E-01	0.912	68
afdb_O15770_v6	afdb_P0A9P4_v6	4.694E-01	7.670E-01	7.918E-01	0.353	46
afdb_O15770_v6	afdb_Q7ZAG8_v6	5.291E-01	6.856E-01	7.233E-01	0.537	52
afdb_O15770_v6	afdb_P08165_v6	4.352E-01	4.779E-01	6.135E-01	0.277	43
afdb_O15770_v6	afdb_P22637_v6	3.770E-01	3.735E-01	5.104E-01	0.164	37
afdb_O15770_v6	afdb_P42593_v6	4.074E-01	3.363E-01	7.035E-01	0.214	40
afdb_O15770_v6	afdb_P10902_v6	3.630E-01	3.664E-01	4.968E-01	0.150	36
afdb_O15770_v6	afdb_P16099_v6	4.065E-01	3.128E-01	6.301E-01	0.214	40
afdb_O15770_v6	afdb_Q28943_v6	4.555E-01	2.558E-01	5.050E-01	0.326	45
afdb_O15770_v6	afdb_Q945K2_v6	3.599E-01	3.508E-01	4.865E-01	0.138	35
afdb_O15770_v6	afdb_P40859_v6	3.053E-01	4.002E-01	4.147E-01	0.090	30
afdb_O15770_v6	afdb_P80324_v6	2.755E-01	3.750E-01	3.844E-01	0.069	27
afdb_O15770_v6	afdb_Q9AGP8_v6	3.765E-01	2.707E-01	4.059E-01	0.164	37
afdb_O15770_v6	afdb_P0A1E3_v6	2.587E-01	3.866E-01	3.988E-01	0.057	25
afdb_O15770_v6	afdb_P00396_v6	3.039E-01	3.173E-01	3.756E-01	0.090	30
afdb_O15770_v6	afdb_O59791_v6	2.534E-01	3.644E-01	3.845E-01	0.057	25
afdb_O15770_v6	afdb_Q6LZM9_v6	2.831E-01	3.321E-01	3.465E-01	0.076	28
afdb_O15770_v6	afdb_P77444_v6	2.659E-01	3.289E-01	3.339E-01	0.063	26
afdb_O15770_v6	afdb_Q6YBS3_v6	3.126E-01	2.794E-01	3.183E-01	0.098	31
afdb_O15770_v6	afdb_P28796_v6	2.787E-01	3.119E-01	3.387E-01	0.069	27
afdb_O15770_v6	afdb_P15289_v6	2.860E-01	3.028E-01	3.308E-01	0.076	28
afdb_O15770_v6	afdb_P00935_v6	2.530E-01	3.272E-01	3.322E-01	0.057	25
afdb_O15770_v6	afdb_P0AB77_v6	2.525E-01	3.186E-01	3.362E-01	0.057	25
afdb_O15770_v6	afdb_P08473_v6	3.164E-01	2.504E-01	3.469E-01	0.098	31
afdb_O15770_v6	afdb_P06721_v6	2.484E-01	3.137E-01	3.209E-01	0.051	24
afdb_O15770_v6	afdb_Q58989_v6	1.791E-01	3.817E-01	3.844E-01	0.016	17
afdb_O15770_v6	afdb_P00914_v6	2.622E-01	2.920E-01	3.011E-01	0.063	26
afdb_O15770_v6	afdb_P29183_v6	2.605E-01	2.935E-01	3.024E-01	0.057	25
afdb_O15770_v6	afdb_P37957_v6	1.797E-01	3.725E-01	4.218E-01	0.016	17
afdb_O15770_v6	afdb_Q9NPB1_v6	1.847E-01	3.671E-01	3.791E-01	0.020	18
afdb_O15770_v6	afdb_P28305_v6	2.037E-01	3.467E-01	3.688E-01	0.029	20
afdb_O15770_v6	afdb_O58727_v6	1.603E-01	3.891E-01	3.907E-01	0.014	16
afdb_O15770_v6	afdb_P16444_v6	2.439E-01	3.013E-01	3.719E-01	0.051	24
afdb_O15770_v6	afdb_P52700_v6	2.105E-01	3.357E-01	3.518E-01	0.029	20
afdb_O15770_v6	afdb_P43099_v6	3.011E-01	2.438E-01	3.151E-01	0.090	30
afdb_O15770_v6	afdb_P04190_v6	1.986E-01	3.452E-01	3.709E-01	0.024	19
afdb_O15770_v6	afdb_Q9UMR5_v6	2.117E-01	3.316E-01	3.603E-01	0.034	21
afdb_O15770_v6	afdb_Q9FEW9_v6	2.398E-01	3.033E-01	3.194E-01	0.045	23
afdb_O15770_v6	afdb_Q29460_v6	1.816E-01	3.595E-01	4.268E-01	0.020	18
afdb_O15770_v6	afdb_Q00017_v6	1.897E-01	3.511E-01	3.644E-01	0.020	18
afdb_O15770_v6	afdb_P25910_v6	1.889E-01	3.491E-01	3.730E-01	0.020	18
afdb_O15770_v6	afdb_Q01693_v6	2.607E-01	2.759E-01	2.861E-01	0.063	26
afdb_O15770_v6	afdb_P22266_v6	2.207E-01	3.131E-01	3.423E-01	0.040	22
afdb_O15770_v6	afdb_Q9L9D7_v6	2.716E-01	2.618E-01	3.124E-01	0.069	27
afdb_O15770_v6	afdb_Q8RB32_v6	1.869E-01	3.443E-01	3.462E-01	0.020	18
afdb_O15770_v6	afdb_P22394_v6	2.679E-01	2.631E-01	2.715E-01	0.063	26
afdb_O15770_v6	afdb_P08148_v6	2.742E-01	2.564E-01	2.984E-01	0.069	27
afdb_O15770_v6	afdb_P53608_v6	2.031E-01	3.262E-01	3.531E-01	0.029	20
afdb_O15770_v6	afdb_P05521_v6	2.120E-01	3.177E-01	3.430E-01	0.034	21
afdb_O15770_v6	afdb_P19938_v6	1.991E-01	3.264E-01	3.566E-01	0.024	19
afdb_O15770_v6	afdb_P83772_v6	1.936E-01	3.319E-01	3.351E-01	0.024	19
afdb_O15770_v6	afdb_P30122_v6	2.708E-01	2.533E-01	2.877E-01	0.069	27
afdb_O15770_v6	afdb_P24474_v6	2.656E-01	2.586E-01	2.919E-01	0.063	26
afdb_O15770_v6	afdb_Q75WN8_v6	1.989E-01	3.230E-01	3.408E-01	0.024	19
afdb_O15770_v6	afdb_P0CE47_v6	2.305E-01	2.907E-01	2.931E-01	0.045	23
afdb_O15770_v6	afdb_P08819_v6	2.391E-01	2.787E-01	2.921E-01	0.045	23
afdb_O15770_v6	afdb_P04042_v6	2.153E-01	2.985E-01	3.021E-01	0.034	21
afdb_O15770_v6	afdb_P08373_v6	2.139E-01	2.963E-01	3.226E-01	0.034	21
afdb_O15770_v6	afdb_Q16775_v6	2.026E-01	3.070E-01	3.234E-01	0.029	20
afdb_O15770_v6	afdb_A0A0C6DRW4_v6	2.286E-01	2.784E-01	2.957E-01	0.040	22
afdb_O15770_v6	afdb_P00639_v6	1.947E-01	3.113E-01	3.510E-01	0.024	19
afdb_O15770_v6	afdb_P03958_v6	2.111E-01	2.922E-01	3.028E-01	0.034	21
afdb_O15770_v6	afdb_Q6UV28_v6	1.361E-01	3.642E-01	3.945E-01	0.009	13
afdb_O15770_v6	afdb_Q05755_v6	3.436E-01	1.554E-01	3.709E-01	0.126	34
afdb_O15770_v6	afdb_Q7SID9_v6	2.512E-01	2.466E-01	2.643E-01	0.057	25
afdb_O15770_v6	afdb_P00175_v6	2.555E-01	2.407E-01	2.948E-01	0.057	25
afdb_O15770_v6	afdb_P83686_v6	1.813E-01	3.116E-01	3.735E-01	0.020	18
afdb_O15770_v6	afdb_P21327_v6	2.189E-01	2.724E-01	3.014E-01	0.034	21
afdb_O15770_v6	afdb_Q02899_v6	2.194E-01	2.709E-01	2.956E-01	0.034	21
afdb_O15770_v6	afdb_P09030_v6	1.823E-01	3.060E-01	3.140E-01	0.020	18
afdb_O15770_v6	afdb_P05725_v6	1.422E-01	3.459E-01	3.567E-01	0.010	14
afdb_O15770_v6	afdb_P0A6K3_v6	1.403E-01	3.458E-01	3.513E-01	0.010	14
afdb_O15770_v6	afdb_P00592_v6	1.278E-01	3.555E-01	3.675E-01	0.008	12
afdb_O15770_v6	afdb_P35049_v6	1.752E-01	3.078E-01	3.180E-01	0.016	17
afdb_O15770_v6	afdb_P05414_v6	2.068E-01	2.751E-01	3.106E-01	0.029	20
afdb_O15770_v6	afdb_P0A6C1_v6	1.850E-01	2.970E-01	3.305E-01	0.020	18
afdb_O15770_v6	afdb_Q3HWU8_v6	1.755E-01	2.990E-01	3.389E-01	0.016	17
afdb_O15770_v6	afdb_Q12178_v6	1.319E-01	3.423E-01	3.813E-01	0.009	13
afdb_O15770_v6	afdb_P30850_v6	2.497E-01	2.218E-01	2.565E-01	0.051	24
afdb_O15770_v6	afdb_Q00441_v6	2.097E-01	2.623E-01	2.946E-01	0.029	20
afdb_O15770_v6	afdb_F8W4B7_v6	2.941E-01	1.764E-01	3.040E-01	0.082	29
afdb_O15770_v6	afdb_P00766_v6	1.727E-01	2.992E-01	3.194E-01	0.016	17
afdb_O15770_v6	afdb_P96965_v6	1.815E-01	2.860E-01	3.047E-01	0.020	18
afdb_O15770_v6	afdb_P00388_v6	2.520E-01	2.158E-01	2.549E-01	0.057	25
afdb_O15770_v6	afdb_P21179_v6	2.596E-01	2.057E-01	2.946E-01	0.057	25
afdb_O15770_v6	afdb_P81054_v6	1.963E-01	2.667E-01	2.734E-01	0.024	19
afdb_O15770_v6	afdb_P00860_v6	2.152E-01	2.443E-01	2.865E-01	0.034	21
afdb_O15770_v6	afdb_P39377_v6	2.004E-01	2.585E-01	3.250E-01	0.029	20
afdb_O15770_v6	afdb_P00644_v6	1.554E-01	3.036E-01	3.151E-01	0.011	15
afdb_O15770_v6	afdb_P27170_v6	1.938E-01	2.636E-01	2.919E-01	0.024	19
afdb_O15770_v6	afdb_Q9XBQ8_v6	2.077E-01	2.504E-01	2.908E-01	0.029	20
afdb_O15770_v6	afdb_P00777_v6	1.826E-01	2.729E-01	3.025E-01	0.020	18
afdb_O15770_v6	afdb_P56216_v6	2.292E-01	2.253E-01	3.037E-01	0.040	22
afdb_O15770_v6	afdb_P55038_v6	3.119E-01	1.395E-01	3.182E-01	0.098	31
afdb_O15770_v6	afdb_P14779_v6	2.754E-01	1.665E-01	2.873E-01	0.069	27
afdb_O15770_v6	afdb_P09598_v6	1.662E-01	2.650E-01	2.942E-01	0.014	16
afdb_O15770_v6	afdb_O13297_v6	2.003E-01	1.995E-01	2.249E-01	0.029	20
afdb_O32224_v6	afdb_P37957_v6	4.546E-01	4.529E-01	5.352E-01	0.326	45
afdb_O32224_v6	afdb_Q00017_v6	4.745E-01	4.189E-01	4.761E-01	0.382	47
afdb_O32224_v6	afdb_Q29460_v6	4.576E-01	4.281E-01	5.208E-01	0.326	45
afdb_O32224_v6	afdb_O58727_v6	4.079E-01	4.609E-01	4.649E-01	0.214	40
afdb_O32224_v6	afdb_P22266_v6	4.953E-01	3.407E-01	4.970E-01	0.442	49
afdb_O32224_v6	afdb_P83772_v6	4.389E-01	3.774E-01	4.405E-01	0.277	43
afdb_O32224_v6	afdb_Q9UMR5_v6	4.520E-01	3.474E-01	4.533E-01	0.326	45
afdb_O32224_v6	afdb_Q75WN8_v6	4.406E-01	3.476E-01	4.422E-01	0.301	44
afdb_O32224_v6	afdb_P45478_v6	4.464E-01	3.394E-01	4.480E-01	0.301	44
afdb_O32224_v6	afdb_P0CE47_v6	4.760E-01	2.895E-01	5.200E-01	0.382	47
afdb_O32224_v6	afdb_Q3HWU8_v6	4.197E-01	3.449E-01	4.211E-01	0.233	41
afdb_O32224_v6	afdb_P09030_v6	4.111E-01	3.498E-01	4.124E-01	0.233	41
afdb_O32224_v6	afdb_P53608_v6	4.310E-01	3.299E-01	4.325E-01	0.277	43
afdb_O32224_v6	afdb_P37967_v6	4.938E-01	2.643E-01	4.954E-01	0.442	49
afdb_O32224_v6	afdb_Q58989_v6	3.756E-01	3.756E-01	3.796E-01	0.164	37
afdb_O32224_v6	afdb_P96965_v6	4.086E-01	3.331E-01	4.101E-01	0.214	40
afdb_O32224_v6	afdb_P05521_v6	4.188E-01	3.182E-01	4.198E-01	0.233	41
afdb_O32224_v6	afdb_P22394_v6	4.944E-01	2.344E-01	4.961E-01	0.442	49
afdb_O32224_v6	afdb_P00388_v6	5.339E-01	1.903E-01	7.026E-01	0.569	53
afdb_O32224_v6	afdb_Q12178_v6	3.245E-01	3.989E-01	4.332E-01	0.106	32
afdb_O32224_v6	afdb_P00489_v6	5.449E-01	1.722E-01	5.469E-01	0.601	54
afdb_O32224_v6	afdb_P04042_v6	4.199E-01	2.808E-01	6.042E-01	0.233	41
afdb_O32224_v6	afdb_P0A6C1_v6	3.842E-01	3.098E-01	3.856E-01	0.179	38
afdb_O32224_v6	afdb_P29183_v6	4.452E-01	2.426E-01	4.467E-01	0.301	44
afdb_O32224_v6	afdb_P0A1E3_v6	3.893E-01	2.844E-01	3.962E-01	0.179	38
afdb_O32224_v6	afdb_Q9L9D7_v6	4.604E-01	2.051E-01	4.620E-01	0.353	46
afdb_O32224_v6	afdb_Q02899_v6	4.107E-01	2.537E-01	4.491E-01	0.233	41
afdb_O32224_v6	afdb_P16444_v6	4.143E-01	2.486E-01	4.157E-01	0.233	41
afdb_O32224_v6	afdb_Q8RB32_v6	3.455E-01	3.142E-01	3.499E-01	0.126	34
afdb_O32224_v6	afdb_Q01693_v6	4.423E-01	2.157E-01	4.590E-01	0.301	44
afdb_O32224_v6	afdb_P14779_v6	5.291E-01	1.260E-01	7.143E-01	0.537	52
afdb_O32224_v6	afdb_O59791_v6	3.779E-01	2.753E-01	4.153E-01	0.164	37
afdb_O32224_v6	afdb_P09598_v6	3.612E-01	2.885E-01	3.730E-01	0.150	36
afdb_O32224_v6	afdb_Q9FEW9_v6	4.005E-01	2.486E-01	4.100E-01	0.214	40
afdb_O32224_v6	afdb_P06721_v6	4.041E-01	2.442E-01	5.403E-01	0.214	40
afdb_O32224_v6	afdb_P03958_v6	3.805E-01	2.673E-01	3.829E-01	0.179	38
afdb_O32224_v6	afdb_Q6YBS3_v6	4.562E-01	1.892E-01	4.578E-01	0.326	45
afdb_O32224_v6	afdb_P16932_v6	4.061E-01	2.374E-01	4.216E-01	0.214	40
afdb_O32224_v6	afdb_P0A6G7_v6	3.191E-01	3.234E-01	4.081E-01	0.098	31
afdb_O32224_v6	afdb_P77444_v6	4.050E-01	2.366E-01	5.593E-01	0.214	40
afdb_O32224_v6	afdb_P00935_v6	3.967E-01	2.446E-01	5.364E-01	0.196	39
afdb_O32224_v6	afdb_P12995_v6	4.035E-01	2.369E-01	4.371E-01	0.214	40
afdb_O32224_v6	afdb_P71119_v6	3.166E-01	3.126E-01	3.309E-01	0.098	31
afdb_O32224_v6	afdb_Q6LZM9_v6	3.971E-01	2.265E-01	4.683E-01	0.196	39
afdb_O32224_v6	afdb_Q6UV28_v6	2.707E-01	3.469E-01	4.225E-01	0.069	27
afdb_O32224_v6	afdb_P00455_v6	3.689E-01	2.413E-01	3.728E-01	0.150	36
afdb_O32224_v6	afdb_P03007_v6	3.170E-01	2.891E-01	3.531E-01	0.098	31
afdb_O32224_v6	afdb_P00860_v6	3.869E-01	2.159E-01	4.258E-01	0.179	38
afdb_O32224_v6	afdb_P28796_v6	3.884E-01	2.084E-01	4.096E-01	0.179	38
afdb_O32224_v6	afdb_P00914_v6	3.910E-01	2.025E-01	4.558E-01	0.196	39
afdb_O32224_v6	afdb_Q7ZAG8_v6	3.647E-01	2.272E-01	3.674E-01	0.150	36
afdb_O32224_v6	afdb_P0A6T5_v6	3.007E-01	2.902E-01	3.426E-01	0.090	30
afdb_O32224_v6	afdb_P40859_v6	3.557E-01	2.317E-01	3.659E-01	0.138	35
afdb_O32224_v6	afdb_P25910_v6	3.067E-01	2.772E-01	3.332E-01	0.090	30
afdb_O32224_v6	afdb_P16099_v6	4.207E-01	1.609E-01	4.328E-01	0.254	42
afdb_O32224_v6	afdb_P05414_v6	3.451E-01	2.371E-01	3.469E-01	0.126	34
afdb_O32224_v6	afdb_Q9NPB1_v6	2.981E-01	2.822E-01	3.178E-01	0.082	29
afdb_O32224_v6	afdb_P42593_v6	4.129E-01	1.662E-01	4.517E-01	0.233	41
afdb_O32224_v6	afdb_P15289_v6	3.773E-01	1.976E-01	3.777E-01	0.164	37
afdb_O32224_v6	afdb_P37062_v6	3.753E-01	1.959E-01	3.783E-01	0.164	37
afdb_O32224_v6	afdb_P27487_v6	4.168E-01	1.519E-01	4.182E-01	0.233	41
afdb_O32224_v6	afdb_P08165_v6	3.698E-01	1.951E-01	3.827E-01	0.150	36
afdb_O32224_v6	afdb_P0AB77_v6	3.436E-01	2.208E-01	3.592E-01	0.126	34
afdb_O32224_v6	afdb_P0A9P4_v6	3.226E-01	2.409E-01	3.236E-01	0.106	32
afdb_O32224_v6	afdb_P21179_v6	4.234E-01	1.394E-01	6.030E-01	0.254	42
afdb_O32224_v6	afdb_P52700_v6	3.138E-01	2.479E-01	3.322E-01	0.098	31
afdb_O32224_v6	afdb_F8W4B7_v6	4.457E-01	1.152E-01	4.473E-01	0.301	44
afdb_O32224_v6	afdb_P04190_v6	2.991E-01	2.636E-01	3.272E-01	0.082	29
afdb_O32224_v6	afdb_Q00441_v6	3.448E-01	2.159E-01	3.906E-01	0.126	34
afdb_O32224_v6	afdb_P56218_v6	3.043E-01	2.455E-01	3.120E-01	0.090	30
afdb_O32224_v6	afdb_P80324_v6	3.250E-01	2.132E-01	3.261E-01	0.106	32
afdb_O32224_v6	afdb_P00175_v6	3.629E-01	1.599E-01	3.759E-01	0.150	36
afdb_O32224_v6	afdb_P21327_v6	3.097E-01	1.943E-01	3.595E-01	0.090	30
afdb_O32224_v6	afdb_P00800_v6	3.354E-01	1.677E-01	3.490E-01	0.116	33
afdb_O32224_v6	afdb_P46076_v6	2.918E-01	2.021E-01	3.190E-01	0.082	29
afdb_O32224_v6	afdb_Q28943_v6	3.803E-01	1.131E-01	3.815E-01	0.179	38
afdb_O32224_v6	afdb_P48534_v6	2.578E-01	2.290E-01	2.868E-01	0.057	25
afdb_O32224_v6	afdb_O33199_v6	2.411E-01	2.443E-01	2.881E-01	0.051	24
afdb_O32224_v6	afdb_P83788_v6	2.974E-01	1.822E-01	3.211E-01	0.082	29
afdb_O32224_v6	afdb_A0A0C6DRW4_v6	2.858E-01	1.863E-01	2.969E-01	0.076	28
afdb_O32224_v6	afdb_Q7SID9_v6	3.117E-01	1.563E-01	3.200E-01	0.098	31
afdb_O32224_v6	afdb_Q9AGP8_v6	3.439E-01	1.175E-01	3.660E-01	0.126	34
afdb_O32224_v6	afdb_P81054_v6	2.717E-01	1.897E-01	2.992E-01	0.069	27
afdb_O32224_v6	afdb_Q05755_v6	3.812E-01	7.604E-02	3.942E-01	0.179	38
afdb_O32224_v6	afdb_P00777_v6	2.544E-01	2.027E-01	2.963E-01	0.057	25
afdb_O32224_v6	afdb_P55038_v6	3.681E-01	7.611E-02	3.941E-01	0.150	36
afdb_O32224_v6	afdb_P40881_v6	2.332E-01	2.103E-01	2.355E-01	0.045	23
afdb_O32224_v6	afdb_Q56839_v6	2.876E-01	1.528E-01	3.078E-01	0.076	28
afdb_O32224_v6	afdb_P00392_v6	2.913E-01	1.427E-01	3.378E-01	0.082	29
afdb_O65201_v6	afdb_A0A0C6DRW4_v6	4.936E-01	7.818E-01	8.243E-01	0.442	49
afdb_O65201_v6	afdb_P00489_v6	3.171E-01	2.719E-01	3.782E-01	0.098	31
afdb_O65201_v6	afdb_P00396_v6	2.564E-01	3.231E-01	3.328E-01	0.057	25
afdb_O65201_v6	afdb_P71119_v6	1.639E-01	4.065E-01	4.722E-01	0.014	16
afdb_O65201_v6	afdb_Q50925_v6	2.635E-01	3.051E-01	4.141E-01	0.063	26
afdb_O65201_v6	afdb_P05414_v6	2.152E-01	3.450E-01	3.801E-01	0.034	21
afdb_O65201_v6	afdb_P81054_v6	2.092E-01	3.521E-01	3.781E-01	0.029	20
afdb_O65201_v6	afdb_Q9FEW9_v6	2.175E-01	3.359E-01	3.784E-01	0.034	21
afdb_O65201_v6	afdb_Q6LZM9_v6	2.277E-01	3.185E-01	3.319E-01	0.040	22
afdb_O65201_v6	afdb_P16099_v6	2.767E-01	2.656E-01	2.949E-01	0.069	27
afdb_O65201_v6	afdb_Q6YBS3_v6	2.612E-01	2.782E-01	3.102E-01	0.063	26
afdb_O65201_v6	afdb_P00800_v6	2.452E-01	2.911E-01	2.981E-01	0.051	24
afdb_O65201_v6	afdb_P09598_v6	1.777E-01	3.563E-01	3.754E-01	0.016	17
afdb_O65201_v6	afdb_P48534_v6	1.671E-01	3.646E-01	4.078E-01	0.014	16
afdb_O65201_v6	afdb_P22394_v6	2.444E-01	2.848E-01	2.959E-01	0.051	24
afdb_O65201_v6	afdb_P53608_v6	1.794E-01	3.482E-01	3.736E-01	0.016	17
afdb_O65201_v6	afdb_P00455_v6	2.025E-01	3.220E-01	3.400E-01	0.029	20
afdb_O65201_v6	afdb_P83686_v6	1.736E-01	3.506E-01	3.569E-01	0.016	17
afdb_O65201_v6	afdb_Q05755_v6	3.388E-01	1.843E-01	3.613E-01	0.116	33
afdb_O65201_v6	afdb_P0AB77_v6	2.047E-01	3.164E-01	3.487E-01	0.029	20
afdb_O65201_v6	afdb_P83772_v6	1.692E-01	3.514E-01	3.774E-01	0.014	16
afdb_O65201_v6	afdb_Q05769_v6	2.468E-01	2.732E-01	3.032E-01	0.051	24
afdb_O65201_v6	afdb_Q7SID9_v6	2.418E-01	2.791E-01	3.176E-01	0.051	24
afdb_O65201_v6	afdb_P0A6T5_v6	1.534E-01	3.652E-01	3.838E-01	0.011	15
afdb_O65201_v6	afdb_P00175_v6	2.442E-01	2.743E-01	2.823E-01	0.051	24
afdb_O65201_v6	afdb_P46076_v6	1.954E-01	3.220E-01	3.439E-01	0.024	19
afdb_O65201_v6	afdb_P27487_v6	2.651E-01	2.453E-01	2.962E-01	0.063	26
afdb_O65201_v6	afdb_Q00441_v6	2.051E-01	3.054E-01	3.081E-01	0.029	20
afdb_O65201_v6	afdb_P83788_v6	2.075E-01	3.027E-01	3.069E-01	0.029	20
afdb_O65201_v6	afdb_P24630_v6	2.110E-01	2.990E-01	2.995E-01	0.034	21
afdb_O65201_v6	afdb_P03958_v6	1.891E-01	3.185E-01	3.193E-01	0.020	18
afdb_O65201_v6	afdb_P42593_v6	2.507E-01	2.560E-01	2.800E-01	0.057	25
afdb_O65201_v6	afdb_O16025_v6	2.966E-01	2.090E-01	3.325E-01	0.082	29
afdb_O65201_v6	afdb_P05725_v6	1.261E-01	3.786E-01	3.816E-01	0.008	12
afdb_O65201_v6	afdb_Q01693_v6	2.221E-01	2.815E-01	2.947E-01	0.040	22
afdb_O65201_v6	afdb_Q9NPB1_v6	1.522E-01	3.513E-01	3.894E-01	0.011	15
afdb_O65201_v6	afdb_P25910_v6	1.581E-01	3.442E-01	3.619E-01	0.011	15
afdb_O65201_v6	afdb_Q6UV28_v6	1.082E-01	3.930E-01	4.969E-01	0.000	10
afdb_O65201_v6	afdb_P30122_v6	2.375E-01	2.641E-01	3.137E-01	0.045	23
afdb_O65201_v6	afdb_P0A6K3_v6	1.238E-01	3.762E-01	3.777E-01	0.008	12
afdb_O65201_v6	afdb_Q02899_v6	1.981E-01	2.968E-01	3.136E-01	0.024	19
afdb_O65201_v6	afdb_Q3HWU8_v6	1.603E-01	3.327E-01	3.826E-01	0.014	16
afdb_O65201_v6	afdb_Q945K2_v6	2.268E-01	2.649E-01	2.779E-01	0.040	22
afdb_O65201_v6	afdb_P00914_v6	2.092E-01	2.812E-01	3.055E-01	0.029	20
afdb_O65201_v6	afdb_Q58989_v6	1.430E-01	3.469E-01	3.502E-01	0.010	14
afdb_O65201_v6	afdb_P08473_v6	2.515E-01	2.369E-01	2.728E-01	0.057	25
afdb_O65201_v6	afdb_P00388_v6	2.420E-01	2.453E-01	2.552E-01	0.051	24
afdb_O65201_v6	afdb_P27170_v6	1.849E-01	3.018E-01	3.319E-01	0.020	18
afdb_O65201_v6	afdb_P12995_v6	1.998E-01	2.860E-01	2.865E-01	0.024	19
afdb_O65201_v6	afdb_P77444_v6	1.958E-01	2.889E-01	2.904E-01	0.024	19
afdb_O65201_v6	afdb_P06621_v6	1.953E-01	2.880E-01	3.641E-01	0.024	19
afdb_O65201_v6	afdb_P24474_v6	2.217E-01	2.562E-01	2.700E-01	0.040	22
afdb_O65201_v6	afdb_P08373_v6	1.770E-01	2.936E-01	3.022E-01	0.016	17
afdb_O65201_v6	afdb_P15917_v6	2.488E-01	2.220E-01	2.753E-01	0.051	24
afdb_O65201_v6	afdb_P22637_v6	2.142E-01	2.543E-01	3.276E-01	0.034	21
afdb_O65201_v6	afdb_P18314_v6	2.168E-01	2.506E-01	2.522E-01	0.034	21
afdb_O65201_v6	afdb_P00392_v6	2.138E-01	2.512E-01	3.105E-01	0.034	21
afdb_O65201_v6	afdb_P00592_v6	1.069E-01	3.556E-01	3.850E-01	0.000	10
afdb_O65201_v6	afdb_P37062_v6	1.928E-01	2.658E-01	2.788E-01	0.024	19
afdb_O65201_v6	afdb_P08165_v6	2.014E-01	2.566E-01	2.843E-01	0.029	20
afdb_O65201_v6	afdb_P12821_v6	2.816E-01	1.741E-01	3.054E-01	0.076	28
afdb_O65201_v6	afdb_P30850_v6	2.218E-01	2.334E-01	2.720E-01	0.040	22
afdb_O65201_v6	afdb_P00918_v6	1.458E-01	3.069E-01	3.182E-01	0.010	14
afdb_O65201_v6	afdb_P21836_v6	2.159E-01	2.357E-01	2.637E-01	0.034	21
afdb_O65201_v6	afdb_P35049_v6	1.403E-01	3.089E-01	3.322E-01	0.010	14
afdb_O65201_v6	afdb_P00777_v6	1.558E-01	2.923E-01	3.398E-01	0.011	15
afdb_O65201_v6	afdb_P22266_v6	1.640E-01	2.745E-01	2.988E-01	0.014	16
afdb_O65201_v6	afdb_P14779_v6	2.501E-01	1.827E-01	2.717E-01	0.057	25
afdb_O65201_v6	afdb_F8W4B7_v6	2.470E-01	1.754E-01	3.051E-01	0.051	24
afdb_O65201_v6	afdb_Q28943_v6	2.378E-01	1.781E-01	2.552E-01	0.045	23
afdb_O65201_v6	afdb_O13297_v6	1.709E-01	2.014E-01	2.256E-01	0.014	16
afdb_P00393_v6	afdb_Q7ZAG8_v6	7.493E-01	7.907E-01	7.978E-01	0.961	74
afdb_P00393_v6	afdb_P37062_v6	7.258E-01	7.061E-01	7.999E-01	0.949	72
afdb_P00393_v6	afdb_P0A9P4_v6	5.702E-01	7.496E-01	7.713E-01	0.663	56
afdb_P00393_v6	afdb_Q56839_v6	6.805E-01	5.726E-01	7.362E-01	0.912	68
afdb_P00393_v6	afdb_P00392_v6	6.791E-01	5.361E-01	7.328E-01	0.900	67
afdb_P00393_v6	afdb_P08165_v6	5.719E-01	5.142E-01	5.730E-01	0.692	57
afdb_P00393_v6	afdb_Q28943_v6	5.851E-01	2.709E-01	5.862E-01	0.720	58
afdb_P00393_v6	afdb_P42593_v6	5.054E-01	3.412E-01	6.998E-01	0.473	50
afdb_P00393_v6	afdb_P16099_v6	5.036E-01	3.158E-01	6.549E-01	0.473	50
afdb_P00393_v6	afdb_P10902_v6	4.365E-01	3.617E-01	5.238E-01	0.277	43
afdb_P00393_v6	afdb_P22637_v6	4.294E-01	3.490E-01	5.133E-01	0.254	42
afdb_P00393_v6	afdb_P40859_v6	3.566E-01	3.879E-01	4.152E-01	0.138	35
afdb_P00393_v6	afdb_Q945K2_v6	4.035E-01	3.266E-01	4.777E-01	0.214	40
afdb_P00393_v6	afdb_P80324_v6	3.287E-01	3.763E-01	3.897E-01	0.106	32
afdb_P00393_v6	afdb_P0A1E3_v6	3.077E-01	3.905E-01	3.982E-01	0.090	30
afdb_P00393_v6	afdb_O59791_v6	2.995E-01	3.792E-01	3.860E-01	0.082	29
afdb_P00393_v6	afdb_P24630_v6	3.268E-01	3.274E-01	3.438E-01	0.106	32
afdb_P00393_v6	afdb_P77444_v6	3.183E-01	3.338E-01	3.544E-01	0.098	31
afdb_P00393_v6	afdb_P16932_v6	3.251E-01	3.257E-01	3.512E-01	0.106	32
afdb_P00393_v6	afdb_P05521_v6	2.844E-01	3.654E-01	3.953E-01	0.076	28
afdb_P00393_v6	afdb_P12995_v6	3.201E-01	3.228E-01	3.643E-01	0.106	32
afdb_P00393_v6	afdb_P28796_v6	3.296E-01	3.134E-01	3.351E-01	0.106	32
afdb_P00393_v6	afdb_Q58989_v6	2.255E-01	4.141E-01	4.157E-01	0.040	22
afdb_P00393_v6	afdb_Q3HWU8_v6	2.631E-01	3.653E-01	3.844E-01	0.063	26
afdb_P00393_v6	afdb_Q9FEW9_v6	3.026E-01	3.224E-01	3.345E-01	0.090	30
afdb_P00393_v6	afdb_P09184_v6	1.916E-01	4.186E-01	4.697E-01	0.024	19
afdb_P00393_v6	afdb_P16444_v6	2.974E-01	3.095E-01	3.412E-01	0.082	29
afdb_P00393_v6	afdb_Q9UMR5_v6	2.613E-01	3.451E-01	3.705E-01	0.063	26
afdb_P00393_v6	afdb_Q8RB32_v6	2.386E-01	3.672E-01	3.683E-01	0.045	23
afdb_P00393_v6	afdb_P22266_v6	2.769E-01	3.269E-01	3.619E-01	0.069	27
afdb_P00393_v6	afdb_P83788_v6	2.972E-01	3.053E-01	3.194E-01	0.082	29
afdb_P00393_v6	afdb_Q00017_v6	2.361E-01	3.656E-01	4.184E-01	0.045	23
afdb_P00393_v6	afdb_Q9AGP8_v6	3.797E-01	2.201E-01	4.176E-01	0.164	37
afdb_P00393_v6	afdb_O58727_v6	1.980E-01	3.993E-01	4.010E-01	0.024	19
afdb_P00393_v6	afdb_P45478_v6	2.586E-01	3.337E-01	3.553E-01	0.057	25
afdb_P00393_v6	afdb_P05414_v6	2.776E-01	3.110E-01	3.636E-01	0.069	27
afdb_P00393_v6	afdb_P00860_v6	2.979E-01	2.851E-01	3.216E-01	0.082	29
afdb_P00393_v6	afdb_P96965_v6	2.494E-01	3.342E-01	3.596E-01	0.051	24
afdb_P00393_v6	afdb_P09030_v6	2.435E-01	3.396E-01	3.469E-01	0.051	24
afdb_P00393_v6	afdb_P37967_v6	3.034E-01	2.781E-01	3.473E-01	0.090	30
afdb_P00393_v6	afdb_P22394_v6	3.179E-01	2.628E-01	3.625E-01	0.098	31
afdb_P00393_v6	afdb_P0AB77_v6	2.814E-01	2.990E-01	3.112E-01	0.076	28
afdb_P00393_v6	afdb_P53608_v6	2.478E-01	3.319E-01	3.543E-01	0.051	24
afdb_P00393_v6	afdb_P04190_v6	2.337E-01	3.443E-01	3.673E-01	0.045	23
afdb_P00393_v6	afdb_Q6LZM9_v6	2.893E-01	2.884E-01	3.048E-01	0.076	28
afdb_P00393_v6	afdb_P00935_v6	2.749E-01	2.997E-01	3.557E-01	0.069	27
afdb_P00393_v6	afdb_Q29460_v6	2.191E-01	3.508E-01	3.791E-01	0.034	21
afdb_P00393_v6	afdb_Q02899_v6	2.761E-01	2.917E-01	3.128E-01	0.069	27
afdb_P00393_v6	afdb_Q9L9D7_v6	3.142E-01	2.528E-01	3.373E-01	0.098	31
afdb_P00393_v6	afdb_P83686_v6	2.320E-01	3.358E-01	4.264E-01	0.045	23
afdb_P00393_v6	afdb_P21836_v6	3.204E-01	2.460E-01	3.786E-01	0.106	32
afdb_P00393_v6	afdb_P15289_v6	2.979E-01	2.681E-01	2.984E-01	0.082	29
afdb_P00393_v6	afdb_P06721_v6	2.708E-01	2.898E-01	3.443E-01	0.069	27
afdb_P00393_v6	afdb_Q6YBS3_v6	3.163E-01	2.357E-01	3.536E-01	0.098	31
afdb_P00393_v6	afdb_P00914_v6	2.825E-01	2.660E-01	3.365E-01	0.076	28
afdb_P00393_v6	afdb_P00489_v6	3.391E-01	2.069E-01	3.601E-01	0.116	33
afdb_P00393_v6	afdb_P25910_v6	2.196E-01	3.263E-01	3.411E-01	0.034	21
afdb_P00393_v6	afdb_P27487_v6	3.298E-01	2.143E-01	3.433E-01	0.106	32
afdb_P00393_v6	afdb_P00455_v6	2.538E-01	2.895E-01	4.056E-01	0.057	25
afdb_P00393_v6	afdb_P37957_v6	2.024E-01	3.397E-01	3.713E-01	0.029	20
afdb_P00393_v6	afdb_P08819_v6	2.729E-01	2.684E-01	2.960E-01	0.069	27
afdb_P00393_v6	afdb_P52700_v6	2.296E-01	3.103E-01	3.382E-01	0.040	22
afdb_P00393_v6	afdb_Q16775_v6	2.356E-01	3.038E-01	3.294E-01	0.045	23
afdb_P00393_v6	afdb_Q75WN8_v6	2.289E-01	3.079E-01	3.160E-01	0.040	22
afdb_P00393_v6	afdb_P43099_v6	3.179E-01	2.135E-01	3.832E-01	0.098	31
afdb_P00393_v6	afdb_P00175_v6	2.967E-01	2.322E-01	3.169E-01	0.082	29
afdb_P00393_v6	afdb_P03958_v6	2.389E-01	2.782E-01	3.141E-01	0.045	23
afdb_P00393_v6	afdb_P08148_v6	2.855E-01	2.255E-01	3.278E-01	0.076	28
afdb_P00393_v6	afdb_P39377_v6	2.457E-01	2.648E-01	2.740E-01	0.051	24
afdb_P00393_v6	afdb_Q05755_v6	3.709E-01	1.386E-01	3.950E-01	0.164	37
afdb_P00393_v6	afdb_P00388_v6	2.971E-01	2.117E-01	3.500E-01	0.082	29
afdb_P00393_v6	afdb_P83772_v6	2.096E-01	2.994E-01	3.103E-01	0.029	20
afdb_P00393_v6	afdb_P0A6C1_v6	2.168E-01	2.894E-01	3.077E-01	0.034	21
afdb_P00393_v6	afdb_P56216_v6	2.754E-01	2.293E-01	2.840E-01	0.069	27
afdb_P00393_v6	afdb_P0A6T5_v6	1.911E-01	3.112E-01	3.226E-01	0.024	19
afdb_P00393_v6	afdb_P04042_v6	2.317E-01	2.701E-01	2.851E-01	0.045	23
afdb_P00393_v6	afdb_P27170_v6	2.331E-01	2.652E-01	2.929E-01	0.045	23
afdb_P00393_v6	afdb_P24474_v6	2.723E-01	2.230E-01	2.984E-01	0.069	27
afdb_P00393_v6	afdb_P30850_v6	2.789E-01	2.104E-01	2.942E-01	0.069	27
afdb_P00393_v6	afdb_Q9NPB1_v6	1.894E-01	2.962E-01	3.118E-01	0.020	18
afdb_P00393_v6	afdb_P21327_v6	2.357E-01	2.487E-01	2.743E-01	0.045	23
afdb_P00393_v6	afdb_P21179_v6	2.912E-01	1.943E-01	3.099E-01	0.082	29
afdb_P00393_v6	afdb_O33199_v6	1.734E-01	2.946E-01	3.035E-01	0.016	17
afdb_P00393_v6	afdb_P81054_v6	2.111E-01	2.488E-01	2.607E-01	0.034	21
afdb_P00393_v6	afdb_Q9XBQ8_v6	2.250E-01	2.320E-01	3.248E-01	0.040	22
afdb_P00393_v6	afdb_P14779_v6	3.010E-01	1.528E-01	3.049E-01	0.090	30
afdb_P00393_v6	afdb_P35049_v6	1.791E-01	2.657E-01	3.004E-01	0.016	17
afdb_P00393_v6	afdb_P55038_v6	3.209E-01	1.210E-01	3.243E-01	0.106	32
afdb_P00393_v6	afdb_P0CE47_v6	2.135E-01	2.280E-01	2.680E-01	0.034	21
afdb_P00393_v6	afdb_P0A6K3_v6	1.440E-01	2.899E-01	2.911E-01	0.010	14
afdb_P00393_v6	afdb_P29183_v6	2.208E-01	2.118E-01	2.667E-01	0.040	22
afdb_P00393_v6	afdb_F8W4B7_v6	2.731E-01	1.402E-01	2.735E-01	0.069	27
afdb_P00393_v6	afdb_O13297_v6	2.155E-01	1.825E-01	2.944E-01	0.034	21
afdb_P00393_v6	afdb_P12821_v6	2.705E-01	1.135E-01	2.931E-01	0.069	27
afdb_P05982_v6	afdb_P37957_v6	4.000E-01	4.904E-01	5.543E-01	0.196	39
afdb_P05982_v6	afdb_Q00017_v6	4.185E-01	4.479E-01	4.679E-01	0.233	41
afdb_P05982_v6	afdb_P04042_v6	4.710E-01	3.865E-01	4.724E-01	0.382	47
afdb_P05982_v6	afdb_Q29460_v6	3.984E-01	4.517E-01	5.477E-01	0.196	39
afdb_P05982_v6	afdb_O58727_v6	3.271E-01	4.540E-01	4.559E-01	0.106	32
afdb_P05982_v6	afdb_P22266_v6	4.243E-01	3.562E-01	4.993E-01	0.254	42
afdb_P05982_v6	afdb_Q9UMR5_v6	4.031E-01	3.747E-01	4.786E-01	0.214	40
afdb_P05982_v6	afdb_Q3HWU8_v6	3.893E-01	3.869E-01	4.700E-01	0.179	38
afdb_P05982_v6	afdb_P37967_v6	4.683E-01	3.011E-01	4.864E-01	0.353	46
afdb_P05982_v6	afdb_P83772_v6	3.766E-01	3.924E-01	4.470E-01	0.164	37
afdb_P05982_v6	afdb_P96965_v6	3.841E-01	3.753E-01	4.614E-01	0.179	38
afdb_P05982_v6	afdb_P45478_v6	3.951E-01	3.639E-01	4.672E-01	0.196	39
afdb_P05982_v6	afdb_Q75WN8_v6	3.791E-01	3.672E-01	4.544E-01	0.164	37
afdb_P05982_v6	afdb_P05521_v6	3.839E-01	3.542E-01	4.498E-01	0.179	38
afdb_P05982_v6	afdb_P53608_v6	3.756E-01	3.515E-01	4.512E-01	0.164	37
afdb_P05982_v6	afdb_P0CE47_v6	4.148E-01	3.066E-01	5.469E-01	0.233	41
afdb_P05982_v6	afdb_P22394_v6	4.530E-01	2.629E-01	4.694E-01	0.326	45
afdb_P05982_v6	afdb_P21836_v6	4.570E-01	2.464E-01	4.735E-01	0.326	45
afdb_P05982_v6	afdb_Q58989_v6	3.136E-01	3.853E-01	3.868E-01	0.098	31
afdb_P05982_v6	afdb_P08819_v6	4.140E-01	2.831E-01	4.151E-01	0.233	41
afdb_P05982_v6	afdb_Q12178_v6	2.643E-01	3.950E-01	4.433E-01	0.063	26
afdb_P05982_v6	afdb_P29183_v6	3.917E-01	2.594E-01	3.938E-01	0.196	39
afdb_P05982_v6	afdb_P0A6T5_v6	3.030E-01	3.481E-01	3.492E-01	0.090	30
afdb_P05982_v6	afdb_Q9L9D7_v6	4.132E-01	2.335E-01	4.242E-01	0.233	41
afdb_P05982_v6	afdb_Q6YBS3_v6	4.254E-01	2.200E-01	4.298E-01	0.254	42
afdb_P05982_v6	afdb_P0A6G7_v6	2.866E-01	3.520E-01	4.518E-01	0.076	28
afdb_P05982_v6	afdb_P03958_v6	3.458E-01	2.870E-01	4.010E-01	0.126	34
afdb_P05982_v6	afdb_P0A6C1_v6	3.201E-01	3.119E-01	3.703E-01	0.106	32
afdb_P05982_v6	afdb_P00489_v6	4.556E-01	1.742E-01	5.416E-01	0.326	45
afdb_P05982_v6	afdb_Q02899_v6	3.524E-01	2.675E-01	4.108E-01	0.138	35
afdb_P05982_v6	afdb_P05414_v6	3.398E-01	2.803E-01	3.483E-01	0.116	33
afdb_P05982_v6	afdb_P0A1E3_v6	3.250E-01	2.878E-01	4.122E-01	0.106	32
afdb_P05982_v6	afdb_P16444_v6	3.509E-01	2.612E-01	3.571E-01	0.138	35
afdb_P05982_v6	afdb_Q9FEW9_v6	3.479E-01	2.628E-01	3.481E-01	0.126	34
afdb_P05982_v6	afdb_P39377_v6	3.437E-01	2.638E-01	4.013E-01	0.126	34
afdb_P05982_v6	afdb_P0AB77_v6	3.435E-01	2.602E-01	3.546E-01	0.126	34
afdb_P05982_v6	afdb_Q8RB32_v6	2.893E-01	3.134E-01	3.467E-01	0.076	28
afdb_P05982_v6	afdb_P00935_v6	3.374E-01	2.635E-01	3.382E-01	0.116	33
afdb_P05982_v6	afdb_P24630_v6	3.481E-01	2.490E-01	3.601E-01	0.126	34
afdb_P05982_v6	afdb_P25910_v6	2.880E-01	3.072E-01	3.471E-01	0.076	28
afdb_P05982_v6	afdb_P03007_v6	2.819E-01	3.073E-01	3.769E-01	0.076	28
afdb_P05982_v6	afdb_Q6LZM9_v6	3.435E-01	2.440E-01	3.533E-01	0.126	34
afdb_P05982_v6	afdb_Q9XBQ8_v6	3.362E-01	2.435E-01	3.662E-01	0.116	33
afdb_P05982_v6	afdb_P16932_v6	3.370E-01	2.396E-01	3.673E-01	0.116	33
afdb_P05982_v6	afdb_P16099_v6	3.924E-01	1.841E-01	3.934E-01	0.196	39
afdb_P05982_v6	afdb_P80324_v6	3.222E-01	2.535E-01	3.833E-01	0.106	32
afdb_P05982_v6	afdb_F8W4B7_v6	4.309E-01	1.444E-01	4.436E-01	0.277	43
afdb_P05982_v6	afdb_P12995_v6	3.344E-01	2.406E-01	3.449E-01	0.116	33
afdb_P05982_v6	afdb_P00860_v6	3.410E-01	2.301E-01	3.829E-01	0.126	34
afdb_P05982_v6	afdb_P83686_v6	2.848E-01	2.862E-01	2.891E-01	0.076	28
afdb_P05982_v6	afdb_P10902_v6	3.534E-01	2.174E-01	3.608E-01	0.138	35
afdb_P05982_v6	afdb_P48534_v6	2.759E-01	2.939E-01	3.203E-01	0.069	27
afdb_P05982_v6	afdb_P00396_v6	3.474E-01	2.222E-01	3.570E-01	0.126	34
afdb_P05982_v6	afdb_P42593_v6	3.792E-01	1.894E-01	3.802E-01	0.164	37
afdb_P05982_v6	afdb_P14779_v6	4.299E-01	1.290E-01	6.999E-01	0.254	42
afdb_P05982_v6	afdb_P18314_v6	3.485E-01	2.089E-01	3.494E-01	0.126	34
afdb_P05982_v6	afdb_P83788_v6	3.227E-01	2.300E-01	4.776E-01	0.106	32
afdb_P05982_v6	afdb_Q01693_v6	3.357E-01	2.125E-01	3.914E-01	0.116	33
afdb_P05982_v6	afdb_Q9AGP8_v6	3.871E-01	1.559E-01	3.882E-01	0.179	38
afdb_P05982_v6	afdb_Q9NPB1_v6	2.531E-01	2.877E-01	3.301E-01	0.057	25
afdb_P05982_v6	afdb_P00455_v6	2.906E-01	2.351E-01	2.936E-01	0.082	29
afdb_P05982_v6	afdb_P28796_v6	3.132E-01	2.084E-01	3.747E-01	0.098	31
afdb_P05982_v6	afdb_P27487_v6	3.616E-01	1.593E-01	4.242E-01	0.150	36
afdb_P05982_v6	afdb_Q7ZAG8_v6	2.972E-01	2.172E-01	3.588E-01	0.082	29
afdb_P05982_v6	afdb_P37062_v6	2.996E-01	2.126E-01	3.113E-01	0.082	29
afdb_P05982_v6	afdb_P19938_v6	2.566E-01	2.514E-01	2.632E-01	0.057	25
afdb_P05982_v6	afdb_P08165_v6	3.131E-01	1.942E-01	3.706E-01	0.098	31
afdb_P05982_v6	afdb_P09598_v6	2.556E-01	2.510E-01	3.075E-01	0.057	25
afdb_P05982_v6	afdb_P00175_v6	3.174E-01	1.829E-01	3.360E-01	0.098	31
afdb_P05982_v6	afdb_P00914_v6	2.973E-01	1.998E-01	3.024E-01	0.082	29
afdb_P05982_v6	afdb_P40859_v6	2.774E-01	2.170E-01	2.884E-01	0.069	27
afdb_P05982_v6	afdb_P55038_v6	3.989E-01	9.218E-02	4.118E-01	0.196	39
afdb_P05982_v6	afdb_Q05755_v6	3.898E-01	9.875E-02	3.908E-01	0.179	38
afdb_P05982_v6	afdb_P40881_v6	2.349E-01	2.521E-01	2.686E-01	0.045	23
afdb_P05982_v6	afdb_P00392_v6	3.013E-01	1.846E-01	3.085E-01	0.090	30
afdb_P05982_v6	afdb_Q05769_v6	3.024E-01	1.702E-01	3.162E-01	0.090	30
afdb_P05982_v6	afdb_P52700_v6	2.395E-01	2.312E-01	2.688E-01	0.045	23
afdb_P05982_v6	afdb_P24474_v6	2.951E-01	1.735E-01	3.085E-01	0.082	29
afdb_P05982_v6	afdb_Q56839_v6	2.865E-01	1.805E-01	2.879E-01	0.076	28
afdb_P05982_v6	afdb_P00388_v6	3.042E-01	1.592E-01	3.137E-01	0.090	30
afdb_P05982_v6	afdb_P0A9P4_v6	2.400E-01	2.154E-01	2.708E-01	0.051	24
afdb_P05982_v6	afdb_Q28943_v6	3.332E-01	1.141E-01	3.341E-01	0.116	33
afdb_P05982_v6	afdb_P21179_v6	2.932E-01	1.392E-01	3.029E-01	0.082	29
afdb_P05982_v6	afdb_P81054_v6	2.317E-01	1.961E-01	2.593E-01	0.045	23
afdb_P05982_v6	afdb_P46076_v6	2.308E-01	1.958E-01	2.379E-01	0.045	23
afdb_P05982_v6	afdb_P15917_v6	2.711E-01	1.223E-01	2.779E-01	0.069	27
afdb_P05982_v6	afdb_O13297_v6	2.276E-01	1.354E-01	2.294E-01	0.040	22
afdb_P08503_v6	afdb_A0A0C6DRW4_v6	8.046E-01	8.117E-01	8.282E-01	0.984	80
afdb_P08503_v6	afdb_P05725_v6	2.107E-01	4.251E-01	4.285E-01	0.034	21
afdb_P08503_v6	afdb_Q29460_v6	2.469E-01	3.869E-01	3.881E-01	0.051	24
afdb_P08503_v6	afdb_P53608_v6	2.692E-01	3.509E-01	3.830E-01	0.063	26
afdb_P08503_v6	afdb_Q16775_v6	2.627E-01	3.342E-01	3.686E-01	0.063	26
afdb_P08503_v6	afdb_P00489_v6	3.691E-01	2.159E-01	3.858E-01	0.150	36
afdb_P08503_v6	afdb_P25910_v6	2.361E-01	3.433E-01	3.534E-01	0.045	23
afdb_P08503_v6	afdb_P22637_v6	3.178E-01	2.606E-01	3.599E-01	0.098	31
afdb_P08503_v6	afdb_P00766_v6	2.344E-01	3.436E-01	3.498E-01	0.045	23
afdb_P08503_v6	afdb_P0A6K3_v6	1.893E-01	3.866E-01	4.349E-01	0.020	18
afdb_P08503_v6	afdb_P83686_v6	2.427E-01	3.320E-01	3.413E-01	0.051	24
afdb_P08503_v6	afdb_P00914_v6	2.944E-01	2.722E-01	2.959E-01	0.082	29
afdb_P08503_v6	afdb_P46076_v6	2.645E-01	3.007E-01	3.069E-01	0.063	26
afdb_P08503_v6	afdb_P09598_v6	2.387E-01	3.229E-01	3.942E-01	0.045	23
afdb_P08503_v6	afdb_P16932_v6	2.829E-01	2.773E-01	3.003E-01	0.076	28
afdb_P08503_v6	afdb_P04190_v6	2.319E-01	3.281E-01	3.757E-01	0.045	23
afdb_P08503_v6	afdb_P71119_v6	2.104E-01	3.495E-01	3.790E-01	0.029	20
afdb_P08503_v6	afdb_P24630_v6	2.797E-01	2.748E-01	3.086E-01	0.069	27
afdb_P08503_v6	afdb_P81054_v6	2.598E-01	2.942E-01	3.006E-01	0.057	25
afdb_P08503_v6	afdb_P21179_v6	3.352E-01	2.177E-01	3.453E-01	0.116	33
afdb_P08503_v6	afdb_P48534_v6	2.243E-01	3.256E-01	3.319E-01	0.040	22
afdb_P08503_v6	afdb_P06621_v6	2.722E-01	2.750E-01	3.594E-01	0.069	27
afdb_P08503_v6	afdb_P00592_v6	1.581E-01	3.866E-01	4.383E-01	0.011	15
afdb_P08503_v6	afdb_Q6LZM9_v6	2.723E-01	2.657E-01	2.795E-01	0.069	27
afdb_P08503_v6	afdb_Q9UMR5_v6	2.347E-01	3.032E-01	3.569E-01	0.045	23
afdb_P08503_v6	afdb_P45478_v6	2.371E-01	3.013E-01	3.196E-01	0.045	23
afdb_P08503_v6	afdb_P21327_v6	2.643E-01	2.737E-01	2.864E-01	0.063	26
afdb_P08503_v6	afdb_P22266_v6	2.477E-01	2.887E-01	3.382E-01	0.051	24
afdb_P08503_v6	afdb_P23295_v6	2.630E-01	2.717E-01	3.060E-01	0.063	26
afdb_P08503_v6	afdb_P03958_v6	2.506E-01	2.842E-01	2.847E-01	0.057	25
afdb_P08503_v6	afdb_P12995_v6	2.685E-01	2.649E-01	3.108E-01	0.063	26
afdb_P08503_v6	afdb_Q945K2_v6	2.951E-01	2.360E-01	3.291E-01	0.082	29
afdb_P08503_v6	afdb_P21836_v6	2.992E-01	2.268E-01	3.123E-01	0.082	29
afdb_P08503_v6	afdb_Q56839_v6	2.830E-01	2.426E-01	3.027E-01	0.076	28
afdb_P08503_v6	afdb_Q6YBS3_v6	3.020E-01	2.191E-01	3.195E-01	0.090	30
afdb_P08503_v6	afdb_P24474_v6	2.888E-01	2.292E-01	2.928E-01	0.076	28
afdb_P08503_v6	afdb_P08148_v6	2.929E-01	2.262E-01	2.998E-01	0.082	29
afdb_P08503_v6	afdb_P05414_v6	2.483E-01	2.699E-01	3.030E-01	0.051	24
afdb_P08503_v6	afdb_P40859_v6	2.510E-01	2.644E-01	2.805E-01	0.057	25
afdb_P08503_v6	afdb_Q6UV28_v6	1.593E-01	3.552E-01	3.930E-01	0.011	15
afdb_P08503_v6	afdb_P05521_v6	2.293E-01	2.843E-01	2.847E-01	0.040	22
afdb_P08503_v6	afdb_P27170_v6	2.413E-01	2.711E-01	2.783E-01	0.051	24
afdb_P08503_v6	afdb_Q01693_v6	2.732E-01	2.379E-01	3.396E-01	0.069	27
afdb_P08503_v6	afdb_P00639_v6	2.201E-01	2.912E-01	2.945E-01	0.034	21
afdb_P08503_v6	afdb_Q50925_v6	2.843E-01	2.259E-01	3.110E-01	0.076	28
afdb_P08503_v6	afdb_Q75WN8_v6	2.203E-01	2.894E-01	3.248E-01	0.040	22
afdb_P08503_v6	afdb_P77444_v6	2.497E-01	2.564E-01	2.753E-01	0.051	24
afdb_P08503_v6	afdb_P83788_v6	2.515E-01	2.535E-01	2.803E-01	0.057	25
afdb_P08503_v6	afdb_O33199_v6	1.889E-01	3.160E-01	3.211E-01	0.020	18
afdb_P08503_v6	afdb_P06721_v6	2.456E-01	2.569E-01	2.714E-01	0.051	24
afdb_P08503_v6	afdb_Q7SID9_v6	2.763E-01	2.243E-01	3.128E-01	0.069	27
afdb_P08503_v6	afdb_P00800_v6	2.713E-01	2.251E-01	3.098E-01	0.069	27
afdb_P08503_v6	afdb_Q9NPB1_v6	1.878E-01	3.039E-01	3.274E-01	0.020	18
afdb_P08503_v6	afdb_Q9AGP8_v6	3.067E-01	1.851E-01	3.159E-01	0.090	30
afdb_P08503_v6	afdb_Q3HWU8_v6	2.094E-01	2.802E-01	2.846E-01	0.029	20
afdb_P08503_v6	afdb_P30850_v6	2.814E-01	2.038E-01	3.065E-01	0.076	28
afdb_P08503_v6	afdb_P37062_v6	2.474E-01	2.381E-01	2.775E-01	0.051	24
afdb_P08503_v6	afdb_P00935_v6	2.342E-01	2.486E-01	2.609E-01	0.045	23
afdb_P08503_v6	afdb_P29183_v6	2.491E-01	2.337E-01	2.880E-01	0.051	24
afdb_P08503_v6	afdb_P00388_v6	2.802E-01	1.977E-01	2.931E-01	0.076	28
afdb_P08503_v6	afdb_Q8RB32_v6	1.887E-01	2.888E-01	3.681E-01	0.020	18
afdb_P08503_v6	afdb_P0AB77_v6	2.325E-01	2.419E-01	2.863E-01	0.045	23
afdb_P08503_v6	afdb_P35049_v6	1.898E-01	2.752E-01	2.848E-01	0.020	18
afdb_P08503_v6	afdb_Q9FEW9_v6	2.269E-01	2.369E-01	2.709E-01	0.040	22
afdb_P08503_v6	afdb_O13297_v6	2.550E-01	2.072E-01	2.904E-01	0.057	25
afdb_P08503_v6	afdb_P27487_v6	2.826E-01	1.798E-01	2.856E-01	0.076	28
afdb_P08503_v6	afdb_Q05755_v6	3.347E-01	1.255E-01	3.448E-01	0.116	33
afdb_P08503_v6	afdb_P00175_v6	2.564E-01	2.014E-01	2.756E-01	0.057	25
afdb_P08503_v6	afdb_P08165_v6	2.389E-01	2.145E-01	2.428E-01	0.045	23
afdb_P08503_v6	afdb_P08473_v6	2.709E-01	1.791E-01	2.880E-01	0.069	27
afdb_P08503_v6	afdb_O16025_v6	3.070E-01	1.422E-01	3.326E-01	0.090	30
afdb_P08503_v6	afdb_F8W4B7_v6	3.035E-01	1.448E-01	3.105E-01	0.090	30
afdb_P08503_v6	afdb_P12821_v6	3.168E-01	1.290E-01	3.229E-01	0.098	31
afdb_P08503_v6	afdb_Q28943_v6	2.936E-01	1.478E-01	3.080E-01	0.082	29
afdb_P08503_v6	afdb_P00777_v6	1.928E-01	2.453E-01	2.791E-01	0.024	19
afdb_P08503_v6	afdb_P09883_v6	2.440E-01	1.920E-01	2.511E-01	0.051	24
afdb_P08503_v6	afdb_P15917_v6	2.667E-01	1.652E-01	2.672E-01	0.063	26
afdb_P08503_v6	afdb_P14779_v6	2.887E-01	1.407E-01	2.975E-01	0.076	28
afdb_P0A9P0_v6	afdb_P00392_v6	9.122E-01	7.757E-01	9.329E-01	0.997	91
afdb_P0A9P0_v6	afdb_Q56839_v6	8.652E-01	7.900E-01	8.718E-01	0.993	86
afdb_P0A9P0_v6	afdb_P37062_v6	7.886E-01	8.328E-01	8.345E-01	0.978	78
afdb_P0A9P0_v6	afdb_P0A9P4_v6	5.471E-01	7.851E-01	8.059E-01	0.601	54
afdb_P0A9P0_v6	afdb_Q7ZAG8_v6	6.028E-01	6.887E-01	6.902E-01	0.772	60
afdb_P0A9P0_v6	afdb_P08165_v6	5.040E-01	4.875E-01	6.853E-01	0.473	50
afdb_P0A9P0_v6	afdb_P42593_v6	4.750E-01	3.434E-01	7.234E-01	0.382	47
afdb_P0A9P0_v6	afdb_P16099_v6	4.762E-01	3.223E-01	6.574E-01	0.382	47
afdb_P0A9P0_v6	afdb_P22637_v6	4.184E-01	3.669E-01	5.522E-01	0.233	41
afdb_P0A9P0_v6	afdb_Q28943_v6	5.253E-01	2.589E-01	5.877E-01	0.537	52
afdb_P0A9P0_v6	afdb_P40859_v6	3.506E-01	4.104E-01	4.537E-01	0.138	35
afdb_P0A9P0_v6	afdb_Q945K2_v6	4.055E-01	3.511E-01	5.274E-01	0.214	40
afdb_P0A9P0_v6	afdb_P10902_v6	3.972E-01	3.566E-01	4.898E-01	0.196	39
afdb_P0A9P0_v6	afdb_Q9AGP8_v6	4.228E-01	2.743E-01	4.308E-01	0.254	42
afdb_P0A9P0_v6	afdb_P80324_v6	3.068E-01	3.754E-01	4.059E-01	0.090	30
afdb_P0A9P0_v6	afdb_P0A1E3_v6	2.747E-01	3.733E-01	3.767E-01	0.069	27
afdb_P0A9P0_v6	afdb_O59791_v6	2.706E-01	3.710E-01	3.781E-01	0.069	27
afdb_P0A9P0_v6	afdb_Q02899_v6	2.899E-01	3.286E-01	3.517E-01	0.076	28
afdb_P0A9P0_v6	afdb_Q6LZM9_v6	2.991E-01	3.165E-01	3.300E-01	0.082	29
afdb_P0A9P0_v6	afdb_P00935_v6	2.838E-01	3.296E-01	3.400E-01	0.076	28
afdb_P0A9P0_v6	afdb_P00396_v6	3.137E-01	2.963E-01	3.508E-01	0.098	31
afdb_P0A9P0_v6	afdb_P28796_v6	3.019E-01	3.054E-01	3.444E-01	0.090	30
afdb_P0A9P0_v6	afdb_P06721_v6	2.820E-01	3.214E-01	3.281E-01	0.076	28
afdb_P0A9P0_v6	afdb_P77444_v6	2.839E-01	3.176E-01	3.366E-01	0.076	28
afdb_P0A9P0_v6	afdb_P12995_v6	2.892E-01	3.109E-01	3.437E-01	0.076	28
afdb_P0A9P0_v6	afdb_P0AB77_v6	2.758E-01	3.118E-01	3.431E-01	0.069	27
afdb_P0A9P0_v6	afdb_P16932_v6	2.832E-01	3.022E-01	3.132E-01	0.076	28
afdb_P0A9P0_v6	afdb_P15289_v6	2.994E-01	2.851E-01	3.149E-01	0.082	29
afdb_P0A9P0_v6	afdb_Q58989_v6	2.072E-01	3.775E-01	3.787E-01	0.029	20
afdb_P0A9P0_v6	afdb_P00914_v6	2.890E-01	2.898E-01	2.971E-01	0.076	28
afdb_P0A9P0_v6	afdb_P04190_v6	2.225E-01	3.523E-01	3.774E-01	0.040	22
afdb_P0A9P0_v6	afdb_Q6YBS3_v6	3.152E-01	2.540E-01	3.353E-01	0.098	31
afdb_P0A9P0_v6	afdb_P08373_v6	2.489E-01	3.150E-01	3.302E-01	0.051	24
afdb_P0A9P0_v6	afdb_P00489_v6	3.417E-01	2.222E-01	3.500E-01	0.126	34
afdb_P0A9P0_v6	afdb_P27170_v6	2.510E-01	3.101E-01	3.482E-01	0.057	25
afdb_P0A9P0_v6	afdb_P22266_v6	2.464E-01	3.145E-01	3.454E-01	0.051	24
afdb_P0A9P0_v6	afdb_O58727_v6	1.772E-01	3.822E-01	3.838E-01	0.016	17
afdb_P0A9P0_v6	afdb_P08819_v6	2.719E-01	2.841E-01	2.961E-01	0.069	27
afdb_P0A9P0_v6	afdb_Q75WN8_v6	2.243E-01	3.297E-01	3.403E-01	0.040	22
afdb_P0A9P0_v6	afdb_Q3HWU8_v6	2.228E-01	3.310E-01	3.418E-01	0.040	22
afdb_P0A9P0_v6	afdb_P83788_v6	2.639E-01	2.891E-01	3.156E-01	0.063	26
afdb_P0A9P0_v6	afdb_P25910_v6	2.136E-01	3.387E-01	3.674E-01	0.034	21
afdb_P0A9P0_v6	afdb_P16444_v6	2.600E-01	2.886E-01	3.570E-01	0.057	25
afdb_P0A9P0_v6	afdb_P05521_v6	2.338E-01	3.152E-01	3.395E-01	0.045	23
afdb_P0A9P0_v6	afdb_P0CE47_v6	2.533E-01	2.901E-01	2.911E-01	0.057	25
afdb_P0A9P0_v6	afdb_P00860_v6	2.689E-01	2.744E-01	3.180E-01	0.063	26
afdb_P0A9P0_v6	afdb_Q9L9D7_v6	2.898E-01	2.526E-01	3.185E-01	0.076	28
afdb_P0A9P0_v6	afdb_Q16775_v6	2.299E-01	3.130E-01	3.634E-01	0.040	22
afdb_P0A9P0_v6	afdb_P28305_v6	2.147E-01	3.258E-01	3.435E-01	0.034	21
afdb_P0A9P0_v6	afdb_P30122_v6	2.915E-01	2.453E-01	3.478E-01	0.082	29
afdb_P0A9P0_v6	afdb_Q9NPB1_v6	1.910E-01	3.456E-01	3.949E-01	0.024	19
afdb_P0A9P0_v6	afdb_A0A0C6DRW4_v6	2.556E-01	2.802E-01	3.049E-01	0.057	25
afdb_P0A9P0_v6	afdb_Q00441_v6	2.521E-01	2.822E-01	3.058E-01	0.057	25
afdb_P0A9P0_v6	afdb_Q00017_v6	2.051E-01	3.282E-01	3.399E-01	0.029	20
afdb_P0A9P0_v6	afdb_P83772_v6	2.102E-01	3.199E-01	3.225E-01	0.029	20
afdb_P0A9P0_v6	afdb_Q29460_v6	1.980E-01	3.318E-01	3.328E-01	0.024	19
afdb_P0A9P0_v6	afdb_P00388_v6	2.992E-01	2.307E-01	3.228E-01	0.082	29
afdb_P0A9P0_v6	afdb_P21327_v6	2.485E-01	2.796E-01	2.801E-01	0.051	24
afdb_P0A9P0_v6	afdb_P52700_v6	2.147E-01	3.063E-01	3.395E-01	0.034	21
afdb_P0A9P0_v6	afdb_P53608_v6	2.151E-01	3.059E-01	3.307E-01	0.034	21
afdb_P0A9P0_v6	afdb_P24474_v6	2.769E-01	2.424E-01	3.342E-01	0.069	27
afdb_P0A9P0_v6	afdb_Q9UMR5_v6	2.160E-01	3.031E-01	3.444E-01	0.034	21
afdb_P0A9P0_v6	afdb_P56216_v6	2.728E-01	2.428E-01	2.920E-01	0.069	27
afdb_P0A9P0_v6	afdb_P81054_v6	2.288E-01	2.839E-01	2.972E-01	0.040	22
afdb_P0A9P0_v6	afdb_P55038_v6	3.665E-01	1.449E-01	3.750E-01	0.150	36
afdb_P0A9P0_v6	afdb_Q05755_v6	3.653E-01	1.459E-01	3.761E-01	0.150	36
afdb_P0A9P0_v6	afdb_P00800_v6	2.685E-01	2.403E-01	2.962E-01	0.063	26
afdb_P0A9P0_v6	afdb_P03958_v6	2.274E-01	2.811E-01	3.024E-01	0.040	22
afdb_P0A9P0_v6	afdb_P83686_v6	1.986E-01	3.068E-01	3.364E-01	0.024	19
afdb_P0A9P0_v6	afdb_P05414_v6	2.296E-01	2.740E-01	3.247E-01	0.040	22
afdb_P0A9P0_v6	afdb_P0A6C1_v6	2.083E-01	2.950E-01	3.004E-01	0.029	20
afdb_P0A9P0_v6	afdb_Q01693_v6	2.558E-01	2.450E-01	2.604E-01	0.057	25
afdb_P0A9P0_v6	afdb_Q7SID9_v6	2.656E-01	2.352E-01	2.723E-01	0.063	26
afdb_P0A9P0_v6	afdb_Q6UV28_v6	1.531E-01	3.471E-01	4.060E-01	0.011	15
afdb_P0A9P0_v6	afdb_P00644_v6	1.852E-01	3.132E-01	3.173E-01	0.020	18
afdb_P0A9P0_v6	afdb_P00777_v6	2.067E-01	2.889E-01	3.321E-01	0.029	20
afdb_P0A9P0_v6	afdb_P04042_v6	2.241E-01	2.722E-01	2.879E-01	0.040	22
afdb_P0A9P0_v6	afdb_P39377_v6	2.277E-01	2.605E-01	2.961E-01	0.040	22
afdb_P0A9P0_v6	afdb_P30850_v6	2.708E-01	2.157E-01	2.788E-01	0.069	27
afdb_P0A9P0_v6	afdb_Q9FEW9_v6	2.262E-01	2.583E-01	2.973E-01	0.040	22
afdb_P0A9P0_v6	afdb_P00455_v6	2.207E-01	2.613E-01	3.060E-01	0.040	22
afdb_P0A9P0_v6	afdb_P19938_v6	1.961E-01	2.850E-01	3.003E-01	0.024	19
afdb_P0A9P0_v6	afdb_P21836_v6	2.633E-01	2.180E-01	2.679E-01	0.063	26
afdb_P0A9P0_v6	afdb_P09883_v6	2.567E-01	2.201E-01	2.696E-01	0.057	25
afdb_P0A9P0_v6	afdb_P00175_v6	2.574E-01	2.190E-01	2.798E-01	0.057	25
afdb_P0A9P0_v6	afdb_Q8RB32_v6	1.822E-01	2.933E-01	3.386E-01	0.020	18
afdb_P0A9P0_v6	afdb_Q12178_v6	1.439E-01	3.296E-01	3.365E-01	0.010	14
afdb_P0A9P0_v6	afdb_P71119_v6	1.709E-01	3.032E-01	3.318E-01	0.014	16
afdb_P0A9P0_v6	afdb_P13717_v6	1.883E-01	2.822E-01	3.109E-01	0.020	18
afdb_P0A9P0_v6	afdb_P05725_v6	1.476E-01	3.206E-01	3.436E-01	0.010	14
afdb_P0A9P0_v6	afdb_O16025_v6	3.040E-01	1.626E-01	3.110E-01	0.090	30
afdb_P0A9P0_v6	afdb_P14779_v6	3.008E-01	1.621E-01	3.218E-01	0.090	30
afdb_P0A9P0_v6	afdb_P21179_v6	2.677E-01	1.900E-01	2.708E-01	0.063	26
afdb_P0A9P0_v6	afdb_P18314_v6	2.432E-01	2.135E-01	2.529E-01	0.051	24
afdb_P0A9P0_v6	afdb_P0A6K3_v6	1.382E-01	3.131E-01	3.297E-01	0.009	13
afdb_P0A9P0_v6	afdb_F8W4B7_v6	2.917E-01	1.560E-01	2.949E-01	0.082	29
afdb_P0A9P0_v6	afdb_Q06241_v6	1.585E-01	2.865E-01	2.901E-01	0.011	15
afdb_P0A9P0_v6	afdb_Q9XBQ8_v6	2.106E-01	2.307E-01	2.973E-01	0.034	21
afdb_P0A9P0_v6	afdb_P46076_v6	1.964E-01	2.435E-01	2.621E-01	0.024	19
afdb_P0A9P0_v6	afdb_P37957_v6	1.554E-01	2.813E-01	3.164E-01	0.011	15
afdb_P0A9P0_v6	afdb_O13297_v6	2.091E-01	1.876E-01	2.103E-01	0.029	20
afdb_P14218_v6	afdb_Q56839_v6	8.709E-01	8.004E-01	8.761E-01	0.994	87
afdb_P14218_v6	afdb_P00392_v6	8.933E-01	7.671E-01	9.243E-01	0.996	89
afdb_P14218_v6	afdb_P37062_v6	7.670E-01	8.155E-01	8.171E-01	0.971	76
afdb_P14218_v6	afdb_Q7ZAG8_v6	6.069E-01	6.993E-01	7.008E-01	0.772	60
afdb_P14218_v6	afdb_P0A9P4_v6	5.340E-01	7.696E-01	7.943E-01	0.569	53
afdb_P14218_v6	afdb_P08165_v6	5.051E-01	4.922E-01	6.786E-01	0.473	50
afdb_P14218_v6	afdb_P42593_v6	4.737E-01	3.449E-01	7.296E-01	0.382	47
afdb_P14218_v6	afdb_P16099_v6	4.718E-01	3.214E-01	6.532E-01	0.382	47
afdb_P14218_v6	afdb_Q28943_v6	5.270E-01	2.610E-01	5.577E-01	0.537	52
afdb_P14218_v6	afdb_P22637_v6	4.177E-01	3.699E-01	5.436E-01	0.233	41
afdb_P14218_v6	afdb_Q945K2_v6	4.148E-01	3.610E-01	5.401E-01	0.233	41
afdb_P14218_v6	afdb_P40859_v6	3.494E-01	4.118E-01	4.454E-01	0.126	34
afdb_P14218_v6	afdb_P10902_v6	3.969E-01	3.578E-01	5.224E-01	0.196	39
afdb_P14218_v6	afdb_Q9AGP8_v6	4.223E-01	2.745E-01	4.256E-01	0.254	42
afdb_P14218_v6	afdb_P80324_v6	3.119E-01	3.823E-01	4.047E-01	0.098	31
afdb_P14218_v6	afdb_P0A1E3_v6	2.766E-01	3.724E-01	3.854E-01	0.069	27
afdb_P14218_v6	afdb_O59791_v6	2.719E-01	3.740E-01	3.815E-01	0.069	27
afdb_P14218_v6	afdb_Q9FEW9_v6	2.853E-01	3.297E-01	3.491E-01	0.076	28
afdb_P14218_v6	afdb_Q6LZM9_v6	2.976E-01	3.173E-01	3.178E-01	0.082	29
afdb_P14218_v6	afdb_P28796_v6	2.989E-01	3.040E-01	3.406E-01	0.082	29
afdb_P14218_v6	afdb_P00935_v6	2.779E-01	3.234E-01	3.240E-01	0.069	27
afdb_P14218_v6	afdb_P12995_v6	2.859E-01	3.090E-01	3.188E-01	0.076	28
afdb_P14218_v6	afdb_Q8RB32_v6	2.232E-01	3.704E-01	3.746E-01	0.040	22
afdb_P14218_v6	afdb_P0AB77_v6	2.779E-01	3.154E-01	3.471E-01	0.069	27
afdb_P14218_v6	afdb_P06721_v6	2.761E-01	3.161E-01	3.222E-01	0.069	27
afdb_P14218_v6	afdb_P77444_v6	2.775E-01	3.107E-01	3.272E-01	0.069	27
afdb_P14218_v6	afdb_P16932_v6	2.796E-01	3.005E-01	3.101E-01	0.069	27
afdb_P14218_v6	afdb_Q02899_v6	2.695E-01	3.088E-01	3.279E-01	0.063	26
afdb_P14218_v6	afdb_P15289_v6	2.939E-01	2.815E-01	3.158E-01	0.082	29
afdb_P14218_v6	afdb_Q58989_v6	2.014E-01	3.713E-01	3.762E-01	0.029	20
afdb_P14218_v6	afdb_P08373_v6	2.480E-01	3.176E-01	3.340E-01	0.051	24
afdb_P14218_v6	afdb_P04190_v6	2.182E-01	3.442E-01	3.654E-01	0.034	21
afdb_P14218_v6	afdb_Q9L9D7_v6	2.990E-01	2.616E-01	3.014E-01	0.082	29
afdb_P14218_v6	afdb_P83788_v6	2.645E-01	2.923E-01	3.214E-01	0.063	26
afdb_P14218_v6	afdb_Q29460_v6	2.004E-01	3.556E-01	4.271E-01	0.024	19
afdb_P14218_v6	afdb_P09184_v6	1.630E-01	3.922E-01	4.412E-01	0.014	16
afdb_P14218_v6	afdb_P22266_v6	2.447E-01	3.094E-01	3.695E-01	0.051	24
afdb_P14218_v6	afdb_Q00017_v6	2.124E-01	3.400E-01	3.457E-01	0.034	21
afdb_P14218_v6	afdb_P16444_v6	2.583E-01	2.886E-01	3.582E-01	0.057	25
afdb_P14218_v6	afdb_O58727_v6	1.806E-01	3.642E-01	3.725E-01	0.020	18
afdb_P14218_v6	afdb_P0CE47_v6	2.530E-01	2.915E-01	2.962E-01	0.057	25
afdb_P14218_v6	afdb_P83772_v6	2.106E-01	3.337E-01	3.386E-01	0.034	21
afdb_P14218_v6	afdb_P00914_v6	2.686E-01	2.704E-01	2.879E-01	0.063	26
afdb_P14218_v6	afdb_Q16775_v6	2.266E-01	3.104E-01	3.586E-01	0.040	22
afdb_P14218_v6	afdb_P52700_v6	2.192E-01	3.163E-01	3.521E-01	0.034	21
afdb_P14218_v6	afdb_P24630_v6	2.577E-01	2.759E-01	2.868E-01	0.057	25
afdb_P14218_v6	afdb_P22394_v6	2.817E-01	2.497E-01	2.883E-01	0.076	28
afdb_P14218_v6	afdb_P53608_v6	2.181E-01	3.127E-01	3.335E-01	0.034	21
afdb_P14218_v6	afdb_P08819_v6	2.588E-01	2.724E-01	2.833E-01	0.057	25
afdb_P14218_v6	afdb_P00388_v6	3.001E-01	2.297E-01	3.841E-01	0.090	30
afdb_P14218_v6	afdb_Q75WN8_v6	2.161E-01	3.124E-01	3.293E-01	0.034	21
afdb_P14218_v6	afdb_P37967_v6	2.650E-01	2.608E-01	2.685E-01	0.063	26
afdb_P14218_v6	afdb_P96965_v6	2.135E-01	3.111E-01	3.297E-01	0.034	21
afdb_P14218_v6	afdb_P08148_v6	2.840E-01	2.401E-01	3.031E-01	0.076	28
afdb_P14218_v6	afdb_P05414_v6	2.368E-01	2.854E-01	3.496E-01	0.045	23
afdb_P14218_v6	afdb_P05521_v6	2.192E-01	3.033E-01	3.064E-01	0.034	21
afdb_P14218_v6	afdb_P24474_v6	2.760E-01	2.437E-01	2.893E-01	0.069	27
afdb_P14218_v6	afdb_P25910_v6	1.946E-01	3.237E-01	4.104E-01	0.024	19
afdb_P14218_v6	afdb_P00800_v6	2.720E-01	2.456E-01	2.985E-01	0.069	27
afdb_P14218_v6	afdb_Q00441_v6	2.440E-01	2.729E-01	2.733E-01	0.051	24
afdb_P14218_v6	afdb_Q01693_v6	2.612E-01	2.515E-01	2.619E-01	0.063	26
afdb_P14218_v6	afdb_P21836_v6	2.778E-01	2.323E-01	2.798E-01	0.069	27
afdb_P14218_v6	afdb_P83686_v6	2.058E-01	3.028E-01	3.141E-01	0.029	20
afdb_P14218_v6	afdb_P19938_v6	2.050E-01	3.025E-01	3.192E-01	0.029	20
afdb_P14218_v6	afdb_P00592_v6	1.455E-01	3.620E-01	3.971E-01	0.010	14
afdb_P14218_v6	afdb_P0A6C1_v6	2.069E-01	2.970E-01	3.262E-01	0.029	20
afdb_P14218_v6	afdb_P56216_v6	2.655E-01	2.373E-01	2.880E-01	0.063	26
afdb_P14218_v6	afdb_Q3HWU8_v6	2.025E-01	2.988E-01	3.069E-01	0.029	20
afdb_P14218_v6	afdb_P21327_v6	2.350E-01	2.665E-01	2.763E-01	0.045	23
afdb_P14218_v6	afdb_P0A6T5_v6	1.835E-01	3.173E-01	3.248E-01	0.020	18
afdb_P14218_v6	afdb_P30122_v6	2.695E-01	2.293E-01	2.976E-01	0.063	26
afdb_P14218_v6	afdb_P28305_v6	1.969E-01	3.018E-01	3.373E-01	0.024	19
afdb_P14218_v6	afdb_P00644_v6	1.832E-01	3.127E-01	3.207E-01	0.020	18
afdb_P14218_v6	afdb_Q05755_v6	3.477E-01	1.432E-01	3.582E-01	0.126	34
afdb_P14218_v6	afdb_Q9UMR5_v6	2.031E-01	2.869E-01	3.125E-01	0.029	20
afdb_P14218_v6	afdb_P00455_v6	2.181E-01	2.698E-01	4.315E-01	0.034	21
afdb_P14218_v6	afdb_P00639_v6	1.993E-01	2.886E-01	3.082E-01	0.024	19
afdb_P14218_v6	afdb_Q9NPB1_v6	1.772E-01	3.070E-01	3.339E-01	0.016	17
afdb_P14218_v6	afdb_P00777_v6	2.021E-01	2.811E-01	3.233E-01	0.029	20
afdb_P14218_v6	afdb_P71119_v6	1.748E-01	3.066E-01	3.169E-01	0.016	17
afdb_P14218_v6	afdb_P14779_v6	3.066E-01	1.730E-01	3.071E-01	0.090	30
afdb_P14218_v6	afdb_P03958_v6	2.133E-01	2.653E-01	2.869E-01	0.034	21
afdb_P14218_v6	afdb_P04042_v6	2.115E-01	2.665E-01	3.164E-01	0.034	21
afdb_P14218_v6	afdb_Q7SID9_v6	2.519E-01	2.255E-01	2.669E-01	0.057	25
afdb_P14218_v6	afdb_Q9XBQ8_v6	2.253E-01	2.487E-01	2.593E-01	0.040	22
afdb_P14218_v6	afdb_P81054_v6	2.105E-01	2.633E-01	2.720E-01	0.034	21
afdb_P14218_v6	afdb_P00175_v6	2.541E-01	2.178E-01	2.831E-01	0.057	25
afdb_P14218_v6	afdb_Q6UV28_v6	1.399E-01	3.291E-01	3.700E-01	0.009	13
afdb_P14218_v6	afdb_P30850_v6	2.593E-01	2.081E-01	2.670E-01	0.057	25
afdb_P14218_v6	afdb_P55038_v6	3.298E-01	1.374E-01	3.387E-01	0.106	32
afdb_P14218_v6	afdb_P05725_v6	1.493E-01	3.170E-01	3.274E-01	0.010	14
afdb_P14218_v6	afdb_P39377_v6	2.154E-01	2.489E-01	2.800E-01	0.034	21
afdb_P14218_v6	afdb_O16025_v6	3.012E-01	1.617E-01	3.070E-01	0.090	30
afdb_P14218_v6	afdb_P27170_v6	2.076E-01	2.544E-01	2.651E-01	0.029	20
afdb_P14218_v6	afdb_P18314_v6	2.448E-01	2.165E-01	2.535E-01	0.051	24
afdb_P14218_v6	afdb_P00860_v6	2.261E-01	2.320E-01	2.538E-01	0.040	22
afdb_P14218_v6	afdb_P00766_v6	1.734E-01	2.833E-01	2.981E-01	0.016	17
afdb_P14218_v6	afdb_Q6YBS3_v6	2.485E-01	2.028E-01	2.505E-01	0.051	24
afdb_P14218_v6	afdb_F8W4B7_v6	2.916E-01	1.564E-01	2.971E-01	0.082	29
afdb_P14218_v6	afdb_Q06241_v6	1.573E-01	2.897E-01	3.112E-01	0.011	15
afdb_P14218_v6	afdb_P09598_v6	1.841E-01	2.628E-01	2.987E-01	0.020	18
afdb_P14218_v6	afdb_P21179_v6	2.594E-01	1.847E-01	2.946E-01	0.057	25
afdb_P14218_v6	afdb_O33199_v6	1.571E-01	2.798E-01	2.918E-01	0.011	15
afdb_P14218_v6	afdb_O13297_v6	1.928E-01	1.752E-01	1.951E-01	0.024	19
afdb_P15086_v6	afdb_P06621_v6	4.460E-01	4.479E-01	5.741E-01	0.301	44
afdb_P15086_v6	afdb_Q01693_v6	4.611E-01	3.935E-01	5.108E-01	0.353	46
afdb_P15086_v6	afdb_Q29460_v6	2.940E-01	4.717E-01	5.178E-01	0.082	29
afdb_P15086_v6	afdb_P05521_v6	3.301E-01	4.234E-01	4.678E-01	0.106	32
afdb_P15086_v6	afdb_Q75WN8_v6	3.176E-01	4.318E-01	4.378E-01	0.098	31
afdb_P15086_v6	afdb_P83772_v6	2.913E-01	4.218E-01	4.255E-01	0.082	29
afdb_P15086_v6	afdb_Q00017_v6	2.803E-01	4.157E-01	4.525E-01	0.076	28
afdb_P15086_v6	afdb_P08819_v6	3.549E-01	3.382E-01	4.712E-01	0.138	35
afdb_P15086_v6	afdb_P00935_v6	3.362E-01	3.562E-01	3.576E-01	0.116	33
afdb_P15086_v6	afdb_P22266_v6	3.127E-01	3.614E-01	4.138E-01	0.098	31
afdb_P15086_v6	afdb_Q58989_v6	2.495E-01	4.145E-01	4.495E-01	0.051	24
afdb_P15086_v6	afdb_O58727_v6	2.258E-01	4.365E-01	4.383E-01	0.040	22
afdb_P15086_v6	afdb_Q9UMR5_v6	2.921E-01	3.667E-01	4.044E-01	0.082	29
afdb_P15086_v6	afdb_P09184_v6	2.121E-01	4.411E-01	4.701E-01	0.034	21
afdb_P15086_v6	afdb_P45478_v6	2.902E-01	3.612E-01	3.942E-01	0.076	28
afdb_P15086_v6	afdb_P27487_v6	3.976E-01	2.451E-01	4.028E-01	0.196	39
afdb_P15086_v6	afdb_Q9XBQ8_v6	3.183E-01	3.188E-01	3.683E-01	0.098	31
afdb_P15086_v6	afdb_O59791_v6	2.813E-01	3.408E-01	3.859E-01	0.076	28
afdb_P15086_v6	afdb_P00175_v6	3.477E-01	2.695E-01	3.518E-01	0.126	34
afdb_P15086_v6	afdb_P22394_v6	3.418E-01	2.741E-01	3.494E-01	0.126	34
afdb_P15086_v6	afdb_P00800_v6	3.363E-01	2.743E-01	3.659E-01	0.116	33
afdb_P15086_v6	afdb_P04042_v6	2.862E-01	3.231E-01	3.261E-01	0.076	28
afdb_P15086_v6	afdb_P37967_v6	3.214E-01	2.865E-01	3.850E-01	0.106	32
afdb_P15086_v6	afdb_Q6LZM9_v6	3.081E-01	2.977E-01	3.810E-01	0.090	30
afdb_P15086_v6	afdb_P0A1E3_v6	2.719E-01	3.315E-01	3.773E-01	0.069	27
afdb_P15086_v6	afdb_P96965_v6	2.586E-01	3.448E-01	3.706E-01	0.057	25
afdb_P15086_v6	afdb_P09030_v6	2.536E-01	3.482E-01	3.646E-01	0.057	25
afdb_P15086_v6	afdb_P08473_v6	3.644E-01	2.351E-01	3.701E-01	0.150	36
afdb_P15086_v6	afdb_P03958_v6	2.807E-01	3.173E-01	3.296E-01	0.076	28
afdb_P15086_v6	afdb_P0A6G7_v6	2.227E-01	3.732E-01	3.744E-01	0.040	22
afdb_P15086_v6	afdb_P00639_v6	2.560E-01	3.374E-01	3.625E-01	0.057	25
afdb_P15086_v6	afdb_P21836_v6	3.352E-01	2.525E-01	3.358E-01	0.116	33
afdb_P15086_v6	afdb_P46076_v6	2.757E-01	3.117E-01	3.428E-01	0.069	27
afdb_P15086_v6	afdb_Q3HWU8_v6	2.484E-01	3.355E-01	3.490E-01	0.051	24
afdb_P15086_v6	afdb_P00455_v6	2.778E-01	3.050E-01	3.173E-01	0.069	27
afdb_P15086_v6	afdb_Q6YBS3_v6	3.369E-01	2.404E-01	4.381E-01	0.116	33
afdb_P15086_v6	afdb_Q945K2_v6	3.211E-01	2.540E-01	4.039E-01	0.106	32
afdb_P15086_v6	afdb_P52700_v6	2.501E-01	3.248E-01	3.593E-01	0.051	24
afdb_P15086_v6	afdb_P05414_v6	2.735E-01	2.977E-01	3.178E-01	0.069	27
afdb_P15086_v6	afdb_Q16775_v6	2.510E-01	3.193E-01	4.888E-01	0.057	25
afdb_P15086_v6	afdb_P00766_v6	2.319E-01	3.365E-01	3.447E-01	0.045	23
afdb_P15086_v6	afdb_Q02899_v6	2.799E-01	2.880E-01	3.428E-01	0.069	27
afdb_P15086_v6	afdb_P00396_v6	3.043E-01	2.637E-01	3.184E-01	0.090	30
afdb_P15086_v6	afdb_P43099_v6	3.436E-01	2.235E-01	3.865E-01	0.126	34
afdb_P15086_v6	afdb_P0AB77_v6	2.779E-01	2.874E-01	2.974E-01	0.069	27
afdb_P15086_v6	afdb_P81054_v6	2.629E-01	2.989E-01	3.031E-01	0.063	26
afdb_P15086_v6	afdb_P30122_v6	3.164E-01	2.458E-01	3.174E-01	0.098	31
afdb_P15086_v6	afdb_Q12178_v6	1.755E-01	3.851E-01	4.602E-01	0.016	17
afdb_P15086_v6	afdb_P25910_v6	2.285E-01	3.293E-01	3.360E-01	0.040	22
afdb_P15086_v6	afdb_P53608_v6	2.473E-01	3.111E-01	3.188E-01	0.051	24
afdb_P15086_v6	afdb_P37062_v6	2.836E-01	2.699E-01	3.484E-01	0.076	28
afdb_P15086_v6	afdb_P16444_v6	2.750E-01	2.778E-01	3.389E-01	0.069	27
afdb_P15086_v6	afdb_P00489_v6	3.525E-01	1.990E-01	3.652E-01	0.138	35
afdb_P15086_v6	afdb_P28796_v6	2.864E-01	2.651E-01	2.963E-01	0.076	28
afdb_P15086_v6	afdb_P39377_v6	2.678E-01	2.799E-01	3.421E-01	0.063	26
afdb_P15086_v6	afdb_P56216_v6	3.026E-01	2.458E-01	3.139E-01	0.090	30
afdb_P15086_v6	afdb_Q9FEW9_v6	2.677E-01	2.771E-01	3.295E-01	0.063	26
afdb_P15086_v6	afdb_P00644_v6	2.132E-01	3.310E-01	3.501E-01	0.034	21
afdb_P15086_v6	afdb_P42593_v6	3.183E-01	2.237E-01	3.275E-01	0.098	31
afdb_P15086_v6	afdb_P00914_v6	2.819E-01	2.592E-01	3.145E-01	0.076	28
afdb_P15086_v6	afdb_P24630_v6	2.718E-01	2.654E-01	3.023E-01	0.069	27
afdb_P15086_v6	afdb_P0CE47_v6	2.626E-01	2.734E-01	3.319E-01	0.063	26
afdb_P15086_v6	afdb_P04190_v6	2.192E-01	3.144E-01	3.565E-01	0.034	21
afdb_P15086_v6	afdb_P15289_v6	2.854E-01	2.469E-01	3.292E-01	0.076	28
afdb_P15086_v6	afdb_P29183_v6	2.745E-01	2.574E-01	2.910E-01	0.069	27
afdb_P15086_v6	afdb_P77444_v6	2.625E-01	2.669E-01	3.048E-01	0.063	26
afdb_P15086_v6	afdb_Q00441_v6	2.611E-01	2.659E-01	2.923E-01	0.063	26
afdb_P15086_v6	afdb_Q7ZAG8_v6	2.611E-01	2.649E-01	3.211E-01	0.063	26
afdb_P15086_v6	afdb_P23295_v6	2.597E-01	2.654E-01	2.895E-01	0.057	25
afdb_P15086_v6	afdb_P16932_v6	2.657E-01	2.590E-01	2.988E-01	0.063	26
afdb_P15086_v6	afdb_P13717_v6	2.201E-01	3.010E-01	3.080E-01	0.034	21
afdb_P15086_v6	afdb_P10902_v6	2.835E-01	2.340E-01	3.138E-01	0.076	28
afdb_P15086_v6	afdb_P05725_v6	1.746E-01	3.430E-01	3.575E-01	0.016	17
afdb_P15086_v6	afdb_P80324_v6	2.472E-01	2.692E-01	2.965E-01	0.051	24
afdb_P15086_v6	afdb_P0A9P4_v6	2.315E-01	2.824E-01	3.188E-01	0.045	23
afdb_P15086_v6	afdb_P40859_v6	2.509E-01	2.624E-01	2.971E-01	0.057	25
afdb_P15086_v6	afdb_P00592_v6	1.664E-01	3.472E-01	3.516E-01	0.014	16
afdb_P15086_v6	afdb_P22637_v6	2.815E-01	2.333E-01	2.898E-01	0.076	28
afdb_P15086_v6	afdb_P12995_v6	2.577E-01	2.530E-01	3.262E-01	0.057	25
afdb_P15086_v6	afdb_P03007_v6	2.041E-01	3.057E-01	3.882E-01	0.029	20
afdb_P15086_v6	afdb_P00777_v6	2.247E-01	2.853E-01	3.164E-01	0.040	22
afdb_P15086_v6	afdb_P00388_v6	2.976E-01	2.087E-01	3.075E-01	0.082	29
afdb_P15086_v6	afdb_P14779_v6	3.422E-01	1.615E-01	3.491E-01	0.126	34
afdb_P15086_v6	afdb_P16099_v6	3.030E-01	2.002E-01	3.158E-01	0.090	30
afdb_P15086_v6	afdb_Q05769_v6	2.844E-01	2.153E-01	3.061E-01	0.076	28
afdb_P15086_v6	afdb_P28305_v6	2.124E-01	2.867E-01	2.874E-01	0.034	21
afdb_P15086_v6	afdb_F8W4B7_v6	3.379E-01	1.608E-01	3.430E-01	0.116	33
afdb_P15086_v6	afdb_P83788_v6	2.484E-01	2.485E-01	2.718E-01	0.051	24
afdb_P15086_v6	afdb_P08165_v6	2.584E-01	2.306E-01	2.904E-01	0.057	25
afdb_P15086_v6	afdb_P19938_v6	2.129E-01	2.749E-01	2.791E-01	0.034	21
afdb_P15086_v6	afdb_P0A6K3_v6	1.672E-01	3.194E-01	3.335E-01	0.014	16
afdb_P15086_v6	afdb_Q50925_v6	2.706E-01	2.148E-01	2.772E-01	0.069	27
afdb_P15086_v6	afdb_Q9AGP8_v6	2.993E-01	1.824E-01	3.172E-01	0.082	29
afdb_P15086_v6	afdb_P21179_v6	2.903E-01	1.866E-01	3.076E-01	0.082	29
afdb_P15086_v6	afdb_P00392_v6	2.641E-01	2.139E-01	2.689E-01	0.063	26
afdb_P15086_v6	afdb_P21327_v6	2.347E-01	2.413E-01	2.944E-01	0.045	23
afdb_P15086_v6	afdb_P00860_v6	2.464E-01	2.290E-01	3.356E-01	0.051	24
afdb_P15086_v6	afdb_O13297_v6	2.617E-01	2.134E-01	2.823E-01	0.063	26
afdb_P15086_v6	afdb_Q56839_v6	2.565E-01	2.182E-01	2.876E-01	0.057	25
afdb_P15086_v6	afdb_Q05755_v6	3.447E-01	1.282E-01	3.547E-01	0.126	34
afdb_P15086_v6	afdb_Q9L9D7_v6	2.634E-01	2.090E-01	3.382E-01	0.063	26
afdb_P15086_v6	afdb_P15917_v6	2.897E-01	1.797E-01	2.965E-01	0.076	28
afdb_P15086_v6	afdb_P71119_v6	1.775E-01	2.894E-01	3.557E-01	0.016	17
afdb_P15086_v6	afdb_P00918_v6	1.929E-01	2.697E-01	2.704E-01	0.024	19
afdb_P15086_v6	afdb_O33199_v6	1.738E-01	2.885E-01	3.057E-01	0.016	17
afdb_P15086_v6	afdb_O16025_v6	3.055E-01	1.467E-01	3.186E-01	0.090	30
afdb_P15086_v6	afdb_Q28943_v6	3.005E-01	1.493E-01	3.024E-01	0.090	30
afdb_P15086_v6	afdb_P55038_v6	3.124E-01	1.095E-01	3.320E-01	0.098	31
afdb_P35340_v6	afdb_P0A9P4_v6	4.510E-01	6.968E-01	6.987E-01	0.326	45
afdb_P35340_v6	afdb_Q7ZAG8_v6	4.177E-01	5.179E-01	6.688E-01	0.233	41
afdb_P35340_v6	afdb_P37062_v6	4.149E-01	4.748E-01	6.615E-01	0.233	41
afdb_P35340_v6	afdb_Q56839_v6	4.282E-01	4.268E-01	5.637E-01	0.254	42
afdb_P35340_v6	afdb_P00392_v6	4.211E-01	3.947E-01	6.685E-01	0.254	42
afdb_P35340_v6	afdb_P08165_v6	3.946E-01	4.146E-01	6.075E-01	0.196	39
afdb_P35340_v6	afdb_P10902_v6	4.049E-01	3.922E-01	6.296E-01	0.214	40
afdb_P35340_v6	afdb_P40859_v6	3.329E-01	4.280E-01	5.241E-01	0.116	33
afdb_P35340_v6	afdb_P22637_v6	3.784E-01	3.601E-01	5.821E-01	0.164	37
afdb_P35340_v6	afdb_Q945K2_v6	3.785E-01	3.549E-01	5.700E-01	0.164	37
afdb_P35340_v6	afdb_P80324_v6	3.095E-01	4.159E-01	4.792E-01	0.090	30
afdb_P35340_v6	afdb_P42593_v6	3.517E-01	2.813E-01	5.669E-01	0.138	35
afdb_P35340_v6	afdb_Q28943_v6	4.028E-01	2.193E-01	6.277E-01	0.214	40
afdb_P35340_v6	afdb_P16099_v6	3.505E-01	2.595E-01	5.560E-01	0.138	35
afdb_P35340_v6	afdb_Q29460_v6	2.096E-01	3.985E-01	4.336E-01	0.029	20
afdb_P35340_v6	afdb_Q6LZM9_v6	2.716E-01	3.122E-01	3.339E-01	0.069	27
afdb_P35340_v6	afdb_P09184_v6	1.579E-01	4.026E-01	4.765E-01	0.011	15
afdb_P35340_v6	afdb_P25910_v6	2.020E-01	3.576E-01	3.857E-01	0.029	20
afdb_P35340_v6	afdb_P04190_v6	2.041E-01	3.539E-01	3.815E-01	0.029	20
afdb_P35340_v6	afdb_Q9FEW9_v6	2.462E-01	3.015E-01	3.478E-01	0.051	24
afdb_P35340_v6	afdb_O58727_v6	1.661E-01	3.807E-01	3.822E-01	0.014	16
afdb_P35340_v6	afdb_P08819_v6	2.563E-01	2.887E-01	3.069E-01	0.057	25
afdb_P35340_v6	afdb_Q12178_v6	1.530E-01	3.891E-01	4.383E-01	0.011	15
afdb_P35340_v6	afdb_Q9AGP8_v6	3.236E-01	2.164E-01	4.977E-01	0.106	32
afdb_P35340_v6	afdb_P05725_v6	1.590E-01	3.795E-01	3.913E-01	0.011	15
afdb_P35340_v6	afdb_P24630_v6	2.469E-01	2.807E-01	3.471E-01	0.051	24
afdb_P35340_v6	afdb_Q00017_v6	1.889E-01	3.355E-01	3.623E-01	0.020	18
afdb_P35340_v6	afdb_P16444_v6	2.397E-01	2.848E-01	3.444E-01	0.045	23
afdb_P35340_v6	afdb_P14779_v6	3.321E-01	1.893E-01	3.540E-01	0.116	33
afdb_P35340_v6	afdb_P00489_v6	3.040E-01	2.130E-01	3.101E-01	0.090	30
afdb_P35340_v6	afdb_Q01693_v6	2.548E-01	2.611E-01	2.726E-01	0.057	25
afdb_P35340_v6	afdb_Q58989_v6	1.683E-01	3.475E-01	4.315E-01	0.014	16
afdb_P35340_v6	afdb_P05414_v6	2.222E-01	2.891E-01	3.426E-01	0.040	22
afdb_P35340_v6	afdb_P00935_v6	2.283E-01	2.831E-01	3.045E-01	0.040	22
afdb_P35340_v6	afdb_Q9NPB1_v6	1.780E-01	3.269E-01	3.319E-01	0.016	17
afdb_P35340_v6	afdb_P83686_v6	1.913E-01	3.084E-01	3.142E-01	0.024	19
afdb_P35340_v6	afdb_P45478_v6	2.027E-01	2.957E-01	3.151E-01	0.029	20
afdb_P35340_v6	afdb_P43099_v6	2.788E-01	2.169E-01	2.846E-01	0.069	27
afdb_P35340_v6	afdb_P06621_v6	2.271E-01	2.674E-01	3.275E-01	0.040	22
afdb_P35340_v6	afdb_P24474_v6	2.524E-01	2.383E-01	2.601E-01	0.057	25
afdb_P35340_v6	afdb_P77444_v6	2.217E-01	2.676E-01	3.126E-01	0.040	22
afdb_P35340_v6	afdb_P15917_v6	2.797E-01	2.020E-01	2.923E-01	0.069	27
afdb_P35340_v6	afdb_P04042_v6	1.995E-01	2.774E-01	4.319E-01	0.024	19
afdb_P35340_v6	afdb_P16932_v6	2.225E-01	2.543E-01	2.634E-01	0.040	22
afdb_P35340_v6	afdb_P39377_v6	2.130E-01	2.642E-01	3.018E-01	0.034	21
afdb_P35340_v6	afdb_P0AB77_v6	2.139E-01	2.621E-01	3.072E-01	0.034	21
afdb_P35340_v6	afdb_P53608_v6	1.867E-01	2.885E-01	2.914E-01	0.020	18
afdb_P35340_v6	afdb_P03958_v6	2.035E-01	2.700E-01	2.951E-01	0.029	20
afdb_P35340_v6	afdb_P00175_v6	2.448E-01	2.240E-01	2.601E-01	0.051	24
afdb_P35340_v6	afdb_P83788_v6	2.140E-01	2.538E-01	3.276E-01	0.034	21
afdb_P35340_v6	afdb_P28305_v6	1.781E-01	2.873E-01	3.626E-01	0.016	17
afdb_P35340_v6	afdb_P00777_v6	1.844E-01	2.775E-01	2.997E-01	0.020	18
afdb_P35340_v6	afdb_P21179_v6	2.601E-01	1.988E-01	2.971E-01	0.063	26
afdb_P35340_v6	afdb_P27170_v6	1.983E-01	2.594E-01	2.906E-01	0.024	19
afdb_P35340_v6	afdb_P0A6G7_v6	1.549E-01	3.004E-01	3.131E-01	0.011	15
afdb_P35340_v6	afdb_P00396_v6	2.258E-01	2.278E-01	2.617E-01	0.040	22
afdb_P35340_v6	afdb_Q9XBQ8_v6	2.095E-01	2.447E-01	2.513E-01	0.029	20
afdb_P35340_v6	afdb_P18314_v6	2.325E-01	2.191E-01	2.555E-01	0.045	23
afdb_P35340_v6	afdb_Q00441_v6	2.047E-01	2.463E-01	2.964E-01	0.029	20
afdb_P35340_v6	afdb_P56216_v6	2.307E-01	2.194E-01	2.644E-01	0.045	23
afdb_P35340_v6	afdb_P55038_v6	3.129E-01	1.349E-01	3.142E-01	0.098	31
afdb_P35340_v6	afdb_F8W4B7_v6	2.850E-01	1.614E-01	2.854E-01	0.076	28
afdb_P35340_v6	afdb_Q05755_v6	3.098E-01	1.347E-01	3.175E-01	0.090	30
afdb_P35340_v6	afdb_P00455_v6	1.942E-01	2.464E-01	2.700E-01	0.024	19
afdb_P35340_v6	afdb_P81054_v6	1.855E-01	2.501E-01	2.702E-01	0.020	18
afdb_P35340_v6	afdb_P19938_v6	1.713E-01	2.642E-01	2.758E-01	0.016	17
afdb_P35340_v6	afdb_P00800_v6	2.212E-01	2.137E-01	2.954E-01	0.040	22
afdb_P35340_v6	afdb_P52700_v6	1.671E-01	2.642E-01	3.213E-01	0.014	16
afdb_P35340_v6	afdb_P03007_v6	1.614E-01	2.666E-01	2.890E-01	0.014	16
afdb_P35340_v6	afdb_P56218_v6	1.675E-01	2.523E-01	2.813E-01	0.014	16
afdb_P35340_v6	afdb_P0CE47_v6	1.884E-01	2.290E-01	2.751E-01	0.020	18
afdb_P35340_v6	afdb_P08373_v6	1.742E-01	2.393E-01	2.550E-01	0.016	17
afdb_P35340_v6	afdb_P27487_v6	2.310E-01	1.748E-01	2.615E-01	0.045	23
afdb_P35340_v6	afdb_P23295_v6	1.707E-01	2.013E-01	2.303E-01	0.014	16
afdb_P35340_v6	afdb_O13297_v6	1.868E-01	1.799E-01	2.606E-01	0.020	18
afdb_P45952_v6	afdb_A0A0C6DRW4_v6	7.955E-01	8.026E-01	8.224E-01	0.981	79
afdb_P45952_v6	afdb_P05725_v6	2.105E-01	4.243E-01	4.278E-01	0.034	21
afdb_P45952_v6	afdb_P53608_v6	2.647E-01	3.426E-01	3.728E-01	0.063	26
afdb_P45952_v6	afdb_Q16775_v6	2.632E-01	3.350E-01	3.705E-01	0.063	26
afdb_P45952_v6	afdb_P0A6K3_v6	1.949E-01	3.936E-01	4.313E-01	0.024	19
afdb_P45952_v6	afdb_P00489_v6	3.690E-01	2.156E-01	3.850E-01	0.150	36
afdb_P45952_v6	afdb_P25910_v6	2.365E-01	3.441E-01	3.544E-01	0.045	23
afdb_P45952_v6	afdb_P22637_v6	3.172E-01	2.606E-01	3.595E-01	0.098	31
afdb_P45952_v6	afdb_P83686_v6	2.436E-01	3.336E-01	3.416E-01	0.051	24
afdb_P45952_v6	afdb_P46076_v6	2.688E-01	3.068E-01	3.116E-01	0.063	26
afdb_P45952_v6	afdb_P04190_v6	2.368E-01	3.387E-01	3.890E-01	0.045	23
afdb_P45952_v6	afdb_Q6UV28_v6	1.749E-01	3.985E-01	4.528E-01	0.016	17
afdb_P45952_v6	afdb_P09598_v6	2.403E-01	3.245E-01	3.899E-01	0.045	23
afdb_P45952_v6	afdb_P21179_v6	3.411E-01	2.204E-01	3.478E-01	0.126	34
afdb_P45952_v6	afdb_P16932_v6	2.834E-01	2.777E-01	3.192E-01	0.076	28
afdb_P45952_v6	afdb_P00914_v6	2.896E-01	2.675E-01	2.992E-01	0.076	28
afdb_P45952_v6	afdb_P00592_v6	1.618E-01	3.949E-01	4.423E-01	0.014	16
afdb_P45952_v6	afdb_P81054_v6	2.595E-01	2.950E-01	3.027E-01	0.057	25
afdb_P45952_v6	afdb_Q6LZM9_v6	2.800E-01	2.733E-01	2.878E-01	0.076	28
afdb_P45952_v6	afdb_P24630_v6	2.786E-01	2.734E-01	3.074E-01	0.069	27
afdb_P45952_v6	afdb_Q945K2_v6	3.054E-01	2.468E-01	3.446E-01	0.090	30
afdb_P45952_v6	afdb_P71119_v6	2.071E-01	3.405E-01	3.772E-01	0.029	20
afdb_P45952_v6	afdb_Q9UMR5_v6	2.378E-01	3.060E-01	3.594E-01	0.045	23
afdb_P45952_v6	afdb_P06621_v6	2.680E-01	2.709E-01	3.535E-01	0.063	26
afdb_P45952_v6	afdb_P48534_v6	2.176E-01	3.183E-01	3.230E-01	0.034	21
afdb_P45952_v6	afdb_P03958_v6	2.506E-01	2.843E-01	2.849E-01	0.057	25
afdb_P45952_v6	afdb_P83788_v6	2.648E-01	2.669E-01	2.948E-01	0.063	26
afdb_P45952_v6	afdb_P45478_v6	2.351E-01	2.962E-01	3.147E-01	0.045	23
afdb_P45952_v6	afdb_P22266_v6	2.448E-01	2.856E-01	3.337E-01	0.051	24
afdb_P45952_v6	afdb_P42593_v6	3.103E-01	2.206E-01	3.532E-01	0.098	31
afdb_P45952_v6	afdb_P23295_v6	2.579E-01	2.660E-01	2.918E-01	0.057	25
afdb_P45952_v6	afdb_P05414_v6	2.501E-01	2.736E-01	2.804E-01	0.051	24
afdb_P45952_v6	afdb_P21836_v6	2.949E-01	2.263E-01	3.072E-01	0.082	29
afdb_P45952_v6	afdb_P06721_v6	2.535E-01	2.649E-01	2.782E-01	0.057	25
afdb_P45952_v6	afdb_Q56839_v6	2.778E-01	2.382E-01	3.044E-01	0.069	27
afdb_P45952_v6	afdb_P05521_v6	2.289E-01	2.868E-01	2.872E-01	0.040	22
afdb_P45952_v6	afdb_Q6YBS3_v6	2.967E-01	2.173E-01	3.135E-01	0.082	29
afdb_P45952_v6	afdb_P08148_v6	2.890E-01	2.246E-01	2.936E-01	0.076	28
afdb_P45952_v6	afdb_P24474_v6	2.838E-01	2.290E-01	2.996E-01	0.076	28
afdb_P45952_v6	afdb_P27170_v6	2.406E-01	2.694E-01	2.759E-01	0.051	24
afdb_P45952_v6	afdb_Q9NPB1_v6	1.996E-01	3.102E-01	3.265E-01	0.024	19
afdb_P45952_v6	afdb_P77444_v6	2.514E-01	2.574E-01	2.803E-01	0.057	25
afdb_P45952_v6	afdb_Q01693_v6	2.699E-01	2.356E-01	3.405E-01	0.063	26
afdb_P45952_v6	afdb_Q75WN8_v6	2.161E-01	2.847E-01	2.951E-01	0.034	21
afdb_P45952_v6	afdb_P08165_v6	2.626E-01	2.343E-01	2.653E-01	0.063	26
afdb_P45952_v6	afdb_P21327_v6	2.436E-01	2.526E-01	2.677E-01	0.051	24
afdb_P45952_v6	afdb_P12995_v6	2.468E-01	2.435E-01	2.739E-01	0.051	24
afdb_P45952_v6	afdb_P00388_v6	2.882E-01	2.022E-01	3.290E-01	0.076	28
afdb_P45952_v6	afdb_P00777_v6	2.141E-01	2.729E-01	3.106E-01	0.034	21
afdb_P45952_v6	afdb_Q8RB32_v6	1.983E-01	2.888E-01	2.952E-01	0.024	19
afdb_P45952_v6	afdb_Q50925_v6	2.698E-01	2.161E-01	2.976E-01	0.063	26
afdb_P45952_v6	afdb_P37062_v6	2.477E-01	2.380E-01	2.762E-01	0.051	24
afdb_P45952_v6	afdb_P0AB77_v6	2.370E-01	2.464E-01	2.807E-01	0.045	23
afdb_P45952_v6	afdb_P00935_v6	2.338E-01	2.481E-01	2.610E-01	0.045	23
afdb_P45952_v6	afdb_Q7SID9_v6	2.635E-01	2.161E-01	2.941E-01	0.063	26
afdb_P45952_v6	afdb_P30850_v6	2.739E-01	1.991E-01	2.989E-01	0.069	27
afdb_P45952_v6	afdb_O13297_v6	2.578E-01	2.102E-01	2.960E-01	0.057	25
afdb_P45952_v6	afdb_P35049_v6	1.910E-01	2.763E-01	2.840E-01	0.024	19
afdb_P45952_v6	afdb_Q05755_v6	3.406E-01	1.252E-01	3.469E-01	0.126	34
afdb_P45952_v6	afdb_P00800_v6	2.548E-01	2.102E-01	2.689E-01	0.057	25
afdb_P45952_v6	afdb_F8W4B7_v6	3.087E-01	1.557E-01	3.150E-01	0.090	30
afdb_P45952_v6	afdb_Q9FEW9_v6	2.270E-01	2.370E-01	2.691E-01	0.040	22
afdb_P45952_v6	afdb_O16025_v6	3.080E-01	1.503E-01	3.209E-01	0.090	30
afdb_P45952_v6	afdb_P15917_v6	2.811E-01	1.726E-01	3.117E-01	0.076	28
afdb_P45952_v6	afdb_P08473_v6	2.739E-01	1.802E-01	2.918E-01	0.069	27
afdb_P45952_v6	afdb_P27487_v6	2.736E-01	1.742E-01	2.760E-01	0.069	27
afdb_P45952_v6	afdb_Q28943_v6	2.889E-01	1.464E-01	3.033E-01	0.076	28
afdb_P45952_v6	afdb_P55038_v6	3.191E-01	1.156E-01	3.216E-01	0.098	31
afdb_P45952_v6	afdb_P00175_v6	2.406E-01	1.906E-01	2.640E-01	0.051	24
afdb_P45952_v6	afdb_P14779_v6	2.867E-01	1.419E-01	3.092E-01	0.076	28
afdb_P45952_v6	afdb_P09883_v6	2.361E-01	1.852E-01	2.429E-01	0.045	23
afdb_P48052_v6	afdb_P06621_v6	4.431E-01	4.468E-01	5.866E-01	0.301	44
afdb_P48052_v6	afdb_Q01693_v6	4.636E-01	3.970E-01	5.146E-01	0.353	46
afdb_P48052_v6	afdb_Q29460_v6	2.898E-01	4.637E-01	5.070E-01	0.076	28
afdb_P48052_v6	afdb_P05521_v6	3.292E-01	4.245E-01	4.705E-01	0.106	32
afdb_P48052_v6	afdb_Q75WN8_v6	3.158E-01	4.351E-01	4.440E-01	0.098	31
afdb_P48052_v6	afdb_Q00017_v6	2.869E-01	4.251E-01	4.569E-01	0.076	28
afdb_P48052_v6	afdb_P09030_v6	2.855E-01	4.038E-01	4.138E-01	0.076	28
afdb_P48052_v6	afdb_O58727_v6	2.278E-01	4.459E-01	4.477E-01	0.040	22
afdb_P48052_v6	afdb_P00935_v6	3.257E-01	3.470E-01	3.967E-01	0.106	32
afdb_P48052_v6	afdb_P09184_v6	2.087E-01	4.586E-01	4.948E-01	0.029	20
afdb_P48052_v6	afdb_Q9UMR5_v6	2.936E-01	3.700E-01	4.090E-01	0.082	29
afdb_P48052_v6	afdb_Q58989_v6	2.474E-01	4.091E-01	4.510E-01	0.051	24
afdb_P48052_v6	afdb_P06721_v6	3.205E-01	3.350E-01	3.884E-01	0.106	32
afdb_P48052_v6	afdb_P27487_v6	4.058E-01	2.496E-01	4.254E-01	0.214	40
afdb_P48052_v6	afdb_P22266_v6	3.026E-01	3.519E-01	4.042E-01	0.090	30
afdb_P48052_v6	afdb_P29183_v6	3.345E-01	3.125E-01	3.999E-01	0.116	33
afdb_P48052_v6	afdb_P04042_v6	2.983E-01	3.443E-01	3.567E-01	0.082	29
afdb_P48052_v6	afdb_Q9XBQ8_v6	3.204E-01	3.221E-01	3.767E-01	0.098	31
afdb_P48052_v6	afdb_P96965_v6	2.707E-01	3.641E-01	3.713E-01	0.069	27
afdb_P48052_v6	afdb_P05414_v6	3.020E-01	3.305E-01	3.515E-01	0.090	30
afdb_P48052_v6	afdb_P03958_v6	2.950E-01	3.361E-01	3.492E-01	0.082	29
afdb_P48052_v6	afdb_O59791_v6	2.828E-01	3.455E-01	3.960E-01	0.076	28
afdb_P48052_v6	afdb_P22394_v6	3.450E-01	2.769E-01	3.536E-01	0.126	34
afdb_P48052_v6	afdb_P0A6G7_v6	2.324E-01	3.846E-01	3.930E-01	0.045	23
afdb_P48052_v6	afdb_P45478_v6	2.743E-01	3.424E-01	3.762E-01	0.069	27
afdb_P48052_v6	afdb_P00800_v6	3.379E-01	2.757E-01	3.698E-01	0.116	33
afdb_P48052_v6	afdb_P0A6C1_v6	2.650E-01	3.436E-01	3.720E-01	0.063	26
afdb_P48052_v6	afdb_P16444_v6	3.006E-01	3.045E-01	3.684E-01	0.090	30
afdb_P48052_v6	afdb_Q6LZM9_v6	3.051E-01	2.958E-01	3.816E-01	0.090	30
afdb_P48052_v6	afdb_P09598_v6	2.580E-01	3.441E-01	3.739E-01	0.057	25
afdb_P48052_v6	afdb_P00639_v6	2.576E-01	3.394E-01	3.638E-01	0.057	25
afdb_P48052_v6	afdb_P0A1E3_v6	2.678E-01	3.283E-01	3.765E-01	0.063	26
afdb_P48052_v6	afdb_P00592_v6	1.867E-01	4.084E-01	4.344E-01	0.020	18
afdb_P48052_v6	afdb_P00175_v6	3.345E-01	2.601E-01	3.427E-01	0.116	33
afdb_P48052_v6	afdb_P30122_v6	3.374E-01	2.535E-01	4.549E-01	0.116	33
afdb_P48052_v6	afdb_P16932_v6	2.961E-01	2.887E-01	3.480E-01	0.082	29
afdb_P48052_v6	afdb_P53608_v6	2.567E-01	3.231E-01	3.324E-01	0.057	25
afdb_P48052_v6	afdb_Q16775_v6	2.544E-01	3.251E-01	4.965E-01	0.057	25
afdb_P48052_v6	afdb_Q02899_v6	2.849E-01	2.944E-01	3.529E-01	0.076	28
afdb_P48052_v6	afdb_P71119_v6	2.201E-01	3.561E-01	3.787E-01	0.034	21
afdb_P48052_v6	afdb_P52700_v6	2.505E-01	3.251E-01	3.629E-01	0.057	25
afdb_P48052_v6	afdb_Q6YBS3_v6	3.350E-01	2.403E-01	4.395E-01	0.116	33
afdb_P48052_v6	afdb_P08473_v6	3.473E-01	2.266E-01	3.545E-01	0.126	34
afdb_P48052_v6	afdb_P00766_v6	2.316E-01	3.384E-01	3.484E-01	0.045	23
afdb_P48052_v6	afdb_P56218_v6	2.490E-01	3.202E-01	3.496E-01	0.051	24
afdb_P48052_v6	afdb_Q3HWU8_v6	2.422E-01	3.259E-01	3.276E-01	0.051	24
afdb_P48052_v6	afdb_P21836_v6	3.245E-01	2.433E-01	3.322E-01	0.106	32
afdb_P48052_v6	afdb_P37967_v6	2.983E-01	2.665E-01	3.053E-01	0.082	29
afdb_P48052_v6	afdb_P83686_v6	2.382E-01	3.249E-01	3.399E-01	0.045	23
afdb_P48052_v6	afdb_P00455_v6	2.669E-01	2.940E-01	3.013E-01	0.063	26
afdb_P48052_v6	afdb_Q9FEW9_v6	2.750E-01	2.857E-01	3.395E-01	0.069	27
afdb_P48052_v6	afdb_P39377_v6	2.726E-01	2.871E-01	3.749E-01	0.069	27
afdb_P48052_v6	afdb_P00914_v6	2.918E-01	2.678E-01	3.095E-01	0.082	29
afdb_P48052_v6	afdb_Q9L9D7_v6	3.144E-01	2.439E-01	4.225E-01	0.098	31
afdb_P48052_v6	afdb_P00489_v6	3.562E-01	2.026E-01	3.596E-01	0.138	35
afdb_P48052_v6	afdb_Q8RB32_v6	2.202E-01	3.349E-01	3.786E-01	0.034	21
afdb_P48052_v6	afdb_Q12178_v6	1.724E-01	3.813E-01	4.562E-01	0.016	17
afdb_P48052_v6	afdb_P0A9P4_v6	2.474E-01	3.067E-01	3.512E-01	0.051	24
afdb_P48052_v6	afdb_P04190_v6	2.266E-01	3.233E-01	3.634E-01	0.040	22
afdb_P48052_v6	afdb_P25910_v6	2.245E-01	3.251E-01	3.592E-01	0.040	22
afdb_P48052_v6	afdb_P43099_v6	3.325E-01	2.154E-01	3.856E-01	0.116	33
afdb_P48052_v6	afdb_P24630_v6	2.768E-01	2.710E-01	3.061E-01	0.069	27
afdb_P48052_v6	afdb_P37062_v6	2.793E-01	2.665E-01	3.429E-01	0.069	27
afdb_P48052_v6	afdb_Q7ZAG8_v6	2.690E-01	2.736E-01	3.050E-01	0.063	26
afdb_P48052_v6	afdb_P00777_v6	2.371E-01	3.040E-01	3.398E-01	0.045	23
afdb_P48052_v6	afdb_P0CE47_v6	2.616E-01	2.733E-01	2.769E-01	0.063	26
afdb_P48052_v6	afdb_P05725_v6	1.810E-01	3.537E-01	3.634E-01	0.020	18
afdb_P48052_v6	afdb_P15289_v6	2.837E-01	2.453E-01	3.200E-01	0.076	28
afdb_P48052_v6	afdb_P77444_v6	2.603E-01	2.659E-01	2.858E-01	0.057	25
afdb_P48052_v6	afdb_P56216_v6	2.886E-01	2.317E-01	3.183E-01	0.076	28
afdb_P48052_v6	afdb_P23295_v6	2.573E-01	2.634E-01	2.892E-01	0.057	25
afdb_P48052_v6	afdb_P83788_v6	2.572E-01	2.581E-01	2.892E-01	0.057	25
afdb_P48052_v6	afdb_Q56839_v6	2.784E-01	2.366E-01	3.136E-01	0.069	27
afdb_P48052_v6	afdb_P08165_v6	2.703E-01	2.427E-01	3.084E-01	0.069	27
afdb_P48052_v6	afdb_Q00441_v6	2.512E-01	2.578E-01	2.835E-01	0.057	25
afdb_P48052_v6	afdb_Q945K2_v6	2.824E-01	2.286E-01	3.004E-01	0.076	28
afdb_P48052_v6	afdb_Q9AGP8_v6	3.170E-01	1.895E-01	3.554E-01	0.098	31
afdb_P48052_v6	afdb_P81054_v6	2.381E-01	2.691E-01	2.942E-01	0.045	23
afdb_P48052_v6	afdb_P42593_v6	2.960E-01	2.081E-01	3.149E-01	0.082	29
afdb_P48052_v6	afdb_P0AB77_v6	2.467E-01	2.547E-01	2.787E-01	0.051	24
afdb_P48052_v6	afdb_P28305_v6	2.113E-01	2.880E-01	2.895E-01	0.034	21
afdb_P48052_v6	afdb_P00860_v6	2.569E-01	2.406E-01	2.732E-01	0.057	25
afdb_P48052_v6	afdb_O33199_v6	1.852E-01	3.119E-01	3.486E-01	0.020	18
afdb_P48052_v6	afdb_P14779_v6	3.374E-01	1.574E-01	3.615E-01	0.116	33
afdb_P48052_v6	afdb_Q50925_v6	2.747E-01	2.206E-01	2.823E-01	0.069	27
afdb_P48052_v6	afdb_P19938_v6	2.122E-01	2.805E-01	2.907E-01	0.034	21
afdb_P48052_v6	afdb_P03007_v6	1.983E-01	2.942E-01	3.526E-01	0.024	19
afdb_P48052_v6	afdb_P13717_v6	2.059E-01	2.869E-01	3.392E-01	0.029	20
afdb_P48052_v6	afdb_P21327_v6	2.413E-01	2.492E-01	2.575E-01	0.051	24
afdb_P48052_v6	afdb_P55038_v6	3.614E-01	1.288E-01	3.697E-01	0.150	36
afdb_P48052_v6	afdb_P16099_v6	2.928E-01	1.966E-01	3.059E-01	0.082	29
afdb_P48052_v6	afdb_P10902_v6	2.661E-01	2.231E-01	3.036E-01	0.063	26
afdb_P48052_v6	afdb_P12995_v6	2.390E-01	2.351E-01	2.546E-01	0.045	23
afdb_P48052_v6	afdb_P08148_v6	2.666E-01	2.068E-01	2.850E-01	0.063	26
afdb_P48052_v6	afdb_P00392_v6	2.595E-01	2.091E-01	2.670E-01	0.057	25
afdb_P48052_v6	afdb_P28796_v6	2.422E-01	2.246E-01	2.646E-01	0.051	24
afdb_P48052_v6	afdb_P21179_v6	2.801E-01	1.834E-01	2.832E-01	0.076	28
afdb_P48052_v6	afdb_Q28943_v6	2.990E-01	1.533E-01	3.115E-01	0.082	29
afdb_P48052_v6	afdb_Q05755_v6	3.259E-01	1.195E-01	3.422E-01	0.106	32
afdb_P48052_v6	afdb_P09883_v6	2.330E-01	1.822E-01	2.547E-01	0.045	23
afdb_P48052_v6	afdb_O16025_v6	2.751E-01	1.343E-01	3.076E-01	0.069	27
afdb_P48052_v6	afdb_F8W4B7_v6	2.742E-01	1.313E-01	3.053E-01	0.069	27
afdb_P53759_v6	afdb_Q9FEW9_v6	5.016E-01	5.321E-01	6.401E-01	0.473	50
afdb_P53759_v6	afdb_P42593_v6	5.907E-01	3.930E-01	6.422E-01	0.747	59
afdb_P53759_v6	afdb_Q8RB32_v6	3.758E-01	6.060E-01	6.231E-01	0.164	37
afdb_P53759_v6	afdb_P05414_v6	4.449E-01	5.022E-01	6.094E-01	0.301	44
afdb_P53759_v6	afdb_P0A6C1_v6	3.931E-01	5.442E-01	5.472E-01	0.196	39
afdb_P53759_v6	afdb_P16099_v6	5.779E-01	3.566E-01	6.378E-01	0.692	57
afdb_P53759_v6	afdb_Q02899_v6	4.189E-01	4.392E-01	4.615E-01	0.233	41
afdb_P53759_v6	afdb_P03958_v6	3.920E-01	4.571E-01	5.109E-01	0.196	39
afdb_P53759_v6	afdb_P39377_v6	4.068E-01	4.347E-01	5.294E-01	0.214	40
afdb_P53759_v6	afdb_P16444_v6	3.947E-01	4.041E-01	6.348E-01	0.196	39
afdb_P53759_v6	afdb_P00175_v6	4.544E-01	3.363E-01	5.928E-01	0.326	45
afdb_P53759_v6	afdb_Q28943_v6	5.279E-01	2.321E-01	5.512E-01	0.537	52
afdb_P53759_v6	afdb_Q9XBQ8_v6	3.726E-01	3.777E-01	4.969E-01	0.164	37
afdb_P53759_v6	afdb_P00860_v6	3.674E-01	3.433E-01	4.545E-01	0.150	36
afdb_P53759_v6	afdb_P05521_v6	3.090E-01	3.931E-01	4.291E-01	0.090	30
afdb_P53759_v6	afdb_P53608_v6	2.988E-01	3.895E-01	3.923E-01	0.082	29
afdb_P53759_v6	afdb_P18314_v6	3.755E-01	2.999E-01	4.235E-01	0.164	37
afdb_P53759_v6	afdb_P37957_v6	2.492E-01	4.099E-01	4.525E-01	0.051	24
afdb_P53759_v6	afdb_Q29460_v6	2.470E-01	4.076E-01	5.353E-01	0.051	24
afdb_P53759_v6	afdb_Q00017_v6	2.633E-01	3.895E-01	4.279E-01	0.063	26
afdb_P53759_v6	afdb_Q16775_v6	2.861E-01	3.574E-01	4.004E-01	0.076	28
afdb_P53759_v6	afdb_P15289_v6	3.425E-01	3.017E-01	4.004E-01	0.126	34
afdb_P53759_v6	afdb_Q9UMR5_v6	2.785E-01	3.574E-01	3.870E-01	0.069	27
afdb_P53759_v6	afdb_P45478_v6	2.808E-01	3.545E-01	3.768E-01	0.076	28
afdb_P53759_v6	afdb_Q6YBS3_v6	3.660E-01	2.682E-01	3.925E-01	0.150	36
afdb_P53759_v6	afdb_P12995_v6	3.171E-01	3.138E-01	3.699E-01	0.098	31
afdb_P53759_v6	afdb_P00935_v6	3.027E-01	3.244E-01	3.695E-01	0.090	30
afdb_P53759_v6	afdb_Q12178_v6	1.990E-01	4.215E-01	4.606E-01	0.024	19
afdb_P53759_v6	afdb_P16932_v6	3.116E-01	3.065E-01	3.582E-01	0.098	31
afdb_P53759_v6	afdb_P0A6G7_v6	2.247E-01	3.928E-01	4.178E-01	0.040	22
afdb_P53759_v6	afdb_Q9L9D7_v6	3.438E-01	2.737E-01	3.661E-01	0.126	34
afdb_P53759_v6	afdb_P0AB77_v6	3.011E-01	3.154E-01	3.807E-01	0.090	30
afdb_P53759_v6	afdb_P24630_v6	3.092E-01	3.039E-01	3.702E-01	0.090	30
afdb_P53759_v6	afdb_O58727_v6	2.102E-01	4.024E-01	4.039E-01	0.034	21
afdb_P53759_v6	afdb_Q3HWU8_v6	2.585E-01	3.533E-01	4.019E-01	0.057	25
afdb_P53759_v6	afdb_P25910_v6	2.515E-01	3.596E-01	3.901E-01	0.057	25
afdb_P53759_v6	afdb_P55038_v6	4.631E-01	1.422E-01	5.395E-01	0.353	46
afdb_P53759_v6	afdb_P0CE47_v6	2.944E-01	3.096E-01	3.462E-01	0.082	29
afdb_P53759_v6	afdb_P83772_v6	2.500E-01	3.533E-01	3.768E-01	0.051	24
afdb_P53759_v6	afdb_P29183_v6	3.108E-01	2.916E-01	3.834E-01	0.098	31
afdb_P53759_v6	afdb_P00489_v6	3.783E-01	2.238E-01	4.053E-01	0.164	37
afdb_P53759_v6	afdb_P00914_v6	3.121E-01	2.879E-01	3.261E-01	0.098	31
afdb_P53759_v6	afdb_P77444_v6	2.948E-01	3.030E-01	3.501E-01	0.082	29
afdb_P53759_v6	afdb_Q6LZM9_v6	3.019E-01	2.953E-01	3.530E-01	0.090	30
afdb_P53759_v6	afdb_P83788_v6	2.957E-01	2.996E-01	3.530E-01	0.082	29
afdb_P53759_v6	afdb_P06721_v6	2.883E-01	3.033E-01	3.580E-01	0.076	28
afdb_P53759_v6	afdb_P28305_v6	2.493E-01	3.405E-01	3.621E-01	0.051	24
afdb_P53759_v6	afdb_Q75WN8_v6	2.496E-01	3.342E-01	3.817E-01	0.051	24
afdb_P53759_v6	afdb_P96965_v6	2.491E-01	3.339E-01	3.999E-01	0.051	24
afdb_P53759_v6	afdb_P28796_v6	3.003E-01	2.799E-01	3.629E-01	0.090	30
afdb_P53759_v6	afdb_P22266_v6	2.674E-01	3.112E-01	4.159E-01	0.063	26
afdb_P53759_v6	afdb_P40859_v6	2.811E-01	2.974E-01	3.259E-01	0.076	28
afdb_P53759_v6	afdb_P21327_v6	2.766E-01	2.878E-01	3.267E-01	0.069	27
afdb_P53759_v6	afdb_P0A1E3_v6	2.539E-01	3.095E-01	3.409E-01	0.057	25
afdb_P53759_v6	afdb_P19938_v6	2.415E-01	3.184E-01	3.517E-01	0.051	24
afdb_P53759_v6	afdb_P21836_v6	3.194E-01	2.404E-01	3.680E-01	0.098	31
afdb_P53759_v6	afdb_P37967_v6	2.934E-01	2.660E-01	3.079E-01	0.082	29
afdb_P53759_v6	afdb_Q7ZAG8_v6	2.751E-01	2.813E-01	3.343E-01	0.069	27
afdb_P53759_v6	afdb_P30122_v6	3.144E-01	2.401E-01	3.659E-01	0.098	31
afdb_P53759_v6	afdb_P00388_v6	3.247E-01	2.277E-01	3.707E-01	0.106	32
afdb_P53759_v6	afdb_Q05755_v6	4.105E-01	1.367E-01	4.965E-01	0.233	41
afdb_P53759_v6	afdb_P08819_v6	2.755E-01	2.664E-01	2.952E-01	0.069	27
afdb_P53759_v6	afdb_Q58989_v6	2.017E-01	3.313E-01	3.529E-01	0.029	20
afdb_P53759_v6	afdb_Q56839_v6	2.835E-01	2.435E-01	3.325E-01	0.076	28
afdb_P53759_v6	afdb_Q9AGP8_v6	3.280E-01	1.986E-01	3.698E-01	0.106	32
afdb_P53759_v6	afdb_Q01693_v6	2.782E-01	2.476E-01	3.032E-01	0.069	27
afdb_P53759_v6	afdb_P09598_v6	2.238E-01	3.015E-01	3.480E-01	0.040	22
afdb_P53759_v6	afdb_P83686_v6	2.214E-01	3.025E-01	3.113E-01	0.040	22
afdb_P53759_v6	afdb_P37062_v6	2.662E-01	2.559E-01	2.922E-01	0.063	26
afdb_P53759_v6	afdb_P48534_v6	2.123E-01	3.096E-01	3.453E-01	0.034	21
afdb_P53759_v6	afdb_O59791_v6	2.361E-01	2.855E-01	3.062E-01	0.045	23
afdb_P53759_v6	afdb_P22394_v6	2.883E-01	2.327E-01	3.348E-01	0.076	28
afdb_P53759_v6	afdb_P24474_v6	2.880E-01	2.327E-01	3.286E-01	0.076	28
afdb_P53759_v6	afdb_P27487_v6	3.143E-01	2.061E-01	3.431E-01	0.098	31
afdb_P53759_v6	afdb_P43099_v6	3.097E-01	2.082E-01	3.470E-01	0.090	30
afdb_P53759_v6	afdb_P00766_v6	2.112E-01	3.054E-01	3.133E-01	0.034	21
afdb_P53759_v6	afdb_Q945K2_v6	2.846E-01	2.306E-01	2.986E-01	0.076	28
afdb_P53759_v6	afdb_Q50925_v6	2.838E-01	2.272E-01	3.075E-01	0.076	28
afdb_P53759_v6	afdb_P03007_v6	2.060E-01	3.026E-01	3.494E-01	0.029	20
afdb_P53759_v6	afdb_P04042_v6	2.368E-01	2.690E-01	4.074E-01	0.045	23
afdb_P53759_v6	afdb_P00800_v6	2.756E-01	2.280E-01	3.221E-01	0.069	27
afdb_P53759_v6	afdb_P00392_v6	2.776E-01	2.242E-01	3.387E-01	0.069	27
afdb_P53759_v6	afdb_P0A9P4_v6	2.271E-01	2.731E-01	2.853E-01	0.040	22
afdb_P53759_v6	afdb_O16025_v6	3.308E-01	1.687E-01	3.440E-01	0.116	33
afdb_P53759_v6	afdb_P23295_v6	2.431E-01	2.517E-01	2.825E-01	0.051	24
afdb_P53759_v6	afdb_P22637_v6	2.700E-01	2.239E-01	2.847E-01	0.063	26
afdb_P53759_v6	afdb_P00396_v6	2.584E-01	2.271E-01	2.925E-01	0.057	25
afdb_P53759_v6	afdb_P06621_v6	2.405E-01	2.435E-01	2.763E-01	0.051	24
afdb_P53759_v6	afdb_P08148_v6	2.725E-01	2.095E-01	2.946E-01	0.069	27
afdb_P53759_v6	afdb_P09184_v6	1.586E-01	3.232E-01	3.473E-01	0.011	15
afdb_P53759_v6	afdb_P08165_v6	2.531E-01	2.280E-01	3.160E-01	0.057	25
afdb_P53759_v6	afdb_P30850_v6	2.739E-01	2.022E-01	3.006E-01	0.069	27
afdb_P53759_v6	afdb_F8W4B7_v6	3.186E-01	1.568E-01	3.639E-01	0.098	31
afdb_P53759_v6	afdb_P15917_v6	2.924E-01	1.817E-01	3.125E-01	0.082	29
afdb_P53759_v6	afdb_Q9NPB1_v6	1.856E-01	2.859E-01	2.868E-01	0.020	18
afdb_P53759_v6	afdb_Q06241_v6	1.744E-01	2.901E-01	3.022E-01	0.016	17
afdb_P53759_v6	afdb_P81054_v6	2.156E-01	2.461E-01	2.597E-01	0.034	21
afdb_P53759_v6	afdb_P14779_v6	2.996E-01	1.522E-01	3.193E-01	0.082	29
afdb_P53759_v6	afdb_P12821_v6	3.111E-01	1.302E-01	3.171E-01	0.098	31
afdb_P53759_v6	afdb_P00644_v6	1.647E-01	2.530E-01	2.542E-01	0.014	16
afdb_P74312_v6	afdb_Q29460_v6	5.181E-01	4.745E-01	5.607E-01	0.505	51
afdb_P74312_v6	afdb_Q00017_v6	5.186E-01	4.501E-01	5.646E-01	0.505	51
afdb_P74312_v6	afdb_P83772_v6	5.213E-01	4.331E-01	5.709E-01	0.537	52
afdb_P74312_v6	afdb_P37957_v6	4.791E-01	4.684E-01	5.316E-01	0.382	47
afdb_P74312_v6	afdb_P0CE47_v6	5.865E-01	3.360E-01	6.035E-01	0.720	58
afdb_P74312_v6	afdb_P96965_v6	5.010E-01	3.910E-01	5.534E-01	0.473	50
afdb_P74312_v6	afdb_P22266_v6	5.323E-01	3.544E-01	5.862E-01	0.569	53
afdb_P74312_v6	afdb_Q3HWU8_v6	4.938E-01	3.899E-01	5.598E-01	0.442	49
afdb_P74312_v6	afdb_Q75WN8_v6	4.944E-01	3.833E-01	5.493E-01	0.442	49
afdb_P74312_v6	afdb_P05521_v6	4.959E-01	3.629E-01	5.519E-01	0.442	49
afdb_P74312_v6	afdb_Q9UMR5_v6	4.914E-01	3.654E-01	5.466E-01	0.442	49
afdb_P74312_v6	afdb_O58727_v6	4.028E-01	4.445E-01	4.693E-01	0.214	40
afdb_P74312_v6	afdb_P45478_v6	4.790E-01	3.512E-01	5.313E-01	0.382	47
afdb_P74312_v6	afdb_P04042_v6	5.024E-01	3.250E-01	5.310E-01	0.473	50
afdb_P74312_v6	afdb_P09184_v6	3.636E-01	4.510E-01	5.187E-01	0.150	36
afdb_P74312_v6	afdb_Q58989_v6	4.035E-01	3.960E-01	4.574E-01	0.214	40
afdb_P74312_v6	afdb_Q9NPB1_v6	4.145E-01	3.820E-01	4.557E-01	0.233	41
afdb_P74312_v6	afdb_P37967_v6	5.230E-01	2.651E-01	5.719E-01	0.537	52
afdb_P74312_v6	afdb_P53608_v6	4.318E-01	3.261E-01	4.802E-01	0.277	43
afdb_P74312_v6	afdb_P00388_v6	5.566E-01	1.947E-01	6.947E-01	0.632	55
afdb_P74312_v6	afdb_P22394_v6	5.109E-01	2.301E-01	5.606E-01	0.505	51
afdb_P74312_v6	afdb_Q01693_v6	4.929E-01	2.417E-01	5.001E-01	0.442	49
afdb_P74312_v6	afdb_Q12178_v6	3.289E-01	3.938E-01	4.359E-01	0.106	32
afdb_P74312_v6	afdb_P00639_v6	4.004E-01	3.173E-01	4.367E-01	0.214	40
afdb_P74312_v6	afdb_P16444_v6	4.462E-01	2.645E-01	4.822E-01	0.301	44
afdb_P74312_v6	afdb_P03958_v6	4.181E-01	2.892E-01	4.492E-01	0.233	41
afdb_P74312_v6	afdb_P0A6C1_v6	3.928E-01	3.125E-01	4.498E-01	0.196	39
afdb_P74312_v6	afdb_Q8RB32_v6	3.735E-01	3.298E-01	4.143E-01	0.164	37
afdb_P74312_v6	afdb_P00489_v6	5.311E-01	1.661E-01	5.856E-01	0.569	53
afdb_P74312_v6	afdb_P14779_v6	5.663E-01	1.306E-01	7.241E-01	0.663	56
afdb_P74312_v6	afdb_Q9L9D7_v6	4.813E-01	2.153E-01	5.265E-01	0.411	48
afdb_P74312_v6	afdb_P0A9P4_v6	4.078E-01	2.835E-01	4.536E-01	0.214	40
afdb_P74312_v6	afdb_P29183_v6	4.459E-01	2.431E-01	4.664E-01	0.301	44
afdb_P74312_v6	afdb_Q6YBS3_v6	4.859E-01	1.968E-01	5.316E-01	0.411	48
afdb_P74312_v6	afdb_Q9FEW9_v6	4.230E-01	2.553E-01	4.640E-01	0.254	42
afdb_P74312_v6	afdb_P39377_v6	4.193E-01	2.582E-01	4.679E-01	0.233	41
afdb_P74312_v6	afdb_Q02899_v6	4.204E-01	2.564E-01	4.529E-01	0.254	42
afdb_P74312_v6	afdb_P21179_v6	5.099E-01	1.624E-01	5.314E-01	0.473	50
afdb_P74312_v6	afdb_P15289_v6	4.381E-01	2.148E-01	4.781E-01	0.277	43
afdb_P74312_v6	afdb_P80324_v6	3.858E-01	2.515E-01	4.056E-01	0.179	38
afdb_P74312_v6	afdb_P12995_v6	4.027E-01	2.339E-01	4.618E-01	0.214	40
afdb_P74312_v6	afdb_P0AB77_v6	3.971E-01	2.383E-01	5.166E-01	0.196	39
afdb_P74312_v6	afdb_Q6LZM9_v6	4.053E-01	2.264E-01	5.031E-01	0.214	40
afdb_P74312_v6	afdb_P83686_v6	3.479E-01	2.833E-01	4.554E-01	0.126	34
afdb_P74312_v6	afdb_Q9XBQ8_v6	3.999E-01	2.312E-01	4.656E-01	0.196	39
afdb_P74312_v6	afdb_P77444_v6	3.981E-01	2.309E-01	5.369E-01	0.196	39
afdb_P74312_v6	afdb_P08165_v6	4.190E-01	2.099E-01	4.504E-01	0.233	41
afdb_P74312_v6	afdb_P05414_v6	3.718E-01	2.523E-01	4.022E-01	0.164	37
afdb_P74312_v6	afdb_P27487_v6	4.643E-01	1.570E-01	5.132E-01	0.353	46
afdb_P74312_v6	afdb_P0A6G7_v6	3.107E-01	3.096E-01	3.527E-01	0.098	31
afdb_P74312_v6	afdb_P28796_v6	4.082E-01	2.106E-01	4.686E-01	0.214	40
afdb_P74312_v6	afdb_Q6UV28_v6	2.738E-01	3.437E-01	4.194E-01	0.069	27
afdb_P74312_v6	afdb_P06621_v6	3.862E-01	2.288E-01	4.160E-01	0.179	38
afdb_P74312_v6	afdb_P16932_v6	3.887E-01	2.260E-01	4.396E-01	0.179	38
afdb_P74312_v6	afdb_P83788_v6	3.910E-01	2.218E-01	5.271E-01	0.196	39
afdb_P74312_v6	afdb_Q945K2_v6	4.220E-01	1.868E-01	4.660E-01	0.254	42
afdb_P74312_v6	afdb_P42593_v6	4.319E-01	1.744E-01	4.745E-01	0.277	43
afdb_P74312_v6	afdb_P00455_v6	3.638E-01	2.387E-01	4.007E-01	0.150	36
afdb_P74312_v6	afdb_P00392_v6	4.204E-01	1.771E-01	4.747E-01	0.254	42
afdb_P74312_v6	afdb_P10902_v6	4.091E-01	1.884E-01	4.462E-01	0.214	40
afdb_P74312_v6	afdb_F8W4B7_v6	4.712E-01	1.245E-01	4.745E-01	0.382	47
afdb_P74312_v6	afdb_P00935_v6	3.606E-01	2.245E-01	3.680E-01	0.150	36
afdb_P74312_v6	afdb_P00914_v6	3.825E-01	2.006E-01	4.339E-01	0.179	38
afdb_P74312_v6	afdb_P40859_v6	3.570E-01	2.247E-01	3.894E-01	0.138	35
afdb_P74312_v6	afdb_P16099_v6	4.241E-01	1.573E-01	4.673E-01	0.254	42
afdb_P74312_v6	afdb_P24630_v6	3.677E-01	2.110E-01	4.346E-01	0.150	36
afdb_P74312_v6	afdb_P00175_v6	3.965E-01	1.782E-01	4.221E-01	0.196	39
afdb_P74312_v6	afdb_P43099_v6	4.249E-01	1.492E-01	4.346E-01	0.254	42
afdb_P74312_v6	afdb_P0A1E3_v6	3.326E-01	2.414E-01	3.813E-01	0.116	33
afdb_P74312_v6	afdb_P06721_v6	3.549E-01	2.176E-01	3.597E-01	0.138	35
afdb_P74312_v6	afdb_Q7ZAG8_v6	3.552E-01	2.117E-01	4.109E-01	0.138	35
afdb_P74312_v6	afdb_P00800_v6	3.796E-01	1.814E-01	3.979E-01	0.164	37
afdb_P74312_v6	afdb_Q16775_v6	3.033E-01	2.311E-01	3.481E-01	0.090	30
afdb_P74312_v6	afdb_P22637_v6	3.635E-01	1.673E-01	4.032E-01	0.150	36
afdb_P74312_v6	afdb_Q28943_v6	4.090E-01	1.199E-01	4.297E-01	0.214	40
afdb_P74312_v6	afdb_P37062_v6	3.443E-01	1.831E-01	4.994E-01	0.126	34
afdb_P74312_v6	afdb_P00396_v6	3.504E-01	1.762E-01	3.575E-01	0.138	35
afdb_P74312_v6	afdb_P08148_v6	3.594E-01	1.647E-01	3.813E-01	0.138	35
afdb_P74312_v6	afdb_P55038_v6	4.248E-01	8.200E-02	4.288E-01	0.254	42
afdb_P74312_v6	afdb_P21327_v6	3.095E-01	1.932E-01	3.528E-01	0.090	30
afdb_P74312_v6	afdb_P40881_v6	2.673E-01	2.345E-01	3.358E-01	0.063	26
afdb_P74312_v6	afdb_Q50925_v6	3.402E-01	1.599E-01	3.583E-01	0.126	34
afdb_P74312_v6	afdb_P19938_v6	2.721E-01	2.206E-01	2.873E-01	0.069	27
afdb_P74312_v6	afdb_O13297_v6	3.277E-01	1.643E-01	3.480E-01	0.106	32
afdb_P74312_v6	afdb_Q05755_v6	4.018E-01	8.416E-02	4.248E-01	0.214	40
afdb_P74312_v6	afdb_P15917_v6	3.147E-01	1.080E-01	4.146E-01	0.098	31
afdb_P74312_v6	afdb_P81054_v6	2.530E-01	1.701E-01	3.041E-01	0.057	25
afdb_P74312_v6	afdb_Q56839_v6	2.760E-01	1.452E-01	3.136E-01	0.069	27
afdb_P78965_v6	afdb_P00392_v6	9.072E-01	7.556E-01	9.322E-01	0.996	90
afdb_P78965_v6	afdb_Q56839_v6	8.705E-01	7.785E-01	8.793E-01	0.994	87
afdb_P78965_v6	afdb_P37062_v6	7.657E-01	7.922E-01	8.037E-01	0.971	76
afdb_P78965_v6	afdb_Q7ZAG8_v6	6.199E-01	6.938E-01	6.953E-01	0.795	61
afdb_P78965_v6	afdb_P0A9P4_v6	5.461E-01	7.658E-01	7.812E-01	0.601	54
afdb_P78965_v6	afdb_P08165_v6	4.981E-01	4.731E-01	6.584E-01	0.442	49
afdb_P78965_v6	afdb_P42593_v6	4.675E-01	3.332E-01	6.929E-01	0.353	46
afdb_P78965_v6	afdb_P22637_v6	4.269E-01	3.686E-01	5.487E-01	0.254	42
afdb_P78965_v6	afdb_Q28943_v6	5.215E-01	2.548E-01	5.379E-01	0.537	52
afdb_P78965_v6	afdb_P16099_v6	4.615E-01	3.089E-01	6.178E-01	0.353	46
afdb_P78965_v6	afdb_P10902_v6	4.096E-01	3.591E-01	5.294E-01	0.214	40
afdb_P78965_v6	afdb_P40859_v6	3.528E-01	4.069E-01	4.455E-01	0.138	35
afdb_P78965_v6	afdb_Q945K2_v6	4.068E-01	3.463E-01	5.216E-01	0.214	40
afdb_P78965_v6	afdb_Q9AGP8_v6	4.293E-01	2.718E-01	4.356E-01	0.254	42
afdb_P78965_v6	afdb_P80324_v6	3.135E-01	3.763E-01	4.029E-01	0.098	31
afdb_P78965_v6	afdb_P0A1E3_v6	2.808E-01	3.743E-01	3.862E-01	0.076	28
afdb_P78965_v6	afdb_Q02899_v6	3.050E-01	3.420E-01	3.674E-01	0.090	30
afdb_P78965_v6	afdb_O59791_v6	2.693E-01	3.597E-01	3.659E-01	0.063	26
afdb_P78965_v6	afdb_Q9FEW9_v6	2.919E-01	3.287E-01	3.484E-01	0.082	29
afdb_P78965_v6	afdb_P28796_v6	3.050E-01	3.036E-01	3.294E-01	0.090	30
afdb_P78965_v6	afdb_Q58989_v6	2.130E-01	3.872E-01	3.903E-01	0.034	21
afdb_P78965_v6	afdb_P15289_v6	3.098E-01	2.904E-01	3.285E-01	0.090	30
afdb_P78965_v6	afdb_Q6LZM9_v6	2.911E-01	3.038E-01	3.170E-01	0.082	29
afdb_P78965_v6	afdb_P00935_v6	2.743E-01	3.141E-01	3.236E-01	0.069	27
afdb_P78965_v6	afdb_P08373_v6	2.594E-01	3.250E-01	3.426E-01	0.057	25
afdb_P78965_v6	afdb_Q9L9D7_v6	3.128E-01	2.671E-01	3.159E-01	0.098	31
afdb_P78965_v6	afdb_P06721_v6	2.735E-01	3.059E-01	3.118E-01	0.069	27
afdb_P78965_v6	afdb_P16932_v6	2.816E-01	2.959E-01	3.226E-01	0.076	28
afdb_P78965_v6	afdb_Q6YBS3_v6	3.182E-01	2.525E-01	3.287E-01	0.098	31
afdb_P78965_v6	afdb_O58727_v6	1.847E-01	3.838E-01	3.852E-01	0.020	18
afdb_P78965_v6	afdb_P04190_v6	2.209E-01	3.437E-01	3.695E-01	0.040	22
afdb_P78965_v6	afdb_P77444_v6	2.682E-01	2.937E-01	3.079E-01	0.063	26
afdb_P78965_v6	afdb_P0AB77_v6	2.659E-01	2.947E-01	3.230E-01	0.063	26
afdb_P78965_v6	afdb_P83788_v6	2.698E-01	2.906E-01	3.090E-01	0.063	26
afdb_P78965_v6	afdb_P37957_v6	1.962E-01	3.623E-01	4.135E-01	0.024	19
afdb_P78965_v6	afdb_P0CE47_v6	2.626E-01	2.956E-01	3.006E-01	0.063	26
afdb_P78965_v6	afdb_P83772_v6	2.226E-01	3.352E-01	3.395E-01	0.040	22
afdb_P78965_v6	afdb_Q3HWU8_v6	2.270E-01	3.269E-01	3.395E-01	0.040	22
afdb_P78965_v6	afdb_Q8RB32_v6	2.141E-01	3.389E-01	3.407E-01	0.034	21
afdb_P78965_v6	afdb_P22266_v6	2.435E-01	3.033E-01	3.648E-01	0.051	24
afdb_P78965_v6	afdb_Q12178_v6	1.646E-01	3.822E-01	4.381E-01	0.014	16
afdb_P78965_v6	afdb_Q00017_v6	2.107E-01	3.348E-01	3.471E-01	0.034	21
afdb_P78965_v6	afdb_P30122_v6	2.961E-01	2.464E-01	3.451E-01	0.082	29
afdb_P78965_v6	afdb_P96965_v6	2.223E-01	3.169E-01	3.356E-01	0.040	22
afdb_P78965_v6	afdb_P83686_v6	2.165E-01	3.186E-01	3.305E-01	0.034	21
afdb_P78965_v6	afdb_P53608_v6	2.185E-01	3.090E-01	3.349E-01	0.034	21
afdb_P78965_v6	afdb_P00777_v6	2.218E-01	3.050E-01	3.490E-01	0.040	22
afdb_P78965_v6	afdb_P52700_v6	2.189E-01	3.069E-01	3.421E-01	0.034	21
afdb_P78965_v6	afdb_Q75WN8_v6	2.187E-01	3.063E-01	3.219E-01	0.034	21
afdb_P78965_v6	afdb_Q01693_v6	2.693E-01	2.538E-01	2.714E-01	0.063	26
afdb_P78965_v6	afdb_P71119_v6	1.905E-01	3.311E-01	3.711E-01	0.024	19
afdb_P78965_v6	afdb_P24474_v6	2.791E-01	2.404E-01	3.347E-01	0.069	27
afdb_P78965_v6	afdb_Q05755_v6	3.684E-01	1.482E-01	3.805E-01	0.150	36
afdb_P78965_v6	afdb_P00914_v6	2.596E-01	2.563E-01	3.884E-01	0.057	25
afdb_P78965_v6	afdb_Q00441_v6	2.460E-01	2.704E-01	2.708E-01	0.051	24
afdb_P78965_v6	afdb_P39377_v6	2.400E-01	2.726E-01	3.242E-01	0.045	23
afdb_P78965_v6	afdb_P03958_v6	2.283E-01	2.829E-01	3.070E-01	0.040	22
afdb_P78965_v6	afdb_P25910_v6	1.986E-01	3.119E-01	3.410E-01	0.024	19
afdb_P78965_v6	afdb_P08148_v6	2.798E-01	2.306E-01	3.678E-01	0.069	27
afdb_P78965_v6	afdb_P05414_v6	2.326E-01	2.719E-01	3.256E-01	0.045	23
afdb_P78965_v6	afdb_Q29460_v6	1.910E-01	3.125E-01	3.171E-01	0.024	19
afdb_P78965_v6	afdb_Q9UMR5_v6	2.099E-01	2.928E-01	3.363E-01	0.029	20
afdb_P78965_v6	afdb_P21836_v6	2.757E-01	2.279E-01	2.779E-01	0.069	27
afdb_P78965_v6	afdb_P0A6C1_v6	2.071E-01	2.944E-01	3.271E-01	0.029	20
afdb_P78965_v6	afdb_P0A6K3_v6	1.647E-01	3.366E-01	3.425E-01	0.014	16
afdb_P78965_v6	afdb_P55038_v6	3.583E-01	1.416E-01	3.648E-01	0.138	35
afdb_P78965_v6	afdb_P00639_v6	2.019E-01	2.976E-01	3.260E-01	0.029	20
afdb_P78965_v6	afdb_P00800_v6	2.634E-01	2.346E-01	2.751E-01	0.063	26
afdb_P78965_v6	afdb_Q16775_v6	2.094E-01	2.856E-01	3.415E-01	0.029	20
afdb_P78965_v6	afdb_P00175_v6	2.682E-01	2.240E-01	2.920E-01	0.063	26
afdb_P78965_v6	afdb_Q7SID9_v6	2.631E-01	2.282E-01	2.766E-01	0.063	26
afdb_P78965_v6	afdb_P05725_v6	1.524E-01	3.310E-01	3.517E-01	0.011	15
afdb_P78965_v6	afdb_P00766_v6	1.873E-01	2.950E-01	3.151E-01	0.020	18
afdb_P78965_v6	afdb_P00644_v6	1.758E-01	3.002E-01	3.130E-01	0.016	17
afdb_P78965_v6	afdb_P19938_v6	1.938E-01	2.732E-01	2.752E-01	0.024	19
afdb_P78965_v6	afdb_P04042_v6	2.060E-01	2.553E-01	3.004E-01	0.029	20
afdb_P78965_v6	afdb_P27170_v6	2.081E-01	2.505E-01	2.818E-01	0.029	20
afdb_P78965_v6	afdb_P30850_v6	2.565E-01	2.019E-01	2.642E-01	0.057	25
afdb_P78965_v6	afdb_P81054_v6	2.068E-01	2.489E-01	2.561E-01	0.029	20
afdb_P78965_v6	afdb_F8W4B7_v6	2.957E-01	1.552E-01	3.293E-01	0.082	29
afdb_P78965_v6	afdb_P35049_v6	1.765E-01	2.709E-01	2.912E-01	0.016	17
afdb_P78965_v6	afdb_Q6UV28_v6	1.377E-01	3.085E-01	3.336E-01	0.009	13
afdb_P78965_v6	afdb_P18314_v6	2.387E-01	2.077E-01	2.438E-01	0.045	23
afdb_P78965_v6	afdb_Q9XBQ8_v6	2.145E-01	2.308E-01	2.703E-01	0.034	21
afdb_P78965_v6	afdb_P00860_v6	2.189E-01	2.199E-01	2.412E-01	0.034	21
afdb_P78965_v6	afdb_O13297_v6	1.982E-01	1.751E-01	2.154E-01	0.024	19
afdb_P91938_v6	afdb_P00392_v6	7.496E-01	7.936E-01	8.087E-01	0.961	74
afdb_P91938_v6	afdb_Q56839_v6	6.956E-01	7.850E-01	8.433E-01	0.923	69
afdb_P91938_v6	afdb_P37062_v6	6.153E-01	8.015E-01	8.048E-01	0.795	61
afdb_P91938_v6	afdb_P0A9P4_v6	4.393E-01	7.807E-01	8.107E-01	0.277	43
afdb_P91938_v6	afdb_Q7ZAG8_v6	4.938E-01	6.966E-01	7.356E-01	0.442	49
afdb_P91938_v6	afdb_P08165_v6	4.048E-01	4.791E-01	6.362E-01	0.214	40
afdb_P91938_v6	afdb_P42593_v6	4.039E-01	3.627E-01	5.144E-01	0.214	40
afdb_P91938_v6	afdb_P16099_v6	4.074E-01	3.417E-01	4.525E-01	0.214	40
afdb_P91938_v6	afdb_P22637_v6	3.608E-01	3.846E-01	5.184E-01	0.150	36
afdb_P91938_v6	afdb_Q28943_v6	4.540E-01	2.790E-01	4.728E-01	0.326	45
afdb_P91938_v6	afdb_Q945K2_v6	3.454E-01	3.621E-01	4.349E-01	0.126	34
afdb_P91938_v6	afdb_P40859_v6	2.840E-01	3.996E-01	4.273E-01	0.076	28
afdb_P91938_v6	afdb_P10902_v6	3.221E-01	3.501E-01	5.008E-01	0.106	32
afdb_P91938_v6	afdb_Q9AGP8_v6	3.695E-01	2.853E-01	4.262E-01	0.150	36
afdb_P91938_v6	afdb_P80324_v6	2.626E-01	3.850E-01	3.964E-01	0.063	26
afdb_P91938_v6	afdb_Q6LZM9_v6	2.634E-01	3.297E-01	3.310E-01	0.063	26
afdb_P91938_v6	afdb_O59791_v6	2.220E-01	3.654E-01	3.699E-01	0.040	22
afdb_P91938_v6	afdb_P28796_v6	2.661E-01	3.186E-01	3.245E-01	0.063	26
afdb_P91938_v6	afdb_P52700_v6	2.146E-01	3.669E-01	3.990E-01	0.034	21
afdb_P91938_v6	afdb_P0A1E3_v6	2.225E-01	3.588E-01	3.693E-01	0.040	22
afdb_P91938_v6	afdb_P15289_v6	2.712E-01	3.055E-01	3.333E-01	0.069	27
afdb_P91938_v6	afdb_Q9L9D7_v6	2.800E-01	2.878E-01	3.226E-01	0.069	27
afdb_P91938_v6	afdb_Q6YBS3_v6	2.907E-01	2.777E-01	3.071E-01	0.082	29
afdb_P91938_v6	afdb_Q9FEW9_v6	2.385E-01	3.278E-01	3.478E-01	0.045	23
afdb_P91938_v6	afdb_P37957_v6	1.747E-01	3.911E-01	4.112E-01	0.016	17
afdb_P91938_v6	afdb_P05521_v6	2.155E-01	3.472E-01	3.491E-01	0.034	21
afdb_P91938_v6	afdb_Q9NPB1_v6	1.780E-01	3.753E-01	3.884E-01	0.016	17
afdb_P91938_v6	afdb_P0AB77_v6	2.363E-01	3.125E-01	3.146E-01	0.045	23
afdb_P91938_v6	afdb_Q3HWU8_v6	1.974E-01	3.503E-01	3.664E-01	0.024	19
afdb_P91938_v6	afdb_P16932_v6	2.422E-01	3.047E-01	3.099E-01	0.051	24
afdb_P91938_v6	afdb_P77444_v6	2.375E-01	3.100E-01	3.132E-01	0.045	23
afdb_P91938_v6	afdb_Q58989_v6	1.692E-01	3.728E-01	3.785E-01	0.014	16
afdb_P91938_v6	afdb_P27170_v6	2.209E-01	3.208E-01	3.614E-01	0.040	22
afdb_P91938_v6	afdb_P25910_v6	1.866E-01	3.546E-01	3.620E-01	0.020	18
afdb_P91938_v6	afdb_P04042_v6	2.138E-01	3.234E-01	3.618E-01	0.034	21
afdb_P91938_v6	afdb_Q8RB32_v6	1.817E-01	3.547E-01	3.567E-01	0.020	18
afdb_P91938_v6	afdb_P00935_v6	2.249E-01	3.104E-01	3.198E-01	0.040	22
afdb_P91938_v6	afdb_P37967_v6	2.485E-01	2.848E-01	2.883E-01	0.051	24
afdb_P91938_v6	afdb_P06721_v6	2.257E-01	3.037E-01	3.092E-01	0.040	22
afdb_P91938_v6	afdb_Q75WN8_v6	1.942E-01	3.312E-01	3.324E-01	0.024	19
afdb_P91938_v6	afdb_P83788_v6	2.286E-01	2.944E-01	3.116E-01	0.040	22
afdb_P91938_v6	afdb_P08473_v6	2.825E-01	2.394E-01	2.874E-01	0.076	28
afdb_P91938_v6	afdb_O58727_v6	1.543E-01	3.659E-01	3.742E-01	0.011	15
afdb_P91938_v6	afdb_P16444_v6	2.234E-01	2.963E-01	3.654E-01	0.040	22
afdb_P91938_v6	afdb_P53608_v6	1.944E-01	3.255E-01	3.263E-01	0.024	19
afdb_P91938_v6	afdb_P22266_v6	2.074E-01	3.095E-01	3.669E-01	0.029	20
afdb_P91938_v6	afdb_P83686_v6	1.778E-01	3.376E-01	3.796E-01	0.016	17
afdb_P91938_v6	afdb_P05414_v6	2.117E-01	3.018E-01	3.369E-01	0.034	21
afdb_P91938_v6	afdb_P0CE47_v6	2.169E-01	2.950E-01	3.006E-01	0.034	21
afdb_P91938_v6	afdb_Q02899_v6	2.208E-01	2.913E-01	2.996E-01	0.034	21
afdb_P91938_v6	afdb_P96965_v6	1.858E-01	3.232E-01	3.265E-01	0.020	18
afdb_P91938_v6	afdb_Q01693_v6	2.394E-01	2.702E-01	2.832E-01	0.045	23
afdb_P91938_v6	afdb_P00388_v6	2.663E-01	2.429E-01	3.068E-01	0.063	26
afdb_P91938_v6	afdb_Q7SID9_v6	2.476E-01	2.590E-01	2.701E-01	0.051	24
afdb_P91938_v6	afdb_P18314_v6	2.487E-01	2.579E-01	2.640E-01	0.051	24
afdb_P91938_v6	afdb_P21836_v6	2.554E-01	2.501E-01	2.656E-01	0.057	25
afdb_P91938_v6	afdb_P83772_v6	1.768E-01	3.277E-01	3.322E-01	0.016	17
afdb_P91938_v6	afdb_P04190_v6	1.698E-01	3.290E-01	4.200E-01	0.014	16
afdb_P91938_v6	afdb_P24474_v6	2.435E-01	2.523E-01	3.091E-01	0.051	24
afdb_P91938_v6	afdb_P56216_v6	2.424E-01	2.532E-01	2.710E-01	0.051	24
afdb_P91938_v6	afdb_P00489_v6	2.775E-01	2.166E-01	2.779E-01	0.069	27
afdb_P91938_v6	afdb_P08373_v6	1.982E-01	2.937E-01	3.087E-01	0.024	19
afdb_P91938_v6	afdb_P45478_v6	1.846E-01	3.065E-01	3.183E-01	0.020	18
afdb_P91938_v6	afdb_P08148_v6	2.462E-01	2.444E-01	2.976E-01	0.051	24
afdb_P91938_v6	afdb_P05725_v6	1.328E-01	3.554E-01	3.712E-01	0.009	13
afdb_P91938_v6	afdb_A0A0C6DRW4_v6	2.128E-01	2.746E-01	2.811E-01	0.034	21
afdb_P91938_v6	afdb_Q00017_v6	1.664E-01	3.191E-01	3.329E-01	0.014	16
afdb_P91938_v6	afdb_P09184_v6	1.256E-01	3.548E-01	3.740E-01	0.008	12
afdb_P91938_v6	afdb_P30850_v6	2.465E-01	2.347E-01	2.492E-01	0.051	24
afdb_P91938_v6	afdb_P0A6T5_v6	1.549E-01	3.240E-01	3.341E-01	0.011	15
afdb_P91938_v6	afdb_Q00441_v6	2.063E-01	2.714E-01	2.785E-01	0.029	20
afdb_P91938_v6	afdb_P00639_v6	1.742E-01	3.028E-01	3.431E-01	0.016	17
afdb_P91938_v6	afdb_P15917_v6	2.645E-01	2.108E-01	2.919E-01	0.063	26
afdb_P91938_v6	afdb_P00860_v6	2.160E-01	2.593E-01	2.802E-01	0.034	21
afdb_P91938_v6	afdb_P00175_v6	2.357E-01	2.372E-01	2.449E-01	0.045	23
afdb_P91938_v6	afdb_Q9UMR5_v6	1.766E-01	2.954E-01	3.149E-01	0.016	17
afdb_P91938_v6	afdb_P00914_v6	2.136E-01	2.567E-01	2.860E-01	0.034	21
afdb_P91938_v6	afdb_Q29460_v6	1.584E-01	3.114E-01	3.131E-01	0.011	15
afdb_P91938_v6	afdb_Q05755_v6	3.135E-01	1.523E-01	3.139E-01	0.098	31
afdb_P91938_v6	afdb_P0A6C1_v6	1.715E-01	2.940E-01	2.973E-01	0.016	17
afdb_P91938_v6	afdb_P09598_v6	1.660E-01	2.987E-01	3.337E-01	0.014	16
afdb_P91938_v6	afdb_P19938_v6	1.689E-01	2.822E-01	2.938E-01	0.014	16
afdb_P91938_v6	afdb_P00644_v6	1.513E-01	2.987E-01	3.049E-01	0.011	15
afdb_P91938_v6	afdb_P55038_v6	3.010E-01	1.418E-01	3.021E-01	0.090	30
afdb_P91938_v6	afdb_Q9XBQ8_v6	1.913E-01	2.496E-01	2.811E-01	0.024	19
afdb_P91938_v6	afdb_P39377_v6	1.870E-01	2.544E-01	2.915E-01	0.020	18
afdb_P91938_v6	afdb_P03958_v6	1.785E-01	2.626E-01	2.690E-01	0.016	17
afdb_P91938_v6	afdb_P14779_v6	2.667E-01	1.734E-01	2.732E-01	0.063	26
afdb_P91938_v6	afdb_P0A6K3_v6	1.233E-01	3.138E-01	3.443E-01	0.008	12
afdb_P91938_v6	afdb_P09883_v6	2.165E-01	2.202E-01	2.238E-01	0.034	21
afdb_P91938_v6	afdb_P21179_v6	2.357E-01	1.975E-01	2.516E-01	0.045	23
afdb_P91938_v6	afdb_P06621_v6	1.865E-01	2.449E-01	2.791E-01	0.020	18
afdb_P91938_v6	afdb_O33199_v6	1.327E-01	2.981E-01	3.119E-01	0.009	13
afdb_P91938_v6	afdb_Q6UV28_v6	1.094E-01	3.190E-01	4.051E-01	0.000	10
afdb_P91938_v6	afdb_P81054_v6	1.716E-01	2.560E-01	2.620E-01	0.016	17
afdb_P91938_v6	afdb_O13297_v6	2.051E-01	2.175E-01	2.371E-01	0.029	20
afdb_P91938_v6	afdb_O16025_v6	2.531E-01	1.658E-01	2.654E-01	0.057	25
afdb_P91938_v6	afdb_P00592_v6	1.098E-01	3.060E-01	3.325E-01	0.000	10
afdb_P91938_v6	afdb_P00777_v6	1.561E-01	2.574E-01	2.861E-01	0.011	15
afdb_P91938_v6	afdb_P00766_v6	1.393E-01	2.632E-01	2.767E-01	0.009	13
afdb_P91938_v6	afdb_P12821_v6	2.524E-01	1.396E-01	2.724E-01	0.057	25
afdb_P9WHH9_v6	afdb_P00392_v6	9.135E-01	7.626E-01	9.192E-01	0.997	91
afdb_P9WHH9_v6	afdb_Q56839_v6	8.785E-01	7.860E-01	8.802E-01	0.994	87
afdb_P9WHH9_v6	afdb_P37062_v6	7.948E-01	8.228E-01	8.279E-01	0.981	79
afdb_P9WHH9_v6	afdb_P0A9P4_v6	5.520E-01	7.756E-01	8.030E-01	0.632	55
afdb_P9WHH9_v6	afdb_Q7ZAG8_v6	6.233E-01	6.990E-01	7.005E-01	0.817	62
afdb_P9WHH9_v6	afdb_P08165_v6	5.187E-01	4.920E-01	6.959E-01	0.505	51
afdb_P9WHH9_v6	afdb_P42593_v6	4.884E-01	3.457E-01	7.314E-01	0.411	48
afdb_P9WHH9_v6	afdb_P16099_v6	4.915E-01	3.262E-01	6.788E-01	0.442	49
afdb_P9WHH9_v6	afdb_Q28943_v6	5.414E-01	2.585E-01	5.659E-01	0.601	54
afdb_P9WHH9_v6	afdb_P22637_v6	4.227E-01	3.655E-01	5.525E-01	0.254	42
afdb_P9WHH9_v6	afdb_Q945K2_v6	4.159E-01	3.530E-01	5.407E-01	0.233	41
afdb_P9WHH9_v6	afdb_P40859_v6	3.579E-01	4.117E-01	4.570E-01	0.138	35
afdb_P9WHH9_v6	afdb_P10902_v6	4.051E-01	3.547E-01	5.364E-01	0.214	40
afdb_P9WHH9_v6	afdb_Q9AGP8_v6	4.300E-01	2.739E-01	4.320E-01	0.254	42
afdb_P9WHH9_v6	afdb_P80324_v6	3.130E-01	3.782E-01	4.102E-01	0.098	31
afdb_P9WHH9_v6	afdb_O59791_v6	2.747E-01	3.687E-01	3.754E-01	0.069	27
afdb_P9WHH9_v6	afdb_P15289_v6	3.262E-01	3.064E-01	3.379E-01	0.106	32
afdb_P9WHH9_v6	afdb_Q02899_v6	2.963E-01	3.307E-01	3.544E-01	0.082	29
afdb_P9WHH9_v6	afdb_P0A1E3_v6	2.709E-01	3.540E-01	3.694E-01	0.069	27
afdb_P9WHH9_v6	afdb_P00935_v6	2.908E-01	3.336E-01	3.446E-01	0.082	29
afdb_P9WHH9_v6	afdb_P28796_v6	3.087E-01	3.074E-01	3.449E-01	0.090	30
afdb_P9WHH9_v6	afdb_P12995_v6	2.979E-01	3.155E-01	3.484E-01	0.082	29
afdb_P9WHH9_v6	afdb_P06721_v6	2.879E-01	3.232E-01	3.295E-01	0.076	28
afdb_P9WHH9_v6	afdb_P77444_v6	2.910E-01	3.188E-01	3.365E-01	0.082	29
afdb_P9WHH9_v6	afdb_Q6LZM9_v6	2.974E-01	3.104E-01	3.242E-01	0.082	29
afdb_P9WHH9_v6	afdb_P0AB77_v6	2.825E-01	3.136E-01	3.444E-01	0.076	28
afdb_P9WHH9_v6	afdb_P16932_v6	2.899E-01	3.052E-01	3.154E-01	0.076	28
afdb_P9WHH9_v6	afdb_Q9FEW9_v6	2.787E-01	3.114E-01	3.234E-01	0.069	27
afdb_P9WHH9_v6	afdb_P25910_v6	2.260E-01	3.568E-01	3.709E-01	0.040	22
afdb_P9WHH9_v6	afdb_Q58989_v6	2.083E-01	3.739E-01	3.752E-01	0.029	20
afdb_P9WHH9_v6	afdb_P08373_v6	2.581E-01	3.230E-01	3.384E-01	0.057	25
afdb_P9WHH9_v6	afdb_P04042_v6	2.568E-01	3.162E-01	3.193E-01	0.057	25
afdb_P9WHH9_v6	afdb_O58727_v6	1.854E-01	3.852E-01	3.867E-01	0.020	18
afdb_P9WHH9_v6	afdb_P83788_v6	2.745E-01	2.958E-01	3.146E-01	0.069	27
afdb_P9WHH9_v6	afdb_P24630_v6	2.781E-01	2.916E-01	3.037E-01	0.069	27
afdb_P9WHH9_v6	afdb_Q29460_v6	2.060E-01	3.573E-01	4.282E-01	0.029	20
afdb_P9WHH9_v6	afdb_P96965_v6	2.295E-01	3.323E-01	3.546E-01	0.040	22
afdb_P9WHH9_v6	afdb_P05521_v6	2.393E-01	3.187E-01	3.448E-01	0.045	23
afdb_P9WHH9_v6	afdb_P22266_v6	2.495E-01	3.082E-01	3.663E-01	0.051	24
afdb_P9WHH9_v6	afdb_P00914_v6	2.803E-01	2.768E-01	2.862E-01	0.076	28
afdb_P9WHH9_v6	afdb_P52700_v6	2.319E-01	3.259E-01	3.727E-01	0.045	23
afdb_P9WHH9_v6	afdb_Q8RB32_v6	2.129E-01	3.399E-01	3.418E-01	0.034	21
afdb_P9WHH9_v6	afdb_Q3HWU8_v6	2.252E-01	3.267E-01	3.371E-01	0.040	22
afdb_P9WHH9_v6	afdb_P08819_v6	2.722E-01	2.801E-01	2.820E-01	0.069	27
afdb_P9WHH9_v6	afdb_P16444_v6	2.637E-01	2.880E-01	3.609E-01	0.063	26
afdb_P9WHH9_v6	afdb_P0CE47_v6	2.591E-01	2.909E-01	2.961E-01	0.057	25
afdb_P9WHH9_v6	afdb_P29183_v6	2.739E-01	2.751E-01	2.872E-01	0.069	27
afdb_P9WHH9_v6	afdb_P00175_v6	2.957E-01	2.471E-01	3.536E-01	0.082	29
afdb_P9WHH9_v6	afdb_Q00017_v6	2.103E-01	3.325E-01	3.447E-01	0.034	21
afdb_P9WHH9_v6	afdb_P0A6C1_v6	2.213E-01	3.204E-01	3.305E-01	0.040	22
afdb_P9WHH9_v6	afdb_P08148_v6	2.937E-01	2.444E-01	3.103E-01	0.082	29
afdb_P9WHH9_v6	afdb_P53608_v6	2.210E-01	3.122E-01	3.388E-01	0.040	22
afdb_P9WHH9_v6	afdb_Q9NPB1_v6	1.921E-01	3.399E-01	3.894E-01	0.024	19
afdb_P9WHH9_v6	afdb_P83772_v6	2.115E-01	3.176E-01	3.212E-01	0.034	21
afdb_P9WHH9_v6	afdb_P00388_v6	3.005E-01	2.280E-01	3.197E-01	0.090	30
afdb_P9WHH9_v6	afdb_P04190_v6	2.052E-01	3.205E-01	3.984E-01	0.029	20
afdb_P9WHH9_v6	afdb_Q75WN8_v6	2.149E-01	3.081E-01	3.257E-01	0.034	21
afdb_P9WHH9_v6	afdb_P56216_v6	2.780E-01	2.433E-01	2.898E-01	0.069	27
afdb_P9WHH9_v6	afdb_Q05755_v6	3.667E-01	1.479E-01	3.673E-01	0.150	36
afdb_P9WHH9_v6	afdb_P83686_v6	2.074E-01	3.060E-01	3.191E-01	0.029	20
afdb_P9WHH9_v6	afdb_P81054_v6	2.301E-01	2.813E-01	2.947E-01	0.040	22
afdb_P9WHH9_v6	afdb_P05414_v6	2.369E-01	2.761E-01	3.081E-01	0.045	23
afdb_P9WHH9_v6	afdb_Q01693_v6	2.621E-01	2.484E-01	2.912E-01	0.063	26
afdb_P9WHH9_v6	afdb_P21327_v6	2.414E-01	2.680E-01	2.770E-01	0.051	24
afdb_P9WHH9_v6	afdb_Q9UMR5_v6	2.168E-01	2.937E-01	3.194E-01	0.034	21
afdb_P9WHH9_v6	afdb_P21836_v6	2.797E-01	2.278E-01	2.830E-01	0.069	27
afdb_P9WHH9_v6	afdb_P00777_v6	2.135E-01	2.909E-01	3.256E-01	0.034	21
afdb_P9WHH9_v6	afdb_Q00441_v6	2.406E-01	2.649E-01	2.957E-01	0.045	23
afdb_P9WHH9_v6	afdb_P56218_v6	2.110E-01	2.915E-01	3.280E-01	0.034	21
afdb_P9WHH9_v6	afdb_P00639_v6	2.070E-01	2.934E-01	3.128E-01	0.029	20
afdb_P9WHH9_v6	afdb_Q16775_v6	2.120E-01	2.879E-01	3.190E-01	0.034	21
afdb_P9WHH9_v6	afdb_P39377_v6	2.324E-01	2.647E-01	3.022E-01	0.045	23
afdb_P9WHH9_v6	afdb_Q9L9D7_v6	2.677E-01	2.285E-01	2.714E-01	0.063	26
afdb_P9WHH9_v6	afdb_P14779_v6	3.192E-01	1.762E-01	3.200E-01	0.098	31
afdb_P9WHH9_v6	afdb_P0A6K3_v6	1.563E-01	3.371E-01	3.512E-01	0.011	15
afdb_P9WHH9_v6	afdb_P03958_v6	2.226E-01	2.704E-01	2.952E-01	0.040	22
afdb_P9WHH9_v6	afdb_P00455_v6	2.257E-01	2.659E-01	2.929E-01	0.040	22
afdb_P9WHH9_v6	afdb_Q7SID9_v6	2.625E-01	2.288E-01	2.754E-01	0.063	26
afdb_P9WHH9_v6	afdb_P27170_v6	2.213E-01	2.683E-01	3.168E-01	0.040	22
afdb_P9WHH9_v6	afdb_P71119_v6	1.748E-01	3.129E-01	3.802E-01	0.016	17
afdb_P9WHH9_v6	afdb_P19938_v6	2.001E-01	2.859E-01	3.049E-01	0.024	19
afdb_P9WHH9_v6	afdb_P09598_v6	2.007E-01	2.848E-01	3.429E-01	0.029	20
afdb_P9WHH9_v6	afdb_P55038_v6	3.453E-01	1.385E-01	3.516E-01	0.126	34
afdb_P9WHH9_v6	afdb_P0A6T5_v6	1.817E-01	3.006E-01	3.279E-01	0.020	18
afdb_P9WHH9_v6	afdb_P24474_v6	2.558E-01	2.219E-01	2.586E-01	0.057	25
afdb_P9WHH9_v6	afdb_P00644_v6	1.781E-01	2.968E-01	3.047E-01	0.016	17
afdb_P9WHH9_v6	afdb_Q6UV28_v6	1.433E-01	3.308E-01	3.702E-01	0.010	14
afdb_P9WHH9_v6	afdb_P05725_v6	1.508E-01	3.231E-01	3.363E-01	0.011	15
afdb_P9WHH9_v6	afdb_P00860_v6	2.349E-01	2.357E-01	2.533E-01	0.045	23
afdb_P9WHH9_v6	afdb_P37957_v6	1.666E-01	3.027E-01	3.810E-01	0.014	16
afdb_P9WHH9_v6	afdb_P18314_v6	2.500E-01	2.164E-01	2.780E-01	0.057	25
afdb_P9WHH9_v6	afdb_P00766_v6	1.819E-01	2.837E-01	3.051E-01	0.020	18
afdb_P9WHH9_v6	afdb_Q12178_v6	1.491E-01	3.160E-01	3.360E-01	0.010	14
afdb_P9WHH9_v6	afdb_P03007_v6	1.783E-01	2.860E-01	3.492E-01	0.016	17
afdb_P9WHH9_v6	afdb_O33199_v6	1.632E-01	2.890E-01	3.068E-01	0.014	16
afdb_P9WHH9_v6	afdb_F8W4B7_v6	2.960E-01	1.550E-01	3.322E-01	0.082	29
afdb_P9WHH9_v6	afdb_Q9XBQ8_v6	2.126E-01	2.287E-01	2.715E-01	0.034	21
afdb_P9WHH9_v6	afdb_P30850_v6	2.395E-01	1.898E-01	2.454E-01	0.045	23
afdb_P9WHH9_v6	afdb_P13717_v6	1.714E-01	2.458E-01	2.531E-01	0.016	17
afdb_P9WHH9_v6	afdb_O13297_v6	2.033E-01	1.811E-01	2.132E-01	0.029	20
afdb_Q0D9C4_v6	afdb_P21179_v6	9.461E-01	6.239E-01	9.632E-01	0.998	94
afdb_Q0D9C4_v6	afdb_O16025_v6	5.315E-01	2.553E-01	7.066E-01	0.569	53
afdb_Q0D9C4_v6	afdb_P00396_v6	2.904E-01	2.814E-01	3.046E-01	0.082	29
afdb_Q0D9C4_v6	afdb_P27170_v6	2.442E-01	3.095E-01	3.239E-01	0.051	24
afdb_Q0D9C4_v6	afdb_A0A0C6DRW4_v6	2.604E-01	2.920E-01	3.195E-01	0.057	25
afdb_Q0D9C4_v6	afdb_P10902_v6	2.827E-01	2.646E-01	3.169E-01	0.076	28
afdb_Q0D9C4_v6	afdb_P00918_v6	2.100E-01	3.295E-01	3.381E-01	0.029	20
afdb_Q0D9C4_v6	afdb_P25910_v6	2.014E-01	3.357E-01	3.407E-01	0.029	20
afdb_Q0D9C4_v6	afdb_Q02899_v6	2.405E-01	2.799E-01	2.876E-01	0.051	24
afdb_Q0D9C4_v6	afdb_P81054_v6	2.278E-01	2.906E-01	2.965E-01	0.040	22
afdb_Q0D9C4_v6	afdb_P56218_v6	2.096E-01	3.072E-01	3.117E-01	0.029	20
afdb_Q0D9C4_v6	afdb_P29183_v6	2.456E-01	2.573E-01	2.894E-01	0.051	24
afdb_Q0D9C4_v6	afdb_P00392_v6	2.620E-01	2.383E-01	3.008E-01	0.063	26
afdb_Q0D9C4_v6	afdb_Q9FEW9_v6	2.317E-01	2.682E-01	2.687E-01	0.045	23
afdb_Q0D9C4_v6	afdb_Q945K2_v6	2.614E-01	2.368E-01	2.908E-01	0.063	26
afdb_Q0D9C4_v6	afdb_Q12178_v6	1.497E-01	3.459E-01	3.503E-01	0.010	14
afdb_Q0D9C4_v6	afdb_Q9L9D7_v6	2.606E-01	2.353E-01	2.892E-01	0.063	26
afdb_Q0D9C4_v6	afdb_P30122_v6	2.642E-01	2.309E-01	2.843E-01	0.063	26
afdb_Q0D9C4_v6	afdb_O58727_v6	1.612E-01	3.305E-01	3.434E-01	0.014	16
afdb_Q0D9C4_v6	afdb_P0CE47_v6	2.285E-01	2.646E-01	2.935E-01	0.040	22
afdb_Q0D9C4_v6	afdb_P13717_v6	1.930E-01	2.981E-01	3.057E-01	0.024	19
afdb_Q0D9C4_v6	afdb_P08373_v6	2.124E-01	2.765E-01	2.963E-01	0.034	21
afdb_Q0D9C4_v6	afdb_P77444_v6	2.287E-01	2.601E-01	3.052E-01	0.040	22
afdb_Q0D9C4_v6	afdb_P00388_v6	2.708E-01	2.130E-01	3.027E-01	0.069	27
afdb_Q0D9C4_v6	afdb_P04190_v6	1.851E-01	2.978E-01	3.517E-01	0.020	18
afdb_Q0D9C4_v6	afdb_P52700_v6	1.919E-01	2.871E-01	3.114E-01	0.024	19
afdb_Q0D9C4_v6	afdb_Q3HWU8_v6	1.911E-01	2.853E-01	2.897E-01	0.024	19
afdb_Q0D9C4_v6	afdb_P05725_v6	1.412E-01	3.342E-01	3.414E-01	0.010	14
afdb_Q0D9C4_v6	afdb_Q01693_v6	2.375E-01	2.335E-01	2.518E-01	0.045	23
afdb_Q0D9C4_v6	afdb_P09030_v6	1.850E-01	2.861E-01	3.388E-01	0.020	18
afdb_Q0D9C4_v6	afdb_P00639_v6	1.901E-01	2.801E-01	3.139E-01	0.020	18
afdb_Q0D9C4_v6	afdb_P00860_v6	2.290E-01	2.389E-01	2.575E-01	0.040	22
afdb_Q0D9C4_v6	afdb_Q16775_v6	1.928E-01	2.702E-01	3.204E-01	0.024	19
afdb_Q0D9C4_v6	afdb_P00800_v6	2.395E-01	2.219E-01	2.778E-01	0.045	23
afdb_Q0D9C4_v6	afdb_Q56839_v6	2.338E-01	2.239E-01	2.604E-01	0.045	23
afdb_Q0D9C4_v6	afdb_P00914_v6	2.251E-01	2.306E-01	2.393E-01	0.040	22
afdb_Q0D9C4_v6	afdb_P00455_v6	2.019E-01	2.483E-01	3.013E-01	0.029	20
afdb_Q0D9C4_v6	afdb_Q6LZM9_v6	2.147E-01	2.329E-01	2.673E-01	0.034	21
afdb_Q0D9C4_v6	afdb_P46076_v6	1.931E-01	2.541E-01	2.784E-01	0.024	19
afdb_Q0D9C4_v6	afdb_P28305_v6	1.760E-01	2.680E-01	3.116E-01	0.016	17
afdb_Q0D9C4_v6	afdb_P14779_v6	2.836E-01	1.579E-01	2.977E-01	0.076	28
afdb_Q0D9C4_v6	afdb_P0A6G7_v6	1.516E-01	2.896E-01	3.405E-01	0.011	15
afdb_Q0D9C4_v6	afdb_P00489_v6	2.625E-01	1.761E-01	2.796E-01	0.063	26
afdb_Q0D9C4_v6	afdb_P19938_v6	1.749E-01	2.617E-01	2.651E-01	0.016	17
afdb_Q0D9C4_v6	afdb_Q6UV28_v6	1.254E-01	3.097E-01	3.514E-01	0.008	12
afdb_Q0D9C4_v6	afdb_P27487_v6	2.526E-01	1.826E-01	2.840E-01	0.057	25
afdb_Q0D9C4_v6	afdb_P55038_v6	3.073E-01	1.234E-01	3.633E-01	0.090	30
afdb_Q0D9C4_v6	afdb_P0A6C1_v6	1.727E-01	2.577E-01	2.642E-01	0.016	17
afdb_Q0D9C4_v6	afdb_P30850_v6	2.331E-01	1.910E-01	2.911E-01	0.045	23
afdb_Q0D9C4_v6	afdb_P0A6T5_v6	1.492E-01	2.637E-01	2.701E-01	0.010	14
afdb_Q0D9C4_v6	afdb_P37062_v6	1.977E-01	2.111E-01	2.469E-01	0.024	19
afdb_Q0D9C4_v6	afdb_P06621_v6	1.883E-01	2.111E-01	2.266E-01	0.020	18
afdb_Q0D9C4_v6	afdb_O13297_v6	2.042E-01	1.899E-01	2.165E-01	0.029	20
afdb_Q0D9C4_v6	afdb_P12821_v6	2.553E-01	1.219E-01	2.656E-01	0.057	25
afdb_Q15392_v6	afdb_Q7SID9_v6	6.390E-01	5.929E-01	6.676E-01	0.837	63
afdb_Q15392_v6	afdb_P56216_v6	6.119E-01	5.691E-01	6.548E-01	0.795	61
afdb_Q15392_v6	afdb_P08373_v6	4.269E-01	6.042E-01	6.188E-01	0.254	42
afdb_Q15392_v6	afdb_P19938_v6	2.348E-01	3.633E-01	3.642E-01	0.045	23
afdb_Q15392_v6	afdb_Q05769_v6	3.163E-01	2.810E-01	3.631E-01	0.098	31
afdb_Q15392_v6	afdb_P27170_v6	2.459E-01	3.200E-01	3.226E-01	0.051	24
afdb_Q15392_v6	afdb_Q6LZM9_v6	2.655E-01	2.979E-01	3.032E-01	0.063	26
afdb_Q15392_v6	afdb_P0AB77_v6	2.522E-01	3.044E-01	3.077E-01	0.057	25
afdb_Q15392_v6	afdb_P28796_v6	2.677E-01	2.881E-01	3.028E-01	0.063	26
afdb_Q15392_v6	afdb_P0CE47_v6	2.525E-01	3.032E-01	3.084E-01	0.057	25
afdb_Q15392_v6	afdb_P77444_v6	2.535E-01	3.004E-01	3.081E-01	0.057	25
afdb_Q15392_v6	afdb_P56218_v6	2.177E-01	3.265E-01	3.457E-01	0.034	21
afdb_Q15392_v6	afdb_P30850_v6	2.924E-01	2.490E-01	3.296E-01	0.082	29
afdb_Q15392_v6	afdb_P21327_v6	2.441E-01	2.931E-01	3.041E-01	0.051	24
afdb_Q15392_v6	afdb_P24630_v6	2.501E-01	2.856E-01	3.116E-01	0.057	25
afdb_Q15392_v6	afdb_Q945K2_v6	2.725E-01	2.560E-01	2.733E-01	0.069	27
afdb_Q15392_v6	afdb_P18314_v6	2.718E-01	2.546E-01	3.121E-01	0.069	27
afdb_Q15392_v6	afdb_P83686_v6	2.029E-01	3.225E-01	3.313E-01	0.029	20
afdb_Q15392_v6	afdb_P12995_v6	2.449E-01	2.799E-01	3.041E-01	0.051	24
afdb_Q15392_v6	afdb_Q8RB32_v6	1.916E-01	3.302E-01	3.422E-01	0.024	19
afdb_Q15392_v6	afdb_Q05755_v6	3.609E-01	1.565E-01	3.616E-01	0.150	36
afdb_Q15392_v6	afdb_P40859_v6	2.308E-01	2.867E-01	3.411E-01	0.045	23
afdb_Q15392_v6	afdb_Q9XBQ8_v6	2.396E-01	2.777E-01	2.813E-01	0.045	23
afdb_Q15392_v6	afdb_P43099_v6	2.912E-01	2.247E-01	3.160E-01	0.082	29
afdb_Q15392_v6	afdb_P0A6C1_v6	2.009E-01	3.120E-01	3.198E-01	0.029	20
afdb_Q15392_v6	afdb_P06621_v6	2.359E-01	2.753E-01	3.025E-01	0.045	23
afdb_Q15392_v6	afdb_P05725_v6	1.500E-01	3.552E-01	3.610E-01	0.010	14
afdb_Q15392_v6	afdb_P80324_v6	2.225E-01	2.798E-01	2.828E-01	0.040	22
afdb_Q15392_v6	afdb_Q50925_v6	2.591E-01	2.419E-01	3.103E-01	0.057	25
afdb_Q15392_v6	afdb_P13717_v6	1.931E-01	3.074E-01	3.251E-01	0.024	19
afdb_Q15392_v6	afdb_Q9AGP8_v6	2.925E-01	2.045E-01	3.656E-01	0.082	29
afdb_Q15392_v6	afdb_P04190_v6	1.868E-01	3.085E-01	3.362E-01	0.020	18
afdb_Q15392_v6	afdb_P00489_v6	2.914E-01	2.002E-01	3.058E-01	0.082	29
afdb_Q15392_v6	afdb_Q7ZAG8_v6	2.256E-01	2.655E-01	2.881E-01	0.040	22
afdb_Q15392_v6	afdb_P00766_v6	1.771E-01	3.047E-01	3.138E-01	0.016	17
afdb_Q15392_v6	afdb_P08165_v6	2.354E-01	2.433E-01	2.493E-01	0.045	23
afdb_Q15392_v6	afdb_P27487_v6	2.745E-01	2.046E-01	2.841E-01	0.069	27
afdb_Q15392_v6	afdb_P35049_v6	1.730E-01	2.968E-01	3.242E-01	0.016	17
afdb_Q15392_v6	afdb_P37062_v6	2.224E-01	2.462E-01	2.650E-01	0.040	22
afdb_Q15392_v6	afdb_P00455_v6	2.051E-01	2.608E-01	2.718E-01	0.029	20
afdb_Q15392_v6	afdb_P00392_v6	2.391E-01	2.244E-01	2.642E-01	0.045	23
afdb_Q15392_v6	afdb_P14779_v6	2.834E-01	1.672E-01	3.092E-01	0.076	28
afdb_Q15392_v6	afdb_P03007_v6	1.630E-01	2.788E-01	3.353E-01	0.014	16
afdb_Q8BUE4_v6	afdb_Q7ZAG8_v6	7.911E-01	7.273E-01	8.191E-01	0.981	79
afdb_Q8BUE4_v6	afdb_P37062_v6	7.621E-01	6.446E-01	8.227E-01	0.971	76
afdb_Q8BUE4_v6	afdb_P0A9P4_v6	6.185E-01	7.082E-01	7.435E-01	0.795	61
afdb_Q8BUE4_v6	afdb_P00392_v6	7.614E-01	5.209E-01	7.988E-01	0.971	76
afdb_Q8BUE4_v6	afdb_Q56839_v6	7.369E-01	5.402E-01	7.868E-01	0.956	73
afdb_Q8BUE4_v6	afdb_P08165_v6	5.877E-01	4.650E-01	5.949E-01	0.720	58
afdb_Q8BUE4_v6	afdb_Q28943_v6	6.308E-01	2.541E-01	6.337E-01	0.837	63
afdb_Q8BUE4_v6	afdb_P42593_v6	5.367E-01	3.170E-01	6.413E-01	0.569	53
afdb_Q8BUE4_v6	afdb_P16099_v6	5.286E-01	2.948E-01	5.988E-01	0.537	52
afdb_Q8BUE4_v6	afdb_P10902_v6	4.602E-01	3.355E-01	5.421E-01	0.353	46
afdb_Q8BUE4_v6	afdb_P40859_v6	4.023E-01	3.885E-01	4.598E-01	0.214	40
afdb_Q8BUE4_v6	afdb_P22637_v6	4.565E-01	3.281E-01	5.301E-01	0.326	45
afdb_Q8BUE4_v6	afdb_Q945K2_v6	4.426E-01	3.137E-01	5.207E-01	0.301	44
afdb_Q8BUE4_v6	afdb_P80324_v6	3.698E-01	3.737E-01	4.243E-01	0.150	36
afdb_Q8BUE4_v6	afdb_P0A1E3_v6	3.330E-01	3.739E-01	3.994E-01	0.116	33
afdb_Q8BUE4_v6	afdb_O59791_v6	3.257E-01	3.653E-01	3.833E-01	0.106	32
afdb_Q8BUE4_v6	afdb_Q9FEW9_v6	3.443E-01	3.297E-01	3.463E-01	0.126	34
afdb_Q8BUE4_v6	afdb_Q02899_v6	3.437E-01	3.264E-01	3.471E-01	0.126	34
afdb_Q8BUE4_v6	afdb_P22266_v6	3.094E-01	3.272E-01	3.658E-01	0.090	30
afdb_Q8BUE4_v6	afdb_P16444_v6	3.288E-01	3.069E-01	3.595E-01	0.106	32
afdb_Q8BUE4_v6	afdb_P05521_v6	2.935E-01	3.391E-01	3.487E-01	0.082	29
afdb_Q8BUE4_v6	afdb_Q9AGP8_v6	4.134E-01	2.076E-01	4.473E-01	0.233	41
afdb_Q8BUE4_v6	afdb_Q9UMR5_v6	2.831E-01	3.287E-01	3.528E-01	0.076	28
afdb_Q8BUE4_v6	afdb_Q29460_v6	2.481E-01	3.594E-01	4.302E-01	0.051	24
afdb_Q8BUE4_v6	afdb_P28796_v6	3.272E-01	2.797E-01	3.369E-01	0.106	32
afdb_Q8BUE4_v6	afdb_P09184_v6	2.076E-01	3.972E-01	4.426E-01	0.029	20
afdb_Q8BUE4_v6	afdb_P83686_v6	2.606E-01	3.373E-01	3.889E-01	0.063	26
afdb_Q8BUE4_v6	afdb_Q9NPB1_v6	2.375E-01	3.580E-01	4.007E-01	0.045	23
afdb_Q8BUE4_v6	afdb_P96965_v6	2.691E-01	3.265E-01	3.515E-01	0.063	26
afdb_Q8BUE4_v6	afdb_Q00017_v6	2.515E-01	3.397E-01	3.560E-01	0.057	25
afdb_Q8BUE4_v6	afdb_Q58989_v6	2.344E-01	3.536E-01	3.702E-01	0.045	23
afdb_Q8BUE4_v6	afdb_P23295_v6	3.014E-01	2.861E-01	3.158E-01	0.090	30
afdb_Q8BUE4_v6	afdb_O58727_v6	2.021E-01	3.775E-01	4.966E-01	0.029	20
afdb_Q8BUE4_v6	afdb_P16932_v6	3.043E-01	2.738E-01	3.227E-01	0.090	30
afdb_Q8BUE4_v6	afdb_Q00441_v6	2.964E-01	2.809E-01	3.109E-01	0.082	29
afdb_Q8BUE4_v6	afdb_Q12178_v6	2.006E-01	3.687E-01	4.122E-01	0.024	19
afdb_Q8BUE4_v6	afdb_P28305_v6	2.512E-01	3.145E-01	3.301E-01	0.057	25
afdb_Q8BUE4_v6	afdb_P45478_v6	2.642E-01	3.019E-01	3.186E-01	0.063	26
afdb_Q8BUE4_v6	afdb_P37957_v6	2.265E-01	3.365E-01	3.823E-01	0.040	22
afdb_Q8BUE4_v6	afdb_P53608_v6	2.567E-01	3.001E-01	3.008E-01	0.057	25
afdb_Q8BUE4_v6	afdb_P83772_v6	2.409E-01	3.120E-01	3.268E-01	0.045	23
afdb_Q8BUE4_v6	afdb_P25910_v6	2.383E-01	3.137E-01	3.245E-01	0.045	23
afdb_Q8BUE4_v6	afdb_P00935_v6	2.786E-01	2.722E-01	2.975E-01	0.069	27
afdb_Q8BUE4_v6	afdb_P0AB77_v6	2.814E-01	2.688E-01	3.409E-01	0.076	28
afdb_Q8BUE4_v6	afdb_P05414_v6	2.734E-01	2.756E-01	3.232E-01	0.069	27
afdb_Q8BUE4_v6	afdb_P77444_v6	2.807E-01	2.650E-01	3.032E-01	0.076	28
afdb_Q8BUE4_v6	afdb_P15289_v6	3.012E-01	2.424E-01	3.102E-01	0.090	30
afdb_Q8BUE4_v6	afdb_P08819_v6	2.891E-01	2.545E-01	3.062E-01	0.076	28
afdb_Q8BUE4_v6	afdb_P00455_v6	2.673E-01	2.695E-01	4.234E-01	0.063	26
afdb_Q8BUE4_v6	afdb_P04190_v6	2.330E-01	3.025E-01	3.318E-01	0.045	23
afdb_Q8BUE4_v6	afdb_P19938_v6	2.397E-01	2.894E-01	3.126E-01	0.045	23
afdb_Q8BUE4_v6	afdb_Q6LZM9_v6	2.776E-01	2.495E-01	2.888E-01	0.069	27
afdb_Q8BUE4_v6	afdb_P52700_v6	2.382E-01	2.868E-01	3.162E-01	0.045	23
afdb_Q8BUE4_v6	afdb_P0A6C1_v6	2.384E-01	2.867E-01	3.085E-01	0.045	23
afdb_Q8BUE4_v6	afdb_P00175_v6	3.020E-01	2.145E-01	3.617E-01	0.090	30
afdb_Q8BUE4_v6	afdb_P39377_v6	2.606E-01	2.528E-01	2.675E-01	0.063	26
afdb_Q8BUE4_v6	afdb_P00914_v6	2.782E-01	2.347E-01	3.099E-01	0.069	27
afdb_Q8BUE4_v6	afdb_P00800_v6	2.888E-01	2.206E-01	2.898E-01	0.076	28
afdb_Q8BUE4_v6	afdb_P29183_v6	2.726E-01	2.343E-01	2.924E-01	0.069	27
afdb_Q8BUE4_v6	afdb_P08373_v6	2.450E-01	2.594E-01	3.313E-01	0.051	24
afdb_Q8BUE4_v6	afdb_P03958_v6	2.471E-01	2.565E-01	2.764E-01	0.051	24
afdb_Q8BUE4_v6	afdb_P04042_v6	2.464E-01	2.572E-01	3.332E-01	0.051	24
afdb_Q8BUE4_v6	afdb_P00388_v6	3.059E-01	1.948E-01	3.536E-01	0.090	30
afdb_Q8BUE4_v6	afdb_P27487_v6	3.154E-01	1.856E-01	3.207E-01	0.098	31
afdb_Q8BUE4_v6	afdb_P0A6G7_v6	1.931E-01	3.049E-01	4.187E-01	0.024	19
afdb_Q8BUE4_v6	afdb_P46076_v6	2.420E-01	2.522E-01	2.643E-01	0.051	24
afdb_Q8BUE4_v6	afdb_P81054_v6	2.404E-01	2.518E-01	2.643E-01	0.051	24
afdb_Q8BUE4_v6	afdb_P21179_v6	3.085E-01	1.835E-01	3.270E-01	0.090	30
afdb_Q8BUE4_v6	afdb_P24474_v6	2.812E-01	2.094E-01	2.875E-01	0.076	28
afdb_Q8BUE4_v6	afdb_Q7SID9_v6	2.748E-01	2.038E-01	2.785E-01	0.069	27
afdb_Q8BUE4_v6	afdb_Q9XBQ8_v6	2.478E-01	2.294E-01	3.222E-01	0.051	24
afdb_Q8BUE4_v6	afdb_P30850_v6	2.847E-01	1.909E-01	3.119E-01	0.076	28
afdb_Q8BUE4_v6	afdb_P00489_v6	3.022E-01	1.654E-01	3.073E-01	0.090	30
afdb_Q8BUE4_v6	afdb_P55038_v6	3.396E-01	1.138E-01	3.583E-01	0.116	33
afdb_Q8BUE4_v6	afdb_F8W4B7_v6	3.136E-01	1.377E-01	3.256E-01	0.098	31
afdb_Q8BUE4_v6	afdb_P0CE47_v6	2.302E-01	2.206E-01	2.622E-01	0.045	23
afdb_Q8BUE4_v6	afdb_Q05755_v6	3.289E-01	1.115E-01	3.410E-01	0.106	32
afdb_Q8BUE4_v6	afdb_P14779_v6	3.055E-01	1.329E-01	4.177E-01	0.090	30
afdb_Q8BUE4_v6	afdb_O16025_v6	2.958E-01	1.329E-01	3.318E-01	0.082	29
afdb_Q8BUE4_v6	afdb_P15917_v6	2.733E-01	1.540E-01	2.818E-01	0.069	27
afdb_Q8BUE4_v6	afdb_P12821_v6	2.737E-01	1.062E-01	2.869E-01	0.069	27
afdb_Q8K2B3_v6	afdb_P10902_v6	7.476E-01	9.124E-01	9.140E-01	0.961	74
afdb_Q8K2B3_v6	afdb_P40859_v6	3.782E-01	6.062E-01	6.117E-01	0.164	37
afdb_Q8K2B3_v6	afdb_P80324_v6	3.504E-01	5.788E-01	5.868E-01	0.126	34
afdb_Q8K2B3_v6	afdb_P0A9P4_v6	3.052E-01	5.818E-01	5.834E-01	0.090	30
afdb_Q8K2B3_v6	afdb_P22637_v6	3.984E-01	4.673E-01	5.685E-01	0.196	39
afdb_Q8K2B3_v6	afdb_Q945K2_v6	3.978E-01	4.590E-01	5.600E-01	0.196	39
afdb_Q8K2B3_v6	afdb_Q7ZAG8_v6	3.078E-01	4.664E-01	5.030E-01	0.090	30
afdb_Q8K2B3_v6	afdb_Q9AGP8_v6	4.241E-01	3.491E-01	4.502E-01	0.254	42
afdb_Q8K2B3_v6	afdb_P37062_v6	3.116E-01	4.337E-01	4.621E-01	0.098	31
afdb_Q8K2B3_v6	afdb_P08165_v6	3.033E-01	3.923E-01	4.229E-01	0.090	30
afdb_Q8K2B3_v6	afdb_Q56839_v6	3.113E-01	3.794E-01	4.012E-01	0.098	31
afdb_Q8K2B3_v6	afdb_P00392_v6	3.074E-01	3.539E-01	4.381E-01	0.090	30
afdb_Q8K2B3_v6	afdb_P05521_v6	2.154E-01	3.741E-01	3.926E-01	0.034	21
afdb_Q8K2B3_v6	afdb_P96965_v6	1.977E-01	3.788E-01	3.892E-01	0.024	19
afdb_Q8K2B3_v6	afdb_Q3HWU8_v6	1.930E-01	3.796E-01	3.806E-01	0.024	19
afdb_Q8K2B3_v6	afdb_P16099_v6	2.902E-01	2.711E-01	3.165E-01	0.082	29
afdb_Q8K2B3_v6	afdb_P42593_v6	2.813E-01	2.792E-01	3.123E-01	0.076	28
afdb_Q8K2B3_v6	afdb_P16932_v6	2.343E-01	3.203E-01	3.646E-01	0.045	23
afdb_Q8K2B3_v6	afdb_P09030_v6	1.824E-01	3.675E-01	3.735E-01	0.020	18
afdb_Q8K2B3_v6	afdb_P24474_v6	2.595E-01	2.910E-01	3.060E-01	0.057	25
afdb_Q8K2B3_v6	afdb_P08148_v6	2.651E-01	2.845E-01	3.056E-01	0.063	26
afdb_Q8K2B3_v6	afdb_P08819_v6	2.348E-01	3.088E-01	3.133E-01	0.045	23
afdb_Q8K2B3_v6	afdb_P21836_v6	2.638E-01	2.792E-01	3.484E-01	0.063	26
afdb_Q8K2B3_v6	afdb_P04190_v6	1.785E-01	3.614E-01	3.724E-01	0.016	17
afdb_Q8K2B3_v6	afdb_P35049_v6	1.743E-01	3.632E-01	3.705E-01	0.016	17
afdb_Q8K2B3_v6	afdb_P22266_v6	2.050E-01	3.307E-01	3.493E-01	0.029	20
afdb_Q8K2B3_v6	afdb_P30122_v6	2.564E-01	2.770E-01	2.848E-01	0.057	25
afdb_Q8K2B3_v6	afdb_P77444_v6	2.192E-01	3.123E-01	3.615E-01	0.034	21
afdb_Q8K2B3_v6	afdb_Q16775_v6	1.906E-01	3.403E-01	3.705E-01	0.024	19
afdb_Q8K2B3_v6	afdb_Q00017_v6	1.738E-01	3.513E-01	3.551E-01	0.016	17
afdb_Q8K2B3_v6	afdb_P53608_v6	1.916E-01	3.335E-01	3.484E-01	0.024	19
afdb_Q8K2B3_v6	afdb_P08473_v6	2.735E-01	2.508E-01	2.956E-01	0.069	27
afdb_Q8K2B3_v6	afdb_Q9NPB1_v6	1.660E-01	3.576E-01	3.775E-01	0.014	16
afdb_Q8K2B3_v6	afdb_P25910_v6	1.666E-01	3.563E-01	3.878E-01	0.014	16
afdb_Q8K2B3_v6	afdb_P08373_v6	2.005E-01	3.224E-01	3.371E-01	0.024	19
afdb_Q8K2B3_v6	afdb_P03958_v6	1.959E-01	3.187E-01	3.299E-01	0.024	19
afdb_Q8K2B3_v6	afdb_P0CE47_v6	2.103E-01	3.050E-01	3.104E-01	0.029	20
afdb_Q8K2B3_v6	afdb_Q29460_v6	1.645E-01	3.476E-01	3.485E-01	0.014	16
afdb_Q8K2B3_v6	afdb_P00592_v6	1.194E-01	3.864E-01	3.896E-01	0.007	11
afdb_Q8K2B3_v6	afdb_P37967_v6	2.247E-01	2.811E-01	2.886E-01	0.040	22
afdb_Q8K2B3_v6	afdb_P56218_v6	1.778E-01	3.243E-01	3.357E-01	0.016	17
afdb_Q8K2B3_v6	afdb_Q9XBQ8_v6	2.070E-01	2.949E-01	3.410E-01	0.029	20
afdb_Q8K2B3_v6	afdb_P0A6G7_v6	1.443E-01	3.573E-01	3.786E-01	0.010	14
afdb_Q8K2B3_v6	afdb_P19938_v6	1.759E-01	3.266E-01	3.464E-01	0.016	17
afdb_Q8K2B3_v6	afdb_Q00441_v6	2.071E-01	2.957E-01	3.010E-01	0.029	20
afdb_Q8K2B3_v6	afdb_P00914_v6	2.212E-01	2.801E-01	2.981E-01	0.040	22
afdb_Q8K2B3_v6	afdb_P06621_v6	2.072E-01	2.924E-01	3.003E-01	0.029	20
afdb_Q8K2B3_v6	afdb_P29183_v6	2.184E-01	2.812E-01	2.884E-01	0.034	21
afdb_Q8K2B3_v6	afdb_P00175_v6	2.376E-01	2.586E-01	2.705E-01	0.045	23
afdb_Q8K2B3_v6	afdb_P0A6K3_v6	1.305E-01	3.661E-01	3.676E-01	0.008	12
afdb_Q8K2B3_v6	afdb_P21327_v6	2.013E-01	2.939E-01	3.052E-01	0.029	20
afdb_Q8K2B3_v6	afdb_Q6YBS3_v6	2.429E-01	2.503E-01	2.940E-01	0.051	24
afdb_Q8K2B3_v6	afdb_P18314_v6	2.326E-01	2.601E-01	2.768E-01	0.045	23
afdb_Q8K2B3_v6	afdb_P00800_v6	2.283E-01	2.622E-01	2.744E-01	0.040	22
afdb_Q8K2B3_v6	afdb_P05414_v6	1.911E-01	2.942E-01	3.004E-01	0.024	19
afdb_Q8K2B3_v6	afdb_P00644_v6	1.483E-01	3.360E-01	3.566E-01	0.010	14
afdb_Q8K2B3_v6	afdb_O33199_v6	1.407E-01	3.412E-01	3.670E-01	0.010	14
afdb_Q8K2B3_v6	afdb_P00388_v6	2.423E-01	2.390E-01	2.652E-01	0.051	24
afdb_Q8K2B3_v6	afdb_P27487_v6	2.530E-01	2.289E-01	2.680E-01	0.057	25
afdb_Q8K2B3_v6	afdb_P30850_v6	2.374E-01	2.426E-01	2.487E-01	0.045	23
afdb_Q8K2B3_v6	afdb_P39377_v6	1.943E-01	2.847E-01	3.201E-01	0.024	19
afdb_Q8K2B3_v6	afdb_P45478_v6	1.748E-01	3.038E-01	3.243E-01	0.016	17
afdb_Q8K2B3_v6	afdb_P21179_v6	2.495E-01	2.278E-01	2.602E-01	0.051	24
afdb_Q8K2B3_v6	afdb_Q9UMR5_v6	1.715E-01	3.019E-01	3.162E-01	0.016	17
afdb_Q8K2B3_v6	afdb_P00777_v6	1.702E-01	3.002E-01	3.296E-01	0.014	16
afdb_Q8K2B3_v6	afdb_P52700_v6	1.617E-01	2.981E-01	3.650E-01	0.014	16
afdb_Q8K2B3_v6	afdb_Q28943_v6	2.666E-01	1.919E-01	2.912E-01	0.063	26
afdb_Q8K2B3_v6	afdb_P13717_v6	1.532E-01	3.044E-01	3.276E-01	0.011	15
afdb_Q8K2B3_v6	afdb_P15917_v6	2.455E-01	2.125E-01	2.698E-01	0.051	24
afdb_Q8K2B3_v6	afdb_F8W4B7_v6	2.726E-01	1.844E-01	2.938E-01	0.069	27
afdb_Q8K2B3_v6	afdb_P40881_v6	1.453E-01	3.056E-01	3.123E-01	0.010	14
afdb_Q8K2B3_v6	afdb_O16025_v6	2.633E-01	1.848E-01	2.768E-01	0.063	26
afdb_Q8K2B3_v6	afdb_P14779_v6	2.534E-01	1.811E-01	2.774E-01	0.057	25
afdb_Q8K2B3_v6	afdb_P09883_v6	1.993E-01	2.187E-01	2.309E-01	0.024	19
afdb_Q93379_v6	afdb_P00392_v6	8.881E-01	7.531E-01	9.295E-01	0.995	88
afdb_Q93379_v6	afdb_Q56839_v6	8.560E-01	7.796E-01	8.909E-01	0.992	85
afdb_Q93379_v6	afdb_P37062_v6	7.513E-01	7.912E-01	7.944E-01	0.967	75
afdb_Q93379_v6	afdb_P0A9P4_v6	5.370E-01	7.673E-01	7.829E-01	0.569	53
afdb_Q93379_v6	afdb_Q7ZAG8_v6	5.908E-01	6.731E-01	7.103E-01	0.747	59
afdb_Q93379_v6	afdb_P08165_v6	4.951E-01	4.781E-01	6.813E-01	0.442	49
afdb_Q93379_v6	afdb_P42593_v6	4.583E-01	3.319E-01	6.915E-01	0.326	45
afdb_Q93379_v6	afdb_P22637_v6	4.093E-01	3.591E-01	5.423E-01	0.214	40
afdb_Q93379_v6	afdb_P16099_v6	4.562E-01	3.104E-01	6.213E-01	0.326	45
afdb_Q93379_v6	afdb_Q28943_v6	5.133E-01	2.522E-01	5.509E-01	0.505	51
afdb_Q93379_v6	afdb_P40859_v6	3.468E-01	4.031E-01	4.467E-01	0.126	34
afdb_Q93379_v6	afdb_P10902_v6	3.907E-01	3.481E-01	5.254E-01	0.196	39
afdb_Q93379_v6	afdb_Q945K2_v6	3.936E-01	3.399E-01	5.187E-01	0.196	39
afdb_Q93379_v6	afdb_Q9AGP8_v6	4.184E-01	2.689E-01	4.348E-01	0.233	41
afdb_Q93379_v6	afdb_P80324_v6	3.074E-01	3.750E-01	4.091E-01	0.090	30
afdb_Q93379_v6	afdb_O59791_v6	2.655E-01	3.616E-01	3.697E-01	0.063	26
afdb_Q93379_v6	afdb_Q6YBS3_v6	3.406E-01	2.721E-01	3.417E-01	0.126	34
afdb_Q93379_v6	afdb_Q6LZM9_v6	2.966E-01	3.128E-01	3.259E-01	0.082	29
afdb_Q93379_v6	afdb_P12995_v6	2.928E-01	3.147E-01	3.437E-01	0.082	29
afdb_Q93379_v6	afdb_P28796_v6	2.998E-01	3.026E-01	3.285E-01	0.082	29
afdb_Q93379_v6	afdb_P0AB77_v6	2.763E-01	3.117E-01	3.426E-01	0.069	27
afdb_Q93379_v6	afdb_P15289_v6	3.004E-01	2.862E-01	3.151E-01	0.090	30
afdb_Q93379_v6	afdb_P00914_v6	2.927E-01	2.932E-01	3.003E-01	0.082	29
afdb_Q93379_v6	afdb_P0A1E3_v6	2.492E-01	3.366E-01	3.457E-01	0.051	24
afdb_Q93379_v6	afdb_P77444_v6	2.750E-01	3.069E-01	3.265E-01	0.069	27
afdb_Q93379_v6	afdb_Q9L9D7_v6	3.108E-01	2.702E-01	3.364E-01	0.098	31
afdb_Q93379_v6	afdb_P25910_v6	2.213E-01	3.557E-01	3.709E-01	0.040	22
afdb_Q93379_v6	afdb_P16932_v6	2.783E-01	2.968E-01	3.254E-01	0.069	27
afdb_Q93379_v6	afdb_Q58989_v6	2.029E-01	3.720E-01	3.807E-01	0.029	20
afdb_Q93379_v6	afdb_P08373_v6	2.520E-01	3.183E-01	3.340E-01	0.057	25
afdb_Q93379_v6	afdb_P06721_v6	2.664E-01	3.025E-01	3.099E-01	0.063	26
afdb_Q93379_v6	afdb_P00935_v6	2.638E-01	3.036E-01	3.090E-01	0.063	26
afdb_Q93379_v6	afdb_P0CE47_v6	2.626E-01	2.993E-01	3.070E-01	0.063	26
afdb_Q93379_v6	afdb_P00489_v6	3.370E-01	2.191E-01	3.438E-01	0.116	33
afdb_Q93379_v6	afdb_P16444_v6	2.634E-01	2.920E-01	3.611E-01	0.063	26
afdb_Q93379_v6	afdb_O58727_v6	1.682E-01	3.823E-01	4.958E-01	0.014	16
afdb_Q93379_v6	afdb_P96965_v6	2.229E-01	3.232E-01	3.442E-01	0.040	22
afdb_Q93379_v6	afdb_P83788_v6	2.612E-01	2.850E-01	3.019E-01	0.063	26
afdb_Q93379_v6	afdb_P22266_v6	2.379E-01	3.021E-01	3.556E-01	0.045	23
afdb_Q93379_v6	afdb_P29183_v6	2.665E-01	2.716E-01	3.006E-01	0.063	26
afdb_Q93379_v6	afdb_Q9NPB1_v6	2.002E-01	3.358E-01	3.377E-01	0.024	19
afdb_Q93379_v6	afdb_P52700_v6	2.200E-01	3.151E-01	3.511E-01	0.034	21
afdb_Q93379_v6	afdb_Q3HWU8_v6	2.166E-01	3.189E-01	3.296E-01	0.034	21
afdb_Q93379_v6	afdb_P83686_v6	2.144E-01	3.157E-01	3.249E-01	0.034	21
afdb_Q93379_v6	afdb_P37967_v6	2.681E-01	2.619E-01	2.774E-01	0.063	26
afdb_Q93379_v6	afdb_P08819_v6	2.588E-01	2.705E-01	2.822E-01	0.057	25
afdb_Q93379_v6	afdb_P21836_v6	2.891E-01	2.385E-01	2.904E-01	0.076	28
afdb_Q93379_v6	afdb_Q00017_v6	2.044E-01	3.231E-01	3.294E-01	0.029	20
afdb_Q93379_v6	afdb_P24474_v6	2.812E-01	2.458E-01	3.331E-01	0.076	28
afdb_Q93379_v6	afdb_P53608_v6	2.144E-01	3.078E-01	3.322E-01	0.034	21
afdb_Q93379_v6	afdb_P08148_v6	2.829E-01	2.394E-01	2.897E-01	0.076	28
afdb_Q93379_v6	afdb_Q00441_v6	2.454E-01	2.734E-01	2.738E-01	0.051	24
afdb_Q93379_v6	afdb_Q75WN8_v6	2.103E-01	3.070E-01	3.167E-01	0.034	21
afdb_Q93379_v6	afdb_P23295_v6	2.442E-01	2.731E-01	2.735E-01	0.051	24
afdb_Q93379_v6	afdb_P30122_v6	2.790E-01	2.352E-01	2.877E-01	0.069	27
afdb_Q93379_v6	afdb_P83772_v6	2.025E-01	3.099E-01	3.138E-01	0.029	20
afdb_Q93379_v6	afdb_P22394_v6	2.715E-01	2.414E-01	2.744E-01	0.069	27
afdb_Q93379_v6	afdb_P04190_v6	2.005E-01	3.088E-01	3.277E-01	0.024	19
afdb_Q93379_v6	afdb_Q01693_v6	2.597E-01	2.490E-01	2.680E-01	0.057	25
afdb_Q93379_v6	afdb_P45478_v6	2.146E-01	2.932E-01	3.091E-01	0.034	21
afdb_Q93379_v6	afdb_P00388_v6	2.852E-01	2.164E-01	3.267E-01	0.076	28
afdb_Q93379_v6	afdb_P05521_v6	2.127E-01	2.884E-01	3.095E-01	0.034	21
afdb_Q93379_v6	afdb_Q6UV28_v6	1.521E-01	3.459E-01	3.829E-01	0.011	15
afdb_Q93379_v6	afdb_P00800_v6	2.619E-01	2.362E-01	2.768E-01	0.063	26
afdb_Q93379_v6	afdb_P00175_v6	2.677E-01	2.292E-01	3.008E-01	0.063	26
afdb_Q93379_v6	afdb_P21327_v6	2.333E-01	2.629E-01	3.090E-01	0.045	23
afdb_Q93379_v6	afdb_P06621_v6	2.363E-01	2.591E-01	3.255E-01	0.045	23
afdb_Q93379_v6	afdb_P00766_v6	1.888E-01	3.050E-01	3.293E-01	0.020	18
afdb_Q93379_v6	afdb_Q29460_v6	1.834E-01	3.094E-01	3.126E-01	0.020	18
afdb_Q93379_v6	afdb_Q8RB32_v6	1.901E-01	3.027E-01	3.271E-01	0.020	18
afdb_Q93379_v6	afdb_P46076_v6	2.194E-01	2.719E-01	2.735E-01	0.034	21
afdb_Q93379_v6	afdb_P03958_v6	2.203E-01	2.712E-01	2.891E-01	0.034	21
afdb_Q93379_v6	afdb_P0A6C1_v6	2.023E-01	2.876E-01	3.106E-01	0.029	20
afdb_Q93379_v6	afdb_Q9UMR5_v6	2.060E-01	2.842E-01	3.106E-01	0.029	20
afdb_Q93379_v6	afdb_P05725_v6	1.523E-01	3.342E-01	3.504E-01	0.011	15
afdb_Q93379_v6	afdb_P0A6K3_v6	1.575E-01	3.258E-01	3.327E-01	0.011	15
afdb_Q93379_v6	afdb_P05414_v6	2.203E-01	2.612E-01	2.739E-01	0.040	22
afdb_Q93379_v6	afdb_P00777_v6	1.985E-01	2.809E-01	3.040E-01	0.024	19
afdb_Q93379_v6	afdb_P00592_v6	1.384E-01	3.327E-01	3.449E-01	0.009	13
afdb_Q93379_v6	afdb_P35049_v6	1.831E-01	2.882E-01	2.951E-01	0.020	18
afdb_Q93379_v6	afdb_P00860_v6	2.318E-01	2.361E-01	2.398E-01	0.045	23
afdb_Q93379_v6	afdb_F8W4B7_v6	3.043E-01	1.633E-01	3.106E-01	0.090	30
afdb_Q93379_v6	afdb_P30850_v6	2.598E-01	2.051E-01	2.740E-01	0.057	25
afdb_Q93379_v6	afdb_P39377_v6	2.167E-01	2.477E-01	2.803E-01	0.034	21
afdb_Q93379_v6	afdb_Q05755_v6	3.295E-01	1.351E-01	3.604E-01	0.106	32
afdb_Q93379_v6	afdb_P27170_v6	2.086E-01	2.547E-01	3.052E-01	0.029	20
afdb_Q93379_v6	afdb_P55038_v6	3.266E-01	1.327E-01	3.386E-01	0.106	32
afdb_Q93379_v6	afdb_O16025_v6	3.010E-01	1.586E-01	3.089E-01	0.090	30
afdb_Q93379_v6	afdb_P00455_v6	2.079E-01	2.498E-01	2.655E-01	0.029	20
afdb_Q93379_v6	afdb_P81054_v6	2.052E-01	2.517E-01	2.596E-01	0.029	20
afdb_Q93379_v6	afdb_P04042_v6	2.034E-01	2.518E-01	2.683E-01	0.029	20
afdb_Q93379_v6	afdb_P09883_v6	2.423E-01	2.086E-01	2.583E-01	0.051	24
afdb_Q93379_v6	afdb_P18314_v6	2.392E-01	2.103E-01	2.491E-01	0.045	23
afdb_Q93379_v6	afdb_P03007_v6	1.705E-01	2.790E-01	3.421E-01	0.016	17
afdb_Q93379_v6	afdb_P09598_v6	1.833E-01	2.622E-01	2.916E-01	0.020	18
afdb_Q93379_v6	afdb_P21179_v6	2.533E-01	1.796E-01	2.870E-01	0.057	25
afdb_Q93379_v6	afdb_P37957_v6	1.545E-01	2.771E-01	3.314E-01	0.011	15
afdb_Q93379_v6	afdb_Q9XBQ8_v6	1.996E-01	2.179E-01	2.351E-01	0.024	19
afdb_Q93379_v6	afdb_O13297_v6	1.935E-01	1.720E-01	2.808E-01	0.024	19
afdb_Q96PH1_v6	afdb_P83686_v6	2.751E-01	7.071E-01	7.283E-01	0.069	27
afdb_Q96PH1_v6	afdb_P00455_v6	3.032E-01	5.878E-01	5.892E-01	0.090	30
afdb_Q96PH1_v6	afdb_P00388_v6	3.513E-01	3.908E-01	4.777E-01	0.138	35
afdb_Q96PH1_v6	afdb_P14779_v6	3.762E-01	2.846E-01	5.004E-01	0.164	37
afdb_Q96PH1_v6	afdb_O58727_v6	1.322E-01	4.389E-01	4.917E-01	0.009	13
afdb_Q96PH1_v6	afdb_Q8RB32_v6	1.662E-01	3.922E-01	4.050E-01	0.014	16
afdb_Q96PH1_v6	afdb_P53608_v6	1.738E-01	3.749E-01	4.101E-01	0.016	17
afdb_Q96PH1_v6	afdb_O59791_v6	1.830E-01	3.583E-01	3.814E-01	0.020	18
afdb_Q96PH1_v6	afdb_P15917_v6	2.681E-01	2.571E-01	3.064E-01	0.063	26
afdb_Q96PH1_v6	afdb_P0A6C1_v6	1.657E-01	3.504E-01	3.704E-01	0.014	16
afdb_Q96PH1_v6	afdb_Q29460_v6	1.421E-01	3.679E-01	3.910E-01	0.010	14
afdb_Q96PH1_v6	afdb_Q58989_v6	1.300E-01	3.790E-01	4.185E-01	0.008	12
afdb_Q96PH1_v6	afdb_P19938_v6	1.611E-01	3.466E-01	3.474E-01	0.014	16
afdb_Q96PH1_v6	afdb_P00175_v6	2.284E-01	2.792E-01	2.953E-01	0.040	22
afdb_Q96PH1_v6	afdb_P42593_v6	2.424E-01	2.656E-01	3.022E-01	0.051	24
afdb_Q96PH1_v6	afdb_P22394_v6	2.234E-01	2.816E-01	3.036E-01	0.040	22
afdb_Q96PH1_v6	afdb_O16025_v6	2.819E-01	2.189E-01	3.506E-01	0.076	28
afdb_Q96PH1_v6	afdb_P05521_v6	1.642E-01	3.354E-01	3.473E-01	0.014	16
afdb_Q96PH1_v6	afdb_P03958_v6	1.799E-01	3.188E-01	3.363E-01	0.016	17
afdb_Q96PH1_v6	afdb_P16444_v6	1.909E-01	3.074E-01	3.290E-01	0.024	19
afdb_Q96PH1_v6	afdb_P00914_v6	2.030E-01	2.947E-01	2.966E-01	0.029	20
afdb_Q96PH1_v6	afdb_P45478_v6	1.639E-01	3.316E-01	3.794E-01	0.014	16
afdb_Q96PH1_v6	afdb_P71119_v6	1.321E-01	3.615E-01	3.931E-01	0.009	13
afdb_Q96PH1_v6	afdb_Q7SID9_v6	2.197E-01	2.740E-01	2.870E-01	0.034	21
afdb_Q96PH1_v6	afdb_P09184_v6	1.057E-01	3.839E-01	4.036E-01	0.000	10
afdb_Q96PH1_v6	afdb_P27170_v6	1.770E-01	3.089E-01	3.126E-01	0.016	17
afdb_Q96PH1_v6	afdb_P28305_v6	1.504E-01	3.344E-01	3.354E-01	0.011	15
afdb_Q96PH1_v6	afdb_Q05769_v6	2.219E-01	2.635E-01	2.862E-01	0.040	22
afdb_Q96PH1_v6	afdb_Q75WN8_v6	1.551E-01	3.301E-01	3.326E-01	0.011	15
afdb_Q96PH1_v6	afdb_P00800_v6	2.130E-01	2.719E-01	2.760E-01	0.034	21
afdb_Q96PH1_v6	afdb_P05414_v6	1.755E-01	3.090E-01	3.172E-01	0.016	17
afdb_Q96PH1_v6	afdb_P96965_v6	1.478E-01	3.344E-01	3.456E-01	0.010	14
afdb_Q96PH1_v6	afdb_Q9FEW9_v6	1.853E-01	2.954E-01	3.070E-01	0.020	18
afdb_Q96PH1_v6	afdb_Q6LZM9_v6	1.933E-01	2.879E-01	2.921E-01	0.024	19
afdb_Q96PH1_v6	afdb_P0A6G7_v6	1.245E-01	3.514E-01	3.672E-01	0.008	12
afdb_Q96PH1_v6	afdb_Q9UMR5_v6	1.571E-01	3.180E-01	3.606E-01	0.011	15
afdb_Q96PH1_v6	afdb_P55038_v6	3.012E-01	1.735E-01	3.315E-01	0.090	30
afdb_Q96PH1_v6	afdb_P0AB77_v6	1.789E-01	2.945E-01	3.116E-01	0.016	17
afdb_Q96PH1_v6	afdb_P08473_v6	2.352E-01	2.382E-01	2.885E-01	0.045	23
afdb_Q96PH1_v6	afdb_P21327_v6	1.826E-01	2.892E-01	3.107E-01	0.020	18
afdb_Q96PH1_v6	afdb_P16099_v6	2.305E-01	2.376E-01	2.658E-01	0.040	22
afdb_Q96PH1_v6	afdb_F8W4B7_v6	2.626E-01	2.024E-01	2.909E-01	0.063	26
afdb_Q96PH1_v6	afdb_P08165_v6	1.938E-01	2.687E-01	3.029E-01	0.024	19
afdb_Q96PH1_v6	afdb_A0A0C6DRW4_v6	1.758E-01	2.864E-01	2.902E-01	0.016	17
afdb_Q96PH1_v6	afdb_P00396_v6	1.959E-01	2.655E-01	2.977E-01	0.024	19
afdb_Q96PH1_v6	afdb_P27487_v6	2.307E-01	2.304E-01	2.914E-01	0.045	23
afdb_Q96PH1_v6	afdb_Q3HWU8_v6	1.393E-01	3.167E-01	3.183E-01	0.009	13
afdb_Q96PH1_v6	afdb_P0A9P4_v6	1.494E-01	3.061E-01	3.271E-01	0.010	14
afdb_Q96PH1_v6	afdb_P21836_v6	2.081E-01	2.454E-01	2.875E-01	0.029	20
afdb_Q96PH1_v6	afdb_P08148_v6	2.045E-01	2.465E-01	2.781E-01	0.029	20
afdb_Q96PH1_v6	afdb_P37967_v6	1.874E-01	2.620E-01	2.788E-01	0.020	18
afdb_Q96PH1_v6	afdb_Q9NPB1_v6	1.259E-01	3.219E-01	3.362E-01	0.008	12
afdb_Q96PH1_v6	afdb_P09883_v6	2.001E-01	2.461E-01	2.517E-01	0.024	19
afdb_Q96PH1_v6	afdb_Q50925_v6	1.978E-01	2.477E-01	2.826E-01	0.024	19
afdb_Q96PH1_v6	afdb_Q6UV28_v6	1.002E-01	3.452E-01	3.729E-01	0.000	10
afdb_Q96PH1_v6	afdb_Q7ZAG8_v6	1.714E-01	2.723E-01	2.730E-01	0.016	17
afdb_Q96PH1_v6	afdb_P22637_v6	1.952E-01	2.478E-01	2.597E-01	0.024	19
afdb_Q96PH1_v6	afdb_P00644_v6	1.308E-01	3.106E-01	3.274E-01	0.009	13
afdb_Q96PH1_v6	afdb_P16932_v6	1.762E-01	2.654E-01	2.720E-01	0.016	17
afdb_Q96PH1_v6	afdb_Q00441_v6	1.649E-01	2.694E-01	2.732E-01	0.014	16
afdb_Q96PH1_v6	afdb_P30850_v6	2.036E-01	2.307E-01	2.442E-01	0.029	20
afdb_Q96PH1_v6	afdb_Q01693_v6	1.832E-01	2.503E-01	2.643E-01	0.020	18
afdb_Q96PH1_v6	afdb_P00860_v6	1.777E-01	2.557E-01	2.769E-01	0.016	17
afdb_Q96PH1_v6	afdb_P06721_v6	1.653E-01	2.671E-01	2.793E-01	0.014	16
afdb_Q96PH1_v6	afdb_P48534_v6	1.326E-01	2.963E-01	3.024E-01	0.009	13
afdb_Q96PH1_v6	afdb_P28796_v6	1.737E-01	2.546E-01	2.939E-01	0.016	17
afdb_Q96PH1_v6	afdb_P23295_v6	1.633E-01	2.642E-01	2.663E-01	0.014	16
afdb_Q96PH1_v6	afdb_P21179_v6	2.118E-01	2.142E-01	2.203E-01	0.034	21
afdb_Q96PH1_v6	afdb_P22266_v6	1.499E-01	2.744E-01	3.011E-01	0.010	14
afdb_Q96PH1_v6	afdb_P08373_v6	1.500E-01	2.742E-01	2.810E-01	0.010	14
afdb_Q96PH1_v6	afdb_Q9XBQ8_v6	1.629E-01	2.609E-01	3.291E-01	0.014	16
afdb_Q96PH1_v6	afdb_Q00017_v6	1.239E-01	2.936E-01	3.294E-01	0.008	12
afdb_Q96PH1_v6	afdb_P0CE47_v6	1.583E-01	2.578E-01	2.737E-01	0.011	15
afdb_Q96PH1_v6	afdb_P12821_v6	2.499E-01	1.653E-01	3.189E-01	0.051	24
afdb_Q96PH1_v6	afdb_P0A6T5_v6	1.213E-01	2.924E-01	2.982E-01	0.008	12
afdb_Q96PH1_v6	afdb_P08819_v6	1.656E-01	2.457E-01	2.576E-01	0.014	16
afdb_Q96PH1_v6	afdb_P10902_v6	1.788E-01	2.312E-01	2.446E-01	0.016	17
afdb_Q96PH1_v6	afdb_P81054_v6	1.459E-01	2.614E-01	2.684E-01	0.010	14
afdb_Q96PH1_v6	afdb_P09598_v6	1.321E-01	2.731E-01	3.057E-01	0.009	13
afdb_Q96PH1_v6	afdb_P80324_v6	1.490E-01	2.497E-01	2.901E-01	0.010	14
afdb_Q96PH1_v6	afdb_P35049_v6	1.136E-01	2.651E-01	2.903E-01	0.007	11
afdb_Q96PH1_v6	afdb_P00766_v6	1.133E-01	2.620E-01	2.780E-01	0.007	11
afdb_Q96PH1_v6	afdb_O13297_v6	1.584E-01	2.006E-01	2.071E-01	0.011	15
afdb_Q9H040_v6	afdb_P83772_v6	1.792E-01	2.807E-01	2.850E-01	0.016	17
afdb_Q9H040_v6	afdb_Q75WN8_v6	1.820E-01	2.758E-01	2.773E-01	0.020	18
afdb_Q9H040_v6	afdb_P83686_v6	1.796E-01	2.765E-01	2.883E-01	0.016	17
afdb_Q9H040_v6	afdb_P30122_v6	2.403E-01	2.070E-01	2.525E-01	0.051	24
afdb_Q9H040_v6	afdb_P08819_v6	2.137E-01	2.300E-01	3.168E-01	0.034	21
afdb_Q9H040_v6	afdb_P71119_v6	1.538E-01	2.860E-01	3.454E-01	0.011	15
afdb_Q9H040_v6	afdb_P05521_v6	1.824E-01	2.563E-01	2.585E-01	0.020	18
afdb_Q9H040_v6	afdb_P0A6K3_v6	1.349E-01	3.004E-01	3.016E-01	0.009	13
afdb_Q9H040_v6	afdb_P24630_v6	2.052E-01	2.257E-01	2.722E-01	0.029	20
afdb_Q9H040_v6	afdb_P00860_v6	2.095E-01	2.184E-01	2.465E-01	0.029	20
afdb_Q9H040_v6	afdb_P05725_v6	1.322E-01	2.896E-01	2.959E-01	0.009	13
afdb_Q9H040_v6	afdb_Q16775_v6	1.738E-01	2.448E-01	3.040E-01	0.016	17
afdb_Q9H040_v6	afdb_P21327_v6	1.930E-01	2.229E-01	2.349E-01	0.024	19
afdb_Q9H040_v6	afdb_P08148_v6	2.232E-01	1.917E-01	2.374E-01	0.040	22
afdb_Q9H040_v6	afdb_Q00017_v6	1.562E-01	2.571E-01	2.651E-01	0.011	15
afdb_Q9H040_v6	afdb_P83788_v6	1.931E-01	2.190E-01	3.370E-01	0.024	19
afdb_Q9H040_v6	afdb_P00800_v6	2.138E-01	1.981E-01	2.303E-01	0.034	21
afdb_Q9H040_v6	afdb_P00918_v6	1.582E-01	2.529E-01	2.874E-01	0.011	15
afdb_Q9H040_v6	afdb_P0CE47_v6	1.886E-01	2.210E-01	2.717E-01	0.020	18
afdb_Q9H040_v6	afdb_P81054_v6	1.805E-01	2.280E-01	2.607E-01	0.020	18
afdb_Q9H040_v6	afdb_Q06241_v6	1.405E-01	2.673E-01	2.912E-01	0.010	14
afdb_Q9H040_v6	afdb_P00935_v6	1.856E-01	2.218E-01	2.567E-01	0.020	18
afdb_Q9H040_v6	afdb_P00914_v6	2.008E-01	2.059E-01	2.272E-01	0.029	20
afdb_Q9H040_v6	afdb_P56216_v6	2.112E-01	1.925E-01	2.171E-01	0.034	21
afdb_Q9H040_v6	afdb_P00388_v6	2.261E-01	1.771E-01	2.389E-01	0.040	22
afdb_Q9H040_v6	afdb_O33199_v6	1.382E-01	2.644E-01	2.653E-01	0.009	13
afdb_Q9H040_v6	afdb_P04190_v6	1.601E-01	2.438E-01	2.745E-01	0.011	15
afdb_Q9H040_v6	afdb_F8W4B7_v6	2.586E-01	1.394E-01	3.048E-01	0.057	25
afdb_Q9H040_v6	afdb_P00766_v6	1.486E-01	2.410E-01	2.568E-01	0.010	14
afdb_Q9H040_v6	afdb_Q28943_v6	2.454E-01	1.426E-01	2.691E-01	0.051	24
afdb_Q9H040_v6	afdb_P27487_v6	2.253E-01	1.618E-01	2.369E-01	0.040	22
afdb_Q9H040_v6	afdb_Q7ZAG8_v6	1.803E-01	2.061E-01	2.182E-01	0.020	18
afdb_Q9H040_v6	afdb_P37957_v6	1.334E-01	2.522E-01	2.908E-01	0.009	13
afdb_Q9H040_v6	afdb_Q6YBS3_v6	2.092E-01	1.736E-01	2.140E-01	0.029	20
afdb_Q9H040_v6	afdb_P16932_v6	1.814E-01	1.975E-01	2.075E-01	0.020	18
afdb_Q9H040_v6	afdb_Q00441_v6	1.753E-01	2.010E-01	2.611E-01	0.016	17
afdb_Q9H040_v6	afdb_Q9L9D7_v6	1.951E-01	1.734E-01	2.037E-01	0.024	19
afdb_Q9H040_v6	afdb_P55038_v6	2.638E-01	1.045E-01	2.707E-01	0.063	26
afdb_Q9H040_v6	afdb_P52700_v6	1.484E-01	2.183E-01	2.615E-01	0.010	14
afdb_Q9H040_v6	afdb_P15917_v6	2.206E-01	1.445E-01	2.466E-01	0.040	22
afdb_Q9H040_v6	afdb_Q05755_v6	2.562E-01	1.049E-01	2.642E-01	0.057	25
afdb_Q9H040_v6	afdb_P15289_v6	1.825E-01	1.779E-01	2.533E-01	0.020	18
afdb_Q9H040_v6	afdb_Q945K2_v6	1.853E-01	1.684E-01	1.910E-01	0.020	18
afdb_Q9H040_v6	afdb_P08473_v6	2.057E-01	1.474E-01	2.233E-01	0.029	20
afdb_Q9H040_v6	afdb_P00639_v6	1.418E-01	2.121E-01	2.944E-01	0.010	14
afdb_Q9H040_v6	afdb_P14779_v6	2.228E-01	1.250E-01	3.045E-01	0.040	22
afdb_Q9H040_v6	afdb_O16025_v6	2.196E-01	1.208E-01	2.223E-01	0.034	21
afdb_Q9H040_v6	afdb_P30850_v6	1.803E-01	1.491E-01	1.895E-01	0.020	18
afdb_Q9H845_v6	afdb_A0A0C6DRW4_v6	5.556E-01	8.024E-01	8.164E-01	0.632	55
afdb_Q9H845_v6	afdb_P81054_v6	2.369E-01	3.736E-01	3.985E-01	0.045	23
afdb_Q9H845_v6	afdb_P0A6K3_v6	1.592E-01	4.428E-01	4.539E-01	0.011	15
afdb_Q9H845_v6	afdb_P46076_v6	2.392E-01	3.647E-01	3.818E-01	0.045	23
afdb_Q9H845_v6	afdb_P0A6T5_v6	1.889E-01	3.951E-01	3.962E-01	0.020	18
afdb_Q9H845_v6	afdb_P83788_v6	2.489E-01	3.343E-01	3.356E-01	0.051	24
afdb_Q9H845_v6	afdb_P71119_v6	1.786E-01	3.991E-01	4.114E-01	0.016	17
afdb_Q9H845_v6	afdb_P00396_v6	2.686E-01	3.091E-01	3.435E-01	0.063	26
afdb_Q9H845_v6	afdb_P23295_v6	2.360E-01	3.311E-01	4.150E-01	0.045	23
afdb_Q9H845_v6	afdb_P37062_v6	2.494E-01	3.176E-01	3.735E-01	0.051	24
afdb_Q9H845_v6	afdb_P53608_v6	2.020E-01	3.502E-01	3.594E-01	0.029	20
afdb_Q9H845_v6	afdb_P08148_v6	2.726E-01	2.779E-01	2.917E-01	0.069	27
afdb_Q9H845_v6	afdb_P00914_v6	2.477E-01	2.997E-01	3.078E-01	0.051	24
afdb_Q9H845_v6	afdb_P30122_v6	2.665E-01	2.743E-01	2.976E-01	0.063	26
afdb_Q9H845_v6	afdb_Q9L9D7_v6	2.635E-01	2.779E-01	2.908E-01	0.063	26
afdb_Q9H845_v6	afdb_Q50925_v6	2.613E-01	2.788E-01	3.122E-01	0.063	26
afdb_Q9H845_v6	afdb_P25910_v6	1.793E-01	3.587E-01	3.695E-01	0.016	17
afdb_Q9H845_v6	afdb_P12995_v6	2.309E-01	3.050E-01	3.514E-01	0.040	22
afdb_Q9H845_v6	afdb_P22394_v6	2.575E-01	2.771E-01	2.858E-01	0.057	25
afdb_Q9H845_v6	afdb_P00766_v6	1.751E-01	3.584E-01	3.913E-01	0.016	17
afdb_Q9H845_v6	afdb_O16025_v6	3.210E-01	2.120E-01	3.438E-01	0.106	32
afdb_Q9H845_v6	afdb_P83686_v6	1.899E-01	3.421E-01	3.464E-01	0.020	18
afdb_Q9H845_v6	afdb_Q16775_v6	1.933E-01	3.348E-01	3.580E-01	0.024	19
afdb_Q9H845_v6	afdb_P35049_v6	1.714E-01	3.544E-01	3.959E-01	0.016	17
afdb_Q9H845_v6	afdb_P21179_v6	2.812E-01	2.444E-01	3.016E-01	0.076	28
afdb_Q9H845_v6	afdb_Q05769_v6	2.591E-01	2.641E-01	2.794E-01	0.057	25
afdb_Q9H845_v6	afdb_Q00441_v6	2.208E-01	3.022E-01	3.858E-01	0.034	21
afdb_Q9H845_v6	afdb_P00455_v6	2.136E-01	3.081E-01	3.241E-01	0.034	21
afdb_Q9H845_v6	afdb_F8W4B7_v6	3.136E-01	2.081E-01	3.353E-01	0.098	31
afdb_Q9H845_v6	afdb_P00800_v6	2.449E-01	2.688E-01	3.428E-01	0.051	24
afdb_Q9H845_v6	afdb_P45478_v6	1.901E-01	3.223E-01	3.480E-01	0.020	18
afdb_Q9H845_v6	afdb_P03958_v6	2.022E-01	3.081E-01	3.141E-01	0.029	20
afdb_Q9H845_v6	afdb_P96965_v6	1.831E-01	3.265E-01	3.512E-01	0.020	18
afdb_Q9H845_v6	afdb_P06721_v6	2.135E-01	2.943E-01	3.010E-01	0.034	21
afdb_Q9H845_v6	afdb_P06621_v6	2.151E-01	2.924E-01	3.289E-01	0.034	21
afdb_Q9H845_v6	afdb_P55038_v6	3.409E-01	1.657E-01	3.421E-01	0.126	34
afdb_Q9H845_v6	afdb_P27487_v6	2.731E-01	2.332E-01	2.905E-01	0.069	27
afdb_Q9H845_v6	afdb_P24630_v6	2.181E-01	2.872E-01	3.396E-01	0.034	21
afdb_Q9H845_v6	afdb_P16932_v6	2.202E-01	2.843E-01	2.997E-01	0.034	21
afdb_Q9H845_v6	afdb_Q7SID9_v6	2.415E-01	2.597E-01	3.218E-01	0.051	24
afdb_Q9H845_v6	afdb_P13717_v6	1.769E-01	3.221E-01	3.494E-01	0.016	17
afdb_Q9H845_v6	afdb_Q3HWU8_v6	1.760E-01	3.195E-01	3.346E-01	0.016	17
afdb_Q9H845_v6	afdb_P56216_v6	2.376E-01	2.562E-01	2.689E-01	0.045	23
afdb_Q9H845_v6	afdb_P22637_v6	2.371E-01	2.575E-01	2.919E-01	0.045	23
afdb_Q9H845_v6	afdb_Q945K2_v6	2.379E-01	2.541E-01	2.917E-01	0.045	23
afdb_Q9H845_v6	afdb_P30850_v6	2.484E-01	2.418E-01	2.655E-01	0.051	24
afdb_Q9H845_v6	afdb_Q05755_v6	3.260E-01	1.640E-01	3.463E-01	0.106	32
afdb_Q9H845_v6	afdb_P00392_v6	2.321E-01	2.504E-01	2.672E-01	0.045	23
afdb_Q9H845_v6	afdb_P15917_v6	2.653E-01	2.171E-01	3.250E-01	0.063	26
afdb_Q9H845_v6	afdb_Q8RB32_v6	1.627E-01	3.191E-01	3.226E-01	0.014	16
afdb_Q9H845_v6	afdb_P24474_v6	2.332E-01	2.482E-01	2.727E-01	0.045	23
afdb_Q9H845_v6	afdb_Q9UMR5_v6	1.743E-01	3.068E-01	3.375E-01	0.016	17
afdb_Q9H845_v6	afdb_P22266_v6	1.859E-01	2.916E-01	3.206E-01	0.020	18
afdb_Q9H845_v6	afdb_P00175_v6	2.345E-01	2.431E-01	2.677E-01	0.045	23
afdb_Q9H845_v6	afdb_Q75WN8_v6	1.726E-01	3.043E-01	3.296E-01	0.016	17
afdb_Q9H845_v6	afdb_P27170_v6	1.907E-01	2.856E-01	3.256E-01	0.024	19
afdb_Q9H845_v6	afdb_P08165_v6	2.156E-01	2.573E-01	2.762E-01	0.034	21
afdb_Q9H845_v6	afdb_P00592_v6	1.135E-01	3.587E-01	3.767E-01	0.007	11
afdb_Q9H845_v6	afdb_P00489_v6	2.626E-01	2.095E-01	2.966E-01	0.063	26
afdb_Q9H845_v6	afdb_Q01693_v6	2.185E-01	2.530E-01	2.962E-01	0.034	21
afdb_Q9H845_v6	afdb_P08473_v6	2.513E-01	2.193E-01	2.713E-01	0.057	25
afdb_Q9H845_v6	afdb_P00860_v6	2.089E-01	2.575E-01	2.584E-01	0.029	20
afdb_Q9H845_v6	afdb_P09598_v6	1.650E-01	2.988E-01	3.744E-01	0.014	16
afdb_Q9H845_v6	afdb_P05521_v6	1.721E-01	2.919E-01	2.926E-01	0.016	17
afdb_Q9H845_v6	afdb_Q6UV28_v6	1.283E-01	3.338E-01	3.479E-01	0.008	12
afdb_Q9H845_v6	afdb_P14779_v6	2.744E-01	1.850E-01	2.756E-01	0.069	27
afdb_Q9H845_v6	afdb_P00388_v6	2.368E-01	2.225E-01	2.672E-01	0.045	23
afdb_Q9H845_v6	afdb_Q9NPB1_v6	1.468E-01	3.113E-01	3.435E-01	0.010	14
afdb_Q9H845_v6	afdb_P12821_v6	2.904E-01	1.643E-01	2.943E-01	0.082	29
afdb_Q9H845_v6	afdb_P16444_v6	1.902E-01	2.606E-01	3.118E-01	0.020	18
afdb_Q9H845_v6	afdb_O33199_v6	1.350E-01	3.108E-01	3.119E-01	0.009	13
afdb_Q9H845_v6	afdb_O13297_v6	1.970E-01	2.145E-01	2.182E-01	0.024	19
afdb_Q9H845_v6	afdb_Q28943_v6	2.354E-01	1.638E-01	2.418E-01	0.045	23
afdb_Q9SU56_v6	afdb_Q7SID9_v6	6.826E-01	7.381E-01	8.129E-01	0.912	68
afdb_Q9SU56_v6	afdb_P56216_v6	5.727E-01	6.188E-01	6.767E-01	0.692	57
afdb_Q9SU56_v6	afdb_P08373_v6	4.057E-01	6.655E-01	6.715E-01	0.214	40
afdb_Q9SU56_v6	afdb_P08148_v6	2.988E-01	3.017E-01	3.219E-01	0.082	29
afdb_Q9SU56_v6	afdb_P00800_v6	2.815E-01	3.028E-01	3.313E-01	0.076	28
afdb_Q9SU56_v6	afdb_P25910_v6	1.896E-01	3.797E-01	4.071E-01	0.020	18
afdb_Q9SU56_v6	afdb_P03958_v6	2.159E-01	3.223E-01	3.224E-01	0.034	21
afdb_Q9SU56_v6	afdb_P29183_v6	2.407E-01	2.975E-01	3.363E-01	0.051	24
afdb_Q9SU56_v6	afdb_P52700_v6	1.959E-01	3.411E-01	3.663E-01	0.024	19
afdb_Q9SU56_v6	afdb_P0A6T5_v6	1.765E-01	3.569E-01	3.609E-01	0.016	17
afdb_Q9SU56_v6	afdb_P05414_v6	2.163E-01	3.117E-01	3.274E-01	0.034	21
afdb_Q9SU56_v6	afdb_P0CE47_v6	2.224E-01	3.044E-01	3.149E-01	0.040	22
afdb_Q9SU56_v6	afdb_P24630_v6	2.307E-01	2.944E-01	2.985E-01	0.040	22
afdb_Q9SU56_v6	afdb_P0A9P4_v6	1.997E-01	3.229E-01	3.331E-01	0.024	19
afdb_Q9SU56_v6	afdb_P13717_v6	1.820E-01	3.394E-01	3.618E-01	0.020	18
afdb_Q9SU56_v6	afdb_P16932_v6	2.280E-01	2.910E-01	3.039E-01	0.040	22
afdb_Q9SU56_v6	afdb_P45478_v6	1.950E-01	3.226E-01	3.426E-01	0.024	19
afdb_Q9SU56_v6	afdb_Q9UMR5_v6	1.932E-01	3.238E-01	3.440E-01	0.024	19
afdb_Q9SU56_v6	afdb_P24474_v6	2.506E-01	2.623E-01	2.759E-01	0.051	24
afdb_Q9SU56_v6	afdb_Q8RB32_v6	1.736E-01	3.369E-01	3.464E-01	0.016	17
afdb_Q9SU56_v6	afdb_Q9AGP8_v6	2.833E-01	2.265E-01	3.243E-01	0.076	28
afdb_Q9SU56_v6	afdb_P19938_v6	1.862E-01	3.193E-01	3.192E-01	0.020	18
afdb_Q9SU56_v6	afdb_P00388_v6	2.620E-01	2.427E-01	3.010E-01	0.063	26
afdb_Q9SU56_v6	afdb_Q945K2_v6	2.448E-01	2.585E-01	2.718E-01	0.051	24
afdb_Q9SU56_v6	afdb_P04190_v6	1.712E-01	3.295E-01	3.712E-01	0.016	17
afdb_Q9SU56_v6	afdb_P37957_v6	1.555E-01	3.447E-01	3.794E-01	0.011	15
afdb_Q9SU56_v6	afdb_P80324_v6	2.041E-01	2.949E-01	2.982E-01	0.029	20
afdb_Q9SU56_v6	afdb_P71119_v6	1.555E-01	3.391E-01	3.571E-01	0.011	15
afdb_Q9SU56_v6	afdb_P40859_v6	2.065E-01	2.865E-01	2.891E-01	0.029	20
afdb_Q9SU56_v6	afdb_P28305_v6	1.737E-01	3.195E-01	3.197E-01	0.016	17
afdb_Q9SU56_v6	afdb_A0A0C6DRW4_v6	2.118E-01	2.804E-01	3.094E-01	0.034	21
afdb_Q9SU56_v6	afdb_P08165_v6	2.275E-01	2.645E-01	3.006E-01	0.040	22
afdb_Q9SU56_v6	afdb_P22637_v6	2.365E-01	2.538E-01	2.632E-01	0.045	23
afdb_Q9SU56_v6	afdb_Q12178_v6	1.302E-01	3.597E-01	4.126E-01	0.009	13
afdb_Q9SU56_v6	afdb_P83686_v6	1.754E-01	3.145E-01	3.309E-01	0.016	17
afdb_Q9SU56_v6	afdb_Q7ZAG8_v6	2.083E-01	2.780E-01	2.935E-01	0.029	20
afdb_Q9SU56_v6	afdb_Q16775_v6	1.816E-01	3.018E-01	3.229E-01	0.020	18
afdb_Q9SU56_v6	afdb_Q58989_v6	1.473E-01	3.336E-01	3.939E-01	0.010	14
afdb_Q9SU56_v6	afdb_Q6UV28_v6	1.224E-01	3.574E-01	3.722E-01	0.008	12
afdb_Q9SU56_v6	afdb_P00392_v6	2.321E-01	2.466E-01	2.800E-01	0.045	23
afdb_Q9SU56_v6	afdb_P46076_v6	1.901E-01	2.874E-01	2.983E-01	0.020	18
afdb_Q9SU56_v6	afdb_P05725_v6	1.284E-01	3.486E-01	3.629E-01	0.008	12
afdb_Q9SU56_v6	afdb_Q56839_v6	2.240E-01	2.503E-01	3.045E-01	0.040	22
afdb_Q9SU56_v6	afdb_P21327_v6	1.990E-01	2.747E-01	2.848E-01	0.024	19
afdb_Q9SU56_v6	afdb_P00455_v6	1.925E-01	2.787E-01	3.102E-01	0.024	19
afdb_Q9SU56_v6	afdb_P83788_v6	2.015E-01	2.660E-01	2.911E-01	0.029	20
afdb_Q9SU56_v6	afdb_P27487_v6	2.540E-01	2.122E-01	2.897E-01	0.057	25
afdb_Q9SU56_v6	afdb_P37062_v6	2.069E-01	2.592E-01	2.873E-01	0.029	20
afdb_Q9SU56_v6	afdb_P81054_v6	1.857E-01	2.798E-01	2.888E-01	0.020	18
afdb_Q9SU56_v6	afdb_P0A6G7_v6	1.454E-01	3.178E-01	3.376E-01	0.010	14
afdb_Q9SU56_v6	afdb_P00592_v6	1.203E-01	3.414E-01	3.546E-01	0.008	12
afdb_Q9SU56_v6	afdb_P15289_v6	2.158E-01	2.455E-01	2.638E-01	0.034	21
afdb_Q9SU56_v6	afdb_P06621_v6	1.972E-01	2.571E-01	2.889E-01	0.024	19
afdb_Q9SU56_v6	afdb_P08473_v6	2.434E-01	2.104E-01	2.635E-01	0.051	24
afdb_Q9SU56_v6	afdb_P16099_v6	2.412E-01	2.122E-01	2.686E-01	0.051	24
afdb_Q9SU56_v6	afdb_P00935_v6	1.884E-01	2.633E-01	3.063E-01	0.020	18
afdb_Q9SU56_v6	afdb_P15917_v6	2.472E-01	2.014E-01	3.244E-01	0.051	24
afdb_Q9SU56_v6	afdb_P43099_v6	2.381E-01	2.089E-01	2.725E-01	0.045	23
afdb_Q9SU56_v6	afdb_P42593_v6	2.282E-01	2.139E-01	2.477E-01	0.040	22
afdb_Q9SU56_v6	afdb_P00489_v6	2.444E-01	1.935E-01	2.478E-01	0.051	24
afdb_Q9SU56_v6	afdb_P09883_v6	2.118E-01	2.189E-01	2.596E-01	0.034	21
afdb_Q9SU56_v6	afdb_P55038_v6	2.889E-01	1.414E-01	3.298E-01	0.076	28
afdb_Q9SU56_v6	afdb_Q05755_v6	2.873E-01	1.432E-01	2.924E-01	0.076	28
afdb_Q9SU56_v6	afdb_P35049_v6	1.434E-01	2.828E-01	3.077E-01	0.010	14
afdb_Q9SU56_v6	afdb_P00175_v6	2.106E-01	2.153E-01	2.601E-01	0.034	21
afdb_Q9SU56_v6	afdb_O16025_v6	2.554E-01	1.679E-01	2.717E-01	0.057	25
afdb_Q9SU56_v6	afdb_P00777_v6	1.552E-01	2.613E-01	2.889E-01	0.011	15
afdb_Q9SU56_v6	afdb_P00914_v6	1.878E-01	2.246E-01	2.459E-01	0.020	18
afdb_Q9SU56_v6	afdb_O13297_v6	1.983E-01	2.138E-01	2.528E-01	0.024	19
afdb_Q9SU56_v6	afdb_P14779_v6	2.462E-01	1.642E-01	2.630E-01	0.051	24
afdb_Q9SU56_v6	afdb_P09598_v6	1.432E-01	2.621E-01	3.195E-01	0.010	14
afdb_Q9UIQ6_v6	afdb_P00800_v6	2.530E-01	4.359E-01	4.504E-01	0.057	25
afdb_Q9UIQ6_v6	afdb_Q9FEW9_v6	1.900E-01	4.023E-01	4.443E-01	0.020	18
afdb_Q9UIQ6_v6	afdb_P27487_v6	2.529E-01	3.160E-01	3.581E-01	0.057	25
afdb_Q9UIQ6_v6	afdb_P09030_v6	1.441E-01	4.182E-01	4.368E-01	0.010	14
afdb_Q9UIQ6_v6	afdb_P00639_v6	1.500E-01	4.115E-01	4.196E-01	0.010	14
afdb_Q9UIQ6_v6	afdb_P05521_v6	1.550E-01	4.052E-01	4.194E-01	0.011	15
afdb_Q9UIQ6_v6	afdb_P14779_v6	2.823E-01	2.774E-01	2.961E-01	0.076	28
afdb_Q9UIQ6_v6	afdb_P18314_v6	2.156E-01	3.399E-01	3.524E-01	0.034	21
afdb_Q9UIQ6_v6	afdb_A0A0C6DRW4_v6	1.833E-01	3.673E-01	3.784E-01	0.020	18
afdb_Q9UIQ6_v6	afdb_P39377_v6	1.753E-01	3.752E-01	3.823E-01	0.016	17
afdb_Q9UIQ6_v6	afdb_P16099_v6	2.380E-01	3.082E-01	3.516E-01	0.045	23
afdb_Q9UIQ6_v6	afdb_P00489_v6	2.529E-01	2.913E-01	3.485E-01	0.057	25
afdb_Q9UIQ6_v6	afdb_Q16775_v6	1.515E-01	3.832E-01	4.033E-01	0.011	15
afdb_Q9UIQ6_v6	afdb_Q05755_v6	3.054E-01	2.271E-01	3.488E-01	0.090	30
afdb_Q9UIQ6_v6	afdb_P04190_v6	1.362E-01	3.838E-01	3.961E-01	0.009	13
afdb_Q9UIQ6_v6	afdb_P00396_v6	1.901E-01	3.296E-01	3.625E-01	0.020	18
afdb_Q9UIQ6_v6	afdb_Q28943_v6	2.581E-01	2.581E-01	2.845E-01	0.057	25
afdb_Q9UIQ6_v6	afdb_Q6YBS3_v6	2.098E-01	3.023E-01	3.213E-01	0.029	20
afdb_Q9UIQ6_v6	afdb_P30850_v6	2.093E-01	2.999E-01	3.056E-01	0.029	20
afdb_Q9UIQ6_v6	afdb_P08148_v6	2.026E-01	3.058E-01	3.158E-01	0.029	20
afdb_Q9UIQ6_v6	afdb_Q75WN8_v6	1.370E-01	3.707E-01	3.809E-01	0.009	13
afdb_Q9UIQ6_v6	afdb_P56216_v6	1.964E-01	3.093E-01	3.157E-01	0.024	19
afdb_Q9UIQ6_v6	afdb_P21179_v6	2.233E-01	2.801E-01	2.843E-01	0.040	22
afdb_Q9UIQ6_v6	afdb_Q9AGP8_v6	2.312E-01	2.707E-01	2.729E-01	0.045	23
afdb_Q9UIQ6_v6	afdb_P52700_v6	1.358E-01	3.657E-01	3.806E-01	0.009	13
afdb_Q9UIQ6_v6	afdb_P13717_v6	1.326E-01	3.684E-01	3.987E-01	0.009	13
afdb_Q9UIQ6_v6	afdb_P25910_v6	1.270E-01	3.694E-01	3.696E-01	0.008	12
afdb_Q9UIQ6_v6	afdb_P55038_v6	2.871E-01	2.087E-01	3.248E-01	0.076	28
afdb_Q9UIQ6_v6	afdb_P24474_v6	1.912E-01	3.010E-01	3.082E-01	0.024	19
afdb_Q9UIQ6_v6	afdb_Q50925_v6	1.911E-01	3.005E-01	3.672E-01	0.024	19
afdb_Q9UIQ6_v6	afdb_P00914_v6	1.730E-01	3.181E-01	3.363E-01	0.016	17
afdb_Q9UIQ6_v6	afdb_O16025_v6	2.490E-01	2.421E-01	2.557E-01	0.051	24
afdb_Q9UIQ6_v6	afdb_P29183_v6	1.729E-01	3.184E-01	3.271E-01	0.016	17
afdb_Q9UIQ6_v6	afdb_P37967_v6	1.783E-01	3.103E-01	3.187E-01	0.016	17
afdb_Q9UIQ6_v6	afdb_Q00017_v6	1.236E-01	3.634E-01	3.743E-01	0.008	12
afdb_Q9UIQ6_v6	afdb_P27170_v6	1.513E-01	3.355E-01	3.439E-01	0.011	15
afdb_Q9UIQ6_v6	afdb_P08819_v6	1.694E-01	3.170E-01	3.780E-01	0.014	16
afdb_Q9UIQ6_v6	afdb_P0A6G7_v6	1.010E-01	3.832E-01	4.324E-01	0.000	10
afdb_Q9UIQ6_v6	afdb_P24630_v6	1.649E-01	3.176E-01	3.357E-01	0.014	16
afdb_Q9UIQ6_v6	afdb_P12821_v6	2.658E-01	2.168E-01	3.655E-01	0.063	26
afdb_Q9UIQ6_v6	afdb_P28796_v6	1.738E-01	3.086E-01	3.219E-01	0.016	17
afdb_Q9UIQ6_v6	afdb_Q8RB32_v6	1.184E-01	3.616E-01	3.870E-01	0.007	11
afdb_Q9UIQ6_v6	afdb_P08473_v6	2.112E-01	2.678E-01	2.969E-01	0.034	21
afdb_Q9UIQ6_v6	afdb_P16444_v6	1.586E-01	3.201E-01	3.620E-01	0.011	15
afdb_Q9UIQ6_v6	afdb_Q6UV28_v6	8.360E-02	3.940E-01	4.396E-01	0.000	8
afdb_Q9UIQ6_v6	afdb_P21836_v6	1.899E-01	2.853E-01	2.928E-01	0.020	18
afdb_Q9UIQ6_v6	afdb_P08373_v6	1.437E-01	3.314E-01	3.577E-01	0.010	14
afdb_Q9UIQ6_v6	afdb_Q00441_v6	1.524E-01	3.218E-01	3.224E-01	0.011	15
afdb_Q9UIQ6_v6	afdb_P10902_v6	1.794E-01	2.916E-01	2.965E-01	0.016	17
afdb_Q9UIQ6_v6	afdb_P22394_v6	1.818E-01	2.888E-01	2.930E-01	0.020	18
afdb_Q9UIQ6_v6	afdb_P28305_v6	1.206E-01	3.479E-01	3.706E-01	0.008	12
afdb_Q9UIQ6_v6	afdb_P00455_v6	1.472E-01	3.209E-01	3.387E-01	0.010	14
afdb_Q9UIQ6_v6	afdb_P46076_v6	1.432E-01	3.227E-01	3.277E-01	0.010	14
afdb_Q9UIQ6_v6	afdb_P23295_v6	1.500E-01	3.157E-01	3.163E-01	0.010	14
afdb_Q9UIQ6_v6	afdb_P40859_v6	1.495E-01	3.156E-01	3.188E-01	0.010	14
afdb_Q9UIQ6_v6	afdb_P71119_v6	1.105E-01	3.516E-01	3.873E-01	0.000	10
afdb_Q9UIQ6_v6	afdb_P15917_v6	2.071E-01	2.486E-01	2.552E-01	0.029	20
afdb_Q9UIQ6_v6	afdb_P48534_v6	1.102E-01	3.389E-01	3.434E-01	0.007	11
afdb_Q9UIQ6_v6	afdb_P83686_v6	1.162E-01	3.280E-01	3.289E-01	0.007	11
afdb_Q9UIQ6_v6	afdb_P81054_v6	1.349E-01	3.071E-01	3.177E-01	0.009	13
afdb_Q9UIQ6_v6	afdb_O59791_v6	1.275E-01	3.081E-01	3.203E-01	0.008	12
afdb_Q9UIQ6_v6	afdb_P00918_v6	1.109E-01	3.206E-01	3.214E-01	0.007	11
afdb_Q9UIQ6_v6	afdb_P09598_v6	1.131E-01	3.183E-01	3.429E-01	0.007	11
afdb_Q9UIQ6_v6	afdb_P09883_v6	1.694E-01	2.595E-01	2.599E-01	0.014	16
afdb_Q9UIQ6_v6	afdb_P00777_v6	1.203E-01	3.070E-01	3.084E-01	0.008	12
afdb_Q9UIQ6_v6	afdb_P80324_v6	1.314E-01	2.946E-01	3.023E-01	0.009	13
afdb_Q9UIQ6_v6	afdb_P0CE47_v6	1.349E-01	2.849E-01	2.946E-01	0.009	13
afdb_Q9UIQ6_v6	afdb_P35049_v6	1.060E-01	3.108E-01	3.289E-01	0.000	10
afdb_Q9UIQ6_v6	afdb_O13297_v6	1.550E-01	2.513E-01	2.577E-01	0.011	15
afdb_Q9UIQ6_v6	afdb_P83772_v6	1.042E-01	2.950E-01	3.301E-01	0.000	10
afdb_Q9UIQ6_v6	afdb_P00766_v6	9.640E-02	2.969E-01	3.367E-01	0.000	9
afdb_Q9UIQ6_v6	afdb_P0A6T5_v6	9.254E-02	2.944E-01	3.002E-01	0.000	9
afdb_Q9Y4W6_v6	afdb_P42593_v6	2.558E-01	2.900E-01	3.930E-01	0.057	25
afdb_Q9Y4W6_v6	afdb_P16099_v6	2.559E-01	2.737E-01	3.827E-01	0.057	25
afdb_Q9Y4W6_v6	afdb_Q00017_v6	1.497E-01	3.801E-01	4.088E-01	0.010	14
afdb_Q9Y4W6_v6	afdb_Q29460_v6	1.415E-01	3.800E-01	3.910E-01	0.010	14
afdb_Q9Y4W6_v6	afdb_P53608_v6	1.535E-01	3.490E-01	5.476E-01	0.011	15
afdb_Q9Y4W6_v6	afdb_O16025_v6	2.752E-01	2.217E-01	2.936E-01	0.069	27
afdb_Q9Y4W6_v6	afdb_P0A6C1_v6	1.498E-01	3.403E-01	3.736E-01	0.010	14
afdb_Q9Y4W6_v6	afdb_P27487_v6	2.409E-01	2.480E-01	2.695E-01	0.051	24
afdb_Q9Y4W6_v6	afdb_Q9FEW9_v6	1.750E-01	3.142E-01	3.409E-01	0.016	17
afdb_Q9Y4W6_v6	afdb_P15917_v6	2.456E-01	2.430E-01	2.641E-01	0.051	24
afdb_Q9Y4W6_v6	afdb_P08373_v6	1.663E-01	3.208E-01	3.254E-01	0.014	16
afdb_Q9Y4W6_v6	afdb_Q8RB32_v6	1.306E-01	3.478E-01	3.909E-01	0.009	13
afdb_Q9Y4W6_v6	afdb_P00489_v6	2.434E-01	2.334E-01	3.057E-01	0.051	24
afdb_Q9Y4W6_v6	afdb_P37062_v6	1.857E-01	2.894E-01	3.158E-01	0.020	18
afdb_Q9Y4W6_v6	afdb_P43099_v6	2.300E-01	2.448E-01	2.518E-01	0.040	22
afdb_Q9Y4W6_v6	afdb_P37957_v6	1.218E-01	3.522E-01	3.996E-01	0.008	12
afdb_Q9Y4W6_v6	afdb_P83686_v6	1.405E-01	3.313E-01	3.358E-01	0.010	14
afdb_Q9Y4W6_v6	afdb_Q6YBS3_v6	2.177E-01	2.547E-01	2.590E-01	0.034	21
afdb_Q9Y4W6_v6	afdb_O58727_v6	1.088E-01	3.586E-01	3.600E-01	0.000	10
afdb_Q9Y4W6_v6	afdb_P00644_v6	1.324E-01	3.343E-01	3.414E-01	0.009	13
afdb_Q9Y4W6_v6	afdb_P00175_v6	2.073E-01	2.597E-01	2.887E-01	0.029	20
afdb_Q9Y4W6_v6	afdb_Q3HWU8_v6	1.430E-01	3.235E-01	3.277E-01	0.010	14
afdb_Q9Y4W6_v6	afdb_P39377_v6	1.725E-01	2.931E-01	2.973E-01	0.016	17
afdb_Q9Y4W6_v6	afdb_P0A6T5_v6	1.278E-01	3.362E-01	3.431E-01	0.008	12
afdb_Q9Y4W6_v6	afdb_P71119_v6	1.267E-01	3.353E-01	3.706E-01	0.008	12
afdb_Q9Y4W6_v6	afdb_P29183_v6	1.812E-01	2.788E-01	3.082E-01	0.020	18
afdb_Q9Y4W6_v6	afdb_Q9AGP8_v6	2.335E-01	2.268E-01	3.262E-01	0.045	23
afdb_Q9Y4W6_v6	afdb_P00396_v6	1.920E-01	2.679E-01	2.830E-01	0.024	19
afdb_Q9Y4W6_v6	afdb_P06621_v6	1.738E-01	2.860E-01	3.087E-01	0.016	17
afdb_Q9Y4W6_v6	afdb_P0A1E3_v6	1.467E-01	3.129E-01	3.561E-01	0.010	14
afdb_Q9Y4W6_v6	afdb_P30850_v6	2.100E-01	2.460E-01	2.604E-01	0.029	20
afdb_Q9Y4W6_v6	afdb_P30122_v6	2.022E-01	2.531E-01	2.925E-01	0.029	20
afdb_Q9Y4W6_v6	afdb_P00914_v6	1.811E-01	2.709E-01	2.924E-01	0.020	18
afdb_Q9Y4W6_v6	afdb_P37967_v6	1.833E-01	2.675E-01	2.930E-01	0.020	18
afdb_Q9Y4W6_v6	afdb_A0A0C6DRW4_v6	1.710E-01	2.789E-01	3.013E-01	0.016	17
afdb_Q9Y4W6_v6	afdb_Q50925_v6	1.952E-01	2.537E-01	2.722E-01	0.024	19
afdb_Q9Y4W6_v6	afdb_P0AB77_v6	1.632E-01	2.849E-01	3.048E-01	0.014	16
afdb_Q9Y4W6_v6	afdb_Q75WN8_v6	1.377E-01	3.093E-01	3.209E-01	0.009	13
afdb_Q9Y4W6_v6	afdb_P00455_v6	1.583E-01	2.872E-01	2.950E-01	0.011	15
afdb_Q9Y4W6_v6	afdb_Q58989_v6	1.174E-01	3.268E-01	3.856E-01	0.007	11
afdb_Q9Y4W6_v6	afdb_P08473_v6	2.171E-01	2.267E-01	2.494E-01	0.034	21
afdb_Q9Y4W6_v6	afdb_Q9UMR5_v6	1.430E-01	2.965E-01	3.224E-01	0.010	14
afdb_Q9Y4W6_v6	afdb_Q12178_v6	1.032E-01	3.366E-01	3.428E-01	0.000	10
afdb_Q9Y4W6_v6	afdb_P05521_v6	1.431E-01	2.945E-01	2.968E-01	0.010	14
afdb_Q9Y4W6_v6	afdb_P0A9P4_v6	1.448E-01	2.908E-01	3.769E-01	0.010	14
afdb_Q9Y4W6_v6	afdb_Q6UV28_v6	8.734E-02	3.476E-01	3.897E-01	0.000	8
afdb_Q9Y4W6_v6	afdb_P03958_v6	1.481E-01	2.865E-01	3.481E-01	0.010	14
afdb_Q9Y4W6_v6	afdb_P12995_v6	1.647E-01	2.691E-01	3.589E-01	0.014	16
afdb_Q9Y4W6_v6	afdb_Q16775_v6	1.427E-01	2.900E-01	3.207E-01	0.010	14
afdb_Q9Y4W6_v6	afdb_P00388_v6	2.039E-01	2.290E-01	2.445E-01	0.029	20
afdb_Q9Y4W6_v6	afdb_P09883_v6	1.927E-01	2.396E-01	2.439E-01	0.024	19
afdb_Q9Y4W6_v6	afdb_P08819_v6	1.684E-01	2.625E-01	2.846E-01	0.014	16
afdb_Q9Y4W6_v6	afdb_P00800_v6	1.840E-01	2.457E-01	2.645E-01	0.020	18
afdb_Q9Y4W6_v6	afdb_O59791_v6	1.431E-01	2.861E-01	3.397E-01	0.010	14
afdb_Q9Y4W6_v6	afdb_P12821_v6	2.554E-01	1.731E-01	2.798E-01	0.057	25
afdb_Q9Y4W6_v6	afdb_P09030_v6	1.260E-01	3.010E-01	3.169E-01	0.008	12
afdb_Q9Y4W6_v6	afdb_P22266_v6	1.440E-01	2.823E-01	3.089E-01	0.010	14
afdb_Q9Y4W6_v6	afdb_P00777_v6	1.407E-01	2.853E-01	3.066E-01	0.010	14
afdb_Q9Y4W6_v6	afdb_P21836_v6	1.921E-01	2.332E-01	2.504E-01	0.024	19
afdb_Q9Y4W6_v6	afdb_P16444_v6	1.609E-01	2.643E-01	3.166E-01	0.014	16
afdb_Q9Y4W6_v6	afdb_P0A6G7_v6	1.055E-01	3.170E-01	3.336E-01	0.000	10
afdb_Q9Y4W6_v6	afdb_P05414_v6	1.499E-01	2.718E-01	3.470E-01	0.010	14
afdb_Q9Y4W6_v6	afdb_P05725_v6	8.898E-02	3.310E-01	3.825E-01	0.000	8
afdb_Q9Y4W6_v6	afdb_Q7ZAG8_v6	1.593E-01	2.606E-01	2.683E-01	0.011	15
afdb_Q9Y4W6_v6	afdb_P04190_v6	1.276E-01	2.910E-01	3.164E-01	0.008	12
afdb_Q9Y4W6_v6	afdb_P10902_v6	1.793E-01	2.393E-01	2.594E-01	0.016	17
afdb_Q9Y4W6_v6	afdb_Q9L9D7_v6	1.834E-01	2.346E-01	3.145E-01	0.020	18
afdb_Q9Y4W6_v6	afdb_Q6LZM9_v6	1.639E-01	2.527E-01	2.681E-01	0.014	16
afdb_Q9Y4W6_v6	afdb_P00392_v6	1.818E-01	2.344E-01	2.362E-01	0.020	18
afdb_Q9Y4W6_v6	afdb_Q28943_v6	2.271E-01	1.895E-01	2.389E-01	0.040	22
afdb_Q9Y4W6_v6	afdb_P08165_v6	1.700E-01	2.453E-01	2.577E-01	0.014	16
afdb_Q9Y4W6_v6	afdb_P18314_v6	1.809E-01	2.327E-01	2.769E-01	0.020	18
afdb_Q9Y4W6_v6	afdb_P40859_v6	1.528E-01	2.598E-01	2.725E-01	0.011	15
afdb_Q9Y4W6_v6	afdb_P45478_v6	1.329E-01	2.760E-01	3.155E-01	0.009	13
afdb_Q9Y4W6_v6	afdb_P16932_v6	1.562E-01	2.521E-01	3.029E-01	0.011	15
afdb_Q9Y4W6_v6	afdb_P56218_v6	1.328E-01	2.756E-01	2.811E-01	0.009	13
afdb_Q9Y4W6_v6	afdb_Q01693_v6	1.692E-01	2.374E-01	2.394E-01	0.014	16
afdb_Q9Y4W6_v6	afdb_Q06241_v6	1.056E-01	2.997E-01	3.052E-01	0.000	10
afdb_Q9Y4W6_v6	afdb_P24630_v6	1.579E-01	2.467E-01	2.669E-01	0.011	15
afdb_Q9Y4W6_v6	afdb_P00935_v6	1.500E-01	2.549E-01	2.682E-01	0.010	14
afdb_Q9Y4W6_v6	afdb_P28796_v6	1.573E-01	2.444E-01	4.108E-01	0.011	15
afdb_Q9Y4W6_v6	afdb_P06721_v6	1.489E-01	2.525E-01	2.763E-01	0.010	14
afdb_Q9Y4W6_v6	afdb_P77444_v6	1.512E-01	2.498E-01	2.933E-01	0.011	15
afdb_Q9Y4W6_v6	afdb_P25910_v6	1.177E-01	2.804E-01	2.864E-01	0.007	11
afdb_Q9Y4W6_v6	afdb_P00592_v6	7.816E-02	3.180E-01	3.252E-01	0.000	7
afdb_Q9Y4W6_v6	afdb_Q945K2_v6	1.727E-01	2.232E-01	2.481E-01	0.016	17
afdb_Q9Y4W6_v6	afdb_P21327_v6	1.486E-01	2.466E-01	2.535E-01	0.010	14
afdb_Q9Y4W6_v6	afdb_P04042_v6	1.349E-01	2.555E-01	2.908E-01	0.009	13
afdb_Q9Y4W6_v6	afdb_P0A6K3_v6	9.084E-02	2.997E-01	3.208E-01	0.000	9
afdb_Q9Y4W6_v6	afdb_P46076_v6	1.369E-01	2.498E-01	2.772E-01	0.009	13
afdb_Q9Y4W6_v6	afdb_Q05769_v6	1.735E-01	2.115E-01	2.201E-01	0.016	17
afdb_Q9Y4W6_v6	afdb_P83788_v6	1.415E-01	2.351E-01	2.994E-01	0.010	14
afdb_Q9Y4W6_v6	afdb_P22394_v6	1.656E-01	2.111E-01	2.572E-01	0.014	16
afdb_Q9Y4W6_v6	afdb_Q00441_v6	1.396E-01	2.325E-01	2.458E-01	0.009	13
afdb_Q9Y4W6_v6	afdb_O13297_v6	1.573E-01	2.072E-01	2.078E-01	0.011	15
afdb_Q9Y4W6_v6	afdb_O33199_v6	8.914E-02	2.739E-01	2.894E-01	0.000	8
afdb_Q9Y4W6_v6	afdb_P23295_v6	1.305E-01	2.194E-01	2.516E-01	0.009	13
afdb_A0A2U1LIM9_v6	afdb_P00388_v6	7.877E-01	8.161E-01	8.889E-01	0.978	78
afdb_A0A2U1LIM9_v6	afdb_P00455_v6	3.790E-01	7.031E-01	7.836E-01	0.164	37
afdb_A0A2U1LIM9_v6	afdb_P83686_v6	3.172E-01	7.571E-01	7.620E-01	0.098	31
afdb_A0A2U1LIM9_v6	afdb_P14779_v6	6.058E-01	4.179E-01	7.287E-01	0.772	60
afdb_A0A2U1LIM9_v6	afdb_P0A1E3_v6	2.278E-01	4.136E-01	4.161E-01	0.040	22
afdb_A0A2U1LIM9_v6	afdb_Q29460_v6	1.873E-01	4.519E-01	5.411E-01	0.020	18
afdb_A0A2U1LIM9_v6	afdb_P05521_v6	2.128E-01	4.214E-01	4.379E-01	0.034	21
afdb_A0A2U1LIM9_v6	afdb_O58727_v6	1.442E-01	4.541E-01	5.366E-01	0.010	14
afdb_A0A2U1LIM9_v6	afdb_Q00017_v6	1.816E-01	4.166E-01	5.359E-01	0.020	18
afdb_A0A2U1LIM9_v6	afdb_P00914_v6	2.520E-01	3.448E-01	3.453E-01	0.057	25
afdb_A0A2U1LIM9_v6	afdb_P37957_v6	1.623E-01	4.314E-01	5.262E-01	0.014	16
afdb_A0A2U1LIM9_v6	afdb_P83772_v6	1.809E-01	4.070E-01	4.677E-01	0.020	18
afdb_A0A2U1LIM9_v6	afdb_P24474_v6	2.606E-01	3.050E-01	3.135E-01	0.063	26
afdb_A0A2U1LIM9_v6	afdb_O59791_v6	1.976E-01	3.625E-01	3.792E-01	0.024	19
afdb_A0A2U1LIM9_v6	afdb_P04042_v6	2.058E-01	3.535E-01	3.669E-01	0.029	20
afdb_A0A2U1LIM9_v6	afdb_P27487_v6	2.866E-01	2.693E-01	3.051E-01	0.076	28
afdb_A0A2U1LIM9_v6	afdb_P16099_v6	2.811E-01	2.743E-01	3.041E-01	0.076	28
afdb_A0A2U1LIM9_v6	afdb_Q9L9D7_v6	2.549E-01	2.972E-01	3.050E-01	0.057	25
afdb_A0A2U1LIM9_v6	afdb_P04190_v6	1.720E-01	3.751E-01	3.946E-01	0.016	17
afdb_A0A2U1LIM9_v6	afdb_P37062_v6	2.243E-01	3.145E-01	3.370E-01	0.040	22
afdb_A0A2U1LIM9_v6	afdb_P43099_v6	2.715E-01	2.640E-01	3.033E-01	0.069	27
afdb_A0A2U1LIM9_v6	afdb_Q8RB32_v6	1.652E-01	3.681E-01	3.834E-01	0.014	16
afdb_A0A2U1LIM9_v6	afdb_P28796_v6	2.243E-01	3.076E-01	3.927E-01	0.040	22
afdb_A0A2U1LIM9_v6	afdb_P22394_v6	2.440E-01	2.872E-01	2.935E-01	0.051	24
afdb_A0A2U1LIM9_v6	afdb_P00489_v6	2.825E-01	2.486E-01	3.096E-01	0.076	28
afdb_A0A2U1LIM9_v6	afdb_P00392_v6	2.431E-01	2.870E-01	3.290E-01	0.051	24
afdb_A0A2U1LIM9_v6	afdb_P0A9P4_v6	1.885E-01	3.391E-01	3.708E-01	0.020	18
afdb_A0A2U1LIM9_v6	afdb_P00860_v6	2.218E-01	3.041E-01	3.395E-01	0.040	22
afdb_A0A2U1LIM9_v6	afdb_Q56839_v6	2.341E-01	2.904E-01	2.976E-01	0.045	23
afdb_A0A2U1LIM9_v6	afdb_P00935_v6	2.011E-01	3.194E-01	3.831E-01	0.029	20
afdb_A0A2U1LIM9_v6	afdb_Q58989_v6	1.398E-01	3.798E-01	4.461E-01	0.009	13
afdb_A0A2U1LIM9_v6	afdb_P0A6G7_v6	1.459E-01	3.723E-01	4.406E-01	0.010	14
afdb_A0A2U1LIM9_v6	afdb_P25910_v6	1.594E-01	3.579E-01	4.024E-01	0.011	15
afdb_A0A2U1LIM9_v6	afdb_P37967_v6	2.242E-01	2.924E-01	2.996E-01	0.040	22
afdb_A0A2U1LIM9_v6	afdb_P0CE47_v6	2.030E-01	3.125E-01	3.196E-01	0.029	20
afdb_A0A2U1LIM9_v6	afdb_P03958_v6	1.936E-01	3.216E-01	3.663E-01	0.024	19
afdb_A0A2U1LIM9_v6	afdb_P21179_v6	2.638E-01	2.513E-01	2.898E-01	0.063	26
afdb_A0A2U1LIM9_v6	afdb_P52700_v6	1.733E-01	3.400E-01	3.655E-01	0.016	17
afdb_A0A2U1LIM9_v6	afdb_P08473_v6	2.612E-01	2.498E-01	2.918E-01	0.063	26
afdb_A0A2U1LIM9_v6	afdb_P00175_v6	2.394E-01	2.709E-01	3.057E-01	0.045	23
afdb_A0A2U1LIM9_v6	afdb_P00800_v6	2.312E-01	2.773E-01	2.816E-01	0.045	23
afdb_A0A2U1LIM9_v6	afdb_Q7ZAG8_v6	2.035E-01	3.041E-01	3.200E-01	0.029	20
afdb_A0A2U1LIM9_v6	afdb_A0A0C6DRW4_v6	2.054E-01	3.010E-01	3.331E-01	0.029	20
afdb_A0A2U1LIM9_v6	afdb_Q9UMR5_v6	1.667E-01	3.373E-01	5.361E-01	0.014	16
afdb_A0A2U1LIM9_v6	afdb_Q01693_v6	2.226E-01	2.829E-01	2.908E-01	0.040	22
afdb_A0A2U1LIM9_v6	afdb_P40859_v6	1.986E-01	3.051E-01	3.170E-01	0.024	19
afdb_A0A2U1LIM9_v6	afdb_P15917_v6	2.617E-01	2.363E-01	2.969E-01	0.063	26
afdb_A0A2U1LIM9_v6	afdb_Q12178_v6	1.173E-01	3.800E-01	4.255E-01	0.007	11
afdb_A0A2U1LIM9_v6	afdb_P83788_v6	2.007E-01	2.957E-01	2.967E-01	0.029	20
afdb_A0A2U1LIM9_v6	afdb_P0A6C1_v6	1.692E-01	3.270E-01	3.464E-01	0.014	16
afdb_A0A2U1LIM9_v6	afdb_P96965_v6	1.618E-01	3.341E-01	3.379E-01	0.014	16
afdb_A0A2U1LIM9_v6	afdb_P80324_v6	1.878E-01	3.070E-01	3.248E-01	0.020	18
afdb_A0A2U1LIM9_v6	afdb_Q9FEW9_v6	1.953E-01	2.995E-01	3.197E-01	0.024	19
afdb_A0A2U1LIM9_v6	afdb_Q945K2_v6	2.268E-01	2.680E-01	2.873E-01	0.040	22
afdb_A0A2U1LIM9_v6	afdb_P00396_v6	2.187E-01	2.731E-01	2.884E-01	0.034	21
afdb_A0A2U1LIM9_v6	afdb_Q75WN8_v6	1.667E-01	3.228E-01	3.307E-01	0.014	16
afdb_A0A2U1LIM9_v6	afdb_P45478_v6	1.741E-01	3.154E-01	3.258E-01	0.016	17
afdb_A0A2U1LIM9_v6	afdb_P28305_v6	1.598E-01	3.278E-01	3.293E-01	0.011	15
afdb_A0A2U1LIM9_v6	afdb_P08148_v6	2.289E-01	2.578E-01	2.781E-01	0.040	22
afdb_A0A2U1LIM9_v6	afdb_Q02899_v6	1.930E-01	2.924E-01	3.322E-01	0.024	19
afdb_A0A2U1LIM9_v6	afdb_Q9NPB1_v6	1.433E-01	3.395E-01	4.004E-01	0.010	14
afdb_A0A2U1LIM9_v6	afdb_P19938_v6	1.634E-01	3.187E-01	3.400E-01	0.014	16
afdb_A0A2U1LIM9_v6	afdb_P81054_v6	1.790E-01	3.024E-01	3.037E-01	0.016	17
afdb_A0A2U1LIM9_v6	afdb_P35049_v6	1.487E-01	3.326E-01	3.585E-01	0.010	14
afdb_A0A2U1LIM9_v6	afdb_P22637_v6	2.186E-01	2.613E-01	3.035E-01	0.034	21
afdb_A0A2U1LIM9_v6	afdb_P08819_v6	1.993E-01	2.787E-01	2.801E-01	0.024	19
afdb_A0A2U1LIM9_v6	afdb_P08165_v6	2.055E-01	2.672E-01	2.980E-01	0.029	20
afdb_A0A2U1LIM9_v6	afdb_P00777_v6	1.603E-01	3.104E-01	3.503E-01	0.014	16
afdb_A0A2U1LIM9_v6	afdb_P16444_v6	1.880E-01	2.820E-01	3.460E-01	0.020	18
afdb_A0A2U1LIM9_v6	afdb_P12995_v6	1.936E-01	2.761E-01	2.833E-01	0.024	19
afdb_A0A2U1LIM9_v6	afdb_P10902_v6	2.118E-01	2.568E-01	2.682E-01	0.034	21
afdb_A0A2U1LIM9_v6	afdb_P30850_v6	2.263E-01	2.413E-01	2.737E-01	0.040	22
afdb_A0A2U1LIM9_v6	afdb_Q6YBS3_v6	2.243E-01	2.421E-01	2.790E-01	0.040	22
afdb_A0A2U1LIM9_v6	afdb_Q16775_v6	1.628E-01	3.027E-01	3.068E-01	0.014	16
afdb_A0A2U1LIM9_v6	afdb_Q9XBQ8_v6	1.859E-01	2.744E-01	3.155E-01	0.020	18
afdb_A0A2U1LIM9_v6	afdb_P29183_v6	1.946E-01	2.648E-01	2.705E-01	0.024	19
afdb_A0A2U1LIM9_v6	afdb_P39377_v6	1.767E-01	2.809E-01	3.003E-01	0.016	17
afdb_A0A2U1LIM9_v6	afdb_P53608_v6	1.610E-01	2.970E-01	3.060E-01	0.014	16
afdb_A0A2U1LIM9_v6	afdb_Q6LZM9_v6	1.884E-01	2.691E-01	2.750E-01	0.020	18
afdb_A0A2U1LIM9_v6	afdb_P0A6T5_v6	1.363E-01	3.202E-01	3.219E-01	0.009	13
afdb_A0A2U1LIM9_v6	afdb_P05414_v6	1.757E-01	2.795E-01	2.800E-01	0.016	17
afdb_A0A2U1LIM9_v6	afdb_P00766_v6	1.455E-01	3.094E-01	3.302E-01	0.010	14
afdb_A0A2U1LIM9_v6	afdb_P13717_v6	1.472E-01	3.026E-01	3.376E-01	0.010	14
afdb_A0A2U1LIM9_v6	afdb_P22266_v6	1.652E-01	2.839E-01	3.199E-01	0.014	16
afdb_A0A2U1LIM9_v6	afdb_P46076_v6	1.672E-01	2.770E-01	3.085E-01	0.014	16
afdb_A0A2U1LIM9_v6	afdb_Q28943_v6	2.528E-01	1.907E-01	2.775E-01	0.057	25
afdb_A0A2U1LIM9_v6	afdb_P00592_v6	1.038E-01	3.317E-01	3.619E-01	0.000	10
afdb_A0A2U1LIM9_v6	afdb_P06721_v6	1.742E-01	2.628E-01	2.847E-01	0.016	17
afdb_A0A2U1LIM9_v6	afdb_P09598_v6	1.418E-01	2.861E-01	2.989E-01	0.010	14
afdb_A0A2U1LIM9_v6	afdb_P27170_v6	1.624E-01	2.609E-01	2.651E-01	0.014	16
afdb_A0A2U1LIM9_v6	afdb_F8W4B7_v6	2.459E-01	1.757E-01	2.479E-01	0.051	24
afdb_A0A2U1LIM9_v6	afdb_Q6UV28_v6	9.159E-02	3.179E-01	3.781E-01	0.000	9
afdb_A0A2U1LIM9_v6	afdb_O13297_v6	1.796E-01	2.194E-01	2.836E-01	0.016	17
afdb_A0A2U1LIM9_v6	afdb_P18314_v6	1.853E-01	2.148E-01	2.151E-01	0.020	18
afdb_A0A2U1LIM9_v6	afdb_P06621_v6	1.564E-01	2.337E-01	3.129E-01	0.011	15
afdb_A0A2U1LIM9_v6	afdb_P00644_v6	1.174E-01	2.642E-01	2.827E-01	0.007	11
afdb_Q97K92_v6	afdb_P25910_v6	4.865E-01	7.321E-01	7.972E-01	0.411	48
afdb_Q97K92_v6	afdb_P04190_v6	4.730E-01	6.946E-01	8.073E-01	0.382	47
afdb_Q97K92_v6	afdb_P52700_v6	4.718E-01	6.223E-01	7.170E-01	0.382	47
afdb_Q97K92_v6	afdb_Q16775_v6	4.422E-01	5.496E-01	6.275E-01	0.301	44
afdb_Q97K92_v6	afdb_Q00017_v6	2.946E-01	4.278E-01	6.378E-01	0.082	29
afdb_Q97K92_v6	afdb_Q29460_v6	2.845E-01	4.370E-01	4.703E-01	0.076	28
afdb_Q97K92_v6	afdb_P0A1E3_v6	3.082E-01	3.538E-01	3.672E-01	0.090	30
afdb_Q97K92_v6	afdb_P37957_v6	2.501E-01	4.058E-01	5.281E-01	0.057	25
afdb_Q97K92_v6	afdb_Q9L9D7_v6	3.652E-01	2.778E-01	3.690E-01	0.150	36
afdb_Q97K92_v6	afdb_P16099_v6	3.926E-01	2.450E-01	4.012E-01	0.196	39
afdb_Q97K92_v6	afdb_Q3HWU8_v6	2.690E-01	3.547E-01	5.595E-01	0.063	26
afdb_Q97K92_v6	afdb_P96965_v6	2.715E-01	3.519E-01	5.638E-01	0.069	27
afdb_Q97K92_v6	afdb_Q12178_v6	2.105E-01	4.103E-01	4.558E-01	0.034	21
afdb_Q97K92_v6	afdb_Q6YBS3_v6	3.641E-01	2.550E-01	3.646E-01	0.150	36
afdb_Q97K92_v6	afdb_P53608_v6	2.772E-01	3.402E-01	4.393E-01	0.069	27
afdb_Q97K92_v6	afdb_P09030_v6	2.630E-01	3.512E-01	4.229E-01	0.063	26
afdb_Q97K92_v6	afdb_P83772_v6	2.547E-01	3.555E-01	5.388E-01	0.057	25
afdb_Q97K92_v6	afdb_P37062_v6	3.175E-01	2.885E-01	3.262E-01	0.098	31
afdb_Q97K92_v6	afdb_P0AB77_v6	3.020E-01	2.987E-01	3.471E-01	0.090	30
afdb_Q97K92_v6	afdb_P12995_v6	3.101E-01	2.908E-01	3.390E-01	0.098	31
afdb_Q97K92_v6	afdb_P13717_v6	2.580E-01	3.403E-01	3.813E-01	0.057	25
afdb_Q97K92_v6	afdb_P77444_v6	3.027E-01	2.949E-01	3.345E-01	0.090	30
afdb_Q97K92_v6	afdb_P00388_v6	3.599E-01	2.384E-01	3.998E-01	0.138	35
afdb_Q97K92_v6	afdb_P03958_v6	2.876E-01	3.103E-01	4.086E-01	0.076	28
afdb_Q97K92_v6	afdb_Q01693_v6	3.251E-01	2.719E-01	3.256E-01	0.106	32
afdb_Q97K92_v6	afdb_O58727_v6	2.108E-01	3.853E-01	5.057E-01	0.034	21
afdb_Q97K92_v6	afdb_P00935_v6	2.938E-01	2.972E-01	3.035E-01	0.082	29
afdb_Q97K92_v6	afdb_P83788_v6	3.003E-01	2.876E-01	3.353E-01	0.090	30
afdb_Q97K92_v6	afdb_P24630_v6	3.024E-01	2.818E-01	3.338E-01	0.090	30
afdb_Q97K92_v6	afdb_P16444_v6	2.950E-01	2.849E-01	3.284E-01	0.082	29
afdb_Q97K92_v6	afdb_P21327_v6	2.902E-01	2.862E-01	3.059E-01	0.082	29
afdb_Q97K92_v6	afdb_P00639_v6	2.526E-01	3.211E-01	3.756E-01	0.057	25
afdb_Q97K92_v6	afdb_Q9NPB1_v6	2.246E-01	3.489E-01	4.882E-01	0.040	22
afdb_Q97K92_v6	afdb_P0A6C1_v6	2.548E-01	3.171E-01	3.594E-01	0.057	25
afdb_Q97K92_v6	afdb_P06721_v6	2.852E-01	2.836E-01	3.168E-01	0.076	28
afdb_Q97K92_v6	afdb_P21179_v6	3.512E-01	2.166E-01	3.518E-01	0.138	35
afdb_Q97K92_v6	afdb_Q56839_v6	3.141E-01	2.529E-01	3.235E-01	0.098	31
afdb_Q97K92_v6	afdb_Q9AGP8_v6	3.616E-01	2.044E-01	3.734E-01	0.150	36
afdb_Q97K92_v6	afdb_P83686_v6	2.451E-01	3.193E-01	3.692E-01	0.051	24
afdb_Q97K92_v6	afdb_P06621_v6	2.876E-01	2.764E-01	3.531E-01	0.076	28
afdb_Q97K92_v6	afdb_Q8RB32_v6	2.362E-01	3.265E-01	3.486E-01	0.045	23
afdb_Q97K92_v6	afdb_P28796_v6	2.979E-01	2.616E-01	3.286E-01	0.082	29
afdb_Q97K92_v6	afdb_P04042_v6	2.683E-01	2.911E-01	3.950E-01	0.063	26
afdb_Q97K92_v6	afdb_Q58989_v6	2.148E-01	3.429E-01	3.743E-01	0.034	21
afdb_Q97K92_v6	afdb_P05414_v6	2.719E-01	2.841E-01	2.982E-01	0.069	27
afdb_Q97K92_v6	afdb_P56218_v6	2.459E-01	3.073E-01	3.239E-01	0.051	24
afdb_Q97K92_v6	afdb_P29183_v6	2.902E-01	2.593E-01	2.974E-01	0.082	29
afdb_Q97K92_v6	afdb_Q05755_v6	4.097E-01	1.391E-01	4.258E-01	0.214	40
afdb_Q97K92_v6	afdb_P55038_v6	4.080E-01	1.369E-01	4.241E-01	0.214	40
afdb_Q97K92_v6	afdb_P0CE47_v6	2.723E-01	2.713E-01	3.021E-01	0.069	27
afdb_Q97K92_v6	afdb_P15289_v6	2.970E-01	2.464E-01	3.193E-01	0.082	29
afdb_Q97K92_v6	afdb_P00455_v6	2.656E-01	2.777E-01	3.991E-01	0.063	26
afdb_Q97K92_v6	afdb_P00489_v6	3.473E-01	1.929E-01	3.584E-01	0.126	34
afdb_Q97K92_v6	afdb_P05725_v6	1.908E-01	3.495E-01	3.583E-01	0.024	19
afdb_Q97K92_v6	afdb_Q02899_v6	2.720E-01	2.681E-01	3.142E-01	0.069	27
afdb_Q97K92_v6	afdb_P0A9P4_v6	2.494E-01	2.906E-01	3.442E-01	0.051	24
afdb_Q97K92_v6	afdb_Q75WN8_v6	2.353E-01	3.021E-01	4.776E-01	0.045	23
afdb_Q97K92_v6	afdb_F8W4B7_v6	3.649E-01	1.664E-01	3.655E-01	0.150	36
afdb_Q97K92_v6	afdb_Q28943_v6	3.580E-01	1.700E-01	3.770E-01	0.138	35
afdb_Q97K92_v6	afdb_P45478_v6	2.391E-01	2.872E-01	3.840E-01	0.045	23
afdb_Q97K92_v6	afdb_P00175_v6	2.997E-01	2.229E-01	3.003E-01	0.082	29
afdb_Q97K92_v6	afdb_P39377_v6	2.596E-01	2.606E-01	3.225E-01	0.057	25
afdb_Q97K92_v6	afdb_P05521_v6	2.335E-01	2.865E-01	4.961E-01	0.045	23
afdb_Q97K92_v6	afdb_Q9UMR5_v6	2.351E-01	2.832E-01	3.698E-01	0.045	23
afdb_Q97K92_v6	afdb_Q7ZAG8_v6	2.625E-01	2.549E-01	2.884E-01	0.063	26
afdb_Q97K92_v6	afdb_Q6LZM9_v6	2.679E-01	2.495E-01	2.749E-01	0.063	26
afdb_Q97K92_v6	afdb_Q9FEW9_v6	2.574E-01	2.556E-01	2.977E-01	0.057	25
afdb_Q97K92_v6	afdb_P22394_v6	2.895E-01	2.217E-01	2.900E-01	0.076	28
afdb_Q97K92_v6	afdb_P37967_v6	2.759E-01	2.342E-01	3.140E-01	0.069	27
afdb_Q97K92_v6	afdb_P0A6G7_v6	1.984E-01	3.115E-01	3.362E-01	0.024	19
afdb_Q97K92_v6	afdb_P40859_v6	2.542E-01	2.554E-01	3.631E-01	0.057	25
afdb_Q97K92_v6	afdb_P22266_v6	2.422E-01	2.641E-01	3.245E-01	0.051	24
afdb_Q97K92_v6	afdb_P80324_v6	2.474E-01	2.589E-01	3.641E-01	0.051	24
afdb_Q97K92_v6	afdb_P81054_v6	2.410E-01	2.616E-01	2.783E-01	0.051	24
afdb_Q97K92_v6	afdb_P08165_v6	2.709E-01	2.311E-01	3.307E-01	0.069	27
afdb_Q97K92_v6	afdb_P71119_v6	1.942E-01	3.012E-01	3.364E-01	0.024	19
afdb_Q97K92_v6	afdb_P28305_v6	2.163E-01	2.781E-01	3.247E-01	0.034	21
afdb_Q97K92_v6	afdb_P43099_v6	3.030E-01	1.912E-01	3.035E-01	0.090	30
afdb_Q97K92_v6	afdb_P21836_v6	2.880E-01	2.050E-01	2.886E-01	0.076	28
afdb_Q97K92_v6	afdb_P27487_v6	3.036E-01	1.850E-01	3.301E-01	0.090	30
afdb_Q97K92_v6	afdb_P15917_v6	3.111E-01	1.764E-01	3.122E-01	0.098	31
afdb_Q97K92_v6	afdb_P18314_v6	2.743E-01	2.090E-01	2.996E-01	0.069	27
afdb_Q97K92_v6	afdb_P14779_v6	3.299E-01	1.531E-01	3.348E-01	0.106	32
afdb_Q97K92_v6	afdb_P00800_v6	2.695E-01	2.114E-01	3.354E-01	0.063	26
afdb_Q97K92_v6	afdb_P00396_v6	2.624E-01	2.159E-01	2.851E-01	0.063	26
afdb_Q97K92_v6	afdb_P30850_v6	2.798E-01	1.931E-01	3.289E-01	0.069	27
afdb_Q97K92_v6	afdb_P22637_v6	2.634E-01	2.034E-01	3.031E-01	0.063	26
afdb_Q97K92_v6	afdb_P00644_v6	1.896E-01	2.737E-01	2.799E-01	0.020	18
afdb_Q97K92_v6	afdb_Q7SID9_v6	2.615E-01	2.014E-01	3.009E-01	0.063	26
afdb_Q97K92_v6	afdb_P00918_v6	1.972E-01	2.623E-01	2.912E-01	0.024	19
afdb_Q97K92_v6	afdb_P03007_v6	1.869E-01	2.701E-01	3.901E-01	0.020	18
afdb_Q97K92_v6	afdb_P40881_v6	1.903E-01	2.633E-01	2.753E-01	0.024	19
afdb_Q97K92_v6	afdb_Q9XBQ8_v6	2.293E-01	2.207E-01	2.297E-01	0.040	22
afdb_Q97K92_v6	afdb_O33199_v6	1.647E-01	2.609E-01	3.218E-01	0.014	16
afdb_Q97K92_v6	afdb_P46076_v6	2.003E-01	2.162E-01	2.785E-01	0.024	19
afdb_Q9CX80_v6	afdb_Q29460_v6	3.759E-01	3.246E-01	3.870E-01	0.164	37
afdb_Q9CX80_v6	afdb_Q6UV28_v6	3.106E-01	3.736E-01	4.595E-01	0.098	31
afdb_Q9CX80_v6	afdb_Q58989_v6	3.389E-01	3.159E-01	3.680E-01	0.116	33
afdb_Q9CX80_v6	afdb_P22266_v6	3.980E-01	2.510E-01	4.823E-01	0.196	39
afdb_Q9CX80_v6	afdb_P48534_v6	3.384E-01	2.810E-01	3.851E-01	0.116	33
afdb_Q9CX80_v6	afdb_P53608_v6	3.629E-01	2.537E-01	4.693E-01	0.150	36
afdb_Q9CX80_v6	afdb_P23295_v6	3.997E-01	2.169E-01	4.824E-01	0.196	39
afdb_Q9CX80_v6	afdb_P09598_v6	3.487E-01	2.639E-01	4.246E-01	0.126	34
afdb_Q9CX80_v6	afdb_P83772_v6	3.425E-01	2.678E-01	4.504E-01	0.126	34
afdb_Q9CX80_v6	afdb_P00644_v6	3.205E-01	2.818E-01	3.502E-01	0.106	32
afdb_Q9CX80_v6	afdb_Q12178_v6	2.807E-01	3.222E-01	3.237E-01	0.069	27
afdb_Q9CX80_v6	afdb_Q75WN8_v6	3.404E-01	2.587E-01	3.999E-01	0.126	34
afdb_Q9CX80_v6	afdb_P96965_v6	3.353E-01	2.560E-01	3.928E-01	0.116	33
afdb_Q9CX80_v6	afdb_P71119_v6	3.017E-01	2.783E-01	3.240E-01	0.090	30
afdb_Q9CX80_v6	afdb_P03958_v6	3.445E-01	2.230E-01	3.589E-01	0.126	34
afdb_Q9CX80_v6	afdb_P00175_v6	3.929E-01	1.687E-01	4.170E-01	0.196	39
afdb_Q9CX80_v6	afdb_P21327_v6	3.572E-01	2.027E-01	4.010E-01	0.138	35
afdb_Q9CX80_v6	afdb_P0A6T5_v6	2.902E-01	2.611E-01	3.224E-01	0.082	29
afdb_Q9CX80_v6	afdb_Q9XBQ8_v6	3.469E-01	2.010E-01	3.848E-01	0.126	34
afdb_Q9CX80_v6	afdb_P03007_v6	2.956E-01	2.479E-01	4.503E-01	0.082	29
afdb_Q9CX80_v6	afdb_A0A0C6DRW4_v6	3.470E-01	1.949E-01	4.115E-01	0.126	34
afdb_Q9CX80_v6	afdb_P81054_v6	3.293E-01	2.111E-01	4.229E-01	0.106	32
afdb_Q9CX80_v6	afdb_Q02899_v6	3.471E-01	1.922E-01	4.580E-01	0.126	34
afdb_Q9CX80_v6	afdb_P05521_v6	3.187E-01	2.205E-01	3.871E-01	0.098	31
afdb_Q9CX80_v6	afdb_P04042_v6	3.255E-01	2.146E-01	3.348E-01	0.106	32
afdb_Q9CX80_v6	afdb_P08473_v6	3.961E-01	1.402E-01	4.071E-01	0.196	39
afdb_Q9CX80_v6	afdb_P28796_v6	3.555E-01	1.777E-01	4.128E-01	0.138	35
afdb_Q9CX80_v6	afdb_P16444_v6	3.406E-01	1.915E-01	4.072E-01	0.126	34
afdb_Q9CX80_v6	afdb_P18314_v6	3.675E-01	1.608E-01	4.433E-01	0.150	36
afdb_Q9CX80_v6	afdb_P46076_v6	3.270E-01	2.009E-01	4.145E-01	0.106	32
afdb_Q9CX80_v6	afdb_P00800_v6	3.631E-01	1.617E-01	4.135E-01	0.150	36
afdb_Q9CX80_v6	afdb_P12995_v6	3.363E-01	1.835E-01	3.877E-01	0.116	33
afdb_Q9CX80_v6	afdb_P0CE47_v6	3.322E-01	1.865E-01	4.083E-01	0.116	33
afdb_Q9CX80_v6	afdb_P00489_v6	3.913E-01	1.265E-01	3.938E-01	0.196	39
afdb_Q9CX80_v6	afdb_P00860_v6	3.347E-01	1.735E-01	3.526E-01	0.116	33
afdb_Q9CX80_v6	afdb_P24474_v6	3.448E-01	1.539E-01	3.538E-01	0.126	34
afdb_Q9CX80_v6	afdb_P00392_v6	3.463E-01	1.518E-01	3.516E-01	0.126	34
afdb_Q9CX80_v6	afdb_Q16775_v6	2.840E-01	2.088E-01	3.045E-01	0.076	28
afdb_Q9CX80_v6	afdb_P08148_v6	3.423E-01	1.485E-01	3.492E-01	0.126	34
afdb_Q9CX80_v6	afdb_Q50925_v6	3.398E-01	1.498E-01	3.513E-01	0.116	33
afdb_Q9CX80_v6	afdb_P24630_v6	3.089E-01	1.734E-01	3.305E-01	0.090	30
afdb_Q9CX80_v6	afdb_P10902_v6	3.305E-01	1.478E-01	3.553E-01	0.116	33
afdb_Q9CX80_v6	afdb_P37967_v6	3.131E-01	1.575E-01	3.608E-01	0.098	31
afdb_Q9CX80_v6	afdb_P21836_v6	3.261E-01	1.384E-01	3.545E-01	0.106	32
afdb_Q9CX80_v6	afdb_P00396_v6	3.147E-01	1.466E-01	3.576E-01	0.098	31
afdb_Q9CX80_v6	afdb_P30122_v6	3.183E-01	1.383E-01	3.596E-01	0.098	31
afdb_Q9CX80_v6	afdb_Q56839_v6	2.996E-01	1.464E-01	3.078E-01	0.082	29
afdb_Q9CX80_v6	afdb_P09883_v6	3.097E-01	1.268E-01	3.838E-01	0.090	30
afdb_Q9CX80_v6	afdb_P55038_v6	3.645E-01	6.859E-02	3.845E-01	0.150	36
afdb_Q9CX80_v6	afdb_Q28943_v6	3.306E-01	8.950E-02	3.539E-01	0.116	33
afdb_Q9H777_v6	afdb_P25910_v6	3.840E-01	5.278E-01	6.266E-01	0.179	38
afdb_Q9H777_v6	afdb_P52700_v6	3.927E-01	4.749E-01	5.916E-01	0.196	39
afdb_Q9H777_v6	afdb_P04190_v6	3.709E-01	4.899E-01	6.034E-01	0.164	37
afdb_Q9H777_v6	afdb_Q16775_v6	3.706E-01	4.200E-01	5.171E-01	0.150	36
afdb_Q9H777_v6	afdb_P16444_v6	3.880E-01	3.529E-01	4.230E-01	0.179	38
afdb_Q9H777_v6	afdb_P53608_v6	3.454E-01	3.958E-01	3.967E-01	0.126	34
afdb_Q9H777_v6	afdb_Q9FEW9_v6	3.785E-01	3.551E-01	4.040E-01	0.164	37
afdb_Q9H777_v6	afdb_P00860_v6	3.910E-01	3.270E-01	3.924E-01	0.196	39
afdb_Q9H777_v6	afdb_P03958_v6	3.489E-01	3.566E-01	3.696E-01	0.126	34
afdb_Q9H777_v6	afdb_P0A6C1_v6	3.232E-01	3.829E-01	3.888E-01	0.106	32
afdb_Q9H777_v6	afdb_Q29460_v6	2.891E-01	4.088E-01	4.753E-01	0.076	28
afdb_Q9H777_v6	afdb_Q75WN8_v6	3.107E-01	3.734E-01	3.960E-01	0.098	31
afdb_Q9H777_v6	afdb_Q9XBQ8_v6	3.588E-01	3.215E-01	4.664E-01	0.138	35
afdb_Q9H777_v6	afdb_P96965_v6	3.068E-01	3.718E-01	4.018E-01	0.090	30
afdb_Q9H777_v6	afdb_Q3HWU8_v6	3.037E-01	3.737E-01	3.917E-01	0.090	30
afdb_Q9H777_v6	afdb_P05414_v6	3.373E-01	3.334E-01	3.985E-01	0.116	33
afdb_Q9H777_v6	afdb_P05521_v6	3.133E-01	3.560E-01	4.145E-01	0.098	31
afdb_Q9H777_v6	afdb_P56218_v6	3.096E-01	3.591E-01	4.095E-01	0.090	30
afdb_Q9H777_v6	afdb_P04042_v6	3.257E-01	3.354E-01	4.272E-01	0.106	32
afdb_Q9H777_v6	afdb_P45478_v6	3.102E-01	3.506E-01	3.738E-01	0.090	30
afdb_Q9H777_v6	afdb_Q58989_v6	2.625E-01	3.904E-01	3.951E-01	0.063	26
afdb_Q9H777_v6	afdb_P08819_v6	3.452E-01	2.954E-01	3.652E-01	0.126	34
afdb_Q9H777_v6	afdb_Q12178_v6	2.236E-01	4.132E-01	4.674E-01	0.040	22
afdb_Q9H777_v6	afdb_P15289_v6	3.556E-01	2.780E-01	3.635E-01	0.138	35
afdb_Q9H777_v6	afdb_P83772_v6	2.776E-01	3.520E-01	3.762E-01	0.069	27
afdb_Q9H777_v6	afdb_P24474_v6	3.603E-01	2.612E-01	3.624E-01	0.150	36
afdb_Q9H777_v6	afdb_P13717_v6	2.729E-01	3.416E-01	3.762E-01	0.069	27
afdb_Q9H777_v6	afdb_P0A1E3_v6	2.913E-01	3.175E-01	3.211E-01	0.082	29
afdb_Q9H777_v6	afdb_P08165_v6	3.384E-01	2.693E-01	3.650E-01	0.116	33
afdb_Q9H777_v6	afdb_Q00017_v6	2.572E-01	3.417E-01	4.222E-01	0.057	25
afdb_Q9H777_v6	afdb_Q7ZAG8_v6	3.105E-01	2.847E-01	3.117E-01	0.098	31
afdb_Q9H777_v6	afdb_P16099_v6	3.720E-01	2.151E-01	3.986E-01	0.164	37
afdb_Q9H777_v6	afdb_P42593_v6	3.608E-01	2.260E-01	3.622E-01	0.150	36
afdb_Q9H777_v6	afdb_P37062_v6	3.127E-01	2.709E-01	3.425E-01	0.098	31
afdb_Q9H777_v6	afdb_P30122_v6	3.462E-01	2.329E-01	3.621E-01	0.126	34
afdb_Q9H777_v6	afdb_Q56839_v6	3.259E-01	2.497E-01	3.426E-01	0.106	32
afdb_Q9H777_v6	afdb_Q7SID9_v6	3.271E-01	2.380E-01	3.488E-01	0.106	32
afdb_Q9H777_v6	afdb_P00175_v6	3.317E-01	2.304E-01	3.450E-01	0.116	33
afdb_Q9H777_v6	afdb_P37967_v6	3.107E-01	2.509E-01	3.149E-01	0.098	31
afdb_Q9H777_v6	afdb_P03007_v6	2.371E-01	3.182E-01	3.599E-01	0.045	23
afdb_Q9H777_v6	afdb_P00455_v6	2.776E-01	2.746E-01	3.213E-01	0.069	27
afdb_Q9H777_v6	afdb_P27487_v6	3.536E-01	1.989E-01	3.730E-01	0.138	35
afdb_Q9H777_v6	afdb_P09184_v6	1.912E-01	3.603E-01	4.261E-01	0.024	19
afdb_Q9H777_v6	afdb_F8W4B7_v6	3.902E-01	1.591E-01	5.209E-01	0.196	39
afdb_Q9H777_v6	afdb_P00388_v6	3.382E-01	2.081E-01	3.562E-01	0.116	33
afdb_Q9H777_v6	afdb_P08373_v6	2.683E-01	2.786E-01	2.844E-01	0.063	26
afdb_Q9H777_v6	afdb_P22394_v6	3.145E-01	2.257E-01	3.265E-01	0.098	31
afdb_Q9H777_v6	afdb_Q6LZM9_v6	2.872E-01	2.528E-01	3.519E-01	0.076	28
afdb_Q9H777_v6	afdb_P06721_v6	2.759E-01	2.616E-01	3.254E-01	0.069	27
afdb_Q9H777_v6	afdb_P00935_v6	2.730E-01	2.629E-01	3.257E-01	0.069	27
afdb_Q9H777_v6	afdb_P00392_v6	3.069E-01	2.252E-01	3.187E-01	0.090	30
afdb_Q9H777_v6	afdb_P0A9P4_v6	2.535E-01	2.754E-01	2.848E-01	0.057	25
afdb_Q9H777_v6	afdb_P40859_v6	2.652E-01	2.521E-01	2.810E-01	0.063	26
afdb_Q9H777_v6	afdb_P35049_v6	2.235E-01	2.892E-01	3.170E-01	0.040	22
afdb_Q9H777_v6	afdb_P00914_v6	2.780E-01	2.306E-01	2.818E-01	0.069	27
afdb_Q9H777_v6	afdb_P0CE47_v6	2.580E-01	2.447E-01	3.014E-01	0.057	25
afdb_Q9H777_v6	afdb_Q9AGP8_v6	3.263E-01	1.748E-01	3.405E-01	0.106	32
afdb_Q9H777_v6	afdb_P22637_v6	2.889E-01	2.107E-01	3.080E-01	0.076	28
afdb_Q9H777_v6	afdb_P56216_v6	2.888E-01	2.118E-01	3.096E-01	0.076	28
afdb_Q9H777_v6	afdb_P10902_v6	2.860E-01	2.132E-01	2.866E-01	0.076	28
afdb_Q9H777_v6	afdb_Q945K2_v6	2.881E-01	2.054E-01	2.899E-01	0.076	28
afdb_Q9H777_v6	afdb_Q01693_v6	2.734E-01	2.139E-01	3.185E-01	0.069	27
afdb_Q9H777_v6	afdb_Q9L9D7_v6	2.845E-01	2.029E-01	3.127E-01	0.076	28
afdb_Q9H777_v6	afdb_P05725_v6	1.807E-01	3.048E-01	3.317E-01	0.020	18
afdb_Q9H777_v6	afdb_O33199_v6	1.966E-01	2.884E-01	3.126E-01	0.024	19
afdb_Q9H777_v6	afdb_P00644_v6	2.025E-01	2.777E-01	3.074E-01	0.029	20
afdb_Q9H777_v6	afdb_Q6YBS3_v6	2.834E-01	1.872E-01	2.972E-01	0.076	28
afdb_Q9H777_v6	afdb_Q28943_v6	3.249E-01	1.450E-01	3.564E-01	0.106	32
afdb_Q9H777_v6	afdb_Q05755_v6	3.564E-01	1.101E-01	3.639E-01	0.138	35
afdb_Q9H777_v6	afdb_P55038_v6	3.515E-01	1.117E-01	3.613E-01	0.138	35
afdb_Q9H777_v6	afdb_P30850_v6	2.742E-01	1.820E-01	3.058E-01	0.069	27
afdb_Q9H777_v6	afdb_P15917_v6	2.943E-01	1.608E-01	2.993E-01	0.082	29
afdb_Q9H777_v6	afdb_P46076_v6	2.229E-01	2.277E-01	2.433E-01	0.040	22
afdb_Q9H777_v6	afdb_P06621_v6	2.283E-01	2.089E-01	2.361E-01	0.040	22
afdb_Q9H777_v6	afdb_P14779_v6	2.952E-01	1.325E-01	3.069E-01	0.082	29
afdb_Q9H777_v6	afdb_P21179_v6	2.536E-01	1.512E-01	2.652E-01	0.057	25
afdb_Q9I5F3_v6	afdb_P37957_v6	4.578E-01	4.578E-01	5.380E-01	0.326	45
afdb_Q9I5F3_v6	afdb_Q00017_v6	4.773E-01	4.237E-01	4.789E-01	0.382	47
afdb_Q9I5F3_v6	afdb_Q29460_v6	4.492E-01	4.217E-01	5.100E-01	0.301	44
afdb_Q9I5F3_v6	afdb_O58727_v6	3.972E-01	4.494E-01	4.532E-01	0.196	39
afdb_Q9I5F3_v6	afdb_P22266_v6	4.944E-01	3.422E-01	4.960E-01	0.442	49
afdb_Q9I5F3_v6	afdb_P83772_v6	4.467E-01	3.829E-01	4.482E-01	0.301	44
afdb_Q9I5F3_v6	afdb_Q3HWU8_v6	4.496E-01	3.660E-01	4.512E-01	0.301	44
afdb_Q9I5F3_v6	afdb_P45478_v6	4.621E-01	3.512E-01	4.637E-01	0.353	46
afdb_Q9I5F3_v6	afdb_Q9UMR5_v6	4.544E-01	3.482E-01	4.560E-01	0.326	45
afdb_Q9I5F3_v6	afdb_Q75WN8_v6	4.427E-01	3.526E-01	4.443E-01	0.301	44
afdb_Q9I5F3_v6	afdb_P0CE47_v6	4.883E-01	2.951E-01	5.350E-01	0.411	48
afdb_Q9I5F3_v6	afdb_P53608_v6	4.411E-01	3.418E-01	4.424E-01	0.301	44
afdb_Q9I5F3_v6	afdb_P09030_v6	4.170E-01	3.553E-01	4.183E-01	0.233	41
afdb_Q9I5F3_v6	afdb_Q58989_v6	3.779E-01	3.792E-01	3.848E-01	0.164	37
afdb_Q9I5F3_v6	afdb_P05521_v6	4.248E-01	3.264E-01	4.262E-01	0.254	42
afdb_Q9I5F3_v6	afdb_P96965_v6	4.109E-01	3.364E-01	4.122E-01	0.233	41
afdb_Q9I5F3_v6	afdb_P00388_v6	5.373E-01	1.943E-01	6.954E-01	0.569	53
afdb_Q9I5F3_v6	afdb_P22394_v6	4.877E-01	2.336E-01	4.893E-01	0.411	48
afdb_Q9I5F3_v6	afdb_Q12178_v6	3.241E-01	3.967E-01	4.393E-01	0.106	32
afdb_Q9I5F3_v6	afdb_P08819_v6	4.573E-01	2.591E-01	4.588E-01	0.326	45
afdb_Q9I5F3_v6	afdb_P00489_v6	5.358E-01	1.721E-01	5.377E-01	0.569	53
afdb_Q9I5F3_v6	afdb_P04042_v6	4.169E-01	2.818E-01	5.895E-01	0.233	41
afdb_Q9I5F3_v6	afdb_P29183_v6	4.476E-01	2.422E-01	4.491E-01	0.301	44
afdb_Q9I5F3_v6	afdb_Q02899_v6	4.226E-01	2.633E-01	4.542E-01	0.254	42
afdb_Q9I5F3_v6	afdb_P06721_v6	4.195E-01	2.507E-01	5.722E-01	0.233	41
afdb_Q9I5F3_v6	afdb_P14779_v6	5.413E-01	1.281E-01	7.350E-01	0.601	54
afdb_Q9I5F3_v6	afdb_P0A6C1_v6	3.724E-01	2.949E-01	3.738E-01	0.164	37
afdb_Q9I5F3_v6	afdb_P21836_v6	4.608E-01	2.064E-01	4.623E-01	0.353	46
afdb_Q9I5F3_v6	afdb_Q8RB32_v6	3.472E-01	3.166E-01	3.517E-01	0.126	34
afdb_Q9I5F3_v6	afdb_P16444_v6	4.144E-01	2.484E-01	4.158E-01	0.233	41
afdb_Q9I5F3_v6	afdb_Q9L9D7_v6	4.532E-01	2.073E-01	4.547E-01	0.326	45
afdb_Q9I5F3_v6	afdb_P12995_v6	4.144E-01	2.421E-01	4.315E-01	0.233	41
afdb_Q9I5F3_v6	afdb_Q9FEW9_v6	4.013E-01	2.551E-01	4.036E-01	0.214	40
afdb_Q9I5F3_v6	afdb_P00935_v6	4.058E-01	2.486E-01	5.561E-01	0.214	40
afdb_Q9I5F3_v6	afdb_P16932_v6	4.097E-01	2.409E-01	4.262E-01	0.214	40
afdb_Q9I5F3_v6	afdb_Q6YBS3_v6	4.579E-01	1.905E-01	4.594E-01	0.326	45
afdb_Q9I5F3_v6	afdb_O59791_v6	3.754E-01	2.718E-01	4.123E-01	0.164	37
afdb_Q9I5F3_v6	afdb_Q06241_v6	3.179E-01	3.292E-01	3.604E-01	0.098	31
afdb_Q9I5F3_v6	afdb_P0A6G7_v6	3.204E-01	3.259E-01	3.555E-01	0.106	32
afdb_Q9I5F3_v6	afdb_P39377_v6	3.911E-01	2.483E-01	3.972E-01	0.196	39
afdb_Q9I5F3_v6	afdb_P03958_v6	3.752E-01	2.629E-01	3.763E-01	0.164	37
afdb_Q9I5F3_v6	afdb_P00639_v6	3.466E-01	2.879E-01	3.557E-01	0.126	34
afdb_Q9I5F3_v6	afdb_P25910_v6	3.300E-01	2.951E-01	3.602E-01	0.106	32
afdb_Q9I5F3_v6	afdb_P71119_v6	3.105E-01	3.075E-01	3.249E-01	0.098	31
afdb_Q9I5F3_v6	afdb_P00455_v6	3.715E-01	2.442E-01	3.753E-01	0.164	37
afdb_Q9I5F3_v6	afdb_Q6UV28_v6	2.647E-01	3.424E-01	4.056E-01	0.063	26
afdb_Q9I5F3_v6	afdb_P00860_v6	3.871E-01	2.158E-01	4.260E-01	0.179	38
afdb_Q9I5F3_v6	afdb_Q01693_v6	4.008E-01	2.018E-01	4.140E-01	0.214	40
afdb_Q9I5F3_v6	afdb_P77444_v6	3.714E-01	2.276E-01	3.864E-01	0.164	37
afdb_Q9I5F3_v6	afdb_P04190_v6	3.189E-01	2.790E-01	3.494E-01	0.098	31
afdb_Q9I5F3_v6	afdb_P42593_v6	4.254E-01	1.722E-01	4.570E-01	0.254	42
afdb_Q9I5F3_v6	afdb_P80324_v6	3.606E-01	2.357E-01	3.618E-01	0.150	36
afdb_Q9I5F3_v6	afdb_P28796_v6	3.878E-01	2.051E-01	4.126E-01	0.179	38
afdb_Q9I5F3_v6	afdb_P05414_v6	3.543E-01	2.376E-01	3.702E-01	0.138	35
afdb_Q9I5F3_v6	afdb_P00914_v6	3.872E-01	2.007E-01	4.576E-01	0.179	38
afdb_Q9I5F3_v6	afdb_Q7ZAG8_v6	3.600E-01	2.260E-01	3.605E-01	0.150	36
afdb_Q9I5F3_v6	afdb_Q00441_v6	3.594E-01	2.258E-01	4.036E-01	0.138	35
afdb_Q9I5F3_v6	afdb_P00396_v6	3.836E-01	2.011E-01	3.933E-01	0.179	38
afdb_Q9I5F3_v6	afdb_Q16775_v6	3.270E-01	2.515E-01	3.481E-01	0.106	32
afdb_Q9I5F3_v6	afdb_P40859_v6	3.457E-01	2.306E-01	3.550E-01	0.126	34
afdb_Q9I5F3_v6	afdb_P16099_v6	4.176E-01	1.571E-01	4.507E-01	0.233	41
afdb_Q9I5F3_v6	afdb_P27487_v6	4.148E-01	1.540E-01	4.161E-01	0.233	41
afdb_Q9I5F3_v6	afdb_P52700_v6	3.103E-01	2.469E-01	3.290E-01	0.098	31
afdb_Q9I5F3_v6	afdb_F8W4B7_v6	4.399E-01	1.165E-01	4.414E-01	0.277	43
afdb_Q9I5F3_v6	afdb_P83788_v6	3.460E-01	2.095E-01	3.568E-01	0.126	34
afdb_Q9I5F3_v6	afdb_P0A9P4_v6	3.176E-01	2.336E-01	3.187E-01	0.098	31
afdb_Q9I5F3_v6	afdb_P08165_v6	3.591E-01	1.907E-01	3.753E-01	0.138	35
afdb_Q9I5F3_v6	afdb_P10902_v6	3.652E-01	1.848E-01	4.052E-01	0.150	36
afdb_Q9I5F3_v6	afdb_P08148_v6	3.705E-01	1.667E-01	3.760E-01	0.164	37
afdb_Q9I5F3_v6	afdb_P00175_v6	3.668E-01	1.646E-01	3.808E-01	0.150	36
afdb_Q9I5F3_v6	afdb_P0AB77_v6	3.261E-01	1.990E-01	3.893E-01	0.106	32
afdb_Q9I5F3_v6	afdb_O33199_v6	2.561E-01	2.602E-01	2.690E-01	0.057	25
afdb_Q9I5F3_v6	afdb_P37062_v6	3.201E-01	1.848E-01	3.233E-01	0.106	32
afdb_Q9I5F3_v6	afdb_Q9NPB1_v6	2.546E-01	2.420E-01	3.121E-01	0.057	25
afdb_Q9I5F3_v6	afdb_Q56839_v6	3.217E-01	1.712E-01	3.675E-01	0.106	32
afdb_Q9I5F3_v6	afdb_P81054_v6	2.809E-01	1.979E-01	3.106E-01	0.076	28
afdb_Q9I5F3_v6	afdb_Q9AGP8_v6	3.338E-01	1.195E-01	3.536E-01	0.116	33
afdb_Q9I5F3_v6	afdb_P40881_v6	2.377E-01	2.159E-01	2.384E-01	0.045	23
afdb_Q9I5F3_v6	afdb_P21179_v6	3.269E-01	1.171E-01	3.405E-01	0.106	32
afdb_Q9I5F3_v6	afdb_P30850_v6	3.068E-01	1.355E-01	3.279E-01	0.090	30
afdb_Q9I5F3_v6	afdb_Q28943_v6	3.433E-01	9.833E-02	3.685E-01	0.126	34
afdb_Q9I5F3_v6	afdb_P00392_v6	2.931E-01	1.468E-01	3.328E-01	0.082	29
afdb_Q9I5F3_v6	afdb_O16025_v6	3.256E-01	9.400E-02	3.370E-01	0.106	32
afdb_Q9QXD1_v6	afdb_A0A0C6DRW4_v6	4.828E-01	7.486E-01	7.844E-01	0.411	48
afdb_Q9QXD1_v6	afdb_P00396_v6	2.717E-01	3.373E-01	3.879E-01	0.069	27
afdb_Q9QXD1_v6	afdb_P00489_v6	3.275E-01	2.775E-01	3.784E-01	0.106	32
afdb_Q9QXD1_v6	afdb_P71119_v6	1.697E-01	4.174E-01	4.709E-01	0.014	16
afdb_Q9QXD1_v6	afdb_P55038_v6	3.719E-01	1.953E-01	3.855E-01	0.164	37
afdb_Q9QXD1_v6	afdb_Q05755_v6	3.694E-01	1.973E-01	3.736E-01	0.150	36
afdb_Q9QXD1_v6	afdb_P0A6T5_v6	1.667E-01	3.935E-01	3.995E-01	0.014	16
afdb_Q9QXD1_v6	afdb_P0CE47_v6	2.167E-01	3.267E-01	3.273E-01	0.034	21
afdb_Q9QXD1_v6	afdb_P00914_v6	2.358E-01	3.078E-01	3.265E-01	0.045	23
afdb_Q9QXD1_v6	afdb_Q02899_v6	2.198E-01	3.231E-01	3.375E-01	0.034	21
afdb_Q9QXD1_v6	afdb_P00455_v6	2.091E-01	3.297E-01	3.496E-01	0.029	20
afdb_Q9QXD1_v6	afdb_P46076_v6	2.019E-01	3.339E-01	3.589E-01	0.029	20
afdb_Q9QXD1_v6	afdb_P16099_v6	2.742E-01	2.606E-01	2.899E-01	0.069	27
afdb_Q9QXD1_v6	afdb_P56218_v6	1.835E-01	3.504E-01	3.775E-01	0.020	18
afdb_Q9QXD1_v6	afdb_P00800_v6	2.464E-01	2.874E-01	3.017E-01	0.051	24
afdb_Q9QXD1_v6	afdb_Q6LZM9_v6	2.235E-01	3.093E-01	3.092E-01	0.040	22
afdb_Q9QXD1_v6	afdb_Q9FEW9_v6	2.132E-01	3.162E-01	3.338E-01	0.034	21
afdb_Q9QXD1_v6	afdb_P05414_v6	2.065E-01	3.226E-01	3.536E-01	0.029	20
afdb_Q9QXD1_v6	afdb_P21836_v6	2.539E-01	2.744E-01	3.073E-01	0.057	25
afdb_Q9QXD1_v6	afdb_Q00441_v6	2.117E-01	3.151E-01	3.663E-01	0.034	21
afdb_Q9QXD1_v6	afdb_Q01693_v6	2.338E-01	2.932E-01	3.074E-01	0.045	23
afdb_Q9QXD1_v6	afdb_P09598_v6	1.804E-01	3.446E-01	3.736E-01	0.016	17
afdb_Q9QXD1_v6	afdb_P03958_v6	1.965E-01	3.255E-01	3.261E-01	0.024	19
afdb_Q9QXD1_v6	afdb_P37967_v6	2.285E-01	2.907E-01	3.065E-01	0.040	22
afdb_Q9QXD1_v6	afdb_Q05769_v6	2.449E-01	2.668E-01	3.163E-01	0.051	24
afdb_Q9QXD1_v6	afdb_P83686_v6	1.682E-01	3.403E-01	3.567E-01	0.014	16
afdb_Q9QXD1_v6	afdb_P00860_v6	2.175E-01	2.905E-01	3.159E-01	0.034	21
afdb_Q9QXD1_v6	afdb_P27170_v6	1.944E-01	3.108E-01	3.388E-01	0.024	19
afdb_Q9QXD1_v6	afdb_P08148_v6	2.405E-01	2.614E-01	2.863E-01	0.045	23
afdb_Q9QXD1_v6	afdb_P48534_v6	1.609E-01	3.397E-01	3.462E-01	0.014	16
afdb_Q9QXD1_v6	afdb_P18314_v6	2.326E-01	2.655E-01	3.108E-01	0.045	23
afdb_Q9QXD1_v6	afdb_P06721_v6	2.015E-01	2.961E-01	2.987E-01	0.029	20
afdb_Q9QXD1_v6	afdb_P00175_v6	2.349E-01	2.608E-01	2.713E-01	0.045	23
afdb_Q9QXD1_v6	afdb_P25910_v6	1.559E-01	3.373E-01	3.534E-01	0.011	15
afdb_Q9QXD1_v6	afdb_Q50925_v6	2.287E-01	2.620E-01	3.031E-01	0.040	22
afdb_Q9QXD1_v6	afdb_P30850_v6	2.404E-01	2.501E-01	2.768E-01	0.045	23
afdb_Q9QXD1_v6	afdb_P14779_v6	2.832E-01	2.052E-01	3.041E-01	0.076	28
afdb_Q9QXD1_v6	afdb_P00766_v6	1.498E-01	3.363E-01	4.015E-01	0.010	14
afdb_Q9QXD1_v6	afdb_P08473_v6	2.511E-01	2.344E-01	2.811E-01	0.057	25
afdb_Q9QXD1_v6	afdb_P0A6K3_v6	1.245E-01	3.597E-01	3.608E-01	0.008	12
afdb_Q9QXD1_v6	afdb_P27487_v6	2.518E-01	2.314E-01	2.734E-01	0.057	25
afdb_Q9QXD1_v6	afdb_P28796_v6	2.090E-01	2.721E-01	2.725E-01	0.029	20
afdb_Q9QXD1_v6	afdb_O16025_v6	2.798E-01	1.989E-01	3.176E-01	0.069	27
afdb_Q9QXD1_v6	afdb_P35049_v6	1.484E-01	3.287E-01	3.699E-01	0.010	14
afdb_Q9QXD1_v6	afdb_P08373_v6	1.805E-01	2.967E-01	2.986E-01	0.020	18
afdb_Q9QXD1_v6	afdb_P15917_v6	2.520E-01	2.237E-01	2.743E-01	0.057	25
afdb_Q9QXD1_v6	afdb_P30122_v6	2.267E-01	2.487E-01	2.549E-01	0.040	22
afdb_Q9QXD1_v6	afdb_P22637_v6	2.191E-01	2.538E-01	2.664E-01	0.034	21
afdb_Q9QXD1_v6	afdb_P00592_v6	1.055E-01	3.643E-01	3.894E-01	0.000	10
afdb_Q9QXD1_v6	afdb_Q29460_v6	1.391E-01	3.266E-01	3.523E-01	0.009	13
afdb_Q9QXD1_v6	afdb_P16444_v6	1.894E-01	2.765E-01	3.228E-01	0.020	18
afdb_Q9QXD1_v6	afdb_P21179_v6	2.414E-01	2.239E-01	2.662E-01	0.051	24
afdb_Q9QXD1_v6	afdb_P81054_v6	1.731E-01	2.894E-01	3.344E-01	0.016	17
afdb_Q9QXD1_v6	afdb_P00918_v6	1.522E-01	3.075E-01	3.141E-01	0.011	15
afdb_Q9QXD1_v6	afdb_Q28943_v6	2.643E-01	1.950E-01	2.700E-01	0.063	26
afdb_Q9QXD1_v6	afdb_Q6YBS3_v6	2.241E-01	2.342E-01	2.588E-01	0.040	22
afdb_Q9QXD1_v6	afdb_P00777_v6	1.605E-01	2.944E-01	3.425E-01	0.014	16
afdb_Q9QXD1_v6	afdb_Q8RB32_v6	1.412E-01	3.062E-01	3.439E-01	0.010	14
afdb_Q9QXD1_v6	afdb_Q6UV28_v6	1.078E-01	3.373E-01	3.617E-01	0.000	10
afdb_Q9QXD1_v6	afdb_P22266_v6	1.671E-01	2.753E-01	2.949E-01	0.014	16
afdb_Q9QXD1_v6	afdb_P04190_v6	1.432E-01	2.973E-01	3.203E-01	0.010	14
afdb_Q9QXD1_v6	afdb_P12821_v6	2.721E-01	1.650E-01	3.132E-01	0.069	27
afdb_Q9UHI8_v6	afdb_P08148_v6	2.199E-01	3.280E-01	3.545E-01	0.034	21
afdb_Q9UHI8_v6	afdb_P04042_v6	1.655E-01	3.572E-01	3.641E-01	0.014	16
afdb_Q9UHI8_v6	afdb_P03958_v6	1.587E-01	3.455E-01	3.722E-01	0.011	15
afdb_Q9UHI8_v6	afdb_P53608_v6	1.449E-01	3.557E-01	3.590E-01	0.010	14
afdb_Q9UHI8_v6	afdb_P0A6G7_v6	1.152E-01	3.730E-01	3.754E-01	0.007	11
afdb_Q9UHI8_v6	afdb_Q00017_v6	1.234E-01	3.598E-01	3.774E-01	0.008	12
afdb_Q9UHI8_v6	afdb_Q29460_v6	1.202E-01	3.605E-01	3.688E-01	0.008	12
afdb_Q9UHI8_v6	afdb_P12821_v6	2.667E-01	2.131E-01	2.820E-01	0.063	26
afdb_Q9UHI8_v6	afdb_P43099_v6	2.095E-01	2.608E-01	2.863E-01	0.029	20
afdb_Q9UHI8_v6	afdb_P83772_v6	1.262E-01	3.434E-01	3.660E-01	0.008	12
afdb_Q9UHI8_v6	afdb_P37957_v6	1.078E-01	3.571E-01	3.903E-01	0.000	10
afdb_Q9UHI8_v6	afdb_P37967_v6	1.732E-01	2.858E-01	2.925E-01	0.016	17
afdb_Q9UHI8_v6	afdb_P45478_v6	1.335E-01	3.240E-01	3.654E-01	0.009	13
afdb_Q9UHI8_v6	afdb_Q01693_v6	1.748E-01	2.835E-01	2.992E-01	0.016	17
afdb_Q9UHI8_v6	afdb_P00639_v6	1.260E-01	3.310E-01	3.569E-01	0.008	12
afdb_Q9UHI8_v6	afdb_Q6YBS3_v6	1.919E-01	2.646E-01	2.680E-01	0.024	19
afdb_Q9UHI8_v6	afdb_P15917_v6	2.118E-01	2.421E-01	2.493E-01	0.034	21
afdb_Q9UHI8_v6	afdb_Q58989_v6	1.041E-01	3.459E-01	3.621E-01	0.000	10
afdb_Q9UHI8_v6	afdb_P21836_v6	1.876E-01	2.626E-01	2.752E-01	0.020	18
afdb_Q9UHI8_v6	afdb_P96965_v6	1.255E-01	3.241E-01	3.312E-01	0.008	12
afdb_Q9UHI8_v6	afdb_O16025_v6	2.330E-01	2.176E-01	2.696E-01	0.045	23
afdb_Q9UHI8_v6	afdb_P14779_v6	2.308E-01	2.183E-01	2.725E-01	0.045	23
afdb_Q9UHI8_v6	afdb_P30122_v6	1.849E-01	2.636E-01	2.830E-01	0.020	18
afdb_Q9UHI8_v6	afdb_P0A6T5_v6	1.092E-01	3.354E-01	3.707E-01	0.000	10
afdb_Q9UHI8_v6	afdb_P24474_v6	1.780E-01	2.665E-01	2.799E-01	0.016	17
afdb_Q9UHI8_v6	afdb_P00396_v6	1.681E-01	2.727E-01	2.891E-01	0.014	16
afdb_Q9UHI8_v6	afdb_P48534_v6	1.170E-01	3.226E-01	3.252E-01	0.007	11
afdb_Q9UHI8_v6	afdb_P22394_v6	1.758E-01	2.636E-01	2.752E-01	0.016	17
afdb_Q9UHI8_v6	afdb_P19938_v6	1.243E-01	3.142E-01	3.305E-01	0.008	12
afdb_Q9UHI8_v6	afdb_P23295_v6	1.485E-01	2.880E-01	3.209E-01	0.010	14
afdb_Q9UHI8_v6	afdb_Q00441_v6	1.487E-01	2.878E-01	2.892E-01	0.010	14
afdb_Q9UHI8_v6	afdb_P21179_v6	1.985E-01	2.380E-01	2.525E-01	0.024	19
afdb_Q9UHI8_v6	afdb_P37062_v6	1.541E-01	2.803E-01	3.389E-01	0.011	15
afdb_Q9UHI8_v6	afdb_P00489_v6	2.056E-01	2.281E-01	2.894E-01	0.029	20
afdb_Q9UHI8_v6	afdb_P27170_v6	1.365E-01	2.967E-01	3.218E-01	0.009	13
afdb_Q9UHI8_v6	afdb_P81054_v6	1.280E-01	3.031E-01	3.435E-01	0.008	12
afdb_Q9UHI8_v6	afdb_P00644_v6	1.067E-01	3.243E-01	3.272E-01	0.000	10
afdb_Q9UHI8_v6	afdb_Q02899_v6	1.465E-01	2.842E-01	3.137E-01	0.010	14
afdb_Q9UHI8_v6	afdb_Q28943_v6	2.195E-01	2.104E-01	2.868E-01	0.034	21
afdb_Q9UHI8_v6	afdb_P05521_v6	1.239E-01	3.057E-01	3.301E-01	0.008	12
afdb_Q9UHI8_v6	afdb_Q9FEW9_v6	1.441E-01	2.849E-01	3.365E-01	0.010	14
afdb_Q9UHI8_v6	afdb_P56218_v6	1.257E-01	3.026E-01	3.172E-01	0.008	12
afdb_Q9UHI8_v6	afdb_P05414_v6	1.382E-01	2.902E-01	3.093E-01	0.009	13
afdb_Q9UHI8_v6	afdb_P06721_v6	1.427E-01	2.854E-01	2.976E-01	0.010	14
afdb_Q9UHI8_v6	afdb_P00455_v6	1.384E-01	2.888E-01	2.926E-01	0.009	13
afdb_Q9UHI8_v6	afdb_P15289_v6	1.604E-01	2.663E-01	3.406E-01	0.014	16
afdb_Q9UHI8_v6	afdb_P27487_v6	1.941E-01	2.312E-01	2.662E-01	0.024	19
afdb_Q9UHI8_v6	afdb_P09598_v6	1.210E-01	3.030E-01	3.170E-01	0.008	12
afdb_Q9UHI8_v6	afdb_Q9AGP8_v6	1.997E-01	2.243E-01	3.000E-01	0.024	19
afdb_Q9UHI8_v6	afdb_P00914_v6	1.556E-01	2.674E-01	2.985E-01	0.011	15
afdb_Q9UHI8_v6	afdb_P05725_v6	8.843E-02	3.333E-01	3.567E-01	0.000	8
afdb_Q9UHI8_v6	afdb_P0CE47_v6	1.427E-01	2.792E-01	3.111E-01	0.010	14
afdb_Q9UHI8_v6	afdb_Q9UMR5_v6	1.235E-01	2.959E-01	3.508E-01	0.008	12
afdb_Q9UHI8_v6	afdb_P29183_v6	1.527E-01	2.660E-01	2.692E-01	0.011	15
afdb_Q9UHI8_v6	afdb_Q9NPB1_v6	1.026E-01	3.159E-01	3.167E-01	0.000	10
afdb_Q9UHI8_v6	afdb_P04190_v6	1.097E-01	3.050E-01	3.567E-01	0.000	10
afdb_Q9UHI8_v6	afdb_P00935_v6	1.360E-01	2.786E-01	2.826E-01	0.009	13
afdb_Q9UHI8_v6	afdb_P18314_v6	1.664E-01	2.483E-01	2.917E-01	0.014	16
afdb_Q9UHI8_v6	afdb_P83686_v6	1.147E-01	2.985E-01	3.014E-01	0.007	11
afdb_Q9UHI8_v6	afdb_P25910_v6	1.065E-01	3.064E-01	3.123E-01	0.000	10
afdb_Q9UHI8_v6	afdb_Q7ZAG8_v6	1.379E-01	2.749E-01	3.479E-01	0.009	13
afdb_Q9UHI8_v6	afdb_P28796_v6	1.484E-01	2.636E-01	3.437E-01	0.010	14
afdb_Q9UHI8_v6	afdb_P22266_v6	1.285E-01	2.834E-01	3.006E-01	0.008	12
afdb_Q9UHI8_v6	afdb_O33199_v6	9.777E-02	3.095E-01	3.104E-01	0.000	9
afdb_Q9UHI8_v6	afdb_Q3HWU8_v6	1.114E-01	2.941E-01	3.309E-01	0.007	11
afdb_Q9UHI8_v6	afdb_P0AB77_v6	1.358E-01	2.692E-01	2.796E-01	0.009	13
afdb_Q9UHI8_v6	afdb_P00800_v6	1.574E-01	2.476E-01	3.333E-01	0.011	15
afdb_Q9UHI8_v6	afdb_Q9L9D7_v6	1.622E-01	2.431E-01	2.470E-01	0.014	16
afdb_Q9UHI8_v6	afdb_O59791_v6	1.221E-01	2.827E-01	3.423E-01	0.008	12
afdb_Q9UHI8_v6	afdb_P09883_v6	1.644E-01	2.403E-01	2.467E-01	0.014	16
afdb_Q9UHI8_v6	afdb_P00777_v6	1.187E-01	2.845E-01	2.885E-01	0.007	11
afdb_Q9UHI8_v6	afdb_P13717_v6	1.066E-01	2.926E-01	3.145E-01	0.000	10
afdb_Q9UHI8_v6	afdb_P21327_v6	1.368E-01	2.621E-01	2.680E-01	0.009	13
afdb_Q9UHI8_v6	afdb_Q16775_v6	1.229E-01	2.759E-01	2.932E-01	0.008	12
afdb_Q9UHI8_v6	afdb_P00392_v6	1.597E-01	2.392E-01	2.398E-01	0.011	15
afdb_Q9UHI8_v6	afdb_P55038_v6	2.350E-01	1.639E-01	2.657E-01	0.045	23
afdb_Q9UHI8_v6	afdb_Q05755_v6	2.328E-01	1.639E-01	2.697E-01	0.045	23
afdb_Q9UHI8_v6	afdb_P42593_v6	1.700E-01	2.239E-01	2.295E-01	0.014	16
afdb_Q9UHI8_v6	afdb_Q6LZM9_v6	1.395E-01	2.538E-01	2.677E-01	0.009	13
afdb_Q9UHI8_v6	afdb_P30850_v6	1.667E-01	2.256E-01	2.832E-01	0.014	16
afdb_Q9UHI8_v6	afdb_P83788_v6	1.333E-01	2.587E-01	2.607E-01	0.009	13
afdb_Q9UHI8_v6	afdb_P00766_v6	1.045E-01	2.843E-01	2.851E-01	0.000	10
afdb_Q9UHI8_v6	afdb_Q945K2_v6	1.543E-01	2.343E-01	2.438E-01	0.011	15
afdb_Q9UHI8_v6	afdb_Q56839_v6	1.504E-01	2.368E-01	2.371E-01	0.011	15
afdb_Q9UHI8_v6	afdb_P0A1E3_v6	1.179E-01	2.692E-01	3.215E-01	0.007	11
afdb_Q9UHI8_v6	afdb_P00388_v6	1.687E-01	2.187E-01	2.389E-01	0.014	16
afdb_Q9UHI8_v6	afdb_P22637_v6	1.534E-01	2.341E-01	2.562E-01	0.011	15
afdb_Q9UHI8_v6	afdb_P77444_v6	1.318E-01	2.531E-01	2.678E-01	0.009	13
afdb_Q9UHI8_v6	afdb_P0A9P4_v6	1.164E-01	2.654E-01	2.709E-01	0.007	11
afdb_Q9UHI8_v6	afdb_Q75WN8_v6	1.055E-01	2.728E-01	2.929E-01	0.000	10
afdb_Q9UHI8_v6	afdb_P80324_v6	1.241E-01	2.543E-01	2.609E-01	0.008	12
afdb_Q9UHI8_v6	afdb_P46076_v6	1.135E-01	2.401E-01	2.451E-01	0.007	11
afdb_Q9UHI8_v6	afdb_P06621_v6	1.233E-01	2.284E-01	2.538E-01	0.008	12
afdb_Q9UHI8_v6	afdb_P40859_v6	1.142E-01	2.292E-01	2.584E-01	0.007	11
afdb_Q9UHI8_v6	afdb_O13297_v6	1.332E-01	2.048E-01	2.925E-01	0.009	13
afdb_Q9UHI8_v6	afdb_P08165_v6	1.272E-01	2.094E-01	2.269E-01	0.008	12
afdb_Q9VSA3_v6	afdb_A0A0C6DRW4_v6	8.012E-01	8.047E-01	8.383E-01	0.984	80
afdb_Q9VSA3_v6	afdb_P05725_v6	2.113E-01	4.384E-01	4.453E-01	0.034	21
afdb_Q9VSA3_v6	afdb_P0A6K3_v6	1.997E-01	3.950E-01	4.345E-01	0.024	19
afdb_Q9VSA3_v6	afdb_Q16775_v6	2.588E-01	3.267E-01	3.602E-01	0.057	25
afdb_Q9VSA3_v6	afdb_P00914_v6	3.036E-01	2.793E-01	3.065E-01	0.090	30
afdb_Q9VSA3_v6	afdb_P35049_v6	2.323E-01	3.500E-01	4.175E-01	0.045	23
afdb_Q9VSA3_v6	afdb_P00766_v6	2.338E-01	3.471E-01	3.556E-01	0.045	23
afdb_Q9VSA3_v6	afdb_Q00441_v6	2.860E-01	2.934E-01	2.949E-01	0.076	28
afdb_Q9VSA3_v6	afdb_P21327_v6	2.847E-01	2.944E-01	3.068E-01	0.076	28
afdb_Q9VSA3_v6	afdb_P09598_v6	2.482E-01	3.323E-01	3.777E-01	0.051	24
afdb_Q9VSA3_v6	afdb_P22637_v6	3.174E-01	2.603E-01	3.332E-01	0.098	31
afdb_Q9VSA3_v6	afdb_P03958_v6	2.687E-01	3.042E-01	3.183E-01	0.063	26
afdb_Q9VSA3_v6	afdb_P25910_v6	2.313E-01	3.398E-01	3.576E-01	0.045	23
afdb_Q9VSA3_v6	afdb_P48534_v6	2.290E-01	3.403E-01	3.771E-01	0.040	22
afdb_Q9VSA3_v6	afdb_Q945K2_v6	3.139E-01	2.519E-01	3.324E-01	0.098	31
afdb_Q9VSA3_v6	afdb_P21179_v6	3.444E-01	2.211E-01	3.603E-01	0.126	34
afdb_Q9VSA3_v6	afdb_P16932_v6	2.839E-01	2.772E-01	2.957E-01	0.076	28
afdb_Q9VSA3_v6	afdb_P24630_v6	2.837E-01	2.770E-01	3.074E-01	0.076	28
afdb_Q9VSA3_v6	afdb_P71119_v6	2.113E-01	3.462E-01	3.745E-01	0.029	20
afdb_Q9VSA3_v6	afdb_Q9AGP8_v6	3.491E-01	2.061E-01	3.557E-01	0.126	34
afdb_Q9VSA3_v6	afdb_Q05769_v6	3.141E-01	2.417E-01	3.403E-01	0.098	31
afdb_Q9VSA3_v6	afdb_P04190_v6	2.281E-01	3.258E-01	3.516E-01	0.040	22
afdb_Q9VSA3_v6	afdb_Q56839_v6	2.951E-01	2.522E-01	3.107E-01	0.082	29
afdb_Q9VSA3_v6	afdb_P83686_v6	2.326E-01	3.136E-01	3.267E-01	0.045	23
afdb_Q9VSA3_v6	afdb_P21836_v6	3.066E-01	2.329E-01	3.167E-01	0.090	30
afdb_Q9VSA3_v6	afdb_P00592_v6	1.632E-01	3.755E-01	4.297E-01	0.014	16
afdb_Q9VSA3_v6	afdb_P00639_v6	2.304E-01	3.045E-01	3.141E-01	0.045	23
afdb_Q9VSA3_v6	afdb_P16444_v6	2.649E-01	2.686E-01	3.209E-01	0.063	26
afdb_Q9VSA3_v6	afdb_P45478_v6	2.365E-01	2.964E-01	3.167E-01	0.045	23
afdb_Q9VSA3_v6	afdb_Q02899_v6	2.616E-01	2.703E-01	3.414E-01	0.063	26
afdb_Q9VSA3_v6	afdb_P05414_v6	2.539E-01	2.773E-01	2.865E-01	0.057	25
afdb_Q9VSA3_v6	afdb_P23295_v6	2.613E-01	2.677E-01	2.834E-01	0.063	26
afdb_Q9VSA3_v6	afdb_Q6LZM9_v6	2.678E-01	2.608E-01	2.779E-01	0.063	26
afdb_Q9VSA3_v6	afdb_P06621_v6	2.616E-01	2.633E-01	3.350E-01	0.063	26
afdb_Q9VSA3_v6	afdb_P00935_v6	2.550E-01	2.691E-01	2.843E-01	0.057	25
afdb_Q9VSA3_v6	afdb_P13717_v6	2.191E-01	3.026E-01	3.207E-01	0.034	21
afdb_Q9VSA3_v6	afdb_Q01693_v6	2.776E-01	2.438E-01	2.925E-01	0.069	27
afdb_Q9VSA3_v6	afdb_P46076_v6	2.445E-01	2.759E-01	2.860E-01	0.051	24
afdb_Q9VSA3_v6	afdb_Q6UV28_v6	1.616E-01	3.584E-01	4.029E-01	0.014	16
afdb_Q9VSA3_v6	afdb_P77444_v6	2.569E-01	2.623E-01	2.851E-01	0.057	25
afdb_Q9VSA3_v6	afdb_P40859_v6	2.531E-01	2.655E-01	2.824E-01	0.057	25
afdb_Q9VSA3_v6	afdb_P83788_v6	2.579E-01	2.594E-01	2.874E-01	0.057	25
afdb_Q9VSA3_v6	afdb_P27170_v6	2.449E-01	2.732E-01	2.953E-01	0.051	24
afdb_Q9VSA3_v6	afdb_Q9UMR5_v6	2.272E-01	2.892E-01	3.095E-01	0.040	22
afdb_Q9VSA3_v6	afdb_P27487_v6	3.159E-01	2.000E-01	3.164E-01	0.098	31
afdb_Q9VSA3_v6	afdb_P24474_v6	2.865E-01	2.286E-01	2.870E-01	0.076	28
afdb_Q9VSA3_v6	afdb_Q50925_v6	2.870E-01	2.260E-01	3.566E-01	0.076	28
afdb_Q9VSA3_v6	afdb_Q7SID9_v6	2.781E-01	2.247E-01	3.158E-01	0.069	27
afdb_Q9VSA3_v6	afdb_P00800_v6	2.743E-01	2.298E-01	3.033E-01	0.069	27
afdb_Q9VSA3_v6	afdb_P30850_v6	2.916E-01	2.108E-01	3.066E-01	0.082	29
afdb_Q9VSA3_v6	afdb_P80324_v6	2.414E-01	2.620E-01	2.828E-01	0.045	23
afdb_Q9VSA3_v6	afdb_P81054_v6	2.334E-01	2.670E-01	2.848E-01	0.045	23
afdb_Q9VSA3_v6	afdb_Q05755_v6	3.643E-01	1.333E-01	3.749E-01	0.150	36
afdb_Q9VSA3_v6	afdb_P12995_v6	2.479E-01	2.440E-01	2.744E-01	0.051	24
afdb_Q9VSA3_v6	afdb_P37062_v6	2.511E-01	2.404E-01	2.799E-01	0.057	25
afdb_Q9VSA3_v6	afdb_Q9FEW9_v6	2.396E-01	2.493E-01	2.987E-01	0.045	23
afdb_Q9VSA3_v6	afdb_P00489_v6	3.038E-01	1.828E-01	3.039E-01	0.090	30
afdb_Q9VSA3_v6	afdb_Q9NPB1_v6	1.893E-01	2.938E-01	3.460E-01	0.020	18
afdb_Q9VSA3_v6	afdb_P06721_v6	2.363E-01	2.462E-01	2.606E-01	0.045	23
afdb_Q9VSA3_v6	afdb_P0AB77_v6	2.345E-01	2.434E-01	2.544E-01	0.045	23
afdb_Q9VSA3_v6	afdb_P08165_v6	2.523E-01	2.242E-01	2.932E-01	0.057	25
afdb_Q9VSA3_v6	afdb_Q3HWU8_v6	2.034E-01	2.716E-01	2.857E-01	0.029	20
afdb_Q9VSA3_v6	afdb_F8W4B7_v6	3.198E-01	1.538E-01	3.275E-01	0.098	31
afdb_Q9VSA3_v6	afdb_P55038_v6	3.371E-01	1.227E-01	3.417E-01	0.116	33
afdb_Q9VSA3_v6	afdb_P00175_v6	2.549E-01	1.979E-01	2.701E-01	0.057	25
afdb_Q9VSA3_v6	afdb_O16025_v6	3.081E-01	1.435E-01	3.324E-01	0.090	30
afdb_Q9VSA3_v6	afdb_P08473_v6	2.679E-01	1.752E-01	2.864E-01	0.063	26
afdb_Q9VSA3_v6	afdb_P14779_v6	2.968E-01	1.458E-01	3.042E-01	0.082	29
afdb_Q9VSA3_v6	afdb_P09883_v6	2.453E-01	1.950E-01	2.497E-01	0.051	24
afdb_Q9VSA3_v6	afdb_O13297_v6	2.415E-01	1.977E-01	3.064E-01	0.051	24
afdb_Q9VSA3_v6	afdb_P15917_v6	2.737E-01	1.630E-01	2.957E-01	0.069	27
afdb_Q9VSA3_v6	afdb_Q28943_v6	2.819E-01	1.473E-01	2.931E-01	0.076	28
afdb_Q9VSA3_v6	afdb_P00777_v6	1.874E-01	2.326E-01	2.561E-01	0.020	18
afdb_Q9ZNT1_v6	afdb_P83686_v6	8.496E-01	8.771E-01	9.715E-01	0.991	84
afdb_Q9ZNT1_v6	afdb_P00455_v6	7.347E-01	5.738E-01	8.126E-01	0.956	73
afdb_Q9ZNT1_v6	afdb_P00388_v6	7.172E-01	3.180E-01	8.253E-01	0.941	71
afdb_Q9ZNT1_v6	afdb_P14779_v6	7.104E-01	2.072E-01	8.231E-01	0.941	71
afdb_Q9ZNT1_v6	afdb_P04042_v6	4.073E-01	3.473E-01	4.624E-01	0.214	40
afdb_Q9ZNT1_v6	afdb_O58727_v6	2.966E-01	4.168E-01	5.279E-01	0.082	29
afdb_Q9ZNT1_v6	afdb_P53608_v6	3.648E-01	3.487E-01	4.281E-01	0.150	36
afdb_Q9ZNT1_v6	afdb_Q29460_v6	3.175E-01	3.679E-01	4.024E-01	0.098	31
afdb_Q9ZNT1_v6	afdb_Q58989_v6	3.011E-01	3.688E-01	3.943E-01	0.090	30
afdb_Q9ZNT1_v6	afdb_P25910_v6	3.209E-01	3.491E-01	4.019E-01	0.106	32
afdb_Q9ZNT1_v6	afdb_P0A1E3_v6	3.511E-01	3.156E-01	4.208E-01	0.138	35
afdb_Q9ZNT1_v6	afdb_P04190_v6	3.188E-01	3.394E-01	4.020E-01	0.098	31
afdb_Q9ZNT1_v6	afdb_Q8RB32_v6	3.138E-01	3.451E-01	3.846E-01	0.098	31
afdb_Q9ZNT1_v6	afdb_Q9XBQ8_v6	3.618E-01	2.671E-01	4.378E-01	0.150	36
afdb_Q9ZNT1_v6	afdb_P03958_v6	3.360E-01	2.870E-01	3.731E-01	0.116	33
afdb_Q9ZNT1_v6	afdb_P37957_v6	2.770E-01	3.431E-01	4.268E-01	0.069	27
afdb_Q9ZNT1_v6	afdb_P28305_v6	3.042E-01	3.136E-01	3.497E-01	0.090	30
afdb_Q9ZNT1_v6	afdb_P0CE47_v6	3.447E-01	2.698E-01	3.769E-01	0.126	34
afdb_Q9ZNT1_v6	afdb_P19938_v6	3.065E-01	3.051E-01	3.468E-01	0.090	30
afdb_Q9ZNT1_v6	afdb_P0A6G7_v6	2.696E-01	3.349E-01	3.975E-01	0.063	26
afdb_Q9ZNT1_v6	afdb_P0A9P4_v6	3.157E-01	2.838E-01	3.866E-01	0.098	31
afdb_Q9ZNT1_v6	afdb_Q12178_v6	2.366E-01	3.582E-01	4.163E-01	0.045	23
afdb_Q9ZNT1_v6	afdb_P05414_v6	3.277E-01	2.654E-01	3.655E-01	0.106	32
afdb_Q9ZNT1_v6	afdb_P08165_v6	3.592E-01	2.322E-01	4.020E-01	0.138	35
afdb_Q9ZNT1_v6	afdb_P0A6C1_v6	2.961E-01	2.930E-01	3.492E-01	0.082	29
afdb_Q9ZNT1_v6	afdb_P96965_v6	2.939E-01	2.932E-01	3.264E-01	0.082	29
afdb_Q9ZNT1_v6	afdb_Q9NPB1_v6	2.727E-01	3.133E-01	3.304E-01	0.069	27
afdb_Q9ZNT1_v6	afdb_Q9UMR5_v6	3.001E-01	2.851E-01	3.791E-01	0.090	30
afdb_Q9ZNT1_v6	afdb_P16099_v6	4.010E-01	1.817E-01	4.465E-01	0.214	40
afdb_Q9ZNT1_v6	afdb_F8W4B7_v6	4.410E-01	1.405E-01	5.047E-01	0.301	44
afdb_Q9ZNT1_v6	afdb_Q00017_v6	2.744E-01	2.987E-01	3.647E-01	0.069	27
afdb_Q9ZNT1_v6	afdb_Q7ZAG8_v6	3.285E-01	2.412E-01	4.740E-01	0.106	32
afdb_Q9ZNT1_v6	afdb_Q56839_v6	3.475E-01	2.220E-01	3.797E-01	0.126	34
afdb_Q9ZNT1_v6	afdb_P81054_v6	3.035E-01	2.627E-01	3.325E-01	0.090	30
afdb_Q9ZNT1_v6	afdb_P05521_v6	2.913E-01	2.739E-01	3.378E-01	0.082	29
afdb_Q9ZNT1_v6	afdb_Q9FEW9_v6	3.159E-01	2.484E-01	3.492E-01	0.098	31
afdb_Q9ZNT1_v6	afdb_P00918_v6	2.735E-01	2.887E-01	3.313E-01	0.069	27
afdb_Q9ZNT1_v6	afdb_A0A0C6DRW4_v6	3.179E-01	2.442E-01	3.403E-01	0.098	31
afdb_Q9ZNT1_v6	afdb_P00935_v6	3.103E-01	2.499E-01	3.329E-01	0.098	31
afdb_Q9ZNT1_v6	afdb_P16444_v6	3.162E-01	2.410E-01	3.516E-01	0.098	31
afdb_Q9ZNT1_v6	afdb_P08819_v6	3.205E-01	2.333E-01	3.547E-01	0.106	32
afdb_Q9ZNT1_v6	afdb_P29183_v6	3.270E-01	2.264E-01	3.660E-01	0.106	32
afdb_Q9ZNT1_v6	afdb_Q3HWU8_v6	2.743E-01	2.776E-01	3.077E-01	0.069	27
afdb_Q9ZNT1_v6	afdb_P42593_v6	3.664E-01	1.847E-01	4.089E-01	0.150	36
afdb_Q9ZNT1_v6	afdb_Q02899_v6	3.092E-01	2.406E-01	3.429E-01	0.090	30
afdb_Q9ZNT1_v6	afdb_P06721_v6	3.072E-01	2.423E-01	3.334E-01	0.090	30
afdb_Q9ZNT1_v6	afdb_Q75WN8_v6	2.758E-01	2.732E-01	3.099E-01	0.069	27
afdb_Q9ZNT1_v6	afdb_P46076_v6	2.950E-01	2.538E-01	3.214E-01	0.082	29
afdb_Q9ZNT1_v6	afdb_P37967_v6	3.284E-01	2.191E-01	3.645E-01	0.106	32
afdb_Q9ZNT1_v6	afdb_P00175_v6	3.472E-01	2.002E-01	3.879E-01	0.126	34
afdb_Q9ZNT1_v6	afdb_P00766_v6	2.610E-01	2.865E-01	3.099E-01	0.063	26
afdb_Q9ZNT1_v6	afdb_P24630_v6	3.146E-01	2.270E-01	3.609E-01	0.098	31
afdb_Q9ZNT1_v6	afdb_Q01693_v6	3.279E-01	2.109E-01	3.340E-01	0.106	32
afdb_Q9ZNT1_v6	afdb_P22637_v6	3.371E-01	2.020E-01	3.837E-01	0.116	33
afdb_Q9ZNT1_v6	afdb_P08373_v6	2.885E-01	2.495E-01	3.773E-01	0.076	28
afdb_Q9ZNT1_v6	afdb_P39377_v6	2.999E-01	2.372E-01	3.700E-01	0.082	29
afdb_Q9ZNT1_v6	afdb_P22266_v6	2.879E-01	2.481E-01	3.570E-01	0.076	28
afdb_Q9ZNT1_v6	afdb_P24474_v6	3.397E-01	1.961E-01	3.920E-01	0.116	33
afdb_Q9ZNT1_v6	afdb_P00914_v6	3.165E-01	2.180E-01	3.359E-01	0.098	31
afdb_Q9ZNT1_v6	afdb_P37062_v6	3.161E-01	2.145E-01	3.871E-01	0.098	31
afdb_Q9ZNT1_v6	afdb_Q7SID9_v6	3.318E-01	1.988E-01	3.695E-01	0.116	33
afdb_Q9ZNT1_v6	afdb_P00800_v6	3.227E-01	2.010E-01	3.465E-01	0.106	32
afdb_Q9ZNT1_v6	afdb_P08148_v6	3.350E-01	1.876E-01	3.801E-01	0.116	33
afdb_Q9ZNT1_v6	afdb_P27170_v6	2.836E-01	2.389E-01	3.609E-01	0.076	28
afdb_Q9ZNT1_v6	afdb_P21327_v6	2.928E-01	2.284E-01	3.392E-01	0.082	29
afdb_Q9ZNT1_v6	afdb_P0A6T5_v6	2.393E-01	2.819E-01	2.828E-01	0.045	23
afdb_Q9ZNT1_v6	afdb_P03007_v6	2.473E-01	2.726E-01	3.394E-01	0.051	24
afdb_Q9ZNT1_v6	afdb_P83788_v6	2.955E-01	2.253E-01	3.177E-01	0.082	29
afdb_Q9ZNT1_v6	afdb_P00777_v6	2.649E-01	2.532E-01	3.073E-01	0.063	26
afdb_Q9ZNT1_v6	afdb_P55038_v6	4.148E-01	1.023E-01	4.267E-01	0.233	41
afdb_Q9ZNT1_v6	afdb_Q945K2_v6	3.228E-01	1.931E-01	3.519E-01	0.106	32
afdb_Q9ZNT1_v6	afdb_P30122_v6	3.246E-01	1.890E-01	3.438E-01	0.106	32
afdb_Q9ZNT1_v6	afdb_P28796_v6	3.038E-01	2.066E-01	3.728E-01	0.090	30
afdb_Q9ZNT1_v6	afdb_P40881_v6	2.422E-01	2.625E-01	2.839E-01	0.051	24
afdb_Q9ZNT1_v6	afdb_P40859_v6	2.808E-01	2.203E-01	3.243E-01	0.076	28
afdb_Q9ZNT1_v6	afdb_P10902_v6	3.071E-01	1.930E-01	3.374E-01	0.090	30
afdb_Q9ZNT1_v6	afdb_P35049_v6	2.367E-01	2.579E-01	2.978E-01	0.045	23
afdb_Q9ZNT1_v6	afdb_P27487_v6	3.344E-01	1.558E-01	3.514E-01	0.116	33
afdb_Q9ZNT1_v6	afdb_P0AB77_v6	2.704E-01	2.149E-01	2.875E-01	0.069	27
afdb_Q9ZNT1_v6	afdb_P00392_v6	3.075E-01	1.750E-01	3.504E-01	0.090	30
afdb_Q9ZNT1_v6	afdb_Q9L9D7_v6	2.987E-01	1.807E-01	3.232E-01	0.082	29
afdb_Q9ZNT1_v6	afdb_P18314_v6	2.992E-01	1.789E-01	3.353E-01	0.082	29
afdb_Q9ZNT1_v6	afdb_P77444_v6	2.706E-01	2.052E-01	3.488E-01	0.069	27
afdb_Q9ZNT1_v6	afdb_Q28943_v6	3.515E-01	1.226E-01	4.139E-01	0.138	35
afdb_Q9ZNT1_v6	afdb_O13297_v6	2.930E-01	1.813E-01	2.963E-01	0.082	29
afdb_Q9ZNT1_v6	afdb_P00644_v6	2.198E-01	2.515E-01	2.670E-01	0.034	21
afdb_Q9ZNT1_v6	afdb_O33199_v6	2.110E-01	2.592E-01	2.741E-01	0.034	21
afdb_Q9ZNT1_v6	afdb_Q9AGP8_v6	3.221E-01	1.403E-01	3.523E-01	0.106	32
afdb_Q9ZNT1_v6	afdb_P06621_v6	2.637E-01	1.983E-01	3.040E-01	0.063	26
afdb_Q9ZNT1_v6	afdb_Q05755_v6	3.507E-01	9.108E-02	3.589E-01	0.138	35
afdb_Q9ZNT1_v6	afdb_P30850_v6	2.812E-01	1.536E-01	3.252E-01	0.076	28
afdb_Q9ZNT1_v6	afdb_P80324_v6	2.352E-01	1.973E-01	2.499E-01	0.045	23
afdb_Q9ZNT1_v6	afdb_P09883_v6	2.659E-01	1.491E-01	3.823E-01	0.063	26
afdb_Q9ZNT1_v6	afdb_O16025_v6	2.945E-01	1.087E-01	3.243E-01	0.082	29
afdb_A1B8Z1_v6	afdb_P00860_v6	6.843E-01	5.856E-01	7.053E-01	0.912	68
afdb_A1B8Z1_v6	afdb_Q9FEW9_v6	4.604E-01	4.517E-01	5.252E-01	0.353	46
afdb_A1B8Z1_v6	afdb_Q02899_v6	4.567E-01	4.447E-01	5.106E-01	0.326	45
afdb_A1B8Z1_v6	afdb_P0A6C1_v6	3.572E-01	4.556E-01	4.746E-01	0.138	35
afdb_A1B8Z1_v6	afdb_P42593_v6	4.961E-01	3.129E-01	5.628E-01	0.442	49
afdb_A1B8Z1_v6	afdb_P16099_v6	5.035E-01	2.961E-01	5.649E-01	0.473	50
afdb_A1B8Z1_v6	afdb_Q8RB32_v6	3.231E-01	4.720E-01	4.871E-01	0.106	32
afdb_A1B8Z1_v6	afdb_P16444_v6	4.046E-01	3.849E-01	6.338E-01	0.214	40
afdb_A1B8Z1_v6	afdb_P03958_v6	3.706E-01	4.012E-01	6.185E-01	0.164	37
afdb_A1B8Z1_v6	afdb_P39377_v6	3.770E-01	3.748E-01	4.145E-01	0.164	37
afdb_A1B8Z1_v6	afdb_P05414_v6	3.640E-01	3.783E-01	4.192E-01	0.150	36
afdb_A1B8Z1_v6	afdb_Q9XBQ8_v6	3.820E-01	3.601E-01	5.604E-01	0.179	38
afdb_A1B8Z1_v6	afdb_P12995_v6	3.732E-01	3.464E-01	3.957E-01	0.164	37
afdb_A1B8Z1_v6	afdb_P16932_v6	3.688E-01	3.396E-01	4.129E-01	0.150	36
afdb_A1B8Z1_v6	afdb_O59791_v6	3.301E-01	3.783E-01	4.086E-01	0.106	32
afdb_A1B8Z1_v6	afdb_P0A1E3_v6	3.297E-01	3.773E-01	4.002E-01	0.106	32
afdb_A1B8Z1_v6	afdb_P05521_v6	3.164E-01	3.732E-01	3.825E-01	0.098	31
afdb_A1B8Z1_v6	afdb_P00639_v6	2.982E-01	3.802E-01	4.177E-01	0.082	29
afdb_A1B8Z1_v6	afdb_Q00017_v6	2.809E-01	3.960E-01	4.814E-01	0.076	28
afdb_A1B8Z1_v6	afdb_P0AB77_v6	3.414E-01	3.344E-01	3.891E-01	0.126	34
afdb_A1B8Z1_v6	afdb_Q29460_v6	2.694E-01	4.039E-01	5.539E-01	0.063	26
afdb_A1B8Z1_v6	afdb_Q16775_v6	3.025E-01	3.575E-01	3.806E-01	0.090	30
afdb_A1B8Z1_v6	afdb_P53608_v6	2.963E-01	3.615E-01	4.559E-01	0.082	29
afdb_A1B8Z1_v6	afdb_P28796_v6	3.487E-01	3.028E-01	3.572E-01	0.126	34
afdb_A1B8Z1_v6	afdb_P18314_v6	3.745E-01	2.704E-01	4.191E-01	0.164	37
afdb_A1B8Z1_v6	afdb_P08165_v6	3.491E-01	2.950E-01	3.555E-01	0.126	34
afdb_A1B8Z1_v6	afdb_P00175_v6	3.774E-01	2.644E-01	4.198E-01	0.164	37
afdb_A1B8Z1_v6	afdb_P0A6G7_v6	2.380E-01	3.943E-01	4.225E-01	0.045	23
afdb_A1B8Z1_v6	afdb_P15289_v6	3.429E-01	2.839E-01	3.690E-01	0.126	34
afdb_A1B8Z1_v6	afdb_P06721_v6	3.148E-01	3.098E-01	3.501E-01	0.098	31
afdb_A1B8Z1_v6	afdb_P83788_v6	3.208E-01	3.042E-01	3.359E-01	0.106	32
afdb_A1B8Z1_v6	afdb_Q7ZAG8_v6	3.181E-01	3.060E-01	3.731E-01	0.098	31
afdb_A1B8Z1_v6	afdb_P24630_v6	3.236E-01	3.004E-01	3.555E-01	0.106	32
afdb_A1B8Z1_v6	afdb_P40859_v6	3.102E-01	3.091E-01	3.247E-01	0.098	31
afdb_A1B8Z1_v6	afdb_Q12178_v6	2.067E-01	4.064E-01	4.337E-01	0.029	20
afdb_A1B8Z1_v6	afdb_P83772_v6	2.603E-01	3.505E-01	3.670E-01	0.063	26
afdb_A1B8Z1_v6	afdb_P00935_v6	3.018E-01	3.024E-01	3.674E-01	0.090	30
afdb_A1B8Z1_v6	afdb_Q6LZM9_v6	3.149E-01	2.883E-01	3.788E-01	0.098	31
afdb_A1B8Z1_v6	afdb_Q3HWU8_v6	2.622E-01	3.387E-01	3.612E-01	0.063	26
afdb_A1B8Z1_v6	afdb_Q9UMR5_v6	2.720E-01	3.255E-01	3.981E-01	0.069	27
afdb_A1B8Z1_v6	afdb_P22266_v6	2.854E-01	3.107E-01	3.701E-01	0.076	28
afdb_A1B8Z1_v6	afdb_P37957_v6	2.332E-01	3.620E-01	4.341E-01	0.045	23
afdb_A1B8Z1_v6	afdb_O58727_v6	2.108E-01	3.831E-01	4.261E-01	0.034	21
afdb_A1B8Z1_v6	afdb_P37967_v6	3.226E-01	2.690E-01	4.426E-01	0.106	32
afdb_A1B8Z1_v6	afdb_P30122_v6	3.400E-01	2.462E-01	3.413E-01	0.116	33
afdb_A1B8Z1_v6	afdb_P96965_v6	2.577E-01	3.270E-01	3.665E-01	0.057	25
afdb_A1B8Z1_v6	afdb_P08819_v6	3.070E-01	2.761E-01	3.428E-01	0.090	30
afdb_A1B8Z1_v6	afdb_Q58989_v6	2.248E-01	3.581E-01	3.687E-01	0.040	22
afdb_A1B8Z1_v6	afdb_P27170_v6	2.834E-01	2.980E-01	3.184E-01	0.076	28
afdb_A1B8Z1_v6	afdb_P52700_v6	2.579E-01	3.200E-01	3.472E-01	0.057	25
afdb_A1B8Z1_v6	afdb_P83686_v6	2.490E-01	3.230E-01	3.385E-01	0.051	24
afdb_A1B8Z1_v6	afdb_P45478_v6	2.614E-01	3.093E-01	4.123E-01	0.063	26
afdb_A1B8Z1_v6	afdb_P04190_v6	2.447E-01	3.241E-01	3.515E-01	0.051	24
afdb_A1B8Z1_v6	afdb_P0CE47_v6	2.852E-01	2.812E-01	3.066E-01	0.076	28
afdb_A1B8Z1_v6	afdb_Q05755_v6	4.303E-01	1.363E-01	4.628E-01	0.277	43
afdb_A1B8Z1_v6	afdb_P55038_v6	4.312E-01	1.329E-01	4.632E-01	0.277	43
afdb_A1B8Z1_v6	afdb_P29183_v6	3.016E-01	2.630E-01	4.088E-01	0.090	30
afdb_A1B8Z1_v6	afdb_P21327_v6	2.850E-01	2.786E-01	3.006E-01	0.076	28
afdb_A1B8Z1_v6	afdb_Q75WN8_v6	2.510E-01	3.122E-01	3.345E-01	0.057	25
afdb_A1B8Z1_v6	afdb_P09184_v6	1.844E-01	3.779E-01	4.341E-01	0.020	18
afdb_A1B8Z1_v6	afdb_P04042_v6	2.688E-01	2.885E-01	3.630E-01	0.063	26
afdb_A1B8Z1_v6	afdb_P43099_v6	3.430E-01	2.104E-01	3.450E-01	0.126	34
afdb_A1B8Z1_v6	afdb_P21836_v6	3.258E-01	2.265E-01	4.509E-01	0.106	32
afdb_A1B8Z1_v6	afdb_Q28943_v6	3.797E-01	1.714E-01	3.915E-01	0.164	37
afdb_A1B8Z1_v6	afdb_P77444_v6	2.798E-01	2.704E-01	2.861E-01	0.069	27
afdb_A1B8Z1_v6	afdb_Q9AGP8_v6	3.512E-01	2.003E-01	3.783E-01	0.138	35
afdb_A1B8Z1_v6	afdb_P0A9P4_v6	2.552E-01	2.900E-01	3.191E-01	0.057	25
afdb_A1B8Z1_v6	afdb_P09598_v6	2.416E-01	2.982E-01	3.171E-01	0.051	24
afdb_A1B8Z1_v6	afdb_Q56839_v6	2.982E-01	2.388E-01	3.775E-01	0.082	29
afdb_A1B8Z1_v6	afdb_P22394_v6	3.067E-01	2.312E-01	3.818E-01	0.090	30
afdb_A1B8Z1_v6	afdb_P00489_v6	3.397E-01	1.899E-01	3.589E-01	0.116	33
afdb_A1B8Z1_v6	afdb_Q9L9D7_v6	2.987E-01	2.183E-01	4.143E-01	0.082	29
afdb_A1B8Z1_v6	afdb_P00388_v6	3.088E-01	2.079E-01	3.108E-01	0.090	30
afdb_A1B8Z1_v6	afdb_P06621_v6	2.630E-01	2.505E-01	2.821E-01	0.063	26
afdb_A1B8Z1_v6	afdb_P00777_v6	2.315E-01	2.783E-01	3.379E-01	0.045	23
afdb_A1B8Z1_v6	afdb_P00914_v6	2.711E-01	2.355E-01	3.122E-01	0.069	27
afdb_A1B8Z1_v6	afdb_P00455_v6	2.468E-01	2.551E-01	2.917E-01	0.051	24
afdb_A1B8Z1_v6	afdb_Q6YBS3_v6	2.976E-01	2.020E-01	4.618E-01	0.082	29
afdb_A1B8Z1_v6	afdb_P03007_v6	2.071E-01	2.893E-01	3.500E-01	0.029	20
afdb_A1B8Z1_v6	afdb_P00392_v6	2.818E-01	2.144E-01	3.057E-01	0.076	28
afdb_A1B8Z1_v6	afdb_P27487_v6	3.067E-01	1.866E-01	3.256E-01	0.090	30
afdb_A1B8Z1_v6	afdb_P48534_v6	2.074E-01	2.858E-01	2.997E-01	0.029	20
afdb_A1B8Z1_v6	afdb_P37062_v6	2.577E-01	2.322E-01	3.069E-01	0.057	25
afdb_A1B8Z1_v6	afdb_F8W4B7_v6	3.341E-01	1.522E-01	3.679E-01	0.116	33
afdb_A1B8Z1_v6	afdb_P05725_v6	1.714E-01	3.146E-01	3.327E-01	0.016	17
afdb_A1B8Z1_v6	afdb_P56216_v6	2.736E-01	2.100E-01	2.807E-01	0.069	27
afdb_A1B8Z1_v6	afdb_P71119_v6	1.928E-01	2.907E-01	3.134E-01	0.024	19
afdb_A1B8Z1_v6	afdb_P46076_v6	2.324E-01	2.477E-01	2.648E-01	0.045	23
afdb_A1B8Z1_v6	afdb_P08148_v6	2.771E-01	2.001E-01	3.071E-01	0.069	27
afdb_A1B8Z1_v6	afdb_P00396_v6	2.615E-01	2.138E-01	2.672E-01	0.063	26
afdb_A1B8Z1_v6	afdb_P21179_v6	2.908E-01	1.761E-01	3.216E-01	0.082	29
afdb_A1B8Z1_v6	afdb_P81054_v6	2.199E-01	2.373E-01	2.782E-01	0.034	21
afdb_A1B8Z1_v6	afdb_Q7SID9_v6	2.558E-01	1.973E-01	2.600E-01	0.057	25
afdb_A1B8Z1_v6	afdb_P09883_v6	2.588E-01	1.929E-01	2.770E-01	0.057	25
afdb_A1B8Z1_v6	afdb_P40881_v6	1.888E-01	2.567E-01	2.637E-01	0.020	18
afdb_A1B8Z1_v6	afdb_Q9NPB1_v6	1.832E-01	2.596E-01	3.169E-01	0.020	18
afdb_A1B8Z1_v6	afdb_P14779_v6	2.830E-01	1.374E-01	3.106E-01	0.076	28
afdb_A1B8Z1_v6	afdb_Q01693_v6	2.281E-01	1.905E-01	2.575E-01	0.040	22
afdb_A1B8Z1_v6	afdb_O13297_v6	2.285E-01	1.754E-01	2.871E-01	0.040	22
afdb_A1B8Z1_v6	afdb_P12821_v6	2.715E-01	1.034E-01	2.742E-01	0.069	27
afdb_C1I202_v6	afdb_Q29460_v6	5.271E-01	4.838E-01	5.747E-01	0.537	52
afdb_C1I202_v6	afdb_Q00017_v6	5.295E-01	4.595E-01	5.352E-01	0.537	52
afdb_C1I202_v6	afdb_P22266_v6	5.728E-01	3.861E-01	5.769E-01	0.692	57
afdb_C1I202_v6	afdb_P83772_v6	5.119E-01	4.298E-01	5.137E-01	0.505	51
afdb_C1I202_v6	afdb_O58727_v6	4.367E-01	4.859E-01	4.880E-01	0.277	43
afdb_C1I202_v6	afdb_P37957_v6	4.584E-01	4.505E-01	5.121E-01	0.326	45
afdb_C1I202_v6	afdb_P05521_v6	4.983E-01	3.682E-01	5.056E-01	0.442	49
afdb_C1I202_v6	afdb_P96965_v6	4.810E-01	3.822E-01	4.827E-01	0.411	48
afdb_C1I202_v6	afdb_P0CE47_v6	5.438E-01	3.182E-01	5.698E-01	0.601	54
afdb_C1I202_v6	afdb_Q75WN8_v6	4.760E-01	3.719E-01	4.777E-01	0.382	47
afdb_C1I202_v6	afdb_Q3HWU8_v6	4.559E-01	3.673E-01	4.656E-01	0.326	45
afdb_C1I202_v6	afdb_Q9NPB1_v6	4.253E-01	3.947E-01	4.433E-01	0.254	42
afdb_C1I202_v6	afdb_Q9UMR5_v6	4.625E-01	3.482E-01	4.742E-01	0.353	46
afdb_C1I202_v6	afdb_P53608_v6	4.608E-01	3.495E-01	4.770E-01	0.353	46
afdb_C1I202_v6	afdb_Q58989_v6	4.041E-01	3.981E-01	4.217E-01	0.214	40
afdb_C1I202_v6	afdb_P45478_v6	4.565E-01	3.435E-01	4.674E-01	0.326	45
afdb_C1I202_v6	afdb_P80324_v6	4.802E-01	3.049E-01	4.819E-01	0.411	48
afdb_C1I202_v6	afdb_P04042_v6	4.739E-01	3.084E-01	4.775E-01	0.382	47
afdb_C1I202_v6	afdb_Q12178_v6	3.490E-01	4.203E-01	4.542E-01	0.126	34
afdb_C1I202_v6	afdb_P08819_v6	4.902E-01	2.736E-01	4.970E-01	0.442	49
afdb_C1I202_v6	afdb_P00388_v6	5.592E-01	1.977E-01	6.909E-01	0.632	55
afdb_C1I202_v6	afdb_P06621_v6	4.791E-01	2.721E-01	4.826E-01	0.382	47
afdb_C1I202_v6	afdb_P03958_v6	4.426E-01	3.001E-01	4.440E-01	0.301	44
afdb_C1I202_v6	afdb_P22394_v6	5.098E-01	2.260E-01	5.136E-01	0.473	50
afdb_C1I202_v6	afdb_P0A9P4_v6	4.265E-01	3.031E-01	4.297E-01	0.254	42
afdb_C1I202_v6	afdb_Q8RB32_v6	3.820E-01	3.440E-01	3.935E-01	0.179	38
afdb_C1I202_v6	afdb_Q01693_v6	4.858E-01	2.353E-01	4.876E-01	0.411	48
afdb_C1I202_v6	afdb_P29183_v6	4.653E-01	2.531E-01	4.731E-01	0.353	46
afdb_C1I202_v6	afdb_P71119_v6	3.633E-01	3.535E-01	3.805E-01	0.150	36
afdb_C1I202_v6	afdb_P0A6C1_v6	3.958E-01	3.154E-01	4.179E-01	0.196	39
afdb_C1I202_v6	afdb_P21836_v6	4.957E-01	2.128E-01	4.990E-01	0.442	49
afdb_C1I202_v6	afdb_P39377_v6	4.256E-01	2.758E-01	4.274E-01	0.254	42
afdb_C1I202_v6	afdb_P0A1E3_v6	4.073E-01	2.888E-01	4.508E-01	0.214	40
afdb_C1I202_v6	afdb_P14779_v6	5.591E-01	1.323E-01	7.143E-01	0.632	55
afdb_C1I202_v6	afdb_P00489_v6	5.220E-01	1.618E-01	5.239E-01	0.537	52
afdb_C1I202_v6	afdb_P06721_v6	4.289E-01	2.532E-01	4.698E-01	0.254	42
afdb_C1I202_v6	afdb_O59791_v6	3.938E-01	2.849E-01	3.951E-01	0.196	39
afdb_C1I202_v6	afdb_Q7ZAG8_v6	4.278E-01	2.498E-01	4.386E-01	0.254	42
afdb_C1I202_v6	afdb_Q02899_v6	4.186E-01	2.552E-01	4.220E-01	0.233	41
afdb_C1I202_v6	afdb_P00914_v6	4.457E-01	2.268E-01	4.849E-01	0.301	44
afdb_C1I202_v6	afdb_P83686_v6	3.685E-01	3.033E-01	4.427E-01	0.150	36
afdb_C1I202_v6	afdb_P00935_v6	4.154E-01	2.549E-01	4.509E-01	0.233	41
afdb_C1I202_v6	afdb_P0A6G7_v6	3.328E-01	3.328E-01	4.008E-01	0.116	33
afdb_C1I202_v6	afdb_Q9XBQ8_v6	4.179E-01	2.458E-01	4.502E-01	0.233	41
afdb_C1I202_v6	afdb_P16444_v6	4.170E-01	2.461E-01	4.272E-01	0.233	41
afdb_C1I202_v6	afdb_P08165_v6	4.373E-01	2.233E-01	4.421E-01	0.277	43
afdb_C1I202_v6	afdb_P21179_v6	4.935E-01	1.593E-01	4.971E-01	0.442	49
afdb_C1I202_v6	afdb_P03007_v6	3.427E-01	3.084E-01	3.789E-01	0.126	34
afdb_C1I202_v6	afdb_Q6LZM9_v6	4.192E-01	2.311E-01	4.641E-01	0.233	41
afdb_C1I202_v6	afdb_P25910_v6	3.466E-01	3.046E-01	4.010E-01	0.126	34
afdb_C1I202_v6	afdb_P28796_v6	4.254E-01	2.246E-01	4.693E-01	0.254	42
afdb_C1I202_v6	afdb_P37062_v6	4.185E-01	2.274E-01	4.332E-01	0.233	41
afdb_C1I202_v6	afdb_Q9L9D7_v6	4.472E-01	1.968E-01	4.520E-01	0.301	44
afdb_C1I202_v6	afdb_Q945K2_v6	4.371E-01	2.018E-01	4.430E-01	0.277	43
afdb_C1I202_v6	afdb_P12995_v6	4.035E-01	2.355E-01	4.464E-01	0.214	40
afdb_C1I202_v6	afdb_P16932_v6	3.987E-01	2.318E-01	4.428E-01	0.196	39
afdb_C1I202_v6	afdb_P04190_v6	3.380E-01	2.898E-01	3.962E-01	0.116	33
afdb_C1I202_v6	afdb_P00455_v6	3.810E-01	2.460E-01	3.960E-01	0.179	38
afdb_C1I202_v6	afdb_P05414_v6	3.766E-01	2.493E-01	4.181E-01	0.164	37
afdb_C1I202_v6	afdb_P00392_v6	4.317E-01	1.922E-01	4.461E-01	0.277	43
afdb_C1I202_v6	afdb_P10902_v6	4.195E-01	1.993E-01	4.283E-01	0.233	41
afdb_C1I202_v6	afdb_P24630_v6	3.936E-01	2.254E-01	4.480E-01	0.196	39
afdb_C1I202_v6	afdb_P00860_v6	3.945E-01	2.179E-01	4.498E-01	0.196	39
afdb_C1I202_v6	afdb_Q6YBS3_v6	4.321E-01	1.765E-01	4.382E-01	0.277	43
afdb_C1I202_v6	afdb_Q06241_v6	2.996E-01	3.048E-01	3.468E-01	0.082	29
afdb_C1I202_v6	afdb_P0AB77_v6	3.733E-01	2.287E-01	4.519E-01	0.164	37
afdb_C1I202_v6	afdb_P40859_v6	3.668E-01	2.324E-01	4.134E-01	0.150	36
afdb_C1I202_v6	afdb_Q56839_v6	4.019E-01	1.959E-01	4.214E-01	0.214	40
afdb_C1I202_v6	afdb_P16099_v6	4.349E-01	1.628E-01	4.397E-01	0.277	43
afdb_C1I202_v6	afdb_P42593_v6	4.256E-01	1.653E-01	4.657E-01	0.254	42
afdb_C1I202_v6	afdb_P52700_v6	3.314E-01	2.592E-01	4.038E-01	0.116	33
afdb_C1I202_v6	afdb_P27487_v6	4.353E-01	1.535E-01	4.392E-01	0.277	43
afdb_C1I202_v6	afdb_P83788_v6	3.677E-01	2.172E-01	4.495E-01	0.150	36
afdb_C1I202_v6	afdb_P77444_v6	3.627E-01	2.220E-01	3.882E-01	0.150	36
afdb_C1I202_v6	afdb_P43099_v6	4.280E-01	1.534E-01	4.750E-01	0.254	42
afdb_C1I202_v6	afdb_Q6UV28_v6	2.532E-01	3.234E-01	4.017E-01	0.057	25
afdb_C1I202_v6	afdb_Q16775_v6	3.229E-01	2.504E-01	3.352E-01	0.106	32
afdb_C1I202_v6	afdb_P00396_v6	3.705E-01	1.920E-01	3.717E-01	0.164	37
afdb_C1I202_v6	afdb_P08373_v6	3.284E-01	2.312E-01	3.305E-01	0.106	32
afdb_C1I202_v6	afdb_Q28943_v6	4.231E-01	1.249E-01	4.290E-01	0.254	42
afdb_C1I202_v6	afdb_P81054_v6	3.227E-01	2.244E-01	3.448E-01	0.106	32
afdb_C1I202_v6	afdb_P00175_v6	3.669E-01	1.711E-01	3.680E-01	0.150	36
afdb_C1I202_v6	afdb_P40881_v6	2.860E-01	2.514E-01	3.091E-01	0.076	28
afdb_C1I202_v6	afdb_F8W4B7_v6	4.141E-01	1.167E-01	4.194E-01	0.233	41
afdb_C1I202_v6	afdb_Q9AGP8_v6	4.009E-01	1.291E-01	4.182E-01	0.214	40
afdb_C1I202_v6	afdb_P46076_v6	3.132E-01	2.152E-01	3.362E-01	0.098	31
afdb_C1I202_v6	afdb_P19938_v6	2.921E-01	2.357E-01	3.042E-01	0.082	29
afdb_C1I202_v6	afdb_A0A0C6DRW4_v6	3.331E-01	1.932E-01	3.463E-01	0.116	33
afdb_C1I202_v6	afdb_P22637_v6	3.520E-01	1.688E-01	3.566E-01	0.138	35
afdb_C1I202_v6	afdb_Q50925_v6	3.512E-01	1.625E-01	4.182E-01	0.138	35
afdb_C1I202_v6	afdb_P23295_v6	3.168E-01	1.930E-01	3.723E-01	0.098	31
afdb_C1I202_v6	afdb_P00800_v6	3.421E-01	1.647E-01	3.443E-01	0.126	34
afdb_C1I202_v6	afdb_P55038_v6	4.255E-01	7.939E-02	4.269E-01	0.254	42
afdb_C1I202_v6	afdb_Q05755_v6	4.132E-01	8.991E-02	4.143E-01	0.233	41
afdb_C1I202_v6	afdb_P12821_v6	3.712E-01	8.345E-02	3.725E-01	0.164	37
afdb_C1I202_v6	afdb_P08473_v6	3.258E-01	1.271E-01	3.391E-01	0.106	32
afdb_C1I202_v6	afdb_P30850_v6	3.147E-01	1.352E-01	3.199E-01	0.098	31
afdb_C1I202_v6	afdb_P15917_v6	3.119E-01	1.087E-01	3.233E-01	0.098	31
afdb_C1I202_v6	afdb_P09883_v6	2.371E-01	1.149E-01	2.633E-01	0.045	23
afdb_P16435_v6	afdb_P00388_v6	9.069E-01	9.056E-01	9.915E-01	0.996	90
afdb_P16435_v6	afdb_P00455_v6	3.861E-01	6.911E-01	7.730E-01	0.179	38
afdb_P16435_v6	afdb_P14779_v6	6.441E-01	4.261E-01	7.473E-01	0.855	64
afdb_P16435_v6	afdb_P83686_v6	3.245E-01	7.453E-01	7.597E-01	0.106	32
afdb_P16435_v6	afdb_P0A1E3_v6	2.447E-01	4.294E-01	4.303E-01	0.051	24
afdb_P16435_v6	afdb_Q29460_v6	1.932E-01	4.591E-01	5.626E-01	0.024	19
afdb_P16435_v6	afdb_P53608_v6	2.177E-01	4.279E-01	4.521E-01	0.034	21
afdb_P16435_v6	afdb_O58727_v6	1.525E-01	4.703E-01	5.333E-01	0.011	15
afdb_P16435_v6	afdb_P83772_v6	1.953E-01	4.249E-01	4.811E-01	0.024	19
afdb_P16435_v6	afdb_P05521_v6	2.121E-01	4.059E-01	4.227E-01	0.034	21
afdb_P16435_v6	afdb_O59791_v6	2.250E-01	3.878E-01	4.014E-01	0.040	22
afdb_P16435_v6	afdb_Q00017_v6	1.881E-01	4.230E-01	4.476E-01	0.020	18
afdb_P16435_v6	afdb_P04042_v6	2.229E-01	3.751E-01	3.879E-01	0.040	22
afdb_P16435_v6	afdb_P00914_v6	2.559E-01	3.409E-01	3.413E-01	0.057	25
afdb_P16435_v6	afdb_P52700_v6	2.057E-01	3.829E-01	4.032E-01	0.029	20
afdb_P16435_v6	afdb_P43099_v6	3.020E-01	2.849E-01	3.378E-01	0.090	30
afdb_P16435_v6	afdb_P27487_v6	3.057E-01	2.796E-01	3.236E-01	0.090	30
afdb_P16435_v6	afdb_P96965_v6	1.884E-01	3.860E-01	5.533E-01	0.020	18
afdb_P16435_v6	afdb_Q9L9D7_v6	2.588E-01	2.926E-01	2.974E-01	0.057	25
afdb_P16435_v6	afdb_P04190_v6	1.741E-01	3.742E-01	4.057E-01	0.016	17
afdb_P16435_v6	afdb_P08473_v6	2.843E-01	2.635E-01	3.143E-01	0.076	28
afdb_P16435_v6	afdb_Q75WN8_v6	1.805E-01	3.630E-01	5.228E-01	0.020	18
afdb_P16435_v6	afdb_Q56839_v6	2.461E-01	2.968E-01	3.032E-01	0.051	24
afdb_P16435_v6	afdb_P25910_v6	1.710E-01	3.690E-01	3.896E-01	0.016	17
afdb_P16435_v6	afdb_P00175_v6	2.575E-01	2.827E-01	3.153E-01	0.057	25
afdb_P16435_v6	afdb_P09184_v6	1.263E-01	4.134E-01	4.804E-01	0.008	12
afdb_P16435_v6	afdb_Q6LZM9_v6	2.253E-01	3.139E-01	3.905E-01	0.040	22
afdb_P16435_v6	afdb_P00489_v6	2.903E-01	2.480E-01	3.031E-01	0.082	29
afdb_P16435_v6	afdb_P37062_v6	2.263E-01	3.091E-01	3.506E-01	0.040	22
afdb_P16435_v6	afdb_P55038_v6	3.517E-01	1.822E-01	3.778E-01	0.138	35
afdb_P16435_v6	afdb_P15917_v6	2.844E-01	2.491E-01	3.050E-01	0.076	28
afdb_P16435_v6	afdb_Q8RB32_v6	1.685E-01	3.626E-01	3.771E-01	0.014	16
afdb_P16435_v6	afdb_P16099_v6	2.730E-01	2.579E-01	2.993E-01	0.069	27
afdb_P16435_v6	afdb_Q58989_v6	1.529E-01	3.772E-01	3.983E-01	0.011	15
afdb_P16435_v6	afdb_P00860_v6	2.279E-01	3.011E-01	3.559E-01	0.040	22
afdb_P16435_v6	afdb_Q7ZAG8_v6	2.130E-01	3.121E-01	3.563E-01	0.034	21
afdb_P16435_v6	afdb_P0A9P4_v6	1.910E-01	3.332E-01	3.707E-01	0.024	19
afdb_P16435_v6	afdb_P24474_v6	2.455E-01	2.775E-01	2.782E-01	0.051	24
afdb_P16435_v6	afdb_P08148_v6	2.495E-01	2.724E-01	2.942E-01	0.051	24
afdb_P16435_v6	afdb_P39377_v6	2.070E-01	3.144E-01	3.417E-01	0.029	20
afdb_P16435_v6	afdb_P09030_v6	1.717E-01	3.480E-01	3.559E-01	0.016	17
afdb_P16435_v6	afdb_P21179_v6	2.700E-01	2.501E-01	2.915E-01	0.069	27
afdb_P16435_v6	afdb_P21836_v6	2.494E-01	2.678E-01	3.008E-01	0.051	24
afdb_P16435_v6	afdb_P03958_v6	1.977E-01	3.151E-01	3.547E-01	0.024	19
afdb_P16435_v6	afdb_P06721_v6	2.011E-01	3.084E-01	3.821E-01	0.029	20
afdb_P16435_v6	afdb_P37967_v6	2.253E-01	2.843E-01	3.069E-01	0.040	22
afdb_P16435_v6	afdb_Q945K2_v6	2.379E-01	2.717E-01	3.103E-01	0.045	23
afdb_P16435_v6	afdb_P12995_v6	2.119E-01	2.962E-01	2.989E-01	0.034	21
afdb_P16435_v6	afdb_Q12178_v6	1.228E-01	3.853E-01	4.216E-01	0.008	12
afdb_P16435_v6	afdb_Q02899_v6	2.053E-01	2.999E-01	3.277E-01	0.029	20
afdb_P16435_v6	afdb_Q3HWU8_v6	1.719E-01	3.318E-01	3.335E-01	0.016	17
afdb_P16435_v6	afdb_P0A6C1_v6	1.728E-01	3.302E-01	3.765E-01	0.016	17
afdb_P16435_v6	afdb_P18314_v6	2.351E-01	2.677E-01	3.378E-01	0.045	23
afdb_P16435_v6	afdb_P0AB77_v6	2.026E-01	2.987E-01	3.241E-01	0.029	20
afdb_P16435_v6	afdb_P0A6G7_v6	1.384E-01	3.598E-01	3.636E-01	0.009	13
afdb_P16435_v6	afdb_Q16775_v6	1.773E-01	3.199E-01	3.376E-01	0.016	17
afdb_P16435_v6	afdb_P10902_v6	2.284E-01	2.684E-01	2.720E-01	0.040	22
afdb_P16435_v6	afdb_Q9UMR5_v6	1.680E-01	3.281E-01	5.342E-01	0.014	16
afdb_P16435_v6	afdb_P40859_v6	1.975E-01	2.971E-01	3.004E-01	0.024	19
afdb_P16435_v6	afdb_Q6YBS3_v6	2.416E-01	2.522E-01	2.861E-01	0.051	24
afdb_P16435_v6	afdb_P00392_v6	2.308E-01	2.633E-01	3.020E-01	0.040	22
afdb_P16435_v6	afdb_P77444_v6	1.982E-01	2.947E-01	3.093E-01	0.024	19
afdb_P16435_v6	afdb_P81054_v6	1.869E-01	3.063E-01	3.076E-01	0.020	18
afdb_P16435_v6	afdb_P0CE47_v6	1.967E-01	2.940E-01	3.224E-01	0.024	19
afdb_P16435_v6	afdb_P00639_v6	1.674E-01	3.230E-01	3.335E-01	0.014	16
afdb_P16435_v6	afdb_Q01693_v6	2.171E-01	2.692E-01	2.760E-01	0.034	21
afdb_P16435_v6	afdb_P28796_v6	2.098E-01	2.751E-01	2.771E-01	0.029	20
afdb_P16435_v6	afdb_P28305_v6	1.606E-01	3.219E-01	3.226E-01	0.014	16
afdb_P16435_v6	afdb_P83788_v6	2.004E-01	2.814E-01	2.837E-01	0.029	20
afdb_P16435_v6	afdb_P37957_v6	1.416E-01	3.395E-01	3.524E-01	0.010	14
afdb_P16435_v6	afdb_P71119_v6	1.447E-01	3.346E-01	3.766E-01	0.010	14
afdb_P16435_v6	afdb_Q9NPB1_v6	1.476E-01	3.276E-01	3.337E-01	0.010	14
afdb_P16435_v6	afdb_P16444_v6	1.935E-01	2.820E-01	3.137E-01	0.024	19
afdb_P16435_v6	afdb_P22394_v6	2.205E-01	2.517E-01	2.582E-01	0.040	22
afdb_P16435_v6	afdb_P08373_v6	1.764E-01	2.932E-01	3.064E-01	0.016	17
afdb_P16435_v6	afdb_P00766_v6	1.519E-01	3.173E-01	3.182E-01	0.011	15
afdb_P16435_v6	afdb_P45478_v6	1.685E-01	2.997E-01	3.056E-01	0.014	16
afdb_P16435_v6	afdb_P22637_v6	2.177E-01	2.501E-01	2.848E-01	0.034	21
afdb_P16435_v6	afdb_P05414_v6	1.840E-01	2.824E-01	2.880E-01	0.020	18
afdb_P16435_v6	afdb_P00935_v6	1.831E-01	2.800E-01	3.411E-01	0.020	18
afdb_P16435_v6	afdb_P08165_v6	2.048E-01	2.580E-01	2.949E-01	0.029	20
afdb_P16435_v6	afdb_P00777_v6	1.620E-01	3.007E-01	3.415E-01	0.014	16
afdb_P16435_v6	afdb_P00800_v6	2.132E-01	2.480E-01	2.654E-01	0.034	21
afdb_P16435_v6	afdb_P00592_v6	1.095E-01	3.499E-01	3.717E-01	0.000	10
afdb_P16435_v6	afdb_P05725_v6	1.203E-01	3.356E-01	3.369E-01	0.008	12
afdb_P16435_v6	afdb_P29183_v6	1.960E-01	2.580E-01	2.783E-01	0.024	19
afdb_P16435_v6	afdb_P24630_v6	1.919E-01	2.621E-01	2.755E-01	0.024	19
afdb_P16435_v6	afdb_P09598_v6	1.542E-01	2.987E-01	3.029E-01	0.011	15
afdb_P16435_v6	afdb_P19938_v6	1.570E-01	2.950E-01	3.098E-01	0.011	15
afdb_P16435_v6	afdb_P35049_v6	1.488E-01	3.029E-01	3.167E-01	0.010	14
afdb_P16435_v6	afdb_P27170_v6	1.732E-01	2.786E-01	3.373E-01	0.016	17
afdb_P16435_v6	afdb_P22266_v6	1.700E-01	2.784E-01	3.140E-01	0.014	16
afdb_P16435_v6	afdb_P21327_v6	1.794E-01	2.665E-01	2.923E-01	0.016	17
afdb_P16435_v6	afdb_Q9XBQ8_v6	1.838E-01	2.596E-01	2.802E-01	0.020	18
afdb_P16435_v6	afdb_P09883_v6	2.089E-01	2.336E-01	2.440E-01	0.029	20
afdb_P16435_v6	afdb_O13297_v6	1.982E-01	2.341E-01	2.588E-01	0.024	19
afdb_P16435_v6	afdb_Q28943_v6	2.473E-01	1.819E-01	2.676E-01	0.051	24
afdb_P16435_v6	afdb_F8W4B7_v6	2.541E-01	1.710E-01	2.613E-01	0.057	25
afdb_P16435_v6	afdb_P00918_v6	1.361E-01	2.815E-01	2.869E-01	0.009	13
afdb_P16435_v6	afdb_Q6UV28_v6	9.678E-02	3.026E-01	3.407E-01	0.000	9
afdb_P24270_v6	afdb_P21179_v6	9.037E-01	6.369E-01	9.531E-01	0.996	90
afdb_P24270_v6	afdb_O16025_v6	4.994E-01	2.566E-01	5.679E-01	0.442	49
afdb_P24270_v6	afdb_P15289_v6	2.854E-01	2.936E-01	3.246E-01	0.076	28
afdb_P24270_v6	afdb_P00396_v6	2.753E-01	2.803E-01	3.221E-01	0.069	27
afdb_P24270_v6	afdb_P10902_v6	2.758E-01	2.710E-01	2.901E-01	0.069	27
afdb_P24270_v6	afdb_P27170_v6	2.300E-01	3.080E-01	3.216E-01	0.040	22
afdb_P24270_v6	afdb_Q945K2_v6	2.713E-01	2.591E-01	3.058E-01	0.069	27
afdb_P24270_v6	afdb_P37967_v6	2.574E-01	2.719E-01	2.787E-01	0.057	25
afdb_P24270_v6	afdb_Q00017_v6	1.908E-01	3.343E-01	3.382E-01	0.024	19
afdb_P24270_v6	afdb_P00175_v6	2.726E-01	2.503E-01	2.889E-01	0.069	27
afdb_P24270_v6	afdb_P05521_v6	2.099E-01	3.111E-01	3.328E-01	0.029	20
afdb_P24270_v6	afdb_P0CE47_v6	2.319E-01	2.867E-01	3.214E-01	0.045	23
afdb_P24270_v6	afdb_Q05769_v6	2.720E-01	2.461E-01	2.999E-01	0.069	27
afdb_P24270_v6	afdb_P00918_v6	1.947E-01	3.218E-01	3.478E-01	0.024	19
afdb_P24270_v6	afdb_Q9L9D7_v6	2.612E-01	2.469E-01	2.929E-01	0.063	26
afdb_P24270_v6	afdb_P30122_v6	2.622E-01	2.403E-01	2.928E-01	0.063	26
afdb_P24270_v6	afdb_P56218_v6	1.978E-01	3.046E-01	3.090E-01	0.024	19
afdb_P24270_v6	afdb_P25910_v6	1.817E-01	3.136E-01	3.217E-01	0.020	18
afdb_P24270_v6	afdb_P05725_v6	1.417E-01	3.512E-01	3.932E-01	0.010	14
afdb_P24270_v6	afdb_P03007_v6	1.766E-01	3.140E-01	3.365E-01	0.016	17
afdb_P24270_v6	afdb_Q9AGP8_v6	2.866E-01	2.030E-01	3.300E-01	0.076	28
afdb_P24270_v6	afdb_P00914_v6	2.350E-01	2.535E-01	2.704E-01	0.045	23
afdb_P24270_v6	afdb_Q7SID9_v6	2.482E-01	2.373E-01	3.072E-01	0.051	24
afdb_P24270_v6	afdb_P21327_v6	2.185E-01	2.668E-01	2.866E-01	0.034	21
afdb_P24270_v6	afdb_P04190_v6	1.778E-01	3.064E-01	3.287E-01	0.016	17
afdb_P24270_v6	afdb_P29183_v6	2.300E-01	2.536E-01	2.839E-01	0.040	22
afdb_P24270_v6	afdb_P0A6C1_v6	1.892E-01	2.913E-01	2.968E-01	0.020	18
afdb_P24270_v6	afdb_Q6YBS3_v6	2.554E-01	2.237E-01	2.819E-01	0.057	25
afdb_P24270_v6	afdb_Q01693_v6	2.334E-01	2.410E-01	2.624E-01	0.045	23
afdb_P24270_v6	afdb_P00644_v6	1.687E-01	3.049E-01	3.130E-01	0.014	16
afdb_P24270_v6	afdb_P13717_v6	1.799E-01	2.933E-01	3.015E-01	0.016	17
afdb_P24270_v6	afdb_Q6UV28_v6	1.252E-01	3.451E-01	3.796E-01	0.008	12
afdb_P24270_v6	afdb_P16444_v6	2.139E-01	2.559E-01	2.765E-01	0.034	21
afdb_P24270_v6	afdb_Q29460_v6	1.704E-01	2.995E-01	3.028E-01	0.016	17
afdb_P24270_v6	afdb_P83686_v6	1.807E-01	2.892E-01	3.010E-01	0.020	18
afdb_P24270_v6	afdb_P0A6K3_v6	1.413E-01	3.284E-01	3.332E-01	0.010	14
afdb_P24270_v6	afdb_P42593_v6	2.548E-01	2.139E-01	2.636E-01	0.057	25
afdb_P24270_v6	afdb_P28796_v6	2.257E-01	2.437E-01	2.506E-01	0.040	22
afdb_P24270_v6	afdb_P0A6T5_v6	1.637E-01	3.019E-01	3.027E-01	0.014	16
afdb_P24270_v6	afdb_P52700_v6	1.797E-01	2.831E-01	3.369E-01	0.016	17
afdb_P24270_v6	afdb_P00388_v6	2.519E-01	2.105E-01	2.685E-01	0.057	25
afdb_P24270_v6	afdb_O58727_v6	1.467E-01	3.151E-01	3.653E-01	0.010	14
afdb_P24270_v6	afdb_Q16775_v6	1.865E-01	2.750E-01	2.970E-01	0.020	18
afdb_P24270_v6	afdb_P00639_v6	1.779E-01	2.824E-01	3.183E-01	0.016	17
afdb_P24270_v6	afdb_P81054_v6	1.944E-01	2.638E-01	2.691E-01	0.024	19
afdb_P24270_v6	afdb_P00800_v6	2.311E-01	2.251E-01	2.844E-01	0.045	23
afdb_P24270_v6	afdb_P83788_v6	2.091E-01	2.453E-01	2.532E-01	0.029	20
afdb_P24270_v6	afdb_P08148_v6	2.372E-01	2.163E-01	2.407E-01	0.045	23
afdb_P24270_v6	afdb_P27487_v6	2.577E-01	1.947E-01	2.799E-01	0.057	25
afdb_P24270_v6	afdb_P19938_v6	1.751E-01	2.762E-01	2.901E-01	0.016	17
afdb_P24270_v6	afdb_P16099_v6	2.517E-01	1.994E-01	2.794E-01	0.057	25
afdb_P24270_v6	afdb_P30850_v6	2.350E-01	2.022E-01	2.908E-01	0.045	23
afdb_P24270_v6	afdb_P00489_v6	2.530E-01	1.805E-01	2.575E-01	0.057	25
afdb_P24270_v6	afdb_P00777_v6	1.739E-01	2.570E-01	2.843E-01	0.016	17
afdb_P24270_v6	afdb_P00860_v6	2.052E-01	2.247E-01	2.487E-01	0.029	20
afdb_P24270_v6	afdb_P06621_v6	1.928E-01	2.290E-01	2.635E-01	0.024	19
afdb_P24270_v6	afdb_P09030_v6	1.582E-01	2.590E-01	2.813E-01	0.011	15
afdb_P24270_v6	afdb_A0A0C6DRW4_v6	1.921E-01	2.248E-01	2.413E-01	0.024	19
afdb_P24270_v6	afdb_Q8RB32_v6	1.507E-01	2.627E-01	2.832E-01	0.011	15
afdb_P24270_v6	afdb_F8W4B7_v6	2.511E-01	1.458E-01	2.643E-01	0.057	25
afdb_P24270_v6	afdb_P14779_v6	2.468E-01	1.479E-01	2.622E-01	0.051	24
afdb_P24270_v6	afdb_O13297_v6	1.986E-01	1.927E-01	3.070E-01	0.024	19
afdb_P32614_v6	afdb_P10902_v6	7.566E-01	6.621E-01	8.740E-01	0.967	75
afdb_P32614_v6	afdb_P40859_v6	4.791E-01	5.650E-01	5.993E-01	0.382	47
afdb_P32614_v6	afdb_P80324_v6	4.588E-01	5.650E-01	5.823E-01	0.326	45
afdb_P32614_v6	afdb_Q945K2_v6	5.297E-01	4.534E-01	5.317E-01	0.537	52
afdb_P32614_v6	afdb_P0A9P4_v6	4.062E-01	5.680E-01	5.866E-01	0.214	40
afdb_P32614_v6	afdb_P22637_v6	5.198E-01	4.533E-01	5.208E-01	0.505	51
afdb_P32614_v6	afdb_Q7ZAG8_v6	4.071E-01	4.587E-01	5.433E-01	0.214	40
afdb_P32614_v6	afdb_P08165_v6	4.283E-01	4.116E-01	4.995E-01	0.254	42
afdb_P32614_v6	afdb_P37062_v6	4.014E-01	4.189E-01	5.556E-01	0.214	40
afdb_P32614_v6	afdb_Q9AGP8_v6	4.859E-01	2.917E-01	4.869E-01	0.411	48
afdb_P32614_v6	afdb_Q56839_v6	3.906E-01	3.570E-01	5.113E-01	0.196	39
afdb_P32614_v6	afdb_P00392_v6	4.015E-01	3.458E-01	5.328E-01	0.214	40
afdb_P32614_v6	afdb_Q29460_v6	2.414E-01	4.217E-01	5.045E-01	0.051	24
afdb_P32614_v6	afdb_P22266_v6	2.788E-01	3.517E-01	3.867E-01	0.069	27
afdb_P32614_v6	afdb_P19938_v6	2.557E-01	3.663E-01	3.749E-01	0.057	25
afdb_P32614_v6	afdb_P09030_v6	2.473E-01	3.731E-01	3.819E-01	0.051	24
afdb_P32614_v6	afdb_Q00017_v6	2.329E-01	3.803E-01	4.101E-01	0.045	23
afdb_P32614_v6	afdb_P00914_v6	3.062E-01	3.053E-01	3.478E-01	0.090	30
afdb_P32614_v6	afdb_Q75WN8_v6	2.503E-01	3.596E-01	3.808E-01	0.051	24
afdb_P32614_v6	afdb_O58727_v6	1.915E-01	4.072E-01	4.088E-01	0.024	19
afdb_P32614_v6	afdb_P03958_v6	2.579E-01	3.220E-01	3.584E-01	0.057	25
afdb_P32614_v6	afdb_Q8RB32_v6	2.206E-01	3.581E-01	3.601E-01	0.040	22
afdb_P32614_v6	afdb_P08473_v6	3.369E-01	2.390E-01	3.752E-01	0.116	33
afdb_P32614_v6	afdb_P08819_v6	2.800E-01	2.914E-01	3.164E-01	0.069	27
afdb_P32614_v6	afdb_P0A1E3_v6	2.462E-01	3.235E-01	3.852E-01	0.051	24
afdb_P32614_v6	afdb_P53608_v6	2.342E-01	3.346E-01	3.354E-01	0.045	23
afdb_P32614_v6	afdb_Q3HWU8_v6	2.296E-01	3.386E-01	3.591E-01	0.040	22
afdb_P32614_v6	afdb_Q9FEW9_v6	2.651E-01	2.993E-01	3.343E-01	0.063	26
afdb_P32614_v6	afdb_Q9L9D7_v6	3.002E-01	2.604E-01	3.336E-01	0.090	30
afdb_P32614_v6	afdb_O59791_v6	2.430E-01	3.181E-01	3.686E-01	0.051	24
afdb_P32614_v6	afdb_P05521_v6	2.378E-01	3.216E-01	3.673E-01	0.045	23
afdb_P32614_v6	afdb_P56216_v6	2.953E-01	2.609E-01	2.976E-01	0.082	29
afdb_P32614_v6	afdb_P56218_v6	2.313E-01	3.214E-01	3.352E-01	0.045	23
afdb_P32614_v6	afdb_P96965_v6	2.257E-01	3.247E-01	3.312E-01	0.040	22
afdb_P32614_v6	afdb_Q7SID9_v6	2.909E-01	2.572E-01	2.921E-01	0.082	29
afdb_P32614_v6	afdb_P29183_v6	2.708E-01	2.749E-01	3.180E-01	0.069	27
afdb_P32614_v6	afdb_P42593_v6	3.096E-01	2.352E-01	3.898E-01	0.090	30
afdb_P32614_v6	afdb_P21327_v6	2.567E-01	2.871E-01	3.104E-01	0.057	25
afdb_P32614_v6	afdb_P08148_v6	2.955E-01	2.478E-01	3.104E-01	0.082	29
afdb_P32614_v6	afdb_P00639_v6	2.209E-01	3.180E-01	3.293E-01	0.040	22
afdb_P32614_v6	afdb_Q9NPB1_v6	1.971E-01	3.390E-01	3.878E-01	0.024	19
afdb_P32614_v6	afdb_P83772_v6	2.089E-01	3.244E-01	3.388E-01	0.029	20
afdb_P32614_v6	afdb_Q9UMR5_v6	2.212E-01	3.097E-01	3.329E-01	0.040	22
afdb_P32614_v6	afdb_P46076_v6	2.381E-01	2.919E-01	3.353E-01	0.045	23
afdb_P32614_v6	afdb_P16099_v6	3.084E-01	2.213E-01	3.821E-01	0.090	30
afdb_P32614_v6	afdb_P08373_v6	2.351E-01	2.936E-01	3.102E-01	0.045	23
afdb_P32614_v6	afdb_O33199_v6	1.878E-01	3.396E-01	3.459E-01	0.020	18
afdb_P32614_v6	afdb_Q58989_v6	1.923E-01	3.339E-01	3.450E-01	0.024	19
afdb_P32614_v6	afdb_P25910_v6	2.018E-01	3.240E-01	4.082E-01	0.029	20
afdb_P32614_v6	afdb_Q6YBS3_v6	2.908E-01	2.339E-01	3.224E-01	0.082	29
afdb_P32614_v6	afdb_P24474_v6	2.788E-01	2.432E-01	2.863E-01	0.069	27
afdb_P32614_v6	afdb_P00860_v6	2.581E-01	2.617E-01	3.198E-01	0.057	25
afdb_P32614_v6	afdb_P00935_v6	2.413E-01	2.776E-01	3.012E-01	0.051	24
afdb_P32614_v6	afdb_P00388_v6	2.931E-01	2.247E-01	3.254E-01	0.082	29
afdb_P32614_v6	afdb_Q28943_v6	3.372E-01	1.795E-01	4.276E-01	0.116	33
afdb_P32614_v6	afdb_P0CE47_v6	2.407E-01	2.730E-01	2.885E-01	0.051	24
afdb_P32614_v6	afdb_Q02899_v6	2.422E-01	2.708E-01	2.742E-01	0.051	24
afdb_P32614_v6	afdb_P22394_v6	2.721E-01	2.409E-01	2.808E-01	0.069	27
afdb_P32614_v6	afdb_P52700_v6	2.099E-01	3.018E-01	3.684E-01	0.029	20
afdb_P32614_v6	afdb_P04042_v6	2.278E-01	2.813E-01	3.026E-01	0.040	22
afdb_P32614_v6	afdb_P0AB77_v6	2.384E-01	2.699E-01	3.106E-01	0.045	23
afdb_P32614_v6	afdb_P00396_v6	2.618E-01	2.462E-01	2.622E-01	0.063	26
afdb_P32614_v6	afdb_P43099_v6	2.913E-01	2.117E-01	2.926E-01	0.082	29
afdb_P32614_v6	afdb_P12995_v6	2.425E-01	2.589E-01	3.126E-01	0.051	24
afdb_P32614_v6	afdb_P30122_v6	2.727E-01	2.286E-01	2.807E-01	0.069	27
afdb_P32614_v6	afdb_P21179_v6	2.937E-01	2.065E-01	2.950E-01	0.082	29
afdb_P32614_v6	afdb_P09184_v6	1.565E-01	3.428E-01	3.519E-01	0.011	15
afdb_P32614_v6	afdb_P83686_v6	2.026E-01	2.956E-01	2.984E-01	0.029	20
afdb_P32614_v6	afdb_P27487_v6	2.924E-01	2.041E-01	3.037E-01	0.082	29
afdb_P32614_v6	afdb_P16444_v6	2.361E-01	2.593E-01	2.876E-01	0.045	23
afdb_P32614_v6	afdb_P00800_v6	2.608E-01	2.346E-01	2.654E-01	0.063	26
afdb_P32614_v6	afdb_P77444_v6	2.339E-01	2.601E-01	2.850E-01	0.045	23
afdb_P32614_v6	afdb_P83788_v6	2.349E-01	2.569E-01	2.928E-01	0.045	23
afdb_P32614_v6	afdb_P00592_v6	1.525E-01	3.352E-01	3.596E-01	0.011	15
afdb_P32614_v6	afdb_P06721_v6	2.276E-01	2.587E-01	2.979E-01	0.040	22
afdb_P32614_v6	afdb_P39377_v6	2.262E-01	2.575E-01	2.710E-01	0.040	22
afdb_P32614_v6	afdb_P0A6G7_v6	1.691E-01	3.138E-01	3.320E-01	0.014	16
afdb_P32614_v6	afdb_Q9XBQ8_v6	2.306E-01	2.515E-01	2.696E-01	0.045	23
afdb_P32614_v6	afdb_P30850_v6	2.683E-01	2.124E-01	3.052E-01	0.063	26
afdb_P32614_v6	afdb_P23295_v6	2.261E-01	2.531E-01	2.990E-01	0.040	22
afdb_P32614_v6	afdb_P00455_v6	2.202E-01	2.598E-01	3.022E-01	0.034	21
afdb_P32614_v6	afdb_P0A6C1_v6	1.976E-01	2.807E-01	2.863E-01	0.024	19
afdb_P32614_v6	afdb_Q00441_v6	2.255E-01	2.512E-01	3.118E-01	0.040	22
afdb_P32614_v6	afdb_P03007_v6	1.810E-01	2.927E-01	3.533E-01	0.020	18
afdb_P32614_v6	afdb_P45478_v6	2.006E-01	2.719E-01	2.889E-01	0.029	20
afdb_P32614_v6	afdb_O16025_v6	3.085E-01	1.615E-01	3.352E-01	0.090	30
afdb_P32614_v6	afdb_Q01693_v6	2.407E-01	2.287E-01	3.228E-01	0.051	24
afdb_P32614_v6	afdb_P21836_v6	2.551E-01	2.106E-01	2.581E-01	0.057	25
afdb_P32614_v6	afdb_P00777_v6	1.926E-01	2.644E-01	2.881E-01	0.024	19
afdb_P32614_v6	afdb_P05725_v6	1.449E-01	3.101E-01	3.238E-01	0.010	14
afdb_P32614_v6	afdb_P55038_v6	3.284E-01	1.254E-01	4.026E-01	0.106	32
afdb_P32614_v6	afdb_P04190_v6	1.755E-01	2.770E-01	3.618E-01	0.016	17
afdb_P32614_v6	afdb_P15917_v6	2.713E-01	1.799E-01	3.105E-01	0.069	27
afdb_P32614_v6	afdb_P0A6K3_v6	1.422E-01	3.039E-01	3.302E-01	0.010	14
afdb_P32614_v6	afdb_Q50925_v6	2.340E-01	2.031E-01	2.867E-01	0.045	23
afdb_P32614_v6	afdb_P00918_v6	1.685E-01	2.550E-01	2.661E-01	0.014	16
afdb_P32614_v6	afdb_P12821_v6	2.807E-01	1.268E-01	2.969E-01	0.076	28
afdb_P32614_v6	afdb_O13297_v6	2.136E-01	1.934E-01	2.283E-01	0.034	21
afdb_P32614_v6	afdb_F8W4B7_v6	2.554E-01	1.361E-01	2.934E-01	0.057	25
afdb_P37197_v6	afdb_P83788_v6	2.820E-01	3.060E-01	3.320E-01	0.076	28
afdb_P37197_v6	afdb_P48534_v6	2.250E-01	3.572E-01	3.684E-01	0.040	22
afdb_P37197_v6	afdb_P09184_v6	1.731E-01	3.923E-01	4.030E-01	0.016	17
afdb_P37197_v6	afdb_Q05769_v6	3.095E-01	2.534E-01	3.130E-01	0.090	30
afdb_P37197_v6	afdb_P06721_v6	2.589E-01	2.909E-01	2.986E-01	0.057	25
afdb_P37197_v6	afdb_Q3HWU8_v6	2.249E-01	3.207E-01	3.299E-01	0.040	22
afdb_P37197_v6	afdb_Q16775_v6	2.326E-01	3.122E-01	3.338E-01	0.045	23
afdb_P37197_v6	afdb_P30122_v6	2.957E-01	2.448E-01	3.038E-01	0.082	29
afdb_P37197_v6	afdb_Q00441_v6	2.564E-01	2.833E-01	2.935E-01	0.057	25
afdb_P37197_v6	afdb_Q05755_v6	3.840E-01	1.553E-01	3.955E-01	0.179	38
afdb_P37197_v6	afdb_O33199_v6	1.873E-01	3.473E-01	3.483E-01	0.020	18
afdb_P37197_v6	afdb_Q6LZM9_v6	2.599E-01	2.724E-01	2.917E-01	0.057	25
afdb_P37197_v6	afdb_P23295_v6	2.519E-01	2.795E-01	2.876E-01	0.057	25
afdb_P37197_v6	afdb_P21327_v6	2.511E-01	2.782E-01	2.960E-01	0.057	25
afdb_P37197_v6	afdb_A0A0C6DRW4_v6	2.545E-01	2.743E-01	2.799E-01	0.057	25
afdb_P37197_v6	afdb_P00175_v6	2.845E-01	2.395E-01	2.948E-01	0.076	28
afdb_P37197_v6	afdb_P42593_v6	2.960E-01	2.258E-01	3.303E-01	0.082	29
afdb_P37197_v6	afdb_P00396_v6	2.703E-01	2.514E-01	2.934E-01	0.069	27
afdb_P37197_v6	afdb_P28796_v6	2.601E-01	2.593E-01	2.916E-01	0.063	26
afdb_P37197_v6	afdb_P00860_v6	2.574E-01	2.590E-01	2.876E-01	0.057	25
afdb_P37197_v6	afdb_Q9FEW9_v6	2.390E-01	2.666E-01	2.761E-01	0.045	23
afdb_P37197_v6	afdb_F8W4B7_v6	3.276E-01	1.754E-01	3.430E-01	0.106	32
afdb_P37197_v6	afdb_P77444_v6	2.395E-01	2.631E-01	2.914E-01	0.045	23
afdb_P37197_v6	afdb_P00639_v6	1.985E-01	2.873E-01	2.923E-01	0.024	19
afdb_P37197_v6	afdb_Q50925_v6	2.606E-01	2.239E-01	2.915E-01	0.063	26
afdb_P37197_v6	afdb_O16025_v6	3.159E-01	1.658E-01	3.198E-01	0.098	31
afdb_P37197_v6	afdb_Q9XBQ8_v6	2.309E-01	2.499E-01	3.018E-01	0.045	23
afdb_P37197_v6	afdb_P56216_v6	2.560E-01	2.230E-01	2.862E-01	0.057	25
afdb_P37197_v6	afdb_P08473_v6	2.792E-01	1.982E-01	3.085E-01	0.069	27
afdb_P37197_v6	afdb_P00392_v6	2.502E-01	2.197E-01	2.580E-01	0.057	25
afdb_P37197_v6	afdb_P16932_v6	2.265E-01	2.376E-01	3.197E-01	0.040	22
afdb_P37197_v6	afdb_P0AB77_v6	2.186E-01	2.431E-01	2.703E-01	0.034	21
afdb_P37197_v6	afdb_P12821_v6	3.170E-01	1.424E-01	3.416E-01	0.098	31
afdb_P37197_v6	afdb_Q6UV28_v6	1.324E-01	3.147E-01	3.607E-01	0.009	13
afdb_P37197_v6	afdb_P45478_v6	1.889E-01	2.512E-01	2.695E-01	0.020	18
afdb_P37197_v6	afdb_P09598_v6	1.795E-01	2.573E-01	2.725E-01	0.016	17
afdb_P37197_v6	afdb_P14779_v6	2.810E-01	1.536E-01	2.868E-01	0.076	28
afdb_P37197_v6	afdb_P27170_v6	1.977E-01	2.368E-01	2.461E-01	0.024	19
afdb_P37197_v6	afdb_Q28943_v6	2.783E-01	1.538E-01	2.865E-01	0.069	27
afdb_P37197_v6	afdb_P16444_v6	2.047E-01	2.239E-01	2.885E-01	0.029	20
afdb_P37197_v6	afdb_P09883_v6	2.283E-01	1.946E-01	2.441E-01	0.040	22
afdb_P41816_v6	afdb_Q02899_v6	9.993E-01	9.993E-01	1.002E+00	0.999	99
afdb_P41816_v6	afdb_Q9FEW9_v6	8.584E-01	8.666E-01	8.858E-01	0.992	85
afdb_P41816_v6	afdb_P42593_v6	7.903E-01	4.863E-01	8.128E-01	0.981	79
afdb_P41816_v6	afdb_P16099_v6	8.033E-01	4.578E-01	8.222E-01	0.984	80
afdb_P41816_v6	afdb_P0A6C1_v6	4.818E-01	6.389E-01	6.538E-01	0.411	48
afdb_P41816_v6	afdb_Q8RB32_v6	4.084E-01	6.171E-01	6.211E-01	0.214	40
afdb_P41816_v6	afdb_P05414_v6	4.775E-01	5.128E-01	5.609E-01	0.382	47
afdb_P41816_v6	afdb_P03958_v6	4.424E-01	4.900E-01	4.923E-01	0.301	44
afdb_P41816_v6	afdb_P39377_v6	4.485E-01	4.579E-01	4.717E-01	0.301	44
afdb_P41816_v6	afdb_P16444_v6	4.459E-01	4.368E-01	5.168E-01	0.301	44
afdb_P41816_v6	afdb_P00639_v6	3.758E-01	4.869E-01	5.208E-01	0.164	37
afdb_P41816_v6	afdb_P00860_v6	4.419E-01	3.923E-01	4.485E-01	0.301	44
afdb_P41816_v6	afdb_P00175_v6	4.849E-01	3.414E-01	5.553E-01	0.411	48
afdb_P41816_v6	afdb_P09030_v6	3.456E-01	4.684E-01	4.841E-01	0.126	34
afdb_P41816_v6	afdb_P05521_v6	3.596E-01	4.410E-01	4.518E-01	0.138	35
afdb_P41816_v6	afdb_Q29460_v6	3.085E-01	4.821E-01	5.429E-01	0.090	30
afdb_P41816_v6	afdb_Q28943_v6	5.498E-01	2.320E-01	5.977E-01	0.601	54
afdb_P41816_v6	afdb_Q9XBQ8_v6	3.895E-01	3.776E-01	4.698E-01	0.179	38
afdb_P41816_v6	afdb_Q00017_v6	3.104E-01	4.514E-01	4.728E-01	0.090	30
afdb_P41816_v6	afdb_P18314_v6	4.235E-01	3.214E-01	4.294E-01	0.254	42
afdb_P41816_v6	afdb_P45478_v6	3.305E-01	4.046E-01	4.381E-01	0.116	33
afdb_P41816_v6	afdb_Q9UMR5_v6	3.269E-01	4.054E-01	4.430E-01	0.106	32
afdb_P41816_v6	afdb_P96965_v6	3.185E-01	4.125E-01	4.345E-01	0.098	31
afdb_P41816_v6	afdb_P22266_v6	3.442E-01	3.846E-01	4.243E-01	0.126	34
afdb_P41816_v6	afdb_P25910_v6	2.947E-01	4.237E-01	4.566E-01	0.082	29
afdb_P41816_v6	afdb_P53608_v6	3.223E-01	3.957E-01	3.966E-01	0.106	32
afdb_P41816_v6	afdb_P04190_v6	2.970E-01	4.189E-01	4.618E-01	0.082	29
afdb_P41816_v6	afdb_P15289_v6	3.889E-01	3.265E-01	4.041E-01	0.179	38
afdb_P41816_v6	afdb_P37967_v6	3.838E-01	3.293E-01	4.295E-01	0.179	38
afdb_P41816_v6	afdb_P0A1E3_v6	3.260E-01	3.849E-01	4.109E-01	0.106	32
afdb_P41816_v6	afdb_O59791_v6	3.229E-01	3.806E-01	4.122E-01	0.106	32
afdb_P41816_v6	afdb_O58727_v6	2.450E-01	4.548E-01	4.584E-01	0.051	24
afdb_P41816_v6	afdb_P0A6G7_v6	2.517E-01	4.280E-01	4.549E-01	0.057	25
afdb_P41816_v6	afdb_Q12178_v6	2.246E-01	4.551E-01	4.965E-01	0.040	22
afdb_P41816_v6	afdb_Q75WN8_v6	2.962E-01	3.833E-01	3.915E-01	0.082	29
afdb_P41816_v6	afdb_P37957_v6	2.595E-01	4.152E-01	4.806E-01	0.057	25
afdb_P41816_v6	afdb_P16932_v6	3.471E-01	3.258E-01	3.738E-01	0.126	34
afdb_P41816_v6	afdb_P22394_v6	3.791E-01	2.916E-01	4.348E-01	0.164	37
afdb_P41816_v6	afdb_P30122_v6	3.864E-01	2.835E-01	4.303E-01	0.179	38
afdb_P41816_v6	afdb_Q16775_v6	3.015E-01	3.624E-01	4.490E-01	0.090	30
afdb_P41816_v6	afdb_Q3HWU8_v6	2.869E-01	3.764E-01	3.943E-01	0.076	28
afdb_P41816_v6	afdb_P83772_v6	2.770E-01	3.853E-01	3.873E-01	0.069	27
afdb_P41816_v6	afdb_P0A9P4_v6	3.046E-01	3.546E-01	3.561E-01	0.090	30
afdb_P41816_v6	afdb_P52700_v6	2.898E-01	3.692E-01	4.427E-01	0.076	28
afdb_P41816_v6	afdb_P21836_v6	3.820E-01	2.738E-01	4.232E-01	0.179	38
afdb_P41816_v6	afdb_P12995_v6	3.304E-01	3.133E-01	3.556E-01	0.116	33
afdb_P41816_v6	afdb_Q58989_v6	2.497E-01	3.915E-01	4.103E-01	0.051	24
afdb_P41816_v6	afdb_P55038_v6	4.934E-01	1.463E-01	5.256E-01	0.442	49
afdb_P41816_v6	afdb_P83686_v6	2.686E-01	3.570E-01	3.755E-01	0.063	26
afdb_P41816_v6	afdb_P00489_v6	3.955E-01	2.207E-01	4.128E-01	0.196	39
afdb_P41816_v6	afdb_P29183_v6	3.239E-01	2.922E-01	3.493E-01	0.106	32
afdb_P41816_v6	afdb_P28796_v6	3.239E-01	2.902E-01	3.316E-01	0.106	32
afdb_P41816_v6	afdb_P24630_v6	3.157E-01	2.969E-01	3.430E-01	0.098	31
afdb_P41816_v6	afdb_P37062_v6	3.165E-01	2.908E-01	3.391E-01	0.098	31
afdb_P41816_v6	afdb_P0CE47_v6	2.988E-01	3.022E-01	3.862E-01	0.082	29
afdb_P41816_v6	afdb_Q56839_v6	3.314E-01	2.694E-01	3.575E-01	0.116	33
afdb_P41816_v6	afdb_P40859_v6	2.967E-01	3.021E-01	3.152E-01	0.082	29
afdb_P41816_v6	afdb_Q6LZM9_v6	3.071E-01	2.870E-01	3.732E-01	0.090	30
afdb_P41816_v6	afdb_P24474_v6	3.309E-01	2.563E-01	3.396E-01	0.116	33
afdb_P41816_v6	afdb_P00392_v6	3.321E-01	2.542E-01	3.556E-01	0.116	33
afdb_P41816_v6	afdb_P09184_v6	1.891E-01	3.928E-01	4.124E-01	0.020	18
afdb_P41816_v6	afdb_Q6YBS3_v6	3.430E-01	2.374E-01	3.925E-01	0.126	34
afdb_P41816_v6	afdb_P00455_v6	2.797E-01	2.950E-01	3.452E-01	0.069	27
afdb_P41816_v6	afdb_P06721_v6	2.850E-01	2.878E-01	3.339E-01	0.076	28
afdb_P41816_v6	afdb_P04042_v6	2.690E-01	2.965E-01	3.126E-01	0.063	26
afdb_P41816_v6	afdb_Q06241_v6	2.191E-01	3.446E-01	3.552E-01	0.034	21
afdb_P41816_v6	afdb_P08165_v6	3.020E-01	2.603E-01	3.115E-01	0.090	30
afdb_P41816_v6	afdb_P0AB77_v6	2.770E-01	2.780E-01	3.596E-01	0.069	27
afdb_P41816_v6	afdb_P00935_v6	2.729E-01	2.799E-01	3.242E-01	0.069	27
afdb_P41816_v6	afdb_P83788_v6	2.789E-01	2.716E-01	2.809E-01	0.069	27
afdb_P41816_v6	afdb_Q9L9D7_v6	3.138E-01	2.367E-01	3.813E-01	0.098	31
afdb_P41816_v6	afdb_P09598_v6	2.366E-01	3.044E-01	3.546E-01	0.045	23
afdb_P41816_v6	afdb_Q6UV28_v6	1.738E-01	3.666E-01	4.215E-01	0.016	17
afdb_P41816_v6	afdb_F8W4B7_v6	3.668E-01	1.708E-01	3.750E-01	0.150	36
afdb_P41816_v6	afdb_Q7ZAG8_v6	2.690E-01	2.657E-01	2.799E-01	0.063	26
afdb_P41816_v6	afdb_P77444_v6	2.683E-01	2.654E-01	2.731E-01	0.063	26
afdb_P41816_v6	afdb_Q05755_v6	4.032E-01	1.300E-01	4.093E-01	0.214	40
afdb_P41816_v6	afdb_P48534_v6	2.208E-01	3.117E-01	3.474E-01	0.040	22
afdb_P41816_v6	afdb_O16025_v6	3.535E-01	1.648E-01	3.921E-01	0.138	35
afdb_P41816_v6	afdb_P46076_v6	2.459E-01	2.686E-01	2.946E-01	0.051	24
afdb_P41816_v6	afdb_P27487_v6	3.141E-01	1.992E-01	3.210E-01	0.098	31
afdb_P41816_v6	afdb_P21327_v6	2.489E-01	2.489E-01	2.764E-01	0.051	24
afdb_P41816_v6	afdb_A0A0C6DRW4_v6	2.521E-01	2.441E-01	4.225E-01	0.057	25
afdb_P41816_v6	afdb_P05725_v6	1.775E-01	3.200E-01	3.455E-01	0.016	17
afdb_P41816_v6	afdb_P81054_v6	2.349E-01	2.599E-01	2.895E-01	0.045	23
afdb_P41816_v6	afdb_Q00441_v6	2.458E-01	2.441E-01	2.649E-01	0.051	24
afdb_P41816_v6	afdb_Q05769_v6	2.807E-01	2.093E-01	2.897E-01	0.076	28
afdb_P41816_v6	afdb_P71119_v6	1.942E-01	2.932E-01	2.957E-01	0.024	19
afdb_P41816_v6	afdb_P35049_v6	2.021E-01	2.841E-01	3.086E-01	0.029	20
afdb_P41816_v6	afdb_P43099_v6	2.988E-01	1.869E-01	3.050E-01	0.082	29
afdb_P41816_v6	afdb_P00914_v6	2.574E-01	2.291E-01	3.233E-01	0.057	25
afdb_P41816_v6	afdb_P14779_v6	3.254E-01	1.502E-01	3.391E-01	0.106	32
afdb_P41816_v6	afdb_Q50925_v6	2.650E-01	2.040E-01	3.147E-01	0.063	26
afdb_P41816_v6	afdb_P30850_v6	2.694E-01	1.925E-01	2.908E-01	0.063	26
afdb_P41816_v6	afdb_Q9AGP8_v6	2.850E-01	1.647E-01	2.933E-01	0.076	28
afdb_P41816_v6	afdb_P00777_v6	1.919E-01	2.354E-01	2.848E-01	0.024	19
afdb_P41816_v6	afdb_P12821_v6	2.999E-01	1.148E-01	3.588E-01	0.082	29
afdb_P46736_v6	afdb_O58727_v6	2.597E-01	3.888E-01	3.948E-01	0.057	25
afdb_P46736_v6	afdb_Q6UV28_v6	2.266E-01	3.962E-01	4.368E-01	0.040	22
afdb_P46736_v6	afdb_A0A0C6DRW4_v6	3.223E-01	2.606E-01	4.235E-01	0.106	32
afdb_P46736_v6	afdb_P05521_v6	2.781E-01	2.858E-01	3.431E-01	0.069	27
afdb_P46736_v6	afdb_P0A6G7_v6	2.335E-01	3.228E-01	3.627E-01	0.045	23
afdb_P46736_v6	afdb_P23295_v6	3.005E-01	2.500E-01	3.301E-01	0.090	30
afdb_P46736_v6	afdb_Q9FEW9_v6	2.982E-01	2.506E-01	3.438E-01	0.082	29
afdb_P46736_v6	afdb_P09030_v6	2.558E-01	2.885E-01	2.948E-01	0.057	25
afdb_P46736_v6	afdb_P08819_v6	3.065E-01	2.378E-01	3.267E-01	0.090	30
afdb_P46736_v6	afdb_P09883_v6	3.319E-01	2.098E-01	3.357E-01	0.116	33
afdb_P46736_v6	afdb_Q8RB32_v6	2.442E-01	2.953E-01	3.143E-01	0.051	24
afdb_P46736_v6	afdb_P00639_v6	2.575E-01	2.792E-01	3.035E-01	0.057	25
afdb_P46736_v6	afdb_P37957_v6	2.274E-01	3.088E-01	3.621E-01	0.040	22
afdb_P46736_v6	afdb_Q9XBQ8_v6	2.879E-01	2.354E-01	3.085E-01	0.076	28
afdb_P46736_v6	afdb_P25910_v6	2.384E-01	2.828E-01	3.451E-01	0.045	23
afdb_P46736_v6	afdb_O59791_v6	2.622E-01	2.586E-01	3.054E-01	0.063	26
afdb_P46736_v6	afdb_P16099_v6	3.430E-01	1.760E-01	3.476E-01	0.126	34
afdb_P46736_v6	afdb_P42593_v6	3.333E-01	1.797E-01	3.421E-01	0.116	33
afdb_P46736_v6	afdb_P52700_v6	2.484E-01	2.638E-01	2.968E-01	0.051	24
afdb_P46736_v6	afdb_Q00017_v6	2.337E-01	2.746E-01	3.076E-01	0.045	23
afdb_P46736_v6	afdb_Q00441_v6	2.769E-01	2.295E-01	3.581E-01	0.069	27
afdb_P46736_v6	afdb_P21179_v6	3.343E-01	1.721E-01	3.604E-01	0.116	33
afdb_P46736_v6	afdb_Q16775_v6	2.507E-01	2.554E-01	3.205E-01	0.057	25
afdb_P46736_v6	afdb_P53608_v6	2.478E-01	2.576E-01	3.278E-01	0.051	24
afdb_P46736_v6	afdb_P83788_v6	2.763E-01	2.266E-01	2.980E-01	0.069	27
afdb_P46736_v6	afdb_Q945K2_v6	3.038E-01	1.979E-01	3.217E-01	0.090	30
afdb_P46736_v6	afdb_P00918_v6	2.323E-01	2.650E-01	3.130E-01	0.045	23
afdb_P46736_v6	afdb_P15289_v6	2.912E-01	2.041E-01	3.266E-01	0.082	29
afdb_P46736_v6	afdb_P16932_v6	2.748E-01	2.156E-01	3.031E-01	0.069	27
afdb_P46736_v6	afdb_P05725_v6	1.884E-01	2.993E-01	3.236E-01	0.020	18
afdb_P46736_v6	afdb_P00914_v6	2.737E-01	2.080E-01	2.967E-01	0.069	27
afdb_P46736_v6	afdb_P00388_v6	3.056E-01	1.757E-01	3.301E-01	0.090	30
afdb_P46736_v6	afdb_Q75WN8_v6	2.314E-01	2.475E-01	2.683E-01	0.045	23
afdb_P46736_v6	afdb_Q7ZAG8_v6	2.592E-01	2.143E-01	2.794E-01	0.057	25
afdb_P46736_v6	afdb_P77444_v6	2.585E-01	2.144E-01	2.940E-01	0.057	25
afdb_P46736_v6	afdb_P10902_v6	2.810E-01	1.916E-01	2.984E-01	0.076	28
afdb_P46736_v6	afdb_O33199_v6	2.022E-01	2.666E-01	2.674E-01	0.029	20
afdb_P46736_v6	afdb_P56218_v6	2.277E-01	2.388E-01	2.905E-01	0.040	22
afdb_P46736_v6	afdb_Q06241_v6	1.926E-01	2.723E-01	2.840E-01	0.024	19
afdb_P46736_v6	afdb_P80324_v6	2.439E-01	2.215E-01	2.567E-01	0.051	24
afdb_P46736_v6	afdb_P04042_v6	2.400E-01	2.243E-01	3.256E-01	0.051	24
afdb_P46736_v6	afdb_P0CE47_v6	2.481E-01	2.149E-01	2.636E-01	0.051	24
afdb_P46736_v6	afdb_P21327_v6	2.505E-01	2.123E-01	2.825E-01	0.057	25
afdb_P46736_v6	afdb_Q56839_v6	2.690E-01	1.882E-01	2.883E-01	0.063	26
afdb_P46736_v6	afdb_P40859_v6	2.434E-01	2.110E-01	2.794E-01	0.051	24
afdb_P46736_v6	afdb_P09598_v6	2.172E-01	2.348E-01	3.414E-01	0.034	21
afdb_P46736_v6	afdb_Q28943_v6	3.186E-01	1.316E-01	3.529E-01	0.098	31
afdb_P46736_v6	afdb_P00392_v6	2.727E-01	1.770E-01	2.968E-01	0.069	27
afdb_P46736_v6	afdb_P00777_v6	2.197E-01	2.291E-01	3.487E-01	0.034	21
afdb_P46736_v6	afdb_O13297_v6	2.681E-01	1.792E-01	3.116E-01	0.063	26
afdb_P46736_v6	afdb_P81054_v6	2.287E-01	2.150E-01	2.583E-01	0.040	22
afdb_P46736_v6	afdb_O16025_v6	3.161E-01	1.266E-01	3.251E-01	0.098	31
afdb_P46736_v6	afdb_P0A6K3_v6	1.739E-01	2.676E-01	2.686E-01	0.016	17
afdb_P46736_v6	afdb_P08373_v6	2.258E-01	2.143E-01	2.469E-01	0.040	22
afdb_P46736_v6	afdb_P0A9P4_v6	2.210E-01	2.189E-01	2.336E-01	0.040	22
afdb_P46736_v6	afdb_P08473_v6	2.883E-01	1.490E-01	3.035E-01	0.076	28
afdb_P46736_v6	afdb_P21836_v6	2.663E-01	1.641E-01	2.682E-01	0.063	26
afdb_P46736_v6	afdb_P83686_v6	2.028E-01	2.245E-01	2.680E-01	0.029	20
afdb_P46736_v6	afdb_Q50925_v6	2.563E-01	1.624E-01	3.332E-01	0.057	25
afdb_P46736_v6	afdb_P00800_v6	2.499E-01	1.697E-01	2.593E-01	0.051	24
afdb_P46736_v6	afdb_P27487_v6	2.745E-01	1.436E-01	2.781E-01	0.069	27
afdb_P46736_v6	afdb_P08165_v6	2.392E-01	1.751E-01	2.535E-01	0.045	23
afdb_P46736_v6	afdb_Q7SID9_v6	2.493E-01	1.612E-01	2.674E-01	0.051	24
afdb_P46736_v6	afdb_P30850_v6	2.588E-01	1.526E-01	2.686E-01	0.057	25
afdb_P46736_v6	afdb_Q9AGP8_v6	2.640E-01	1.268E-01	2.694E-01	0.063	26
afdb_P46736_v6	afdb_P15917_v6	2.587E-01	1.270E-01	2.592E-01	0.057	25
afdb_P51174_v6	afdb_A0A0C6DRW4_v6	7.643E-01	7.860E-01	8.164E-01	0.971	76
afdb_P51174_v6	afdb_P53608_v6	2.743E-01	3.634E-01	3.700E-01	0.069	27
afdb_P51174_v6	afdb_P09598_v6	2.587E-01	3.583E-01	4.135E-01	0.057	25
afdb_P51174_v6	afdb_Q00017_v6	2.427E-01	3.532E-01	3.599E-01	0.051	24
afdb_P51174_v6	afdb_P71119_v6	2.196E-01	3.737E-01	4.420E-01	0.034	21
afdb_P51174_v6	afdb_Q16775_v6	2.597E-01	3.321E-01	3.625E-01	0.057	25
afdb_P51174_v6	afdb_P00396_v6	3.142E-01	2.735E-01	3.565E-01	0.098	31
afdb_P51174_v6	afdb_P52700_v6	2.504E-01	3.342E-01	3.563E-01	0.051	24
afdb_P51174_v6	afdb_Q9UMR5_v6	2.515E-01	3.307E-01	3.569E-01	0.057	25
afdb_P51174_v6	afdb_P35049_v6	2.305E-01	3.515E-01	4.035E-01	0.045	23
afdb_P51174_v6	afdb_P24630_v6	2.904E-01	2.890E-01	3.141E-01	0.082	29
afdb_P51174_v6	afdb_Q6UV28_v6	1.761E-01	4.028E-01	4.587E-01	0.016	17
afdb_P51174_v6	afdb_Q75WN8_v6	2.450E-01	3.273E-01	3.570E-01	0.051	24
afdb_P51174_v6	afdb_P45478_v6	2.511E-01	3.221E-01	3.436E-01	0.051	24
afdb_P51174_v6	afdb_Q00441_v6	2.787E-01	2.915E-01	2.955E-01	0.069	27
afdb_P51174_v6	afdb_P16932_v6	2.848E-01	2.835E-01	2.938E-01	0.076	28
afdb_P51174_v6	afdb_P00914_v6	2.932E-01	2.758E-01	2.981E-01	0.082	29
afdb_P51174_v6	afdb_P22637_v6	3.062E-01	2.546E-01	3.565E-01	0.090	30
afdb_P51174_v6	afdb_Q945K2_v6	3.086E-01	2.518E-01	3.590E-01	0.090	30
afdb_P51174_v6	afdb_P21836_v6	3.171E-01	2.427E-01	3.255E-01	0.098	31
afdb_P51174_v6	afdb_P81054_v6	2.583E-01	2.989E-01	3.076E-01	0.057	25
afdb_P51174_v6	afdb_P83788_v6	2.753E-01	2.815E-01	3.033E-01	0.069	27
afdb_P51174_v6	afdb_P21179_v6	3.368E-01	2.188E-01	3.445E-01	0.116	33
afdb_P51174_v6	afdb_P30122_v6	3.118E-01	2.429E-01	3.312E-01	0.098	31
afdb_P51174_v6	afdb_P06621_v6	2.736E-01	2.809E-01	3.722E-01	0.069	27
afdb_P51174_v6	afdb_Q9L9D7_v6	3.048E-01	2.478E-01	3.064E-01	0.090	30
afdb_P51174_v6	afdb_P40859_v6	2.618E-01	2.803E-01	2.833E-01	0.063	26
afdb_P51174_v6	afdb_Q56839_v6	2.873E-01	2.504E-01	3.001E-01	0.076	28
afdb_P51174_v6	afdb_P42593_v6	3.106E-01	2.230E-01	3.283E-01	0.098	31
afdb_P51174_v6	afdb_P05725_v6	1.660E-01	3.657E-01	3.906E-01	0.014	16
afdb_P51174_v6	afdb_P48534_v6	2.152E-01	3.167E-01	3.428E-01	0.034	21
afdb_P51174_v6	afdb_P83686_v6	2.220E-01	3.096E-01	3.594E-01	0.040	22
afdb_P51174_v6	afdb_P27487_v6	3.219E-01	2.090E-01	3.267E-01	0.106	32
afdb_P51174_v6	afdb_P00860_v6	2.719E-01	2.584E-01	2.925E-01	0.069	27
afdb_P51174_v6	afdb_P00592_v6	1.559E-01	3.696E-01	4.382E-01	0.011	15
afdb_P51174_v6	afdb_P22394_v6	2.863E-01	2.376E-01	3.054E-01	0.076	28
afdb_P51174_v6	afdb_P05414_v6	2.472E-01	2.765E-01	2.865E-01	0.051	24
afdb_P51174_v6	afdb_P00935_v6	2.504E-01	2.699E-01	2.749E-01	0.057	25
afdb_P51174_v6	afdb_P27170_v6	2.430E-01	2.766E-01	3.023E-01	0.051	24
afdb_P51174_v6	afdb_P23295_v6	2.536E-01	2.655E-01	2.886E-01	0.057	25
afdb_P51174_v6	afdb_P24474_v6	2.850E-01	2.338E-01	3.052E-01	0.076	28
afdb_P51174_v6	afdb_P46076_v6	2.396E-01	2.754E-01	2.870E-01	0.045	23
afdb_P51174_v6	afdb_P30850_v6	2.940E-01	2.178E-01	3.125E-01	0.082	29
afdb_P51174_v6	afdb_P37062_v6	2.587E-01	2.520E-01	2.929E-01	0.057	25
afdb_P51174_v6	afdb_P0CE47_v6	2.474E-01	2.629E-01	2.933E-01	0.051	24
afdb_P51174_v6	afdb_P08148_v6	2.842E-01	2.239E-01	2.846E-01	0.076	28
afdb_P51174_v6	afdb_Q6LZM9_v6	2.531E-01	2.508E-01	2.653E-01	0.057	25
afdb_P51174_v6	afdb_P22266_v6	2.285E-01	2.718E-01	4.100E-01	0.040	22
afdb_P51174_v6	afdb_P06721_v6	2.410E-01	2.552E-01	2.675E-01	0.051	24
afdb_P51174_v6	afdb_P00800_v6	2.690E-01	2.262E-01	3.038E-01	0.063	26
afdb_P51174_v6	afdb_P15289_v6	2.622E-01	2.324E-01	2.666E-01	0.063	26
afdb_P51174_v6	afdb_P08473_v6	2.981E-01	1.969E-01	3.440E-01	0.082	29
afdb_P51174_v6	afdb_P00175_v6	2.720E-01	2.175E-01	2.882E-01	0.069	27
afdb_P51174_v6	afdb_P77444_v6	2.395E-01	2.489E-01	2.633E-01	0.045	23
afdb_P51174_v6	afdb_O16025_v6	3.244E-01	1.612E-01	3.525E-01	0.106	32
afdb_P51174_v6	afdb_Q50925_v6	2.639E-01	2.136E-01	2.865E-01	0.063	26
afdb_P51174_v6	afdb_P12995_v6	2.368E-01	2.371E-01	2.548E-01	0.045	23
afdb_P51174_v6	afdb_P0AB77_v6	2.290E-01	2.407E-01	2.650E-01	0.040	22
afdb_P51174_v6	afdb_P15917_v6	2.888E-01	1.809E-01	3.106E-01	0.076	28
afdb_P51174_v6	afdb_P00639_v6	1.980E-01	2.681E-01	3.317E-01	0.024	19
afdb_P51174_v6	afdb_P55038_v6	3.388E-01	1.265E-01	3.453E-01	0.116	33
afdb_P51174_v6	afdb_Q7SID9_v6	2.543E-01	2.094E-01	3.002E-01	0.057	25
afdb_P51174_v6	afdb_Q28943_v6	3.037E-01	1.591E-01	3.362E-01	0.090	30
afdb_P51174_v6	afdb_Q9NPB1_v6	1.814E-01	2.782E-01	2.865E-01	0.020	18
afdb_P51174_v6	afdb_F8W4B7_v6	2.994E-01	1.487E-01	3.199E-01	0.082	29
afdb_P51174_v6	afdb_P0A6T5_v6	1.701E-01	2.734E-01	3.149E-01	0.014	16
afdb_P51174_v6	afdb_Q8RB32_v6	1.793E-01	2.625E-01	2.885E-01	0.016	17
afdb_P51174_v6	afdb_P08165_v6	2.305E-01	2.106E-01	2.471E-01	0.045	23
afdb_P51174_v6	afdb_O13297_v6	2.393E-01	1.990E-01	3.194E-01	0.045	23
afdb_P51174_v6	afdb_P14779_v6	2.896E-01	1.464E-01	3.455E-01	0.076	28
afdb_P51174_v6	afdb_Q05755_v6	3.106E-01	1.204E-01	3.210E-01	0.098	31
afdb_P51174_v6	afdb_P09883_v6	2.358E-01	1.884E-01	2.492E-01	0.045	23
afdb_P51174_v6	afdb_P00777_v6	1.851E-01	2.391E-01	2.770E-01	0.020	18
afdb_P55826_v6	afdb_P40859_v6	4.910E-01	6.516E-01	6.902E-01	0.442	49
afdb_P55826_v6	afdb_P80324_v6	4.607E-01	6.393E-01	6.528E-01	0.353	46
afdb_P55826_v6	afdb_P22637_v6	4.575E-01	4.473E-01	5.003E-01	0.326	45
afdb_P55826_v6	afdb_Q945K2_v6	4.577E-01	4.399E-01	4.959E-01	0.326	45
afdb_P55826_v6	afdb_P0A9P4_v6	3.426E-01	5.351E-01	5.379E-01	0.126	34
afdb_P55826_v6	afdb_P10902_v6	4.377E-01	4.356E-01	5.430E-01	0.277	43
afdb_P55826_v6	afdb_Q9AGP8_v6	4.783E-01	3.239E-01	5.273E-01	0.382	47
afdb_P55826_v6	afdb_Q7ZAG8_v6	3.279E-01	4.120E-01	4.817E-01	0.106	32
afdb_P55826_v6	afdb_P37062_v6	3.238E-01	3.753E-01	4.909E-01	0.106	32
afdb_P55826_v6	afdb_Q56839_v6	3.230E-01	3.295E-01	4.574E-01	0.106	32
afdb_P55826_v6	afdb_P00392_v6	3.299E-01	3.184E-01	4.785E-01	0.106	32
afdb_P55826_v6	afdb_P08165_v6	3.037E-01	3.257E-01	3.858E-01	0.090	30
afdb_P55826_v6	afdb_Q9UMR5_v6	2.300E-01	3.612E-01	3.971E-01	0.040	22
afdb_P55826_v6	afdb_P45478_v6	2.297E-01	3.538E-01	3.818E-01	0.040	22
afdb_P55826_v6	afdb_P08473_v6	3.145E-01	2.464E-01	3.322E-01	0.098	31
afdb_P55826_v6	afdb_P24630_v6	2.593E-01	3.029E-01	3.135E-01	0.057	25
afdb_P55826_v6	afdb_Q9NPB1_v6	1.946E-01	3.653E-01	4.059E-01	0.024	19
afdb_P55826_v6	afdb_P06621_v6	2.540E-01	3.065E-01	3.392E-01	0.057	25
afdb_P55826_v6	afdb_P83772_v6	1.966E-01	3.587E-01	3.715E-01	0.024	19
afdb_P55826_v6	afdb_Q8RB32_v6	1.940E-01	3.517E-01	3.548E-01	0.024	19
afdb_P55826_v6	afdb_Q58989_v6	1.864E-01	3.591E-01	3.673E-01	0.020	18
afdb_P55826_v6	afdb_P22266_v6	2.212E-01	3.208E-01	3.603E-01	0.040	22
afdb_P55826_v6	afdb_P0A1E3_v6	2.200E-01	3.215E-01	3.348E-01	0.034	21
afdb_P55826_v6	afdb_Q7SID9_v6	2.744E-01	2.657E-01	3.163E-01	0.069	27
afdb_P55826_v6	afdb_P00639_v6	2.052E-01	3.340E-01	3.629E-01	0.029	20
afdb_P55826_v6	afdb_P53608_v6	2.078E-01	3.312E-01	3.329E-01	0.029	20
afdb_P55826_v6	afdb_P22394_v6	2.731E-01	2.641E-01	3.377E-01	0.069	27
afdb_P55826_v6	afdb_P30850_v6	2.859E-01	2.498E-01	3.049E-01	0.076	28
afdb_P55826_v6	afdb_Q00017_v6	1.866E-01	3.482E-01	3.801E-01	0.020	18
afdb_P55826_v6	afdb_P28796_v6	2.516E-01	2.787E-01	2.796E-01	0.057	25
afdb_P55826_v6	afdb_P42593_v6	2.888E-01	2.389E-01	4.625E-01	0.076	28
afdb_P55826_v6	afdb_P21836_v6	2.732E-01	2.485E-01	3.401E-01	0.069	27
afdb_P55826_v6	afdb_P16099_v6	2.933E-01	2.255E-01	4.535E-01	0.082	29
afdb_P55826_v6	afdb_P08373_v6	2.139E-01	3.009E-01	3.196E-01	0.034	21
afdb_P55826_v6	afdb_P0AB77_v6	2.298E-01	2.834E-01	3.102E-01	0.040	22
afdb_P55826_v6	afdb_P04190_v6	1.864E-01	3.253E-01	3.410E-01	0.020	18
afdb_P55826_v6	afdb_P0A6T5_v6	1.784E-01	3.326E-01	3.373E-01	0.016	17
afdb_P55826_v6	afdb_P05725_v6	1.451E-01	3.543E-01	3.888E-01	0.010	14
afdb_P55826_v6	afdb_P52700_v6	1.949E-01	3.043E-01	3.648E-01	0.024	19
afdb_P55826_v6	afdb_P27170_v6	2.127E-01	2.849E-01	2.968E-01	0.034	21
afdb_P55826_v6	afdb_Q16775_v6	1.967E-01	2.996E-01	3.969E-01	0.024	19
afdb_P55826_v6	afdb_Q6YBS3_v6	2.637E-01	2.323E-01	3.060E-01	0.063	26
afdb_P55826_v6	afdb_P09598_v6	1.871E-01	3.089E-01	3.338E-01	0.020	18
afdb_P55826_v6	afdb_P0CE47_v6	2.211E-01	2.732E-01	2.796E-01	0.034	21
afdb_P55826_v6	afdb_P13717_v6	1.828E-01	3.072E-01	3.540E-01	0.020	18
afdb_P55826_v6	afdb_P0A6G7_v6	1.602E-01	3.244E-01	3.567E-01	0.014	16
afdb_P55826_v6	afdb_P43099_v6	2.685E-01	2.107E-01	2.817E-01	0.063	26
afdb_P55826_v6	afdb_O33199_v6	1.648E-01	3.129E-01	3.236E-01	0.014	16
afdb_P55826_v6	afdb_P06721_v6	2.128E-01	2.630E-01	2.820E-01	0.034	21
afdb_P55826_v6	afdb_Q9L9D7_v6	2.419E-01	2.318E-01	2.864E-01	0.051	24
afdb_P55826_v6	afdb_Q00441_v6	2.085E-01	2.569E-01	2.992E-01	0.029	20
afdb_P55826_v6	afdb_O13297_v6	2.339E-01	2.302E-01	2.744E-01	0.045	23
afdb_P55826_v6	afdb_Q50925_v6	2.371E-01	2.280E-01	3.453E-01	0.045	23
afdb_P55826_v6	afdb_P00175_v6	2.400E-01	2.237E-01	2.654E-01	0.045	23
afdb_P55826_v6	afdb_P21327_v6	2.060E-01	2.563E-01	2.690E-01	0.029	20
afdb_P55826_v6	afdb_P00388_v6	2.514E-01	2.114E-01	2.983E-01	0.057	25
afdb_P55826_v6	afdb_P00489_v6	2.705E-01	1.919E-01	2.916E-01	0.069	27
afdb_P55826_v6	afdb_P15289_v6	2.263E-01	2.357E-01	2.585E-01	0.040	22
afdb_P55826_v6	afdb_P24474_v6	2.347E-01	2.255E-01	2.880E-01	0.045	23
afdb_P55826_v6	afdb_Q01693_v6	2.252E-01	2.352E-01	2.562E-01	0.040	22
afdb_P55826_v6	afdb_P04042_v6	1.918E-01	2.648E-01	2.814E-01	0.024	19
afdb_P55826_v6	afdb_P23295_v6	2.037E-01	2.528E-01	2.969E-01	0.029	20
afdb_P55826_v6	afdb_P55038_v6	3.168E-01	1.380E-01	3.288E-01	0.098	31
afdb_P55826_v6	afdb_P83686_v6	1.621E-01	2.898E-01	5.158E-01	0.014	16
afdb_P55826_v6	afdb_P08148_v6	2.331E-01	2.142E-01	2.762E-01	0.045	23
afdb_P55826_v6	afdb_Q12178_v6	1.271E-01	3.182E-01	3.633E-01	0.008	12
afdb_P55826_v6	afdb_P81054_v6	1.895E-01	2.568E-01	2.720E-01	0.020	18
afdb_P55826_v6	afdb_P15917_v6	2.560E-01	1.876E-01	2.899E-01	0.057	25
afdb_P55826_v6	afdb_P25910_v6	1.599E-01	2.834E-01	2.953E-01	0.011	15
afdb_P55826_v6	afdb_P00800_v6	2.231E-01	2.198E-01	2.417E-01	0.040	22
afdb_P55826_v6	afdb_F8W4B7_v6	2.770E-01	1.615E-01	3.240E-01	0.069	27
afdb_P55826_v6	afdb_P37957_v6	1.466E-01	2.925E-01	3.363E-01	0.010	14
afdb_P55826_v6	afdb_P00644_v6	1.479E-01	2.806E-01	3.456E-01	0.010	14
afdb_P55826_v6	afdb_P40881_v6	1.512E-01	2.720E-01	2.850E-01	0.011	15
afdb_P55826_v6	afdb_Q28943_v6	2.586E-01	1.598E-01	3.130E-01	0.057	25
afdb_P55826_v6	afdb_P14779_v6	2.607E-01	1.519E-01	2.720E-01	0.063	26
afdb_P55826_v6	afdb_P00777_v6	1.591E-01	2.420E-01	2.620E-01	0.011	15
afdb_P55826_v6	afdb_P00918_v6	1.486E-01	2.526E-01	2.574E-01	0.010	14
afdb_P55826_v6	afdb_P19938_v6	1.521E-01	2.388E-01	2.631E-01	0.011	15
afdb_P55826_v6	afdb_P09883_v6	1.892E-01	1.793E-01	2.126E-01	0.020	18
afdb_P78536_v6	afdb_P08148_v6	2.378E-01	3.092E-01	3.351E-01	0.045	23
afdb_P78536_v6	afdb_P04042_v6	1.917E-01	3.529E-01	3.658E-01	0.024	19
afdb_P78536_v6	afdb_P0A6K3_v6	1.154E-01	4.175E-01	4.192E-01	0.007	11
afdb_P78536_v6	afdb_P37957_v6	1.292E-01	3.868E-01	4.299E-01	0.008	12
afdb_P78536_v6	afdb_Q02899_v6	1.872E-01	3.277E-01	3.295E-01	0.020	18
afdb_P78536_v6	afdb_Q29460_v6	1.373E-01	3.760E-01	4.020E-01	0.009	13
afdb_P78536_v6	afdb_P83772_v6	1.412E-01	3.722E-01	3.733E-01	0.010	14
afdb_P78536_v6	afdb_P03958_v6	1.732E-01	3.329E-01	3.563E-01	0.016	17
afdb_P78536_v6	afdb_Q9FEW9_v6	1.823E-01	3.195E-01	3.213E-01	0.020	18
afdb_P78536_v6	afdb_Q75WN8_v6	1.548E-01	3.434E-01	3.450E-01	0.011	15
afdb_P78536_v6	afdb_O58727_v6	1.188E-01	3.783E-01	3.807E-01	0.007	11
afdb_P78536_v6	afdb_P05521_v6	1.563E-01	3.408E-01	3.728E-01	0.011	15
afdb_P78536_v6	afdb_Q05755_v6	3.049E-01	1.873E-01	3.174E-01	0.090	30
afdb_P78536_v6	afdb_P55038_v6	3.020E-01	1.854E-01	3.038E-01	0.090	30
afdb_P78536_v6	afdb_P0CE47_v6	1.772E-01	3.088E-01	3.724E-01	0.016	17
afdb_P78536_v6	afdb_P28305_v6	1.465E-01	3.386E-01	3.394E-01	0.010	14
afdb_P78536_v6	afdb_P53608_v6	1.513E-01	3.327E-01	3.335E-01	0.011	15
afdb_P78536_v6	afdb_P42593_v6	2.245E-01	2.597E-01	2.740E-01	0.040	22
afdb_P78536_v6	afdb_P19938_v6	1.466E-01	3.373E-01	3.381E-01	0.010	14
afdb_P78536_v6	afdb_P16099_v6	2.296E-01	2.497E-01	2.749E-01	0.040	22
afdb_P78536_v6	afdb_P05414_v6	1.665E-01	3.114E-01	3.132E-01	0.014	16
afdb_P78536_v6	afdb_P39377_v6	1.718E-01	2.974E-01	3.119E-01	0.016	17
afdb_P78536_v6	afdb_Q00017_v6	1.346E-01	3.347E-01	3.568E-01	0.009	13
afdb_P78536_v6	afdb_P14779_v6	2.552E-01	2.134E-01	2.579E-01	0.057	25
afdb_P78536_v6	afdb_P15289_v6	1.917E-01	2.755E-01	2.937E-01	0.024	19
afdb_P78536_v6	afdb_F8W4B7_v6	2.570E-01	2.084E-01	2.761E-01	0.057	25
afdb_P78536_v6	afdb_P35049_v6	1.333E-01	3.315E-01	3.361E-01	0.009	13
afdb_P78536_v6	afdb_Q3HWU8_v6	1.425E-01	3.227E-01	3.235E-01	0.010	14
afdb_P78536_v6	afdb_P29183_v6	1.801E-01	2.837E-01	3.209E-01	0.016	17
afdb_P78536_v6	afdb_P22266_v6	1.512E-01	3.119E-01	4.100E-01	0.011	15
afdb_P78536_v6	afdb_P27170_v6	1.615E-01	3.014E-01	3.019E-01	0.014	16
afdb_P78536_v6	afdb_P83686_v6	1.412E-01	3.162E-01	3.181E-01	0.010	14
afdb_P78536_v6	afdb_P09184_v6	9.386E-02	3.617E-01	3.732E-01	0.000	9
afdb_P78536_v6	afdb_P00396_v6	1.892E-01	2.656E-01	2.938E-01	0.020	18
afdb_P78536_v6	afdb_P83788_v6	1.705E-01	2.846E-01	2.950E-01	0.014	16
afdb_P78536_v6	afdb_P96965_v6	1.385E-01	3.159E-01	3.234E-01	0.009	13
afdb_P78536_v6	afdb_P12995_v6	1.726E-01	2.796E-01	2.800E-01	0.016	17
afdb_P78536_v6	afdb_Q6YBS3_v6	2.043E-01	2.473E-01	3.168E-01	0.029	20
afdb_P78536_v6	afdb_Q9AGP8_v6	2.257E-01	2.245E-01	2.478E-01	0.040	22
afdb_P78536_v6	afdb_O16025_v6	2.465E-01	2.032E-01	2.570E-01	0.051	24
afdb_P78536_v6	afdb_P77444_v6	1.645E-01	2.805E-01	2.820E-01	0.014	16
afdb_P78536_v6	afdb_P22394_v6	1.901E-01	2.544E-01	2.552E-01	0.020	18
afdb_P78536_v6	afdb_P43099_v6	2.119E-01	2.309E-01	2.560E-01	0.034	21
afdb_P78536_v6	afdb_Q945K2_v6	1.887E-01	2.506E-01	2.555E-01	0.020	18
afdb_P78536_v6	afdb_Q9UMR5_v6	1.386E-01	3.003E-01	3.213E-01	0.009	13
afdb_P78536_v6	afdb_Q6LZM9_v6	1.666E-01	2.722E-01	3.124E-01	0.014	16
afdb_P78536_v6	afdb_P25910_v6	1.274E-01	3.101E-01	3.359E-01	0.008	12
afdb_P78536_v6	afdb_P0AB77_v6	1.602E-01	2.768E-01	2.852E-01	0.014	16
afdb_P78536_v6	afdb_P27487_v6	2.119E-01	2.239E-01	2.391E-01	0.034	21
afdb_P78536_v6	afdb_P37062_v6	1.681E-01	2.659E-01	2.691E-01	0.014	16
afdb_P78536_v6	afdb_A0A0C6DRW4_v6	1.615E-01	2.712E-01	2.774E-01	0.014	16
afdb_P78536_v6	afdb_P45478_v6	1.373E-01	2.950E-01	3.365E-01	0.009	13
afdb_P78536_v6	afdb_Q28943_v6	2.337E-01	1.991E-01	2.427E-01	0.045	23
afdb_P78536_v6	afdb_P04190_v6	1.288E-01	3.037E-01	3.367E-01	0.008	12
afdb_P78536_v6	afdb_Q9L9D7_v6	1.877E-01	2.437E-01	2.516E-01	0.020	18
afdb_P78536_v6	afdb_P21327_v6	1.572E-01	2.740E-01	2.769E-01	0.011	15
afdb_P78536_v6	afdb_P21179_v6	2.086E-01	2.226E-01	2.248E-01	0.029	20
afdb_P78536_v6	afdb_P16932_v6	1.608E-01	2.658E-01	3.154E-01	0.014	16
afdb_P78536_v6	afdb_Q16775_v6	1.354E-01	2.885E-01	3.125E-01	0.009	13
afdb_P78536_v6	afdb_Q58989_v6	1.109E-01	3.123E-01	3.362E-01	0.007	11
afdb_P78536_v6	afdb_P81054_v6	1.437E-01	2.793E-01	2.879E-01	0.010	14
afdb_P78536_v6	afdb_P21836_v6	1.896E-01	2.330E-01	2.618E-01	0.020	18
afdb_P78536_v6	afdb_P46076_v6	1.476E-01	2.734E-01	2.823E-01	0.010	14
afdb_P78536_v6	afdb_P13717_v6	1.261E-01	2.923E-01	3.122E-01	0.008	12
afdb_P78536_v6	afdb_P30122_v6	1.834E-01	2.334E-01	2.578E-01	0.020	18
afdb_P78536_v6	afdb_P00914_v6	1.672E-01	2.491E-01	2.739E-01	0.014	16
afdb_P78536_v6	afdb_P12821_v6	2.432E-01	1.721E-01	2.581E-01	0.051	24
afdb_P78536_v6	afdb_P00644_v6	1.127E-01	2.998E-01	3.147E-01	0.007	11
afdb_P78536_v6	afdb_P06721_v6	1.491E-01	2.540E-01	2.823E-01	0.010	14
afdb_P78536_v6	afdb_Q56839_v6	1.688E-01	2.334E-01	2.403E-01	0.014	16
afdb_P78536_v6	afdb_Q01693_v6	1.665E-01	2.355E-01	2.479E-01	0.014	16
afdb_P78536_v6	afdb_P00800_v6	1.701E-01	2.302E-01	2.561E-01	0.014	16
afdb_P78536_v6	afdb_P00935_v6	1.455E-01	2.536E-01	2.835E-01	0.010	14
afdb_P78536_v6	afdb_P08165_v6	1.627E-01	2.372E-01	2.373E-01	0.014	16
afdb_P78536_v6	afdb_P00918_v6	1.231E-01	2.769E-01	2.775E-01	0.008	12
afdb_P78536_v6	afdb_P52700_v6	1.239E-01	2.747E-01	2.961E-01	0.008	12
afdb_P78536_v6	afdb_P18314_v6	1.712E-01	2.245E-01	2.656E-01	0.016	17
afdb_P78536_v6	afdb_P0A9P4_v6	1.310E-01	2.626E-01	2.975E-01	0.009	13
afdb_P78536_v6	afdb_Q7ZAG8_v6	1.474E-01	2.460E-01	2.500E-01	0.010	14
afdb_P78536_v6	afdb_P00392_v6	1.665E-01	2.197E-01	2.345E-01	0.014	16
afdb_P78536_v6	afdb_P06621_v6	1.447E-01	2.410E-01	2.596E-01	0.010	14
afdb_P78536_v6	afdb_P30850_v6	1.721E-01	2.058E-01	2.379E-01	0.016	17
afdb_P92947_v6	afdb_P37062_v6	7.525E-01	8.257E-01	8.564E-01	0.967	75
afdb_P92947_v6	afdb_P0A9P4_v6	5.332E-01	7.966E-01	8.227E-01	0.569	53
afdb_P92947_v6	afdb_Q56839_v6	6.786E-01	6.437E-01	7.162E-01	0.900	67
afdb_P92947_v6	afdb_P00392_v6	6.918E-01	6.145E-01	7.595E-01	0.923	69
afdb_P92947_v6	afdb_Q7ZAG8_v6	5.914E-01	6.995E-01	7.502E-01	0.747	59
afdb_P92947_v6	afdb_P08165_v6	4.854E-01	4.862E-01	6.856E-01	0.411	48
afdb_P92947_v6	afdb_P42593_v6	4.486E-01	3.375E-01	7.051E-01	0.301	44
afdb_P92947_v6	afdb_P16099_v6	4.544E-01	3.204E-01	6.537E-01	0.326	45
afdb_P92947_v6	afdb_Q28943_v6	5.112E-01	2.614E-01	6.957E-01	0.505	51
afdb_P92947_v6	afdb_P40859_v6	3.393E-01	4.129E-01	4.645E-01	0.116	33
afdb_P92947_v6	afdb_P10902_v6	3.879E-01	3.586E-01	5.442E-01	0.179	38
afdb_P92947_v6	afdb_P22637_v6	3.884E-01	3.524E-01	5.308E-01	0.179	38
afdb_P92947_v6	afdb_P0A1E3_v6	2.879E-01	4.068E-01	4.119E-01	0.076	28
afdb_P92947_v6	afdb_Q945K2_v6	3.644E-01	3.271E-01	4.886E-01	0.150	36
afdb_P92947_v6	afdb_O59791_v6	2.856E-01	4.039E-01	4.070E-01	0.076	28
afdb_P92947_v6	afdb_P80324_v6	2.955E-01	3.754E-01	4.080E-01	0.082	29
afdb_P92947_v6	afdb_P29183_v6	3.231E-01	3.385E-01	3.417E-01	0.106	32
afdb_P92947_v6	afdb_Q6YBS3_v6	3.407E-01	2.824E-01	3.663E-01	0.126	34
afdb_P92947_v6	afdb_Q9L9D7_v6	3.269E-01	2.930E-01	3.509E-01	0.106	32
afdb_P92947_v6	afdb_P28796_v6	2.958E-01	3.079E-01	3.445E-01	0.082	29
afdb_P92947_v6	afdb_O58727_v6	1.808E-01	4.207E-01	5.452E-01	0.020	18
afdb_P92947_v6	afdb_P27170_v6	2.644E-01	3.359E-01	3.743E-01	0.063	26
afdb_P92947_v6	afdb_Q6LZM9_v6	2.858E-01	3.123E-01	3.277E-01	0.076	28
afdb_P92947_v6	afdb_P15289_v6	2.991E-01	2.928E-01	3.330E-01	0.082	29
afdb_P92947_v6	afdb_Q9FEW9_v6	2.706E-01	3.196E-01	3.406E-01	0.069	27
afdb_P92947_v6	afdb_Q12178_v6	1.692E-01	4.186E-01	4.781E-01	0.014	16
afdb_P92947_v6	afdb_P16932_v6	2.785E-01	3.063E-01	3.615E-01	0.069	27
afdb_P92947_v6	afdb_P77444_v6	2.680E-01	3.088E-01	3.319E-01	0.063	26
afdb_P92947_v6	afdb_Q3HWU8_v6	2.258E-01	3.482E-01	3.559E-01	0.040	22
afdb_P92947_v6	afdb_Q58989_v6	1.923E-01	3.811E-01	3.833E-01	0.024	19
afdb_P92947_v6	afdb_P0AB77_v6	2.623E-01	3.067E-01	3.235E-01	0.063	26
afdb_P92947_v6	afdb_Q02899_v6	2.617E-01	3.067E-01	3.526E-01	0.063	26
afdb_P92947_v6	afdb_P06721_v6	2.609E-01	3.060E-01	3.151E-01	0.063	26
afdb_P92947_v6	afdb_Q75WN8_v6	2.247E-01	3.385E-01	3.479E-01	0.040	22
afdb_P92947_v6	afdb_P52700_v6	2.271E-01	3.336E-01	3.779E-01	0.040	22
afdb_P92947_v6	afdb_P00489_v6	3.354E-01	2.240E-01	3.608E-01	0.116	33
afdb_P92947_v6	afdb_P25910_v6	2.105E-01	3.478E-01	3.628E-01	0.034	21
afdb_P92947_v6	afdb_P83788_v6	2.624E-01	2.964E-01	3.205E-01	0.063	26
afdb_P92947_v6	afdb_P00455_v6	2.500E-01	3.073E-01	3.113E-01	0.051	24
afdb_P92947_v6	afdb_P00935_v6	2.518E-01	3.016E-01	3.111E-01	0.057	25
afdb_P92947_v6	afdb_P0CE47_v6	2.550E-01	2.975E-01	2.996E-01	0.057	25
afdb_P92947_v6	afdb_P96965_v6	2.181E-01	3.276E-01	3.405E-01	0.034	21
afdb_P92947_v6	afdb_Q29460_v6	1.925E-01	3.505E-01	3.865E-01	0.024	19
afdb_P92947_v6	afdb_P0A6C1_v6	2.152E-01	3.277E-01	3.381E-01	0.034	21
afdb_P92947_v6	afdb_P05521_v6	2.235E-01	3.179E-01	3.528E-01	0.040	22
afdb_P92947_v6	afdb_P22266_v6	2.335E-01	3.043E-01	3.309E-01	0.045	23
afdb_P92947_v6	afdb_P24630_v6	2.559E-01	2.804E-01	2.894E-01	0.057	25
afdb_P92947_v6	afdb_P83686_v6	2.090E-01	3.251E-01	3.425E-01	0.029	20
afdb_P92947_v6	afdb_P15917_v6	3.129E-01	2.204E-01	3.143E-01	0.098	31
afdb_P92947_v6	afdb_P28305_v6	2.103E-01	3.220E-01	3.439E-01	0.034	21
afdb_P92947_v6	afdb_P0A6G7_v6	1.795E-01	3.482E-01	3.894E-01	0.016	17
afdb_P92947_v6	afdb_P08148_v6	2.819E-01	2.453E-01	2.861E-01	0.076	28
afdb_P92947_v6	afdb_P00639_v6	2.108E-01	3.159E-01	3.207E-01	0.029	20
afdb_P92947_v6	afdb_P19938_v6	2.089E-01	3.143E-01	3.269E-01	0.029	20
afdb_P92947_v6	afdb_P00388_v6	2.916E-01	2.308E-01	3.418E-01	0.082	29
afdb_P92947_v6	afdb_Q7SID9_v6	2.722E-01	2.485E-01	3.001E-01	0.069	27
afdb_P92947_v6	afdb_P05414_v6	2.333E-01	2.867E-01	3.270E-01	0.045	23
afdb_P92947_v6	afdb_Q9UMR5_v6	2.093E-01	3.062E-01	3.857E-01	0.029	20
afdb_P92947_v6	afdb_P05725_v6	1.592E-01	3.541E-01	3.723E-01	0.011	15
afdb_P92947_v6	afdb_P30850_v6	2.817E-01	2.316E-01	3.103E-01	0.076	28
afdb_P92947_v6	afdb_P53608_v6	2.116E-01	3.015E-01	3.120E-01	0.034	21
afdb_P92947_v6	afdb_Q01693_v6	2.575E-01	2.535E-01	2.745E-01	0.057	25
afdb_P92947_v6	afdb_P21836_v6	2.763E-01	2.353E-01	3.316E-01	0.069	27
afdb_P92947_v6	afdb_P83772_v6	1.969E-01	3.126E-01	3.408E-01	0.024	19
afdb_P92947_v6	afdb_Q9AGP8_v6	3.026E-01	2.075E-01	3.357E-01	0.090	30
afdb_P92947_v6	afdb_P03958_v6	2.235E-01	2.858E-01	2.942E-01	0.040	22
afdb_P92947_v6	afdb_P23295_v6	2.361E-01	2.728E-01	2.991E-01	0.045	23
afdb_P92947_v6	afdb_P45478_v6	2.091E-01	2.942E-01	3.133E-01	0.029	20
afdb_P92947_v6	afdb_P00800_v6	2.596E-01	2.416E-01	2.929E-01	0.057	25
afdb_P92947_v6	afdb_P55038_v6	3.524E-01	1.447E-01	3.624E-01	0.138	35
afdb_P92947_v6	afdb_P00175_v6	2.638E-01	2.321E-01	2.931E-01	0.063	26
afdb_P92947_v6	afdb_P06621_v6	2.324E-01	2.628E-01	3.083E-01	0.045	23
afdb_P92947_v6	afdb_P21327_v6	2.288E-01	2.649E-01	2.881E-01	0.040	22
afdb_P92947_v6	afdb_Q05755_v6	3.457E-01	1.459E-01	3.559E-01	0.126	34
afdb_P92947_v6	afdb_P24474_v6	2.556E-01	2.325E-01	2.756E-01	0.057	25
afdb_P92947_v6	afdb_P0A6T5_v6	1.716E-01	3.061E-01	3.360E-01	0.016	17
afdb_P92947_v6	afdb_P0A6K3_v6	1.445E-01	3.300E-01	3.825E-01	0.010	14
afdb_P92947_v6	afdb_P00914_v6	2.341E-01	2.408E-01	2.484E-01	0.045	23
afdb_P92947_v6	afdb_P09598_v6	1.906E-01	2.809E-01	3.254E-01	0.024	19
afdb_P92947_v6	afdb_P00777_v6	1.934E-01	2.786E-01	3.185E-01	0.024	19
afdb_P92947_v6	afdb_Q9XBQ8_v6	2.208E-01	2.476E-01	2.596E-01	0.034	21
afdb_P92947_v6	afdb_P14779_v6	2.963E-01	1.667E-01	3.176E-01	0.082	29
afdb_P92947_v6	afdb_P40881_v6	1.743E-01	2.878E-01	3.089E-01	0.016	17
afdb_P92947_v6	afdb_P39377_v6	2.126E-01	2.492E-01	2.869E-01	0.034	21
afdb_P92947_v6	afdb_P04042_v6	1.972E-01	2.542E-01	3.125E-01	0.024	19
afdb_P92947_v6	afdb_P21179_v6	2.582E-01	1.903E-01	2.589E-01	0.057	25
afdb_P92947_v6	afdb_Q00017_v6	1.669E-01	2.756E-01	3.117E-01	0.014	16
afdb_P92947_v6	afdb_Q9NPB1_v6	1.534E-01	2.843E-01	3.009E-01	0.011	15
afdb_P92947_v6	afdb_P37957_v6	1.494E-01	2.709E-01	3.082E-01	0.010	14
afdb_P92947_v6	afdb_P12821_v6	2.789E-01	1.344E-01	2.936E-01	0.069	27
afdb_O95470_v6	afdb_P0AB77_v6	5.566E-01	7.675E-01	7.816E-01	0.632	55
afdb_O95470_v6	afdb_P77444_v6	5.506E-01	7.439E-01	7.921E-01	0.632	55
afdb_O95470_v6	afdb_P12995_v6	5.504E-01	7.074E-01	7.331E-01	0.632	55
afdb_O95470_v6	afdb_P28796_v6	5.718E-01	6.811E-01	7.295E-01	0.692	57
afdb_O95470_v6	afdb_P16932_v6	5.495E-01	7.003E-01	7.363E-01	0.601	54
afdb_O95470_v6	afdb_P83788_v6	5.317E-01	6.989E-01	7.389E-01	0.569	53
afdb_O95470_v6	afdb_P24630_v6	5.299E-01	6.781E-01	7.122E-01	0.537	52
afdb_O95470_v6	afdb_Q6LZM9_v6	5.134E-01	6.544E-01	7.898E-01	0.505	51
afdb_O95470_v6	afdb_P00935_v6	4.760E-01	6.784E-01	7.443E-01	0.382	47
afdb_O95470_v6	afdb_P06721_v6	4.762E-01	6.639E-01	7.406E-01	0.382	47
afdb_O95470_v6	afdb_P43099_v6	5.468E-01	4.361E-01	7.065E-01	0.601	54
afdb_O95470_v6	afdb_P0A1E3_v6	2.543E-01	3.994E-01	4.158E-01	0.057	25
afdb_O95470_v6	afdb_Q00017_v6	2.152E-01	4.218E-01	5.446E-01	0.034	21
afdb_O95470_v6	afdb_O59791_v6	2.445E-01	3.826E-01	4.143E-01	0.051	24
afdb_O95470_v6	afdb_Q29460_v6	2.008E-01	4.106E-01	4.582E-01	0.029	20
afdb_O95470_v6	afdb_P37957_v6	1.964E-01	4.141E-01	4.645E-01	0.024	19
afdb_O95470_v6	afdb_P00175_v6	3.040E-01	2.949E-01	3.612E-01	0.090	30
afdb_O95470_v6	afdb_Q9UMR5_v6	2.242E-01	3.734E-01	4.053E-01	0.040	22
afdb_O95470_v6	afdb_Q7ZAG8_v6	2.576E-01	3.269E-01	3.428E-01	0.057	25
afdb_O95470_v6	afdb_P53608_v6	2.134E-01	3.608E-01	3.898E-01	0.034	21
afdb_O95470_v6	afdb_P15289_v6	2.734E-01	2.992E-01	3.887E-01	0.069	27
afdb_O95470_v6	afdb_P05521_v6	2.153E-01	3.562E-01	3.656E-01	0.034	21
afdb_O95470_v6	afdb_P04042_v6	2.320E-01	3.352E-01	3.972E-01	0.045	23
afdb_O95470_v6	afdb_Q16775_v6	2.206E-01	3.444E-01	3.717E-01	0.040	22
afdb_O95470_v6	afdb_P05414_v6	2.366E-01	3.271E-01	3.606E-01	0.045	23
afdb_O95470_v6	afdb_P37062_v6	2.573E-01	3.063E-01	3.418E-01	0.057	25
afdb_O95470_v6	afdb_P00860_v6	2.596E-01	3.026E-01	3.284E-01	0.057	25
afdb_O95470_v6	afdb_P0A6C1_v6	2.073E-01	3.524E-01	4.268E-01	0.029	20
afdb_O95470_v6	afdb_P52700_v6	2.122E-01	3.463E-01	3.668E-01	0.034	21
afdb_O95470_v6	afdb_P42593_v6	2.947E-01	2.598E-01	3.743E-01	0.082	29
afdb_O95470_v6	afdb_Q02899_v6	2.373E-01	3.132E-01	3.232E-01	0.045	23
afdb_O95470_v6	afdb_P08373_v6	2.214E-01	3.247E-01	3.396E-01	0.040	22
afdb_O95470_v6	afdb_P03958_v6	2.282E-01	3.179E-01	3.185E-01	0.040	22
afdb_O95470_v6	afdb_P48534_v6	1.908E-01	3.527E-01	3.685E-01	0.024	19
afdb_O95470_v6	afdb_O58727_v6	1.592E-01	3.829E-01	4.101E-01	0.011	15
afdb_O95470_v6	afdb_P00392_v6	2.697E-01	2.721E-01	3.278E-01	0.063	26
afdb_O95470_v6	afdb_P21179_v6	2.960E-01	2.411E-01	3.557E-01	0.082	29
afdb_O95470_v6	afdb_P39377_v6	2.283E-01	3.079E-01	3.148E-01	0.040	22
afdb_O95470_v6	afdb_P00388_v6	2.846E-01	2.499E-01	3.333E-01	0.076	28
afdb_O95470_v6	afdb_P05725_v6	1.410E-01	3.923E-01	4.911E-01	0.010	14
afdb_O95470_v6	afdb_Q8RB32_v6	1.863E-01	3.464E-01	3.477E-01	0.020	18
afdb_O95470_v6	afdb_P08473_v6	2.908E-01	2.377E-01	3.253E-01	0.082	29
afdb_O95470_v6	afdb_Q6YBS3_v6	2.756E-01	2.527E-01	3.639E-01	0.069	27
afdb_O95470_v6	afdb_Q56839_v6	2.516E-01	2.661E-01	3.117E-01	0.057	25
afdb_O95470_v6	afdb_P04190_v6	1.827E-01	3.310E-01	3.720E-01	0.020	18
afdb_O95470_v6	afdb_P00489_v6	2.934E-01	2.190E-01	3.185E-01	0.082	29
afdb_O95470_v6	afdb_Q75WN8_v6	1.872E-01	3.234E-01	3.320E-01	0.020	18
afdb_O95470_v6	afdb_P22637_v6	2.522E-01	2.574E-01	2.720E-01	0.057	25
afdb_O95470_v6	afdb_P27487_v6	2.821E-01	2.265E-01	3.028E-01	0.076	28
afdb_O95470_v6	afdb_P40859_v6	2.205E-01	2.889E-01	3.963E-01	0.034	21
afdb_O95470_v6	afdb_Q58989_v6	1.573E-01	3.495E-01	3.919E-01	0.011	15
afdb_O95470_v6	afdb_P56216_v6	2.523E-01	2.540E-01	2.722E-01	0.057	25
afdb_O95470_v6	afdb_P0CE47_v6	2.182E-01	2.866E-01	3.125E-01	0.034	21
afdb_O95470_v6	afdb_P06621_v6	2.211E-01	2.830E-01	3.817E-01	0.040	22
afdb_O95470_v6	afdb_P18314_v6	2.519E-01	2.522E-01	3.025E-01	0.057	25
afdb_O95470_v6	afdb_P55038_v6	3.464E-01	1.544E-01	4.148E-01	0.126	34
afdb_O95470_v6	afdb_P16099_v6	2.740E-01	2.274E-01	3.290E-01	0.069	27
afdb_O95470_v6	afdb_P16444_v6	2.206E-01	2.803E-01	3.178E-01	0.040	22
afdb_O95470_v6	afdb_P08165_v6	2.378E-01	2.628E-01	3.088E-01	0.045	23
afdb_O95470_v6	afdb_P12821_v6	3.301E-01	1.697E-01	3.559E-01	0.116	33
afdb_O95470_v6	afdb_P80324_v6	2.118E-01	2.881E-01	3.790E-01	0.034	21
afdb_O95470_v6	afdb_Q945K2_v6	2.483E-01	2.498E-01	2.953E-01	0.051	24
afdb_O95470_v6	afdb_P83686_v6	1.811E-01	3.158E-01	3.379E-01	0.020	18
afdb_O95470_v6	afdb_P45478_v6	1.880E-01	3.045E-01	3.426E-01	0.020	18
afdb_O95470_v6	afdb_P15917_v6	2.780E-01	2.120E-01	3.449E-01	0.069	27
afdb_O95470_v6	afdb_Q05769_v6	2.499E-01	2.391E-01	3.180E-01	0.051	24
afdb_O95470_v6	afdb_P00455_v6	2.058E-01	2.800E-01	2.990E-01	0.029	20
afdb_O95470_v6	afdb_P83772_v6	1.711E-01	3.125E-01	3.357E-01	0.016	17
afdb_O95470_v6	afdb_P09030_v6	1.775E-01	3.006E-01	3.579E-01	0.016	17
afdb_O95470_v6	afdb_P0A9P4_v6	1.891E-01	2.866E-01	3.260E-01	0.020	18
afdb_O95470_v6	afdb_Q9XBQ8_v6	2.099E-01	2.618E-01	2.883E-01	0.029	20
afdb_O95470_v6	afdb_Q28943_v6	2.861E-01	1.853E-01	3.413E-01	0.076	28
afdb_O95470_v6	afdb_P08148_v6	2.390E-01	2.292E-01	2.613E-01	0.045	23
afdb_O95470_v6	afdb_P00766_v6	1.663E-01	3.039E-01	3.394E-01	0.014	16
afdb_O95470_v6	afdb_P22266_v6	1.893E-01	2.760E-01	3.022E-01	0.020	18
afdb_O95470_v6	afdb_P03007_v6	1.568E-01	3.028E-01	3.716E-01	0.011	15
afdb_O95470_v6	afdb_F8W4B7_v6	2.849E-01	1.728E-01	3.636E-01	0.076	28
afdb_O95470_v6	afdb_Q05755_v6	3.100E-01	1.427E-01	3.736E-01	0.090	30
afdb_O95470_v6	afdb_Q50925_v6	2.255E-01	2.250E-01	2.839E-01	0.040	22
afdb_O95470_v6	afdb_P96965_v6	1.688E-01	2.794E-01	2.801E-01	0.014	16
afdb_O95470_v6	afdb_P00396_v6	2.158E-01	2.316E-01	2.418E-01	0.034	21
afdb_O95470_v6	afdb_Q01693_v6	2.099E-01	2.272E-01	2.427E-01	0.029	20
afdb_O95470_v6	afdb_P29183_v6	2.008E-01	2.321E-01	2.745E-01	0.029	20
afdb_O95470_v6	afdb_P30850_v6	2.182E-01	2.009E-01	2.830E-01	0.034	21
afdb_O95470_v6	afdb_P0A6K3_v6	1.156E-01	2.961E-01	3.134E-01	0.007	11
afdb_O95470_v6	afdb_O16025_v6	2.468E-01	1.556E-01	2.623E-01	0.051	24
afdb_O95470_v6	afdb_P00777_v6	1.526E-01	2.419E-01	2.618E-01	0.011	15
afdb_P00432_v6	afdb_P21179_v6	9.040E-01	6.373E-01	9.533E-01	0.996	90
afdb_P00432_v6	afdb_O16025_v6	4.951E-01	2.537E-01	7.743E-01	0.442	49
afdb_P00432_v6	afdb_P15289_v6	2.859E-01	2.936E-01	3.249E-01	0.076	28
afdb_P00432_v6	afdb_P10902_v6	2.754E-01	2.706E-01	2.902E-01	0.069	27
afdb_P00432_v6	afdb_P00396_v6	2.705E-01	2.754E-01	2.986E-01	0.069	27
afdb_P00432_v6	afdb_P27170_v6	2.296E-01	3.056E-01	3.372E-01	0.040	22
afdb_P00432_v6	afdb_Q945K2_v6	2.711E-01	2.597E-01	3.074E-01	0.069	27
afdb_P00432_v6	afdb_P00918_v6	1.977E-01	3.283E-01	3.383E-01	0.024	19
afdb_P00432_v6	afdb_P00175_v6	2.704E-01	2.492E-01	2.876E-01	0.069	27
afdb_P00432_v6	afdb_P05521_v6	2.073E-01	3.087E-01	3.325E-01	0.029	20
afdb_P00432_v6	afdb_P0CE47_v6	2.300E-01	2.833E-01	3.166E-01	0.040	22
afdb_P00432_v6	afdb_P56218_v6	1.978E-01	3.073E-01	3.103E-01	0.024	19
afdb_P00432_v6	afdb_Q9AGP8_v6	2.938E-01	2.074E-01	3.488E-01	0.082	29
afdb_P00432_v6	afdb_P09598_v6	1.930E-01	3.068E-01	3.194E-01	0.024	19
afdb_P00432_v6	afdb_Q75WN8_v6	1.962E-01	3.013E-01	3.232E-01	0.024	19
afdb_P00432_v6	afdb_P30122_v6	2.590E-01	2.372E-01	2.868E-01	0.057	25
afdb_P00432_v6	afdb_P05414_v6	2.163E-01	2.787E-01	3.086E-01	0.034	21
afdb_P00432_v6	afdb_Q7SID9_v6	2.520E-01	2.413E-01	2.822E-01	0.057	25
afdb_P00432_v6	afdb_P05725_v6	1.417E-01	3.509E-01	3.929E-01	0.010	14
afdb_P00432_v6	afdb_P03007_v6	1.773E-01	3.141E-01	3.361E-01	0.016	17
afdb_P00432_v6	afdb_P21327_v6	2.187E-01	2.685E-01	2.888E-01	0.034	21
afdb_P00432_v6	afdb_P29183_v6	2.307E-01	2.551E-01	2.864E-01	0.045	23
afdb_P00432_v6	afdb_P08373_v6	2.070E-01	2.785E-01	2.790E-01	0.029	20
afdb_P00432_v6	afdb_P13717_v6	1.848E-01	2.993E-01	3.065E-01	0.020	18
afdb_P00432_v6	afdb_P00914_v6	2.324E-01	2.517E-01	2.859E-01	0.045	23
afdb_P00432_v6	afdb_P25910_v6	1.767E-01	3.069E-01	3.146E-01	0.016	17
afdb_P00432_v6	afdb_P04190_v6	1.776E-01	3.054E-01	3.265E-01	0.016	17
afdb_P00432_v6	afdb_Q12178_v6	1.393E-01	3.411E-01	3.463E-01	0.009	13
afdb_P00432_v6	afdb_P0A6C1_v6	1.889E-01	2.907E-01	2.954E-01	0.020	18
afdb_P00432_v6	afdb_Q01693_v6	2.355E-01	2.432E-01	2.618E-01	0.045	23
afdb_P00432_v6	afdb_P00644_v6	1.688E-01	3.061E-01	3.135E-01	0.014	16
afdb_P00432_v6	afdb_P16444_v6	2.162E-01	2.568E-01	2.725E-01	0.034	21
afdb_P00432_v6	afdb_Q6UV28_v6	1.267E-01	3.451E-01	3.792E-01	0.008	12
afdb_P00432_v6	afdb_P83686_v6	1.820E-01	2.901E-01	3.014E-01	0.020	18
afdb_P00432_v6	afdb_P08473_v6	2.658E-01	2.059E-01	3.076E-01	0.063	26
afdb_P00432_v6	afdb_P0A6K3_v6	1.416E-01	3.288E-01	3.340E-01	0.010	14
afdb_P00432_v6	afdb_Q6YBS3_v6	2.509E-01	2.187E-01	2.608E-01	0.057	25
afdb_P00432_v6	afdb_A0A0C6DRW4_v6	2.139E-01	2.553E-01	2.643E-01	0.034	21
afdb_P00432_v6	afdb_P52700_v6	1.820E-01	2.870E-01	3.085E-01	0.020	18
afdb_P00432_v6	afdb_P00392_v6	2.387E-01	2.285E-01	2.807E-01	0.045	23
afdb_P00432_v6	afdb_Q16775_v6	1.891E-01	2.773E-01	3.042E-01	0.020	18
afdb_P00432_v6	afdb_O58727_v6	1.467E-01	3.154E-01	3.655E-01	0.010	14
afdb_P00432_v6	afdb_P00639_v6	1.786E-01	2.831E-01	3.011E-01	0.016	17
afdb_P00432_v6	afdb_P00388_v6	2.507E-01	2.099E-01	2.545E-01	0.057	25
afdb_P00432_v6	afdb_P00455_v6	2.024E-01	2.597E-01	2.875E-01	0.029	20
afdb_P00432_v6	afdb_P42593_v6	2.490E-01	2.108E-01	2.556E-01	0.051	24
afdb_P00432_v6	afdb_Q00017_v6	1.665E-01	2.856E-01	3.051E-01	0.014	16
afdb_P00432_v6	afdb_P08148_v6	2.354E-01	2.143E-01	2.499E-01	0.045	23
afdb_P00432_v6	afdb_P00800_v6	2.260E-01	2.201E-01	2.764E-01	0.040	22
afdb_P00432_v6	afdb_P19938_v6	1.730E-01	2.697E-01	3.185E-01	0.016	17
afdb_P00432_v6	afdb_P00489_v6	2.576E-01	1.855E-01	2.619E-01	0.057	25
afdb_P00432_v6	afdb_P15917_v6	2.535E-01	1.852E-01	2.907E-01	0.057	25
afdb_P00432_v6	afdb_P00777_v6	1.748E-01	2.588E-01	2.872E-01	0.016	17
afdb_P00432_v6	afdb_P28305_v6	1.685E-01	2.664E-01	2.683E-01	0.014	16
afdb_P00432_v6	afdb_P30850_v6	2.316E-01	1.996E-01	2.908E-01	0.045	23
afdb_P00432_v6	afdb_P06621_v6	1.967E-01	2.335E-01	2.513E-01	0.024	19
afdb_P00432_v6	afdb_P16099_v6	2.399E-01	1.887E-01	2.945E-01	0.045	23
afdb_P00432_v6	afdb_P00860_v6	2.037E-01	2.228E-01	2.452E-01	0.029	20
afdb_P00432_v6	afdb_P0A6T5_v6	1.481E-01	2.761E-01	2.769E-01	0.010	14
afdb_P00432_v6	afdb_P12821_v6	2.759E-01	1.396E-01	2.791E-01	0.069	27
afdb_P00432_v6	afdb_P09030_v6	1.597E-01	2.522E-01	2.695E-01	0.011	15
afdb_P00432_v6	afdb_P27487_v6	2.319E-01	1.745E-01	2.444E-01	0.045	23
afdb_P00432_v6	afdb_P14779_v6	2.457E-01	1.457E-01	2.629E-01	0.051	24
afdb_P00432_v6	afdb_O13297_v6	1.945E-01	1.887E-01	2.396E-01	0.024	19
afdb_P07872_v6	afdb_A0A0C6DRW4_v6	4.961E-01	7.480E-01	7.835E-01	0.442	49
afdb_P07872_v6	afdb_P00489_v6	3.279E-01	2.723E-01	3.839E-01	0.106	32
afdb_P07872_v6	afdb_P00396_v6	2.703E-01	3.289E-01	3.379E-01	0.063	26
afdb_P07872_v6	afdb_Q50925_v6	2.816E-01	3.161E-01	4.211E-01	0.076	28
afdb_P07872_v6	afdb_P22394_v6	2.733E-01	3.069E-01	3.182E-01	0.069	27
afdb_P07872_v6	afdb_P16099_v6	3.001E-01	2.782E-01	3.151E-01	0.090	30
afdb_P07872_v6	afdb_P71119_v6	1.694E-01	4.048E-01	4.636E-01	0.014	16
afdb_P07872_v6	afdb_P55038_v6	3.793E-01	1.945E-01	3.848E-01	0.164	37
afdb_P07872_v6	afdb_Q05755_v6	3.744E-01	1.948E-01	3.805E-01	0.164	37
afdb_P07872_v6	afdb_P0CE47_v6	2.233E-01	3.280E-01	3.286E-01	0.040	22
afdb_P07872_v6	afdb_P0A6T5_v6	1.655E-01	3.765E-01	3.787E-01	0.014	16
afdb_P07872_v6	afdb_P83686_v6	1.847E-01	3.569E-01	3.614E-01	0.020	18
afdb_P07872_v6	afdb_P00455_v6	2.130E-01	3.268E-01	3.475E-01	0.034	21
afdb_P07872_v6	afdb_P81054_v6	2.062E-01	3.353E-01	3.560E-01	0.029	20
afdb_P07872_v6	afdb_Q01693_v6	2.414E-01	2.975E-01	3.109E-01	0.051	24
afdb_P07872_v6	afdb_P21836_v6	2.620E-01	2.769E-01	3.051E-01	0.063	26
afdb_P07872_v6	afdb_Q00441_v6	2.158E-01	3.229E-01	3.828E-01	0.034	21
afdb_P07872_v6	afdb_Q9L9D7_v6	2.549E-01	2.830E-01	3.020E-01	0.057	25
afdb_P07872_v6	afdb_P42593_v6	2.693E-01	2.662E-01	2.957E-01	0.063	26
afdb_P07872_v6	afdb_Q9FEW9_v6	2.178E-01	3.168E-01	3.346E-01	0.034	21
afdb_P07872_v6	afdb_P05414_v6	2.109E-01	3.230E-01	3.539E-01	0.034	21
afdb_P07872_v6	afdb_P0A1E3_v6	1.978E-01	3.342E-01	3.494E-01	0.024	19
afdb_P07872_v6	afdb_P03958_v6	2.031E-01	3.286E-01	3.293E-01	0.029	20
afdb_P07872_v6	afdb_P14779_v6	3.101E-01	2.211E-01	3.352E-01	0.098	31
afdb_P07872_v6	afdb_P00914_v6	2.321E-01	2.983E-01	3.241E-01	0.045	23
afdb_P07872_v6	afdb_Q75WN8_v6	1.835E-01	3.427E-01	3.505E-01	0.020	18
afdb_P07872_v6	afdb_P48534_v6	1.678E-01	3.529E-01	3.590E-01	0.014	16
afdb_P07872_v6	afdb_Q6UV28_v6	1.254E-01	3.929E-01	4.217E-01	0.008	12
afdb_P07872_v6	afdb_Q7SID9_v6	2.438E-01	2.746E-01	3.141E-01	0.051	24
afdb_P07872_v6	afdb_P08473_v6	2.703E-01	2.474E-01	2.793E-01	0.069	27
afdb_P07872_v6	afdb_Q02899_v6	2.124E-01	3.044E-01	3.167E-01	0.034	21
afdb_P07872_v6	afdb_P00800_v6	2.391E-01	2.745E-01	2.883E-01	0.045	23
afdb_P07872_v6	afdb_P09598_v6	1.756E-01	3.354E-01	3.526E-01	0.016	17
afdb_P07872_v6	afdb_Q6YBS3_v6	2.522E-01	2.586E-01	2.883E-01	0.057	25
afdb_P07872_v6	afdb_P00935_v6	2.037E-01	3.056E-01	3.132E-01	0.029	20
afdb_P07872_v6	afdb_P30122_v6	2.440E-01	2.637E-01	3.132E-01	0.051	24
afdb_P07872_v6	afdb_P27487_v6	2.666E-01	2.386E-01	2.954E-01	0.063	26
afdb_P07872_v6	afdb_P43099_v6	2.596E-01	2.420E-01	2.854E-01	0.057	25
afdb_P07872_v6	afdb_P37967_v6	2.214E-01	2.798E-01	2.917E-01	0.040	22
afdb_P07872_v6	afdb_P27170_v6	1.940E-01	3.062E-01	3.357E-01	0.024	19
afdb_P07872_v6	afdb_P0AB77_v6	2.036E-01	2.969E-01	3.054E-01	0.029	20
afdb_P07872_v6	afdb_P08373_v6	1.896E-01	3.099E-01	3.123E-01	0.020	18
afdb_P07872_v6	afdb_P24474_v6	2.330E-01	2.593E-01	2.723E-01	0.045	23
afdb_P07872_v6	afdb_Q3HWU8_v6	1.686E-01	3.230E-01	3.405E-01	0.014	16
afdb_P07872_v6	afdb_P83788_v6	2.032E-01	2.884E-01	3.027E-01	0.029	20
afdb_P07872_v6	afdb_Q05769_v6	2.377E-01	2.538E-01	2.886E-01	0.045	23
afdb_P07872_v6	afdb_P08148_v6	2.372E-01	2.528E-01	2.786E-01	0.045	23
afdb_P07872_v6	afdb_P00766_v6	1.529E-01	3.317E-01	3.907E-01	0.011	15
afdb_P07872_v6	afdb_O16025_v6	2.863E-01	1.987E-01	3.204E-01	0.076	28
afdb_P07872_v6	afdb_P39377_v6	1.944E-01	2.879E-01	2.993E-01	0.024	19
afdb_P07872_v6	afdb_P15917_v6	2.586E-01	2.220E-01	2.833E-01	0.057	25
afdb_P07872_v6	afdb_P08819_v6	2.056E-01	2.746E-01	2.775E-01	0.029	20
afdb_P07872_v6	afdb_P16444_v6	2.003E-01	2.808E-01	3.212E-01	0.024	19
afdb_P07872_v6	afdb_P30850_v6	2.372E-01	2.418E-01	2.509E-01	0.045	23
afdb_P07872_v6	afdb_P22266_v6	1.816E-01	2.956E-01	3.168E-01	0.020	18
afdb_P07872_v6	afdb_P00918_v6	1.591E-01	3.176E-01	3.279E-01	0.011	15
afdb_P07872_v6	afdb_P96965_v6	1.669E-01	3.064E-01	3.071E-01	0.014	16
afdb_P07872_v6	afdb_Q06241_v6	1.337E-01	3.385E-01	3.489E-01	0.009	13
afdb_P07872_v6	afdb_P00175_v6	2.257E-01	2.448E-01	2.559E-01	0.040	22
afdb_P07872_v6	afdb_P00777_v6	1.665E-01	2.981E-01	3.463E-01	0.014	16
afdb_P07872_v6	afdb_P00860_v6	2.020E-01	2.624E-01	2.960E-01	0.029	20
afdb_P07872_v6	afdb_P22637_v6	2.142E-01	2.454E-01	2.880E-01	0.034	21
afdb_P07872_v6	afdb_P46076_v6	1.776E-01	2.809E-01	3.005E-01	0.016	17
afdb_P07872_v6	afdb_P00592_v6	1.106E-01	3.459E-01	3.583E-01	0.007	11
afdb_P07872_v6	afdb_Q28943_v6	2.611E-01	1.866E-01	2.626E-01	0.063	26
afdb_P07872_v6	afdb_P04190_v6	1.444E-01	2.984E-01	3.208E-01	0.010	14
afdb_P07872_v6	afdb_P35049_v6	1.409E-01	2.846E-01	3.086E-01	0.010	14
afdb_P0A8G6_v6	afdb_Q29460_v6	5.298E-01	4.699E-01	5.625E-01	0.537	52
afdb_P0A8G6_v6	afdb_Q00017_v6	5.397E-01	4.525E-01	5.437E-01	0.569	53
afdb_P0A8G6_v6	afdb_P22266_v6	5.780E-01	3.771E-01	5.801E-01	0.692	57
afdb_P0A8G6_v6	afdb_P83772_v6	5.204E-01	4.212E-01	5.244E-01	0.537	52
afdb_P0A8G6_v6	afdb_P37957_v6	4.729E-01	4.503E-01	5.177E-01	0.382	47
afdb_P0A8G6_v6	afdb_O58727_v6	4.392E-01	4.726E-01	4.767E-01	0.277	43
afdb_P0A8G6_v6	afdb_P0CE47_v6	5.504E-01	3.110E-01	5.638E-01	0.632	55
afdb_P0A8G6_v6	afdb_P96965_v6	4.872E-01	3.740E-01	4.890E-01	0.411	48
afdb_P0A8G6_v6	afdb_P05521_v6	4.991E-01	3.607E-01	5.026E-01	0.442	49
afdb_P0A8G6_v6	afdb_P53608_v6	4.898E-01	3.601E-01	5.023E-01	0.411	48
afdb_P0A8G6_v6	afdb_Q9NPB1_v6	4.475E-01	4.002E-01	4.567E-01	0.301	44
afdb_P0A8G6_v6	afdb_Q75WN8_v6	4.704E-01	3.598E-01	4.737E-01	0.382	47
afdb_P0A8G6_v6	afdb_Q3HWU8_v6	4.636E-01	3.642E-01	4.689E-01	0.353	46
afdb_P0A8G6_v6	afdb_Q9UMR5_v6	4.716E-01	3.440E-01	4.805E-01	0.382	47
afdb_P0A8G6_v6	afdb_P45478_v6	4.666E-01	3.395E-01	4.748E-01	0.353	46
afdb_P0A8G6_v6	afdb_P04042_v6	4.814E-01	3.029E-01	6.518E-01	0.411	48
afdb_P0A8G6_v6	afdb_P00388_v6	5.805E-01	1.966E-01	7.040E-01	0.720	58
afdb_P0A8G6_v6	afdb_P09184_v6	3.535E-01	4.226E-01	4.942E-01	0.138	35
afdb_P0A8G6_v6	afdb_P80324_v6	4.699E-01	2.888E-01	4.717E-01	0.353	46
afdb_P0A8G6_v6	afdb_Q8RB32_v6	4.054E-01	3.473E-01	4.069E-01	0.214	40
afdb_P0A8G6_v6	afdb_P00639_v6	4.200E-01	3.306E-01	4.228E-01	0.254	42
afdb_P0A8G6_v6	afdb_P29183_v6	4.824E-01	2.509E-01	4.876E-01	0.411	48
afdb_P0A8G6_v6	afdb_P0A9P4_v6	4.279E-01	2.930E-01	4.296E-01	0.254	42
afdb_P0A8G6_v6	afdb_Q58989_v6	3.659E-01	3.496E-01	3.712E-01	0.150	36
afdb_P0A8G6_v6	afdb_P03958_v6	4.286E-01	2.864E-01	4.299E-01	0.254	42
afdb_P0A8G6_v6	afdb_P14779_v6	5.793E-01	1.313E-01	7.189E-01	0.692	57
afdb_P0A8G6_v6	afdb_P0A1E3_v6	4.215E-01	2.880E-01	4.629E-01	0.254	42
afdb_P0A8G6_v6	afdb_Q01693_v6	4.812E-01	2.248E-01	4.830E-01	0.411	48
afdb_P0A8G6_v6	afdb_P39377_v6	4.293E-01	2.718E-01	4.307E-01	0.254	42
afdb_P0A8G6_v6	afdb_P00935_v6	4.318E-01	2.527E-01	4.591E-01	0.277	43
afdb_P0A8G6_v6	afdb_O59791_v6	4.036E-01	2.790E-01	4.399E-01	0.214	40
afdb_P0A8G6_v6	afdb_P83686_v6	3.794E-01	3.017E-01	4.564E-01	0.164	37
afdb_P0A8G6_v6	afdb_P22637_v6	4.684E-01	2.083E-01	4.755E-01	0.353	46
afdb_P0A8G6_v6	afdb_P00489_v6	5.165E-01	1.555E-01	5.184E-01	0.505	51
afdb_P0A8G6_v6	afdb_Q7ZAG8_v6	4.309E-01	2.341E-01	4.381E-01	0.277	43
afdb_P0A8G6_v6	afdb_P40859_v6	4.240E-01	2.405E-01	4.346E-01	0.254	42
afdb_P0A8G6_v6	afdb_Q6LZM9_v6	4.304E-01	2.325E-01	4.726E-01	0.277	43
afdb_P0A8G6_v6	afdb_P08165_v6	4.528E-01	2.095E-01	4.546E-01	0.326	45
afdb_P0A8G6_v6	afdb_P28796_v6	4.393E-01	2.232E-01	4.821E-01	0.277	43
afdb_P0A8G6_v6	afdb_P16444_v6	4.186E-01	2.421E-01	4.274E-01	0.233	41
afdb_P0A8G6_v6	afdb_P00914_v6	4.427E-01	2.169E-01	4.803E-01	0.301	44
afdb_P0A8G6_v6	afdb_P03007_v6	3.497E-01	3.064E-01	3.726E-01	0.126	34
afdb_P0A8G6_v6	afdb_P21179_v6	4.978E-01	1.555E-01	5.019E-01	0.442	49
afdb_P0A8G6_v6	afdb_P83788_v6	4.091E-01	2.246E-01	4.544E-01	0.214	40
afdb_P0A8G6_v6	afdb_P25910_v6	3.441E-01	2.899E-01	3.732E-01	0.126	34
afdb_P0A8G6_v6	afdb_P13717_v6	3.470E-01	2.858E-01	3.598E-01	0.126	34
afdb_P0A8G6_v6	afdb_P00455_v6	3.876E-01	2.438E-01	3.983E-01	0.179	38
afdb_P0A8G6_v6	afdb_P12995_v6	4.044E-01	2.238E-01	4.390E-01	0.214	40
afdb_P0A8G6_v6	afdb_P37062_v6	4.102E-01	2.173E-01	4.220E-01	0.233	41
afdb_P0A8G6_v6	afdb_P04190_v6	3.409E-01	2.861E-01	3.863E-01	0.126	34
afdb_P0A8G6_v6	afdb_P00860_v6	4.074E-01	2.170E-01	4.592E-01	0.214	40
afdb_P0A8G6_v6	afdb_P16932_v6	3.940E-01	2.201E-01	4.239E-01	0.196	39
afdb_P0A8G6_v6	afdb_P0AB77_v6	3.832E-01	2.266E-01	4.503E-01	0.179	38
afdb_P0A8G6_v6	afdb_P18314_v6	4.190E-01	1.891E-01	4.204E-01	0.233	41
afdb_P0A8G6_v6	afdb_P16099_v6	4.444E-01	1.637E-01	4.518E-01	0.301	44
afdb_P0A8G6_v6	afdb_P52700_v6	3.457E-01	2.627E-01	3.776E-01	0.126	34
afdb_P0A8G6_v6	afdb_P00392_v6	4.258E-01	1.811E-01	4.375E-01	0.254	42
afdb_P0A8G6_v6	afdb_P24630_v6	3.887E-01	2.178E-01	4.307E-01	0.179	38
afdb_P0A8G6_v6	afdb_P05414_v6	3.684E-01	2.350E-01	3.851E-01	0.150	36
afdb_P0A8G6_v6	afdb_Q9XBQ8_v6	3.779E-01	2.228E-01	3.792E-01	0.164	37
afdb_P0A8G6_v6	afdb_P27487_v6	4.454E-01	1.539E-01	4.469E-01	0.301	44
afdb_P0A8G6_v6	afdb_P42593_v6	4.342E-01	1.599E-01	5.232E-01	0.277	43
afdb_P0A8G6_v6	afdb_P06721_v6	3.715E-01	2.221E-01	4.434E-01	0.164	37
afdb_P0A8G6_v6	afdb_P19938_v6	3.330E-01	2.583E-01	3.337E-01	0.116	33
afdb_P0A8G6_v6	afdb_P43099_v6	4.365E-01	1.503E-01	4.834E-01	0.277	43
afdb_P0A8G6_v6	afdb_Q16775_v6	3.393E-01	2.463E-01	3.517E-01	0.116	33
afdb_P0A8G6_v6	afdb_Q6UV28_v6	2.596E-01	3.164E-01	3.777E-01	0.057	25
afdb_P0A8G6_v6	afdb_Q56839_v6	3.791E-01	1.779E-01	3.876E-01	0.164	37
afdb_P0A8G6_v6	afdb_F8W4B7_v6	4.350E-01	1.149E-01	4.762E-01	0.277	43
afdb_P0A8G6_v6	afdb_P00175_v6	3.847E-01	1.637E-01	4.007E-01	0.179	38
afdb_P0A8G6_v6	afdb_Q28943_v6	4.263E-01	1.204E-01	4.305E-01	0.254	42
afdb_P0A8G6_v6	afdb_Q06241_v6	2.737E-01	2.700E-01	3.010E-01	0.069	27
afdb_P0A8G6_v6	afdb_P81054_v6	3.251E-01	2.165E-01	3.445E-01	0.106	32
afdb_P0A8G6_v6	afdb_P77444_v6	3.313E-01	1.996E-01	3.559E-01	0.116	33
afdb_P0A8G6_v6	afdb_Q9AGP8_v6	3.991E-01	1.219E-01	4.146E-01	0.196	39
afdb_P0A8G6_v6	afdb_P40881_v6	2.745E-01	2.393E-01	2.933E-01	0.069	27
afdb_P0A8G6_v6	afdb_P00800_v6	3.475E-01	1.643E-01	3.521E-01	0.126	34
afdb_P0A8G6_v6	afdb_O16025_v6	3.988E-01	1.047E-01	4.003E-01	0.196	39
afdb_P0A8G6_v6	afdb_P55038_v6	4.242E-01	7.642E-02	4.257E-01	0.254	42
afdb_P0A8G6_v6	afdb_P23295_v6	3.085E-01	1.824E-01	3.566E-01	0.090	30
afdb_P0A8G6_v6	afdb_Q05755_v6	3.997E-01	7.549E-02	4.149E-01	0.196	39
afdb_P0A8G6_v6	afdb_Q05769_v6	3.046E-01	1.318E-01	3.369E-01	0.090	30
afdb_P0A8G6_v6	afdb_P15917_v6	3.160E-01	1.082E-01	3.289E-01	0.098	31
afdb_P0A8G6_v6	afdb_P30850_v6	2.933E-01	1.260E-01	2.942E-01	0.082	29
afdb_P0AEY5_v6	afdb_Q00017_v6	5.125E-01	4.232E-01	5.144E-01	0.505	51
afdb_P0AEY5_v6	afdb_Q29460_v6	4.914E-01	4.281E-01	5.303E-01	0.442	49
afdb_P0AEY5_v6	afdb_P37957_v6	4.575E-01	4.267E-01	4.911E-01	0.326	45
afdb_P0AEY5_v6	afdb_O58727_v6	4.202E-01	4.432E-01	4.469E-01	0.254	42
afdb_P0AEY5_v6	afdb_P83772_v6	4.773E-01	3.771E-01	4.792E-01	0.382	47
afdb_P0AEY5_v6	afdb_P0CE47_v6	5.480E-01	3.023E-01	5.665E-01	0.601	54
afdb_P0AEY5_v6	afdb_P22266_v6	5.166E-01	3.313E-01	5.186E-01	0.505	51
afdb_P0AEY5_v6	afdb_P53608_v6	4.927E-01	3.552E-01	4.945E-01	0.442	49
afdb_P0AEY5_v6	afdb_Q3HWU8_v6	4.800E-01	3.605E-01	4.819E-01	0.382	47
afdb_P0AEY5_v6	afdb_Q9UMR5_v6	4.767E-01	3.423E-01	4.785E-01	0.382	47
afdb_P0AEY5_v6	afdb_P96965_v6	4.708E-01	3.463E-01	4.727E-01	0.382	47
afdb_P0AEY5_v6	afdb_P05521_v6	4.813E-01	3.283E-01	4.833E-01	0.411	48
afdb_P0AEY5_v6	afdb_P45478_v6	4.709E-01	3.331E-01	4.727E-01	0.382	47
afdb_P0AEY5_v6	afdb_P00388_v6	5.771E-01	1.901E-01	7.085E-01	0.692	57
afdb_P0AEY5_v6	afdb_P04042_v6	4.747E-01	2.894E-01	6.630E-01	0.382	47
afdb_P0AEY5_v6	afdb_P09184_v6	3.505E-01	4.114E-01	4.826E-01	0.138	35
afdb_P0AEY5_v6	afdb_P08819_v6	4.974E-01	2.544E-01	4.994E-01	0.442	49
afdb_P0AEY5_v6	afdb_Q9NPB1_v6	3.980E-01	3.514E-01	3.996E-01	0.196	39
afdb_P0AEY5_v6	afdb_Q12178_v6	3.454E-01	3.958E-01	4.298E-01	0.126	34
afdb_P0AEY5_v6	afdb_P06621_v6	4.704E-01	2.595E-01	4.722E-01	0.382	47
afdb_P0AEY5_v6	afdb_P37967_v6	4.851E-01	2.396E-01	4.868E-01	0.411	48
afdb_P0AEY5_v6	afdb_P0A6C1_v6	4.046E-01	3.053E-01	4.523E-01	0.214	40
afdb_P0AEY5_v6	afdb_P22394_v6	4.845E-01	2.194E-01	4.861E-01	0.411	48
afdb_P0AEY5_v6	afdb_Q02899_v6	4.477E-01	2.535E-01	4.494E-01	0.301	44
afdb_P0AEY5_v6	afdb_Q01693_v6	4.781E-01	2.186E-01	4.799E-01	0.382	47
afdb_P0AEY5_v6	afdb_P14779_v6	5.703E-01	1.262E-01	7.090E-01	0.692	57
afdb_P0AEY5_v6	afdb_P29183_v6	4.595E-01	2.278E-01	4.613E-01	0.326	45
afdb_P0AEY5_v6	afdb_P21836_v6	4.842E-01	1.993E-01	4.859E-01	0.411	48
afdb_P0AEY5_v6	afdb_Q58989_v6	3.500E-01	3.294E-01	3.886E-01	0.138	35
afdb_P0AEY5_v6	afdb_Q9XBQ8_v6	4.322E-01	2.385E-01	4.437E-01	0.277	43
afdb_P0AEY5_v6	afdb_Q9FEW9_v6	4.277E-01	2.430E-01	4.292E-01	0.254	42
afdb_P0AEY5_v6	afdb_P06721_v6	4.290E-01	2.415E-01	5.430E-01	0.254	42
afdb_P0AEY5_v6	afdb_P0AB77_v6	4.265E-01	2.435E-01	5.242E-01	0.254	42
afdb_P0AEY5_v6	afdb_P39377_v6	4.144E-01	2.534E-01	4.158E-01	0.233	41
afdb_P0AEY5_v6	afdb_P03007_v6	3.568E-01	3.042E-01	3.791E-01	0.138	35
afdb_P0AEY5_v6	afdb_Q8RB32_v6	3.546E-01	3.050E-01	3.594E-01	0.138	35
afdb_P0AEY5_v6	afdb_P80324_v6	4.124E-01	2.410E-01	4.141E-01	0.233	41
afdb_P0AEY5_v6	afdb_P03958_v6	3.963E-01	2.572E-01	4.020E-01	0.196	39
afdb_P0AEY5_v6	afdb_P00935_v6	4.131E-01	2.384E-01	4.314E-01	0.233	41
afdb_P0AEY5_v6	afdb_P00860_v6	4.260E-01	2.208E-01	4.465E-01	0.254	42
afdb_P0AEY5_v6	afdb_P77444_v6	4.150E-01	2.280E-01	5.287E-01	0.233	41
afdb_P0AEY5_v6	afdb_Q9L9D7_v6	4.503E-01	1.883E-01	4.520E-01	0.326	45
afdb_P0AEY5_v6	afdb_P0A9P4_v6	3.843E-01	2.537E-01	3.875E-01	0.179	38
afdb_P0AEY5_v6	afdb_P0A1E3_v6	3.778E-01	2.581E-01	3.791E-01	0.164	37
afdb_P0AEY5_v6	afdb_Q6UV28_v6	2.880E-01	3.464E-01	4.343E-01	0.076	28
afdb_P0AEY5_v6	afdb_O59791_v6	3.762E-01	2.554E-01	4.154E-01	0.164	37
afdb_P0AEY5_v6	afdb_P28796_v6	4.258E-01	2.029E-01	4.697E-01	0.254	42
afdb_P0AEY5_v6	afdb_P05414_v6	3.845E-01	2.432E-01	3.972E-01	0.179	38
afdb_P0AEY5_v6	afdb_P83686_v6	3.517E-01	2.760E-01	3.604E-01	0.138	35
afdb_P0AEY5_v6	afdb_P16444_v6	3.945E-01	2.330E-01	3.958E-01	0.196	39
afdb_P0AEY5_v6	afdb_P25910_v6	3.409E-01	2.869E-01	3.458E-01	0.126	34
afdb_P0AEY5_v6	afdb_P83788_v6	4.043E-01	2.215E-01	5.056E-01	0.214	40
afdb_P0AEY5_v6	afdb_Q6LZM9_v6	4.060E-01	2.173E-01	4.773E-01	0.214	40
afdb_P0AEY5_v6	afdb_P16932_v6	4.037E-01	2.151E-01	4.394E-01	0.214	40
afdb_P0AEY5_v6	afdb_P0A6G7_v6	3.168E-01	3.010E-01	3.344E-01	0.098	31
afdb_P0AEY5_v6	afdb_P12995_v6	3.979E-01	2.167E-01	4.139E-01	0.196	39
afdb_P0AEY5_v6	afdb_P24630_v6	3.953E-01	2.140E-01	4.424E-01	0.196	39
afdb_P0AEY5_v6	afdb_Q7ZAG8_v6	3.890E-01	2.153E-01	3.905E-01	0.179	38
afdb_P0AEY5_v6	afdb_P42593_v6	4.381E-01	1.614E-01	4.396E-01	0.277	43
afdb_P0AEY5_v6	afdb_P00914_v6	3.987E-01	1.974E-01	4.033E-01	0.196	39
afdb_P0AEY5_v6	afdb_F8W4B7_v6	4.714E-01	1.215E-01	4.730E-01	0.382	47
afdb_P0AEY5_v6	afdb_P52700_v6	3.356E-01	2.536E-01	3.509E-01	0.116	33
afdb_P0AEY5_v6	afdb_P16099_v6	4.329E-01	1.503E-01	4.345E-01	0.277	43
afdb_P0AEY5_v6	afdb_P00455_v6	3.621E-01	2.215E-01	3.662E-01	0.150	36
afdb_P0AEY5_v6	afdb_P21179_v6	4.379E-01	1.388E-01	5.525E-01	0.277	43
afdb_P0AEY5_v6	afdb_P00392_v6	4.083E-01	1.651E-01	4.097E-01	0.214	40
afdb_P0AEY5_v6	afdb_P43099_v6	4.280E-01	1.441E-01	4.506E-01	0.254	42
afdb_P0AEY5_v6	afdb_P18314_v6	3.944E-01	1.760E-01	4.041E-01	0.196	39
afdb_P0AEY5_v6	afdb_P27487_v6	4.232E-01	1.433E-01	4.244E-01	0.254	42
afdb_P0AEY5_v6	afdb_P00175_v6	3.881E-01	1.724E-01	4.006E-01	0.179	38
afdb_P0AEY5_v6	afdb_P0A6K3_v6	2.682E-01	2.903E-01	2.930E-01	0.063	26
afdb_P0AEY5_v6	afdb_P21327_v6	3.513E-01	2.039E-01	4.340E-01	0.138	35
afdb_P0AEY5_v6	afdb_Q06241_v6	2.793E-01	2.723E-01	2.939E-01	0.069	27
afdb_P0AEY5_v6	afdb_P40859_v6	3.433E-01	2.070E-01	3.665E-01	0.126	34
afdb_P0AEY5_v6	afdb_P19938_v6	3.009E-01	2.313E-01	3.239E-01	0.090	30
afdb_P0AEY5_v6	afdb_P00800_v6	3.604E-01	1.672E-01	3.900E-01	0.150	36
afdb_P0AEY5_v6	afdb_Q28943_v6	4.109E-01	1.100E-01	4.123E-01	0.233	41
afdb_P0AEY5_v6	afdb_P08165_v6	3.298E-01	1.691E-01	3.530E-01	0.106	32
afdb_P0AEY5_v6	afdb_Q56839_v6	3.370E-01	1.616E-01	3.612E-01	0.116	33
afdb_P0AEY5_v6	afdb_Q50925_v6	3.446E-01	1.530E-01	3.540E-01	0.126	34
afdb_P0AEY5_v6	afdb_P37062_v6	3.206E-01	1.741E-01	3.698E-01	0.106	32
afdb_P0AEY5_v6	afdb_Q9AGP8_v6	3.632E-01	1.188E-01	3.855E-01	0.150	36
afdb_P0AEY5_v6	afdb_P81054_v6	2.730E-01	1.866E-01	2.788E-01	0.069	27
afdb_P0AEY5_v6	afdb_P09883_v6	3.194E-01	1.383E-01	3.217E-01	0.098	31
afdb_P0AEY5_v6	afdb_P15917_v6	3.174E-01	1.072E-01	3.225E-01	0.098	31
afdb_P0AEY5_v6	afdb_Q05755_v6	3.572E-01	6.669E-02	3.622E-01	0.138	35
afdb_P14384_v6	afdb_Q01693_v6	4.674E-01	4.186E-01	5.461E-01	0.353	46
afdb_P14384_v6	afdb_P06621_v6	4.170E-01	4.405E-01	4.841E-01	0.233	41
afdb_P14384_v6	afdb_P05521_v6	3.327E-01	4.509E-01	4.890E-01	0.116	33
afdb_P14384_v6	afdb_P96965_v6	3.125E-01	4.510E-01	4.548E-01	0.098	31
afdb_P14384_v6	afdb_P83772_v6	2.942E-01	4.546E-01	4.559E-01	0.082	29
afdb_P14384_v6	afdb_Q75WN8_v6	3.071E-01	4.403E-01	4.416E-01	0.090	30
afdb_P14384_v6	afdb_Q29460_v6	2.837E-01	4.630E-01	4.868E-01	0.076	28
afdb_P14384_v6	afdb_Q3HWU8_v6	2.941E-01	4.338E-01	4.454E-01	0.082	29
afdb_P14384_v6	afdb_P08819_v6	3.417E-01	3.411E-01	4.041E-01	0.126	34
afdb_P14384_v6	afdb_P22394_v6	3.684E-01	3.030E-01	4.108E-01	0.150	36
afdb_P14384_v6	afdb_Q00017_v6	2.621E-01	4.001E-01	4.247E-01	0.063	26
afdb_P14384_v6	afdb_P37967_v6	3.411E-01	3.166E-01	3.568E-01	0.126	34
afdb_P14384_v6	afdb_P0CE47_v6	3.099E-01	3.377E-01	3.620E-01	0.090	30
afdb_P14384_v6	afdb_O58727_v6	2.196E-01	4.266E-01	4.282E-01	0.034	21
afdb_P14384_v6	afdb_P21836_v6	3.569E-01	2.725E-01	4.291E-01	0.138	35
afdb_P14384_v6	afdb_P30122_v6	3.501E-01	2.750E-01	4.186E-01	0.138	35
afdb_P14384_v6	afdb_Q6YBS3_v6	3.540E-01	2.698E-01	3.678E-01	0.138	35
afdb_P14384_v6	afdb_P09184_v6	1.880E-01	4.334E-01	5.023E-01	0.020	18
afdb_P14384_v6	afdb_P03958_v6	2.802E-01	3.287E-01	3.468E-01	0.076	28
afdb_P14384_v6	afdb_P45478_v6	2.631E-01	3.455E-01	3.603E-01	0.063	26
afdb_P14384_v6	afdb_P22266_v6	2.756E-01	3.308E-01	3.775E-01	0.069	27
afdb_P14384_v6	afdb_A0A0C6DRW4_v6	2.889E-01	3.015E-01	3.084E-01	0.076	28
afdb_P14384_v6	afdb_P21179_v6	3.499E-01	2.355E-01	3.679E-01	0.126	34
afdb_P14384_v6	afdb_Q945K2_v6	3.180E-01	2.675E-01	3.432E-01	0.098	31
afdb_P14384_v6	afdb_P81054_v6	2.670E-01	3.168E-01	3.218E-01	0.063	26
afdb_P14384_v6	afdb_Q12178_v6	1.763E-01	4.069E-01	4.891E-01	0.016	17
afdb_P14384_v6	afdb_Q9L9D7_v6	3.184E-01	2.632E-01	3.279E-01	0.098	31
afdb_P14384_v6	afdb_Q9FEW9_v6	2.780E-01	3.020E-01	3.592E-01	0.069	27
afdb_P14384_v6	afdb_P29183_v6	2.930E-01	2.851E-01	3.289E-01	0.082	29
afdb_P14384_v6	afdb_P24474_v6	3.129E-01	2.615E-01	3.342E-01	0.098	31
afdb_P14384_v6	afdb_Q02899_v6	2.758E-01	2.955E-01	3.439E-01	0.069	27
afdb_P14384_v6	afdb_Q50925_v6	3.126E-01	2.577E-01	3.440E-01	0.098	31
afdb_P14384_v6	afdb_Q7ZAG8_v6	2.775E-01	2.927E-01	3.259E-01	0.069	27
afdb_P14384_v6	afdb_Q58989_v6	2.098E-01	3.590E-01	3.738E-01	0.029	20
afdb_P14384_v6	afdb_P05414_v6	2.652E-01	3.032E-01	3.420E-01	0.063	26
afdb_P14384_v6	afdb_P27487_v6	3.462E-01	2.221E-01	3.917E-01	0.126	34
afdb_P14384_v6	afdb_P25910_v6	2.228E-01	3.432E-01	3.828E-01	0.040	22
afdb_P14384_v6	afdb_P18314_v6	3.070E-01	2.567E-01	3.483E-01	0.090	30
afdb_P14384_v6	afdb_P35049_v6	2.263E-01	3.379E-01	3.432E-01	0.040	22
afdb_P14384_v6	afdb_P08148_v6	3.132E-01	2.511E-01	3.443E-01	0.098	31
afdb_P14384_v6	afdb_P00489_v6	3.490E-01	2.141E-01	3.869E-01	0.126	34
afdb_P14384_v6	afdb_P00175_v6	3.078E-01	2.492E-01	3.209E-01	0.090	30
afdb_P14384_v6	afdb_P04042_v6	2.531E-01	2.981E-01	3.210E-01	0.057	25
afdb_P14384_v6	afdb_P71119_v6	2.054E-01	3.418E-01	3.862E-01	0.029	20
afdb_P14384_v6	afdb_P21327_v6	2.635E-01	2.823E-01	2.861E-01	0.063	26
afdb_P14384_v6	afdb_Q56839_v6	2.875E-01	2.569E-01	2.953E-01	0.076	28
afdb_P14384_v6	afdb_Q9XBQ8_v6	2.667E-01	2.782E-01	2.903E-01	0.063	26
afdb_P14384_v6	afdb_P22637_v6	2.924E-01	2.505E-01	3.244E-01	0.082	29
afdb_P14384_v6	afdb_P06721_v6	2.592E-01	2.812E-01	2.898E-01	0.057	25
afdb_P14384_v6	afdb_P00914_v6	2.750E-01	2.637E-01	2.872E-01	0.069	27
afdb_P14384_v6	afdb_Q9NPB1_v6	2.031E-01	3.337E-01	3.578E-01	0.029	20
afdb_P14384_v6	afdb_P0A6G7_v6	1.945E-01	3.387E-01	3.411E-01	0.024	19
afdb_P14384_v6	afdb_Q7SID9_v6	2.866E-01	2.460E-01	3.058E-01	0.076	28
afdb_P14384_v6	afdb_Q6UV28_v6	1.654E-01	3.645E-01	4.013E-01	0.014	16
afdb_P14384_v6	afdb_P00766_v6	2.101E-01	3.186E-01	3.263E-01	0.034	21
afdb_P14384_v6	afdb_P56218_v6	2.266E-01	3.011E-01	3.116E-01	0.040	22
afdb_P14384_v6	afdb_F8W4B7_v6	3.459E-01	1.740E-01	3.494E-01	0.126	34
afdb_P14384_v6	afdb_P05725_v6	1.723E-01	3.464E-01	3.500E-01	0.016	17
afdb_P14384_v6	afdb_P00396_v6	2.718E-01	2.457E-01	3.001E-01	0.069	27
afdb_P14384_v6	afdb_Q8RB32_v6	2.035E-01	3.113E-01	3.237E-01	0.029	20
afdb_P14384_v6	afdb_P00935_v6	2.451E-01	2.700E-01	2.777E-01	0.051	24
afdb_P14384_v6	afdb_P15289_v6	2.690E-01	2.459E-01	3.030E-01	0.063	26
afdb_P14384_v6	afdb_P28796_v6	2.618E-01	2.524E-01	3.051E-01	0.063	26
afdb_P14384_v6	afdb_P24630_v6	2.541E-01	2.582E-01	2.983E-01	0.057	25
afdb_P14384_v6	afdb_Q9AGP8_v6	3.152E-01	1.946E-01	3.215E-01	0.098	31
afdb_P14384_v6	afdb_P00388_v6	2.950E-01	2.148E-01	3.387E-01	0.082	29
afdb_P14384_v6	afdb_P37062_v6	2.532E-01	2.514E-01	2.971E-01	0.057	25
afdb_P14384_v6	afdb_P00860_v6	2.553E-01	2.484E-01	2.743E-01	0.057	25
afdb_P14384_v6	afdb_P27170_v6	2.329E-01	2.679E-01	2.902E-01	0.045	23
afdb_P14384_v6	afdb_O33199_v6	1.844E-01	3.150E-01	3.403E-01	0.020	18
afdb_P14384_v6	afdb_P0AB77_v6	2.385E-01	2.571E-01	2.793E-01	0.045	23
afdb_P14384_v6	afdb_Q00441_v6	2.394E-01	2.553E-01	2.695E-01	0.045	23
afdb_P14384_v6	afdb_P83788_v6	2.418E-01	2.524E-01	2.994E-01	0.051	24
afdb_P14384_v6	afdb_P23295_v6	2.393E-01	2.542E-01	2.671E-01	0.045	23
afdb_P14384_v6	afdb_P30850_v6	2.808E-01	2.109E-01	3.292E-01	0.076	28
afdb_P14384_v6	afdb_P0A9P4_v6	2.184E-01	2.740E-01	2.911E-01	0.034	21
afdb_P14384_v6	afdb_P12995_v6	2.407E-01	2.463E-01	2.843E-01	0.051	24
afdb_P14384_v6	afdb_P14779_v6	3.227E-01	1.640E-01	3.287E-01	0.106	32
afdb_P14384_v6	afdb_P08165_v6	2.515E-01	2.336E-01	2.982E-01	0.057	25
afdb_P14384_v6	afdb_P77444_v6	2.328E-01	2.481E-01	2.721E-01	0.045	23
afdb_P14384_v6	afdb_P16099_v6	2.837E-01	1.929E-01	3.113E-01	0.076	28
afdb_P14384_v6	afdb_Q28943_v6	3.126E-01	1.639E-01	3.393E-01	0.098	31
afdb_P14384_v6	afdb_P43099_v6	2.799E-01	1.926E-01	3.120E-01	0.069	27
afdb_P14384_v6	afdb_P16932_v6	2.345E-01	2.381E-01	2.874E-01	0.045	23
afdb_P14384_v6	afdb_P80324_v6	2.189E-01	2.527E-01	3.023E-01	0.034	21
afdb_P14384_v6	afdb_P0A6K3_v6	1.570E-01	3.131E-01	3.228E-01	0.011	15
afdb_P14384_v6	afdb_Q05769_v6	2.560E-01	2.047E-01	2.847E-01	0.057	25
afdb_P14384_v6	afdb_P00777_v6	1.992E-01	2.590E-01	2.782E-01	0.024	19
afdb_P14384_v6	afdb_P00592_v6	1.358E-01	3.128E-01	3.232E-01	0.009	13
afdb_P14384_v6	afdb_P03007_v6	1.660E-01	2.523E-01	3.025E-01	0.014	16
afdb_P14384_v6	afdb_P12821_v6	2.859E-01	1.254E-01	3.072E-01	0.076	28
afdb_P15085_v6	afdb_P06621_v6	4.439E-01	4.475E-01	5.815E-01	0.301	44
afdb_P15085_v6	afdb_Q01693_v6	4.667E-01	3.997E-01	5.185E-01	0.353	46
afdb_P15085_v6	afdb_P83772_v6	3.070E-01	4.508E-01	4.521E-01	0.090	30
afdb_P15085_v6	afdb_P05521_v6	3.295E-01	4.240E-01	4.704E-01	0.106	32
afdb_P15085_v6	afdb_Q75WN8_v6	3.154E-01	4.310E-01	4.381E-01	0.098	31
afdb_P15085_v6	afdb_Q29460_v6	2.773E-01	4.520E-01	4.936E-01	0.069	27
afdb_P15085_v6	afdb_Q00017_v6	2.847E-01	4.210E-01	4.528E-01	0.076	28
afdb_P15085_v6	afdb_P09030_v6	2.857E-01	4.029E-01	4.131E-01	0.076	28
afdb_P15085_v6	afdb_O58727_v6	2.286E-01	4.433E-01	4.450E-01	0.040	22
afdb_P15085_v6	afdb_Q58989_v6	2.536E-01	4.134E-01	4.599E-01	0.057	25
afdb_P15085_v6	afdb_P09184_v6	2.078E-01	4.543E-01	4.886E-01	0.029	20
afdb_P15085_v6	afdb_P06721_v6	3.232E-01	3.377E-01	3.386E-01	0.106	32
afdb_P15085_v6	afdb_Q9UMR5_v6	2.919E-01	3.684E-01	4.076E-01	0.082	29
afdb_P15085_v6	afdb_P27487_v6	4.067E-01	2.510E-01	4.247E-01	0.214	40
afdb_P15085_v6	afdb_P22266_v6	3.027E-01	3.518E-01	4.056E-01	0.090	30
afdb_P15085_v6	afdb_P45478_v6	2.908E-01	3.611E-01	3.941E-01	0.076	28
afdb_P15085_v6	afdb_P29183_v6	3.346E-01	3.118E-01	4.018E-01	0.116	33
afdb_P15085_v6	afdb_Q9XBQ8_v6	3.216E-01	3.230E-01	3.721E-01	0.106	32
afdb_P15085_v6	afdb_P04042_v6	2.947E-01	3.395E-01	3.510E-01	0.082	29
afdb_P15085_v6	afdb_P03958_v6	2.952E-01	3.357E-01	3.477E-01	0.082	29
afdb_P15085_v6	afdb_O59791_v6	2.835E-01	3.459E-01	3.961E-01	0.076	28
afdb_P15085_v6	afdb_P22394_v6	3.436E-01	2.754E-01	3.529E-01	0.126	34
afdb_P15085_v6	afdb_P00800_v6	3.386E-01	2.760E-01	3.685E-01	0.116	33
afdb_P15085_v6	afdb_P0A6C1_v6	2.656E-01	3.465E-01	3.761E-01	0.063	26
afdb_P15085_v6	afdb_P96965_v6	2.614E-01	3.489E-01	3.570E-01	0.063	26
afdb_P15085_v6	afdb_P16444_v6	3.004E-01	3.046E-01	3.650E-01	0.090	30
afdb_P15085_v6	afdb_P81054_v6	2.815E-01	3.221E-01	3.764E-01	0.076	28
afdb_P15085_v6	afdb_Q6LZM9_v6	3.032E-01	2.941E-01	3.747E-01	0.090	30
afdb_P15085_v6	afdb_P00175_v6	3.345E-01	2.596E-01	3.391E-01	0.116	33
afdb_P15085_v6	afdb_P30122_v6	3.388E-01	2.548E-01	4.522E-01	0.116	33
afdb_P15085_v6	afdb_P00639_v6	2.533E-01	3.323E-01	3.563E-01	0.057	25
afdb_P15085_v6	afdb_P83686_v6	2.468E-01	3.369E-01	3.514E-01	0.051	24
afdb_P15085_v6	afdb_P56218_v6	2.532E-01	3.279E-01	3.590E-01	0.057	25
afdb_P15085_v6	afdb_Q16775_v6	2.547E-01	3.259E-01	5.016E-01	0.057	25
afdb_P15085_v6	afdb_Q6YBS3_v6	3.377E-01	2.419E-01	4.428E-01	0.116	33
afdb_P15085_v6	afdb_Q7ZAG8_v6	2.866E-01	2.917E-01	3.812E-01	0.076	28
afdb_P15085_v6	afdb_P00489_v6	3.676E-01	2.071E-01	3.703E-01	0.150	36
afdb_P15085_v6	afdb_P00766_v6	2.333E-01	3.407E-01	3.521E-01	0.045	23
afdb_P15085_v6	afdb_P16932_v6	2.882E-01	2.813E-01	3.371E-01	0.076	28
afdb_P15085_v6	afdb_P52700_v6	2.481E-01	3.208E-01	3.563E-01	0.051	24
afdb_P15085_v6	afdb_P00914_v6	2.959E-01	2.721E-01	3.042E-01	0.082	29
afdb_P15085_v6	afdb_P08473_v6	3.423E-01	2.221E-01	3.510E-01	0.126	34
afdb_P15085_v6	afdb_P00455_v6	2.680E-01	2.954E-01	2.991E-01	0.063	26
afdb_P15085_v6	afdb_Q02899_v6	2.770E-01	2.863E-01	3.517E-01	0.069	27
afdb_P15085_v6	afdb_Q3HWU8_v6	2.405E-01	3.227E-01	3.349E-01	0.051	24
afdb_P15085_v6	afdb_P37967_v6	2.976E-01	2.658E-01	3.551E-01	0.082	29
afdb_P15085_v6	afdb_Q12178_v6	1.742E-01	3.869E-01	4.629E-01	0.016	17
afdb_P15085_v6	afdb_P24630_v6	2.833E-01	2.770E-01	3.144E-01	0.076	28
afdb_P15085_v6	afdb_Q9L9D7_v6	3.141E-01	2.437E-01	4.210E-01	0.098	31
afdb_P15085_v6	afdb_P53608_v6	2.465E-01	3.113E-01	3.237E-01	0.051	24
afdb_P15085_v6	afdb_P05414_v6	2.661E-01	2.902E-01	3.119E-01	0.063	26
afdb_P15085_v6	afdb_P25910_v6	2.282E-01	3.279E-01	3.583E-01	0.040	22
afdb_P15085_v6	afdb_P15289_v6	2.966E-01	2.563E-01	3.512E-01	0.082	29
afdb_P15085_v6	afdb_P04190_v6	2.291E-01	3.237E-01	3.621E-01	0.040	22
afdb_P15085_v6	afdb_P0A6G7_v6	2.082E-01	3.426E-01	3.490E-01	0.029	20
afdb_P15085_v6	afdb_P39377_v6	2.676E-01	2.813E-01	3.445E-01	0.063	26
afdb_P15085_v6	afdb_P71119_v6	2.112E-01	3.356E-01	3.573E-01	0.034	21
afdb_P15085_v6	afdb_P0CE47_v6	2.643E-01	2.755E-01	3.292E-01	0.063	26
afdb_P15085_v6	afdb_P21836_v6	3.087E-01	2.297E-01	3.172E-01	0.090	30
afdb_P15085_v6	afdb_Q9FEW9_v6	2.636E-01	2.741E-01	3.313E-01	0.063	26
afdb_P15085_v6	afdb_P08148_v6	3.024E-01	2.315E-01	3.228E-01	0.090	30
afdb_P15085_v6	afdb_P56216_v6	2.951E-01	2.376E-01	3.154E-01	0.082	29
afdb_P15085_v6	afdb_P00777_v6	2.320E-01	2.992E-01	3.332E-01	0.045	23
afdb_P15085_v6	afdb_Q8RB32_v6	2.132E-01	3.175E-01	3.298E-01	0.034	21
afdb_P15085_v6	afdb_P83788_v6	2.643E-01	2.657E-01	2.923E-01	0.063	26
afdb_P15085_v6	afdb_P05725_v6	1.760E-01	3.521E-01	3.684E-01	0.016	17
afdb_P15085_v6	afdb_P12995_v6	2.637E-01	2.594E-01	2.879E-01	0.063	26
afdb_P15085_v6	afdb_P0AB77_v6	2.566E-01	2.659E-01	2.903E-01	0.057	25
afdb_P15085_v6	afdb_P77444_v6	2.558E-01	2.609E-01	2.966E-01	0.057	25
afdb_P15085_v6	afdb_P0A9P4_v6	2.306E-01	2.827E-01	3.181E-01	0.045	23
afdb_P15085_v6	afdb_Q9AGP8_v6	3.200E-01	1.927E-01	3.577E-01	0.106	32
afdb_P15085_v6	afdb_P08165_v6	2.706E-01	2.418E-01	3.092E-01	0.069	27
afdb_P15085_v6	afdb_P00644_v6	2.004E-01	3.106E-01	3.520E-01	0.029	20
afdb_P15085_v6	afdb_Q945K2_v6	2.807E-01	2.261E-01	2.969E-01	0.076	28
afdb_P15085_v6	afdb_P10902_v6	2.767E-01	2.304E-01	3.010E-01	0.069	27
afdb_P15085_v6	afdb_P28796_v6	2.616E-01	2.430E-01	2.841E-01	0.063	26
afdb_P15085_v6	afdb_Q05769_v6	2.852E-01	2.159E-01	3.054E-01	0.076	28
afdb_P15085_v6	afdb_P14779_v6	3.413E-01	1.590E-01	3.465E-01	0.126	34
afdb_P15085_v6	afdb_P42593_v6	2.937E-01	2.061E-01	3.109E-01	0.082	29
afdb_P15085_v6	afdb_P03007_v6	1.980E-01	2.932E-01	3.726E-01	0.024	19
afdb_P15085_v6	afdb_P19938_v6	2.130E-01	2.788E-01	2.877E-01	0.034	21
afdb_P15085_v6	afdb_Q05755_v6	3.583E-01	1.322E-01	3.646E-01	0.138	35
afdb_P15085_v6	afdb_P00860_v6	2.525E-01	2.367E-01	2.677E-01	0.057	25
afdb_P15085_v6	afdb_P0A6K3_v6	1.684E-01	3.207E-01	3.340E-01	0.014	16
afdb_P15085_v6	afdb_Q56839_v6	2.618E-01	2.230E-01	2.666E-01	0.063	26
afdb_P15085_v6	afdb_P12821_v6	3.393E-01	1.355E-01	3.481E-01	0.116	33
afdb_P15085_v6	afdb_P00392_v6	2.621E-01	2.115E-01	2.689E-01	0.063	26
afdb_P15085_v6	afdb_P16099_v6	2.857E-01	1.877E-01	2.989E-01	0.076	28
afdb_P15085_v6	afdb_P21327_v6	2.309E-01	2.370E-01	2.391E-01	0.040	22
afdb_P15085_v6	afdb_P00388_v6	2.723E-01	1.919E-01	2.818E-01	0.069	27
afdb_P15085_v6	afdb_P55038_v6	3.332E-01	1.208E-01	3.758E-01	0.116	33
afdb_P15085_v6	afdb_Q28943_v6	3.034E-01	1.499E-01	3.104E-01	0.090	30
afdb_P15085_v6	afdb_P21179_v6	2.654E-01	1.722E-01	2.754E-01	0.063	26
afdb_P15085_v6	afdb_O16025_v6	2.877E-01	1.384E-01	3.202E-01	0.076	28
afdb_P15085_v6	afdb_P09883_v6	2.324E-01	1.819E-01	2.542E-01	0.045	23
afdb_P15085_v6	afdb_F8W4B7_v6	2.731E-01	1.316E-01	2.989E-01	0.069	27
afdb_P15651_v6	afdb_A0A0C6DRW4_v6	8.053E-01	7.966E-01	8.783E-01	0.984	80
afdb_P15651_v6	afdb_P09598_v6	2.799E-01	3.755E-01	4.139E-01	0.069	27
afdb_P15651_v6	afdb_P53608_v6	2.789E-01	3.556E-01	3.880E-01	0.069	27
afdb_P15651_v6	afdb_P05725_v6	2.059E-01	4.107E-01	4.192E-01	0.029	20
afdb_P15651_v6	afdb_Q16775_v6	2.696E-01	3.365E-01	3.729E-01	0.063	26
afdb_P15651_v6	afdb_P52700_v6	2.614E-01	3.375E-01	3.603E-01	0.057	25
afdb_P15651_v6	afdb_P23295_v6	2.951E-01	3.000E-01	3.141E-01	0.082	29
afdb_P15651_v6	afdb_P83686_v6	2.513E-01	3.405E-01	3.515E-01	0.057	25
afdb_P15651_v6	afdb_P05521_v6	2.644E-01	3.254E-01	3.369E-01	0.063	26
afdb_P15651_v6	afdb_Q12178_v6	1.925E-01	3.948E-01	3.999E-01	0.024	19
afdb_P15651_v6	afdb_P22637_v6	3.213E-01	2.591E-01	3.409E-01	0.106	32
afdb_P15651_v6	afdb_P00800_v6	3.171E-01	2.593E-01	3.306E-01	0.098	31
afdb_P15651_v6	afdb_P00766_v6	2.355E-01	3.396E-01	3.447E-01	0.045	23
afdb_P15651_v6	afdb_Q945K2_v6	3.199E-01	2.534E-01	3.396E-01	0.098	31
afdb_P15651_v6	afdb_P37967_v6	3.052E-01	2.680E-01	3.249E-01	0.090	30
afdb_P15651_v6	afdb_P71119_v6	2.179E-01	3.531E-01	4.502E-01	0.034	21
afdb_P15651_v6	afdb_P08165_v6	3.045E-01	2.665E-01	3.254E-01	0.090	30
afdb_P15651_v6	afdb_P00592_v6	1.757E-01	3.950E-01	4.465E-01	0.016	17
afdb_P15651_v6	afdb_P40859_v6	2.781E-01	2.884E-01	2.990E-01	0.069	27
afdb_P15651_v6	afdb_P03958_v6	2.665E-01	2.981E-01	3.127E-01	0.063	26
afdb_P15651_v6	afdb_Q9AGP8_v6	3.544E-01	2.058E-01	3.615E-01	0.138	35
afdb_P15651_v6	afdb_P24630_v6	2.844E-01	2.747E-01	3.101E-01	0.076	28
afdb_P15651_v6	afdb_P45478_v6	2.483E-01	3.090E-01	3.432E-01	0.051	24
afdb_P15651_v6	afdb_P48534_v6	2.330E-01	3.244E-01	3.269E-01	0.045	23
afdb_P15651_v6	afdb_P21179_v6	3.410E-01	2.151E-01	3.642E-01	0.126	34
afdb_P15651_v6	afdb_P80324_v6	2.654E-01	2.878E-01	3.045E-01	0.063	26
afdb_P15651_v6	afdb_P00396_v6	2.995E-01	2.539E-01	3.308E-01	0.082	29
afdb_P15651_v6	afdb_P06621_v6	2.762E-01	2.748E-01	3.675E-01	0.069	27
afdb_P15651_v6	afdb_Q6UV28_v6	1.683E-01	3.809E-01	5.093E-01	0.014	16
afdb_P15651_v6	afdb_Q05769_v6	3.110E-01	2.383E-01	3.129E-01	0.098	31
afdb_P15651_v6	afdb_P35049_v6	2.238E-01	3.238E-01	3.482E-01	0.040	22
afdb_P15651_v6	afdb_Q7SID9_v6	3.041E-01	2.421E-01	3.141E-01	0.090	30
afdb_P15651_v6	afdb_Q9UMR5_v6	2.418E-01	3.038E-01	3.454E-01	0.051	24
afdb_P15651_v6	afdb_P00914_v6	2.823E-01	2.571E-01	2.950E-01	0.076	28
afdb_P15651_v6	afdb_P08473_v6	3.294E-01	2.079E-01	3.483E-01	0.106	32
afdb_P15651_v6	afdb_P30122_v6	3.033E-01	2.349E-01	3.056E-01	0.090	30
afdb_P15651_v6	afdb_P10902_v6	2.926E-01	2.408E-01	3.094E-01	0.082	29
afdb_P15651_v6	afdb_P0AB77_v6	2.607E-01	2.670E-01	2.710E-01	0.063	26
afdb_P15651_v6	afdb_P05414_v6	2.536E-01	2.738E-01	2.843E-01	0.057	25
afdb_P15651_v6	afdb_P42593_v6	3.089E-01	2.164E-01	3.436E-01	0.090	30
afdb_P15651_v6	afdb_P28796_v6	2.738E-01	2.509E-01	3.261E-01	0.069	27
afdb_P15651_v6	afdb_P00935_v6	2.559E-01	2.680E-01	2.931E-01	0.057	25
afdb_P15651_v6	afdb_P08373_v6	2.443E-01	2.793E-01	3.007E-01	0.051	24
afdb_P15651_v6	afdb_P21836_v6	3.004E-01	2.228E-01	3.194E-01	0.090	30
afdb_P15651_v6	afdb_P16444_v6	2.606E-01	2.610E-01	2.984E-01	0.063	26
afdb_P15651_v6	afdb_Q00441_v6	2.583E-01	2.619E-01	2.849E-01	0.057	25
afdb_P15651_v6	afdb_Q29460_v6	2.060E-01	3.142E-01	3.246E-01	0.029	20
afdb_P15651_v6	afdb_P00489_v6	3.295E-01	1.886E-01	3.924E-01	0.106	32
afdb_P15651_v6	afdb_P06721_v6	2.514E-01	2.589E-01	2.713E-01	0.057	25
afdb_P15651_v6	afdb_Q06241_v6	1.901E-01	3.197E-01	3.208E-01	0.020	18
afdb_P15651_v6	afdb_P0A6T5_v6	2.018E-01	3.095E-01	3.142E-01	0.024	19
afdb_P15651_v6	afdb_Q6LZM9_v6	2.575E-01	2.477E-01	2.716E-01	0.057	25
afdb_P15651_v6	afdb_O33199_v6	1.908E-01	3.141E-01	3.161E-01	0.024	19
afdb_P15651_v6	afdb_P12995_v6	2.554E-01	2.495E-01	2.725E-01	0.057	25
afdb_P15651_v6	afdb_Q75WN8_v6	2.199E-01	2.845E-01	3.199E-01	0.034	21
afdb_P15651_v6	afdb_Q9FEW9_v6	2.481E-01	2.548E-01	2.831E-01	0.051	24
afdb_P15651_v6	afdb_Q01693_v6	2.692E-01	2.324E-01	3.066E-01	0.063	26
afdb_P15651_v6	afdb_O13297_v6	2.781E-01	2.223E-01	3.510E-01	0.069	27
afdb_P15651_v6	afdb_Q8RB32_v6	2.017E-01	2.976E-01	3.224E-01	0.029	20
afdb_P15651_v6	afdb_P00777_v6	2.206E-01	2.784E-01	3.109E-01	0.040	22
afdb_P15651_v6	afdb_P37062_v6	2.561E-01	2.416E-01	2.913E-01	0.057	25
afdb_P15651_v6	afdb_Q3HWU8_v6	2.147E-01	2.823E-01	2.972E-01	0.034	21
afdb_P15651_v6	afdb_P00388_v6	2.913E-01	2.010E-01	3.309E-01	0.082	29
afdb_P15651_v6	afdb_P77444_v6	2.440E-01	2.464E-01	2.649E-01	0.051	24
afdb_P15651_v6	afdb_P00392_v6	2.726E-01	2.189E-01	2.799E-01	0.069	27
afdb_P15651_v6	afdb_Q50925_v6	2.718E-01	2.142E-01	3.109E-01	0.069	27
afdb_P15651_v6	afdb_O16025_v6	3.320E-01	1.531E-01	3.396E-01	0.116	33
afdb_P15651_v6	afdb_P24474_v6	2.678E-01	2.129E-01	2.848E-01	0.063	26
afdb_P15651_v6	afdb_P46076_v6	2.281E-01	2.518E-01	2.522E-01	0.040	22
afdb_P15651_v6	afdb_P22266_v6	2.256E-01	2.548E-01	2.709E-01	0.040	22
afdb_P15651_v6	afdb_Q28943_v6	3.156E-01	1.624E-01	3.303E-01	0.098	31
afdb_P15651_v6	afdb_Q05755_v6	3.465E-01	1.265E-01	3.706E-01	0.126	34
afdb_P15651_v6	afdb_P14779_v6	3.202E-01	1.522E-01	3.294E-01	0.106	32
afdb_P15651_v6	afdb_P81054_v6	2.214E-01	2.497E-01	2.939E-01	0.040	22
afdb_P15651_v6	afdb_Q9NPB1_v6	1.798E-01	2.755E-01	2.829E-01	0.016	17
afdb_P15651_v6	afdb_P30850_v6	2.642E-01	1.910E-01	2.788E-01	0.063	26
afdb_P15651_v6	afdb_P55038_v6	3.307E-01	1.125E-01	3.685E-01	0.116	33
afdb_P15651_v6	afdb_F8W4B7_v6	2.979E-01	1.441E-01	3.126E-01	0.082	29
afdb_P15651_v6	afdb_P04190_v6	1.850E-01	2.568E-01	2.936E-01	0.020	18
afdb_P15651_v6	afdb_P00175_v6	2.456E-01	1.887E-01	2.524E-01	0.051	24
afdb_P15651_v6	afdb_P27487_v6	2.608E-01	1.697E-01	2.726E-01	0.063	26
afdb_P15651_v6	afdb_P09883_v6	2.340E-01	1.831E-01	2.528E-01	0.045	23
afdb_P15651_v6	afdb_P15917_v6	2.575E-01	1.574E-01	2.738E-01	0.057	25
afdb_P22079_v6	afdb_Q05769_v6	5.648E-01	6.580E-01	8.400E-01	0.663	56
afdb_P22079_v6	afdb_P48534_v6	2.043E-01	4.797E-01	4.853E-01	0.029	20
afdb_P22079_v6	afdb_P71119_v6	1.848E-01	4.630E-01	4.644E-01	0.020	18
afdb_P22079_v6	afdb_P37967_v6	2.479E-01	3.294E-01	3.580E-01	0.051	24
afdb_P22079_v6	afdb_Q945K2_v6	2.644E-01	3.132E-01	3.489E-01	0.063	26
afdb_P22079_v6	afdb_P21836_v6	2.690E-01	3.005E-01	3.169E-01	0.063	26
afdb_P22079_v6	afdb_P30850_v6	2.724E-01	2.936E-01	3.834E-01	0.069	27
afdb_P22079_v6	afdb_P24630_v6	2.267E-01	3.300E-01	3.697E-01	0.040	22
afdb_P22079_v6	afdb_P22394_v6	2.524E-01	3.016E-01	3.085E-01	0.057	25
afdb_P22079_v6	afdb_P30122_v6	2.540E-01	2.896E-01	3.056E-01	0.057	25
afdb_P22079_v6	afdb_Q29460_v6	1.616E-01	3.819E-01	3.895E-01	0.014	16
afdb_P22079_v6	afdb_P00175_v6	2.520E-01	2.906E-01	3.385E-01	0.057	25
afdb_P22079_v6	afdb_Q50925_v6	2.488E-01	2.934E-01	3.263E-01	0.051	24
afdb_P22079_v6	afdb_P00489_v6	2.870E-01	2.537E-01	3.233E-01	0.076	28
afdb_P22079_v6	afdb_P00914_v6	2.272E-01	3.090E-01	3.162E-01	0.040	22
afdb_P22079_v6	afdb_Q00017_v6	1.678E-01	3.671E-01	3.779E-01	0.014	16
afdb_P22079_v6	afdb_P03958_v6	1.953E-01	3.252E-01	3.341E-01	0.024	19
afdb_P22079_v6	afdb_P19938_v6	1.779E-01	3.404E-01	3.445E-01	0.016	17
afdb_P22079_v6	afdb_P29183_v6	2.148E-01	3.011E-01	3.768E-01	0.034	21
afdb_P22079_v6	afdb_P53608_v6	1.751E-01	3.391E-01	3.404E-01	0.016	17
afdb_P22079_v6	afdb_P00388_v6	2.518E-01	2.609E-01	2.901E-01	0.057	25
afdb_P22079_v6	afdb_P81054_v6	1.864E-01	3.180E-01	3.308E-01	0.020	18
afdb_P22079_v6	afdb_P08473_v6	2.554E-01	2.457E-01	2.934E-01	0.057	25
afdb_P22079_v6	afdb_P00800_v6	2.259E-01	2.747E-01	3.572E-01	0.040	22
afdb_P22079_v6	afdb_P24474_v6	2.295E-01	2.693E-01	2.878E-01	0.040	22
afdb_P22079_v6	afdb_P08819_v6	2.044E-01	2.926E-01	3.656E-01	0.029	20
afdb_P22079_v6	afdb_P52700_v6	1.661E-01	3.270E-01	3.394E-01	0.014	16
afdb_P22079_v6	afdb_P42593_v6	2.417E-01	2.516E-01	2.865E-01	0.051	24
afdb_P22079_v6	afdb_F8W4B7_v6	2.818E-01	2.057E-01	2.914E-01	0.076	28
afdb_P22079_v6	afdb_A0A0C6DRW4_v6	1.970E-01	2.894E-01	2.937E-01	0.024	19
afdb_P22079_v6	afdb_P00396_v6	2.154E-01	2.715E-01	2.937E-01	0.034	21
afdb_P22079_v6	afdb_Q05755_v6	3.114E-01	1.738E-01	3.199E-01	0.098	31
afdb_P22079_v6	afdb_P37957_v6	1.380E-01	3.467E-01	3.649E-01	0.009	13
afdb_P22079_v6	afdb_P77444_v6	1.943E-01	2.896E-01	3.140E-01	0.024	19
afdb_P22079_v6	afdb_P35049_v6	1.529E-01	3.303E-01	3.506E-01	0.011	15
afdb_P22079_v6	afdb_P39377_v6	1.886E-01	2.926E-01	3.027E-01	0.020	18
afdb_P22079_v6	afdb_P27487_v6	2.463E-01	2.332E-01	2.593E-01	0.051	24
afdb_P22079_v6	afdb_P16444_v6	1.906E-01	2.862E-01	3.005E-01	0.020	18
afdb_P22079_v6	afdb_P22266_v6	1.734E-01	2.996E-01	3.436E-01	0.016	17
afdb_P22079_v6	afdb_P10902_v6	2.110E-01	2.578E-01	2.729E-01	0.034	21
afdb_P22079_v6	afdb_P21327_v6	1.834E-01	2.854E-01	2.936E-01	0.020	18
afdb_P22079_v6	afdb_P00766_v6	1.413E-01	3.221E-01	3.407E-01	0.010	14
afdb_P22079_v6	afdb_P40859_v6	1.808E-01	2.815E-01	2.910E-01	0.020	18
afdb_P22079_v6	afdb_Q9FEW9_v6	1.819E-01	2.801E-01	2.943E-01	0.020	18
afdb_P22079_v6	afdb_P00455_v6	1.774E-01	2.835E-01	3.331E-01	0.016	17
afdb_P22079_v6	afdb_P14779_v6	2.629E-01	1.973E-01	2.713E-01	0.063	26
afdb_P22079_v6	afdb_P55038_v6	2.976E-01	1.612E-01	3.203E-01	0.082	29
afdb_P22079_v6	afdb_P12821_v6	2.816E-01	1.771E-01	3.277E-01	0.076	28
afdb_P22079_v6	afdb_P25910_v6	1.465E-01	3.109E-01	3.353E-01	0.010	14
afdb_P22079_v6	afdb_P00860_v6	1.869E-01	2.589E-01	2.842E-01	0.020	18
afdb_P22079_v6	afdb_P00918_v6	1.435E-01	2.997E-01	3.363E-01	0.010	14
afdb_P22079_v6	afdb_O16025_v6	2.538E-01	1.882E-01	2.648E-01	0.057	25
afdb_P22079_v6	afdb_P15917_v6	2.287E-01	2.075E-01	2.318E-01	0.040	22
afdb_P22079_v6	afdb_P03007_v6	1.288E-01	2.928E-01	3.509E-01	0.008	12
afdb_P22079_v6	afdb_P09883_v6	1.944E-01	2.261E-01	2.581E-01	0.024	19
afdb_P27306_v6	afdb_Q56839_v6	8.926E-01	8.006E-01	8.962E-01	0.996	89
afdb_P27306_v6	afdb_P00392_v6	8.882E-01	7.461E-01	9.009E-01	0.995	88
afdb_P27306_v6	afdb_P37062_v6	7.601E-01	7.888E-01	7.904E-01	0.971	76
afdb_P27306_v6	afdb_Q7ZAG8_v6	6.247E-01	7.034E-01	7.050E-01	0.817	62
afdb_P27306_v6	afdb_P0A9P4_v6	5.376E-01	7.553E-01	7.838E-01	0.569	53
afdb_P27306_v6	afdb_P08165_v6	5.190E-01	4.942E-01	6.928E-01	0.505	51
afdb_P27306_v6	afdb_P42593_v6	4.761E-01	3.401E-01	7.095E-01	0.382	47
afdb_P27306_v6	afdb_P16099_v6	4.827E-01	3.220E-01	6.521E-01	0.411	48
afdb_P27306_v6	afdb_Q28943_v6	5.364E-01	2.615E-01	5.551E-01	0.569	53
afdb_P27306_v6	afdb_P22637_v6	4.199E-01	3.637E-01	5.435E-01	0.233	41
afdb_P27306_v6	afdb_P10902_v6	4.002E-01	3.536E-01	5.255E-01	0.214	40
afdb_P27306_v6	afdb_Q945K2_v6	4.047E-01	3.455E-01	5.257E-01	0.214	40
afdb_P27306_v6	afdb_P40859_v6	3.448E-01	3.972E-01	4.365E-01	0.126	34
afdb_P27306_v6	afdb_Q9AGP8_v6	4.182E-01	2.681E-01	4.201E-01	0.233	41
afdb_P27306_v6	afdb_P80324_v6	3.105E-01	3.761E-01	4.032E-01	0.090	30
afdb_P27306_v6	afdb_P0A1E3_v6	2.820E-01	3.734E-01	3.851E-01	0.076	28
afdb_P27306_v6	afdb_O59791_v6	2.713E-01	3.656E-01	3.721E-01	0.069	27
afdb_P27306_v6	afdb_Q6LZM9_v6	3.071E-01	3.208E-01	3.213E-01	0.090	30
afdb_P27306_v6	afdb_P28796_v6	3.063E-01	3.058E-01	3.288E-01	0.090	30
afdb_P27306_v6	afdb_Q02899_v6	2.857E-01	3.220E-01	3.429E-01	0.076	28
afdb_P27306_v6	afdb_P04190_v6	2.363E-01	3.692E-01	3.914E-01	0.045	23
afdb_P27306_v6	afdb_Q58989_v6	2.102E-01	3.949E-01	3.963E-01	0.034	21
afdb_P27306_v6	afdb_P0AB77_v6	2.801E-01	3.138E-01	3.454E-01	0.069	27
afdb_P27306_v6	afdb_P06721_v6	2.792E-01	3.135E-01	3.203E-01	0.069	27
afdb_P27306_v6	afdb_P00935_v6	2.768E-01	3.146E-01	3.234E-01	0.069	27
afdb_P27306_v6	afdb_O58727_v6	1.908E-01	3.995E-01	4.011E-01	0.024	19
afdb_P27306_v6	afdb_P16932_v6	2.849E-01	3.007E-01	3.155E-01	0.076	28
afdb_P27306_v6	afdb_P77444_v6	2.771E-01	3.036E-01	3.200E-01	0.069	27
afdb_P27306_v6	afdb_Q9L9D7_v6	3.091E-01	2.653E-01	3.413E-01	0.090	30
afdb_P27306_v6	afdb_Q9NPB1_v6	2.059E-01	3.672E-01	4.142E-01	0.029	20
afdb_P27306_v6	afdb_P83788_v6	2.749E-01	2.977E-01	3.250E-01	0.069	27
afdb_P27306_v6	afdb_Q8RB32_v6	2.149E-01	3.527E-01	3.538E-01	0.034	21
afdb_P27306_v6	afdb_Q9UMR5_v6	2.372E-01	3.300E-01	3.577E-01	0.045	23
afdb_P27306_v6	afdb_P05521_v6	2.409E-01	3.249E-01	3.514E-01	0.051	24
afdb_P27306_v6	afdb_P08373_v6	2.504E-01	3.141E-01	3.311E-01	0.057	25
afdb_P27306_v6	afdb_Q12178_v6	1.690E-01	3.946E-01	4.518E-01	0.014	16
afdb_P27306_v6	afdb_Q6YBS3_v6	3.131E-01	2.494E-01	3.290E-01	0.098	31
afdb_P27306_v6	afdb_P22266_v6	2.501E-01	3.126E-01	3.762E-01	0.051	24
afdb_P27306_v6	afdb_P37967_v6	2.852E-01	2.759E-01	2.879E-01	0.076	28
afdb_P27306_v6	afdb_P16444_v6	2.674E-01	2.930E-01	3.572E-01	0.063	26
afdb_P27306_v6	afdb_A0A0C6DRW4_v6	2.681E-01	2.909E-01	3.176E-01	0.063	26
afdb_P27306_v6	afdb_P25910_v6	2.161E-01	3.413E-01	3.771E-01	0.034	21
afdb_P27306_v6	afdb_Q9FEW9_v6	2.625E-01	2.952E-01	3.066E-01	0.063	26
afdb_P27306_v6	afdb_Q00017_v6	2.148E-01	3.419E-01	3.527E-01	0.034	21
afdb_P27306_v6	afdb_P09184_v6	1.660E-01	3.867E-01	4.364E-01	0.014	16
afdb_P27306_v6	afdb_P00914_v6	2.760E-01	2.735E-01	2.921E-01	0.069	27
afdb_P27306_v6	afdb_P29183_v6	2.727E-01	2.747E-01	3.134E-01	0.069	27
afdb_P27306_v6	afdb_Q75WN8_v6	2.227E-01	3.238E-01	3.415E-01	0.040	22
afdb_P27306_v6	afdb_P08819_v6	2.687E-01	2.777E-01	2.907E-01	0.063	26
afdb_P27306_v6	afdb_P0CE47_v6	2.566E-01	2.893E-01	2.937E-01	0.057	25
afdb_P27306_v6	afdb_P83772_v6	2.143E-01	3.315E-01	3.353E-01	0.034	21
afdb_P27306_v6	afdb_Q3HWU8_v6	2.215E-01	3.219E-01	3.341E-01	0.040	22
afdb_P27306_v6	afdb_P96965_v6	2.203E-01	3.210E-01	3.432E-01	0.040	22
afdb_P27306_v6	afdb_P52700_v6	2.248E-01	3.149E-01	3.538E-01	0.040	22
afdb_P27306_v6	afdb_P28305_v6	2.124E-01	3.149E-01	3.352E-01	0.034	21
afdb_P27306_v6	afdb_Q29460_v6	1.927E-01	3.336E-01	3.696E-01	0.024	19
afdb_P27306_v6	afdb_Q01693_v6	2.696E-01	2.554E-01	2.705E-01	0.063	26
afdb_P27306_v6	afdb_P08148_v6	2.862E-01	2.388E-01	3.014E-01	0.076	28
afdb_P27306_v6	afdb_P53608_v6	2.175E-01	3.067E-01	3.285E-01	0.034	21
afdb_P27306_v6	afdb_P00175_v6	2.844E-01	2.387E-01	3.431E-01	0.076	28
afdb_P27306_v6	afdb_Q05755_v6	3.709E-01	1.481E-01	3.842E-01	0.164	37
afdb_P27306_v6	afdb_P00388_v6	2.928E-01	2.220E-01	3.003E-01	0.082	29
afdb_P27306_v6	afdb_P83686_v6	2.028E-01	3.103E-01	3.414E-01	0.029	20
afdb_P27306_v6	afdb_P21836_v6	2.775E-01	2.256E-01	3.109E-01	0.069	27
afdb_P27306_v6	afdb_P03958_v6	2.259E-01	2.769E-01	3.010E-01	0.040	22
afdb_P27306_v6	afdb_P39377_v6	2.358E-01	2.677E-01	3.079E-01	0.045	23
afdb_P27306_v6	afdb_P81054_v6	2.262E-01	2.767E-01	2.913E-01	0.040	22
afdb_P27306_v6	afdb_P24474_v6	2.688E-01	2.333E-01	2.779E-01	0.063	26
afdb_P27306_v6	afdb_P56218_v6	2.127E-01	2.894E-01	2.922E-01	0.034	21
afdb_P27306_v6	afdb_P00800_v6	2.642E-01	2.351E-01	2.777E-01	0.063	26
afdb_P27306_v6	afdb_P00455_v6	2.290E-01	2.698E-01	2.973E-01	0.040	22
afdb_P27306_v6	afdb_P37957_v6	1.773E-01	3.208E-01	3.576E-01	0.016	17
afdb_P27306_v6	afdb_P71119_v6	1.820E-01	3.103E-01	3.588E-01	0.020	18
afdb_P27306_v6	afdb_P30850_v6	2.751E-01	2.160E-01	2.803E-01	0.069	27
afdb_P27306_v6	afdb_P27170_v6	2.217E-01	2.674E-01	2.975E-01	0.040	22
afdb_P27306_v6	afdb_P04042_v6	2.200E-01	2.679E-01	2.851E-01	0.034	21
afdb_P27306_v6	afdb_P0A6C1_v6	1.977E-01	2.880E-01	2.954E-01	0.024	19
afdb_P27306_v6	afdb_P56216_v6	2.587E-01	2.277E-01	2.782E-01	0.057	25
afdb_P27306_v6	afdb_P00644_v6	1.800E-01	3.008E-01	3.101E-01	0.016	17
afdb_P27306_v6	afdb_P05725_v6	1.510E-01	3.252E-01	3.470E-01	0.011	15
afdb_P27306_v6	afdb_P05414_v6	2.189E-01	2.574E-01	2.597E-01	0.034	21
afdb_P27306_v6	afdb_Q7SID9_v6	2.531E-01	2.212E-01	2.677E-01	0.057	25
afdb_P27306_v6	afdb_P09883_v6	2.541E-01	2.162E-01	2.634E-01	0.057	25
afdb_P27306_v6	afdb_Q6UV28_v6	1.412E-01	3.247E-01	3.525E-01	0.010	14
afdb_P27306_v6	afdb_P18314_v6	2.474E-01	2.156E-01	2.518E-01	0.051	24
afdb_P27306_v6	afdb_P00860_v6	2.298E-01	2.316E-01	2.540E-01	0.040	22
afdb_P27306_v6	afdb_P19938_v6	1.895E-01	2.715E-01	2.728E-01	0.020	18
afdb_P27306_v6	afdb_P55038_v6	3.273E-01	1.329E-01	3.373E-01	0.106	32
afdb_P27306_v6	afdb_P0A6K3_v6	1.444E-01	3.156E-01	3.281E-01	0.010	14
afdb_P27306_v6	afdb_P09598_v6	1.922E-01	2.684E-01	2.959E-01	0.020	18
afdb_P27306_v6	afdb_F8W4B7_v6	2.989E-01	1.575E-01	2.993E-01	0.082	29
afdb_P27306_v6	afdb_P14779_v6	2.954E-01	1.607E-01	3.132E-01	0.082	29
afdb_P27306_v6	afdb_P21179_v6	2.657E-01	1.851E-01	2.948E-01	0.063	26
afdb_P27306_v6	afdb_P00766_v6	1.723E-01	2.779E-01	3.092E-01	0.016	17
afdb_P27306_v6	afdb_P13717_v6	1.786E-01	2.691E-01	2.808E-01	0.016	17
afdb_P27306_v6	afdb_Q9XBQ8_v6	2.068E-01	2.244E-01	2.707E-01	0.029	20
afdb_P27306_v6	afdb_O13297_v6	1.987E-01	1.776E-01	2.105E-01	0.024	19
afdb_P15202_v6	afdb_P21179_v6	9.187E-01	6.334E-01	9.456E-01	0.997	91
afdb_P15202_v6	afdb_O16025_v6	5.110E-01	2.568E-01	6.947E-01	0.505	51
afdb_P15202_v6	afdb_P15289_v6	2.850E-01	2.883E-01	3.176E-01	0.076	28
afdb_P15202_v6	afdb_A0A0C6DRW4_v6	2.570E-01	2.984E-01	3.236E-01	0.057	25
afdb_P15202_v6	afdb_P27170_v6	2.387E-01	3.145E-01	3.272E-01	0.045	23
afdb_P15202_v6	afdb_P25910_v6	2.010E-01	3.506E-01	3.576E-01	0.029	20
afdb_P15202_v6	afdb_P46076_v6	2.363E-01	3.124E-01	3.489E-01	0.045	23
afdb_P15202_v6	afdb_Q6YBS3_v6	2.867E-01	2.455E-01	2.903E-01	0.076	28
afdb_P15202_v6	afdb_P37967_v6	2.610E-01	2.706E-01	2.786E-01	0.063	26
afdb_P15202_v6	afdb_Q7SID9_v6	2.718E-01	2.563E-01	3.134E-01	0.069	27
afdb_P15202_v6	afdb_Q12178_v6	1.557E-01	3.715E-01	3.783E-01	0.011	15
afdb_P15202_v6	afdb_Q00017_v6	1.920E-01	3.309E-01	3.356E-01	0.024	19
afdb_P15202_v6	afdb_P10902_v6	2.656E-01	2.579E-01	2.996E-01	0.063	26
afdb_P15202_v6	afdb_P0CE47_v6	2.336E-01	2.851E-01	3.067E-01	0.045	23
afdb_P15202_v6	afdb_P52700_v6	2.003E-01	3.113E-01	3.466E-01	0.024	19
afdb_P15202_v6	afdb_Q02899_v6	2.329E-01	2.776E-01	2.949E-01	0.045	23
afdb_P15202_v6	afdb_P22637_v6	2.606E-01	2.491E-01	2.897E-01	0.063	26
afdb_P15202_v6	afdb_P04190_v6	1.900E-01	3.163E-01	3.389E-01	0.024	19
afdb_P15202_v6	afdb_Q29460_v6	1.785E-01	3.231E-01	3.348E-01	0.016	17
afdb_P15202_v6	afdb_P81054_v6	2.155E-01	2.846E-01	3.140E-01	0.034	21
afdb_P15202_v6	afdb_P05414_v6	2.190E-01	2.785E-01	2.945E-01	0.034	21
afdb_P15202_v6	afdb_Q75WN8_v6	1.950E-01	3.021E-01	3.074E-01	0.024	19
afdb_P15202_v6	afdb_P08373_v6	2.119E-01	2.817E-01	2.876E-01	0.034	21
afdb_P15202_v6	afdb_P56218_v6	1.955E-01	2.975E-01	3.488E-01	0.024	19
afdb_P15202_v6	afdb_Q01693_v6	2.407E-01	2.444E-01	2.578E-01	0.051	24
afdb_P15202_v6	afdb_P29183_v6	2.324E-01	2.516E-01	2.837E-01	0.045	23
afdb_P15202_v6	afdb_P16444_v6	2.221E-01	2.612E-01	2.797E-01	0.040	22
afdb_P15202_v6	afdb_P00388_v6	2.655E-01	2.172E-01	2.801E-01	0.063	26
afdb_P15202_v6	afdb_Q16775_v6	1.961E-01	2.849E-01	3.130E-01	0.024	19
afdb_P15202_v6	afdb_P13717_v6	1.856E-01	2.953E-01	3.020E-01	0.020	18
afdb_P15202_v6	afdb_Q9L9D7_v6	2.485E-01	2.311E-01	2.818E-01	0.051	24
afdb_P15202_v6	afdb_P09598_v6	1.901E-01	2.867E-01	2.951E-01	0.020	18
afdb_P15202_v6	afdb_P00800_v6	2.385E-01	2.278E-01	2.773E-01	0.045	23
afdb_P15202_v6	afdb_P83788_v6	2.122E-01	2.474E-01	2.498E-01	0.034	21
afdb_P15202_v6	afdb_P28305_v6	1.777E-01	2.809E-01	3.359E-01	0.016	17
afdb_P15202_v6	afdb_P00392_v6	2.351E-01	2.222E-01	2.672E-01	0.045	23
afdb_P15202_v6	afdb_P00455_v6	2.003E-01	2.556E-01	3.107E-01	0.024	19
afdb_P15202_v6	afdb_Q6UV28_v6	1.328E-01	3.194E-01	3.469E-01	0.009	13
afdb_P15202_v6	afdb_P14779_v6	2.839E-01	1.674E-01	2.882E-01	0.076	28
afdb_P15202_v6	afdb_P42593_v6	2.441E-01	2.021E-01	2.610E-01	0.051	24
afdb_P15202_v6	afdb_P30850_v6	2.406E-01	2.043E-01	2.613E-01	0.051	24
afdb_P15202_v6	afdb_P19938_v6	1.753E-01	2.686E-01	2.696E-01	0.016	17
afdb_P15202_v6	afdb_P37062_v6	2.096E-01	2.320E-01	2.416E-01	0.029	20
afdb_P15202_v6	afdb_P00489_v6	2.605E-01	1.789E-01	2.875E-01	0.063	26
afdb_P15202_v6	afdb_Q8RB32_v6	1.635E-01	2.754E-01	3.063E-01	0.014	16
afdb_P15202_v6	afdb_P00914_v6	2.125E-01	2.252E-01	2.375E-01	0.034	21
afdb_P15202_v6	afdb_P24630_v6	2.051E-01	2.308E-01	2.390E-01	0.029	20
afdb_P15202_v6	afdb_P27487_v6	2.477E-01	1.864E-01	2.822E-01	0.051	24
afdb_P15202_v6	afdb_O13297_v6	2.205E-01	2.103E-01	2.495E-01	0.040	22
afdb_P15202_v6	afdb_P0A6T5_v6	1.506E-01	2.702E-01	2.972E-01	0.011	15
afdb_P15202_v6	afdb_F8W4B7_v6	2.630E-01	1.506E-01	2.663E-01	0.063	26
afdb_P15202_v6	afdb_P12821_v6	2.694E-01	1.326E-01	2.781E-01	0.063	26
afdb_P15202_v6	afdb_P00860_v6	1.911E-01	2.055E-01	2.268E-01	0.024	19
afdb_P15202_v6	afdb_P09883_v6	2.058E-01	1.885E-01	2.288E-01	0.029	20
afdb_P16219_v6	afdb_A0A0C6DRW4_v6	8.048E-01	7.960E-01	8.780E-01	0.984	80
afdb_P16219_v6	afdb_P09598_v6	2.713E-01	3.627E-01	3.976E-01	0.069	27
afdb_P16219_v6	afdb_P53608_v6	2.772E-01	3.539E-01	3.867E-01	0.069	27
afdb_P16219_v6	afdb_P05725_v6	2.059E-01	4.108E-01	4.193E-01	0.029	20
afdb_P16219_v6	afdb_Q16775_v6	2.679E-01	3.345E-01	3.692E-01	0.063	26
afdb_P16219_v6	afdb_P22637_v6	3.308E-01	2.658E-01	3.519E-01	0.116	33
afdb_P16219_v6	afdb_Q12178_v6	1.932E-01	4.016E-01	4.122E-01	0.024	19
afdb_P16219_v6	afdb_P00800_v6	3.246E-01	2.644E-01	3.396E-01	0.106	32
afdb_P16219_v6	afdb_P37967_v6	3.093E-01	2.730E-01	3.243E-01	0.090	30
afdb_P16219_v6	afdb_P05521_v6	2.611E-01	3.210E-01	3.321E-01	0.057	25
afdb_P16219_v6	afdb_Q945K2_v6	3.207E-01	2.539E-01	3.396E-01	0.106	32
afdb_P16219_v6	afdb_P00766_v6	2.326E-01	3.414E-01	3.495E-01	0.045	23
afdb_P16219_v6	afdb_P03958_v6	2.698E-01	3.027E-01	3.171E-01	0.063	26
afdb_P16219_v6	afdb_P71119_v6	2.182E-01	3.536E-01	4.511E-01	0.034	21
afdb_P16219_v6	afdb_P00592_v6	1.699E-01	4.017E-01	4.764E-01	0.014	16
afdb_P16219_v6	afdb_P40859_v6	2.787E-01	2.896E-01	3.101E-01	0.069	27
afdb_P16219_v6	afdb_Q00441_v6	2.809E-01	2.844E-01	2.921E-01	0.076	28
afdb_P16219_v6	afdb_Q9AGP8_v6	3.557E-01	2.067E-01	3.641E-01	0.138	35
afdb_P16219_v6	afdb_Q05769_v6	3.191E-01	2.427E-01	3.218E-01	0.098	31
afdb_P16219_v6	afdb_P83686_v6	2.372E-01	3.215E-01	3.303E-01	0.045	23
afdb_P16219_v6	afdb_P45478_v6	2.477E-01	3.109E-01	3.491E-01	0.051	24
afdb_P16219_v6	afdb_P06621_v6	2.794E-01	2.779E-01	3.732E-01	0.069	27
afdb_P16219_v6	afdb_P08165_v6	2.972E-01	2.597E-01	3.179E-01	0.082	29
afdb_P16219_v6	afdb_P21179_v6	3.422E-01	2.151E-01	3.664E-01	0.126	34
afdb_P16219_v6	afdb_P48534_v6	2.316E-01	3.252E-01	3.347E-01	0.045	23
afdb_P16219_v6	afdb_Q9UMR5_v6	2.444E-01	3.097E-01	3.472E-01	0.051	24
afdb_P16219_v6	afdb_Q6UV28_v6	1.696E-01	3.842E-01	5.147E-01	0.014	16
afdb_P16219_v6	afdb_P24630_v6	2.814E-01	2.729E-01	3.078E-01	0.076	28
afdb_P16219_v6	afdb_P80324_v6	2.647E-01	2.864E-01	3.031E-01	0.063	26
afdb_P16219_v6	afdb_P30122_v6	3.112E-01	2.388E-01	3.150E-01	0.098	31
afdb_P16219_v6	afdb_P21836_v6	3.124E-01	2.363E-01	3.130E-01	0.098	31
afdb_P16219_v6	afdb_P00914_v6	2.854E-01	2.600E-01	2.975E-01	0.076	28
afdb_P16219_v6	afdb_P00918_v6	2.243E-01	3.141E-01	3.395E-01	0.040	22
afdb_P16219_v6	afdb_P0AB77_v6	2.626E-01	2.689E-01	2.719E-01	0.063	26
afdb_P16219_v6	afdb_P05414_v6	2.556E-01	2.756E-01	2.871E-01	0.057	25
afdb_P16219_v6	afdb_P00489_v6	3.333E-01	1.964E-01	3.440E-01	0.116	33
afdb_P16219_v6	afdb_P08473_v6	3.246E-01	2.046E-01	3.440E-01	0.106	32
afdb_P16219_v6	afdb_P23295_v6	2.628E-01	2.665E-01	2.832E-01	0.063	26
afdb_P16219_v6	afdb_P21327_v6	2.616E-01	2.672E-01	2.826E-01	0.063	26
afdb_P16219_v6	afdb_P42593_v6	3.091E-01	2.146E-01	3.486E-01	0.090	30
afdb_P16219_v6	afdb_P16444_v6	2.609E-01	2.613E-01	2.974E-01	0.063	26
afdb_P16219_v6	afdb_Q29460_v6	2.081E-01	3.143E-01	3.234E-01	0.029	20
afdb_P16219_v6	afdb_P46076_v6	2.435E-01	2.737E-01	2.834E-01	0.051	24
afdb_P16219_v6	afdb_Q3HWU8_v6	2.203E-01	2.919E-01	3.086E-01	0.040	22
afdb_P16219_v6	afdb_Q75WN8_v6	2.232E-01	2.886E-01	3.128E-01	0.040	22
afdb_P16219_v6	afdb_Q06241_v6	1.899E-01	3.179E-01	3.188E-01	0.020	18
afdb_P16219_v6	afdb_Q9FEW9_v6	2.504E-01	2.572E-01	2.852E-01	0.057	25
afdb_P16219_v6	afdb_O33199_v6	1.914E-01	3.154E-01	3.174E-01	0.024	19
afdb_P16219_v6	afdb_P81054_v6	2.381E-01	2.684E-01	2.719E-01	0.045	23
afdb_P16219_v6	afdb_P08148_v6	2.876E-01	2.174E-01	3.036E-01	0.076	28
afdb_P16219_v6	afdb_P06721_v6	2.481E-01	2.553E-01	2.800E-01	0.051	24
afdb_P16219_v6	afdb_P00935_v6	2.449E-01	2.559E-01	2.706E-01	0.051	24
afdb_P16219_v6	afdb_O13297_v6	2.771E-01	2.222E-01	3.428E-01	0.069	27
afdb_P16219_v6	afdb_P37062_v6	2.544E-01	2.408E-01	2.893E-01	0.057	25
afdb_P16219_v6	afdb_P00777_v6	2.183E-01	2.740E-01	3.036E-01	0.034	21
afdb_P16219_v6	afdb_P24474_v6	2.728E-01	2.179E-01	2.773E-01	0.069	27
afdb_P16219_v6	afdb_P00388_v6	2.907E-01	1.995E-01	3.292E-01	0.082	29
afdb_P16219_v6	afdb_P12995_v6	2.481E-01	2.420E-01	2.638E-01	0.051	24
afdb_P16219_v6	afdb_P0A6T5_v6	1.907E-01	2.979E-01	3.222E-01	0.024	19
afdb_P16219_v6	afdb_Q05755_v6	3.593E-01	1.282E-01	3.845E-01	0.138	35
afdb_P16219_v6	afdb_P22266_v6	2.286E-01	2.589E-01	2.731E-01	0.040	22
afdb_P16219_v6	afdb_O16025_v6	3.325E-01	1.544E-01	3.480E-01	0.116	33
afdb_P16219_v6	afdb_Q28943_v6	3.235E-01	1.612E-01	3.445E-01	0.106	32
afdb_P16219_v6	afdb_P35049_v6	1.953E-01	2.800E-01	2.877E-01	0.024	19
afdb_P16219_v6	afdb_P77444_v6	2.356E-01	2.379E-01	2.537E-01	0.045	23
afdb_P16219_v6	afdb_Q50925_v6	2.654E-01	2.089E-01	3.023E-01	0.063	26
afdb_P16219_v6	afdb_P14779_v6	3.208E-01	1.526E-01	3.302E-01	0.106	32
afdb_P16219_v6	afdb_Q7SID9_v6	2.611E-01	2.109E-01	2.768E-01	0.063	26
afdb_P16219_v6	afdb_Q9NPB1_v6	1.827E-01	2.791E-01	2.869E-01	0.020	18
afdb_P16219_v6	afdb_P55038_v6	3.363E-01	1.155E-01	3.749E-01	0.116	33
afdb_P16219_v6	afdb_Q8RB32_v6	1.756E-01	2.600E-01	3.361E-01	0.016	17
afdb_P16219_v6	afdb_P09883_v6	2.438E-01	1.897E-01	2.602E-01	0.051	24
afdb_P16219_v6	afdb_P30850_v6	2.508E-01	1.824E-01	2.662E-01	0.057	25
afdb_P16219_v6	afdb_P00175_v6	2.366E-01	1.838E-01	2.494E-01	0.045	23
afdb_P16219_v6	afdb_P27487_v6	2.570E-01	1.618E-01	2.651E-01	0.057	25
afdb_P16219_v6	afdb_P15917_v6	2.559E-01	1.572E-01	2.707E-01	0.057	25
afdb_P20070_v6	afdb_P83686_v6	8.988E-01	9.943E-01	9.979E-01	0.996	89
afdb_P20070_v6	afdb_P00455_v6	7.041E-01	5.851E-01	7.625E-01	0.933	70
afdb_P20070_v6	afdb_P00388_v6	6.860E-01	3.257E-01	7.650E-01	0.912	68
afdb_P20070_v6	afdb_P14779_v6	6.771E-01	2.123E-01	7.649E-01	0.900	67
afdb_P20070_v6	afdb_P53608_v6	3.768E-01	3.788E-01	4.220E-01	0.164	37
afdb_P20070_v6	afdb_P04042_v6	3.983E-01	3.576E-01	4.417E-01	0.196	39
afdb_P20070_v6	afdb_O59791_v6	3.800E-01	3.602E-01	4.274E-01	0.164	37
afdb_P20070_v6	afdb_O58727_v6	2.870E-01	4.378E-01	5.622E-01	0.076	28
afdb_P20070_v6	afdb_Q58989_v6	2.881E-01	3.814E-01	4.480E-01	0.076	28
afdb_P20070_v6	afdb_Q8RB32_v6	3.051E-01	3.527E-01	3.751E-01	0.090	30
afdb_P20070_v6	afdb_Q29460_v6	2.972E-01	3.591E-01	3.933E-01	0.082	29
afdb_P20070_v6	afdb_P25910_v6	3.028E-01	3.467E-01	4.050E-01	0.090	30
afdb_P20070_v6	afdb_Q9XBQ8_v6	3.603E-01	2.831E-01	4.214E-01	0.150	36
afdb_P20070_v6	afdb_P37967_v6	3.690E-01	2.638E-01	3.928E-01	0.150	36
afdb_P20070_v6	afdb_P0CE47_v6	3.386E-01	2.785E-01	3.652E-01	0.116	33
afdb_P20070_v6	afdb_P04190_v6	2.905E-01	3.262E-01	3.795E-01	0.082	29
afdb_P20070_v6	afdb_Q3HWU8_v6	2.962E-01	3.154E-01	3.240E-01	0.082	29
afdb_P20070_v6	afdb_P52700_v6	3.007E-01	3.087E-01	3.714E-01	0.090	30
afdb_P20070_v6	afdb_P0A6G7_v6	2.613E-01	3.437E-01	3.802E-01	0.063	26
afdb_P20070_v6	afdb_P13717_v6	2.895E-01	3.155E-01	3.245E-01	0.076	28
afdb_P20070_v6	afdb_P0A6C1_v6	2.950E-01	3.062E-01	3.332E-01	0.082	29
afdb_P20070_v6	afdb_Q9NPB1_v6	2.721E-01	3.266E-01	3.473E-01	0.069	27
afdb_P20070_v6	afdb_Q12178_v6	2.321E-01	3.659E-01	4.241E-01	0.045	23
afdb_P20070_v6	afdb_P22394_v6	3.648E-01	2.312E-01	4.002E-01	0.150	36
afdb_P20070_v6	afdb_P05414_v6	3.204E-01	2.737E-01	3.496E-01	0.106	32
afdb_P20070_v6	afdb_P81054_v6	3.118E-01	2.810E-01	3.424E-01	0.098	31
afdb_P20070_v6	afdb_Q01693_v6	3.517E-01	2.396E-01	3.628E-01	0.138	35
afdb_P20070_v6	afdb_P03958_v6	3.109E-01	2.789E-01	3.402E-01	0.098	31
afdb_P20070_v6	afdb_P28305_v6	2.842E-01	3.058E-01	3.213E-01	0.076	28
afdb_P20070_v6	afdb_Q9UMR5_v6	2.947E-01	2.938E-01	3.507E-01	0.082	29
afdb_P20070_v6	afdb_P05521_v6	2.954E-01	2.925E-01	3.346E-01	0.082	29
afdb_P20070_v6	afdb_P0A9P4_v6	2.998E-01	2.853E-01	3.620E-01	0.082	29
afdb_P20070_v6	afdb_F8W4B7_v6	4.368E-01	1.478E-01	5.258E-01	0.277	43
afdb_P20070_v6	afdb_P00935_v6	3.171E-01	2.673E-01	3.376E-01	0.098	31
afdb_P20070_v6	afdb_P00175_v6	3.631E-01	2.200E-01	3.762E-01	0.150	36
afdb_P20070_v6	afdb_P27170_v6	3.081E-01	2.717E-01	3.867E-01	0.090	30
afdb_P20070_v6	afdb_Q00017_v6	2.692E-01	3.099E-01	3.429E-01	0.063	26
afdb_P20070_v6	afdb_P08165_v6	3.429E-01	2.358E-01	3.818E-01	0.126	34
afdb_P20070_v6	afdb_Q02899_v6	3.133E-01	2.576E-01	3.418E-01	0.098	31
afdb_P20070_v6	afdb_P46076_v6	2.986E-01	2.668E-01	3.206E-01	0.082	29
afdb_P20070_v6	afdb_Q7ZAG8_v6	3.177E-01	2.468E-01	3.810E-01	0.098	31
afdb_P20070_v6	afdb_P16444_v6	3.111E-01	2.505E-01	3.456E-01	0.098	31
afdb_P20070_v6	afdb_P08819_v6	3.161E-01	2.415E-01	3.441E-01	0.098	31
afdb_P20070_v6	afdb_Q9FEW9_v6	3.061E-01	2.519E-01	3.293E-01	0.090	30
afdb_P20070_v6	afdb_P19938_v6	2.723E-01	2.851E-01	3.040E-01	0.069	27
afdb_P20070_v6	afdb_P06721_v6	3.026E-01	2.530E-01	3.213E-01	0.090	30
afdb_P20070_v6	afdb_Q56839_v6	3.290E-01	2.221E-01	3.537E-01	0.106	32
afdb_P20070_v6	afdb_P21836_v6	3.457E-01	2.053E-01	3.714E-01	0.126	34
afdb_P20070_v6	afdb_P24474_v6	3.402E-01	2.116E-01	3.785E-01	0.126	34
afdb_P20070_v6	afdb_P09184_v6	2.160E-01	3.338E-01	3.463E-01	0.034	21
afdb_P20070_v6	afdb_P22637_v6	3.350E-01	2.134E-01	3.673E-01	0.116	33
afdb_P20070_v6	afdb_P37062_v6	3.108E-01	2.342E-01	3.384E-01	0.098	31
afdb_P20070_v6	afdb_Q16775_v6	2.739E-01	2.698E-01	3.086E-01	0.069	27
afdb_P20070_v6	afdb_P24630_v6	3.090E-01	2.339E-01	3.467E-01	0.090	30
afdb_P20070_v6	afdb_P29183_v6	3.133E-01	2.279E-01	3.430E-01	0.098	31
afdb_P20070_v6	afdb_Q945K2_v6	3.325E-01	2.081E-01	3.734E-01	0.116	33
afdb_P20070_v6	afdb_P16099_v6	3.590E-01	1.790E-01	3.952E-01	0.138	35
afdb_P20070_v6	afdb_A0A0C6DRW4_v6	2.994E-01	2.376E-01	3.184E-01	0.082	29
afdb_P20070_v6	afdb_P09030_v6	2.576E-01	2.788E-01	3.059E-01	0.057	25
afdb_P20070_v6	afdb_P08373_v6	2.795E-01	2.551E-01	3.011E-01	0.069	27
afdb_P20070_v6	afdb_P37957_v6	2.305E-01	3.027E-01	4.973E-01	0.045	23
afdb_P20070_v6	afdb_P83788_v6	2.951E-01	2.368E-01	3.096E-01	0.082	29
afdb_P20070_v6	afdb_P30122_v6	3.301E-01	2.007E-01	3.308E-01	0.116	33
afdb_P20070_v6	afdb_P0A6T5_v6	2.382E-01	2.927E-01	2.935E-01	0.045	23
afdb_P20070_v6	afdb_P22266_v6	2.787E-01	2.519E-01	3.134E-01	0.069	27
afdb_P20070_v6	afdb_P12995_v6	2.980E-01	2.313E-01	3.361E-01	0.082	29
afdb_P20070_v6	afdb_P96965_v6	2.584E-01	2.697E-01	3.030E-01	0.057	25
afdb_P20070_v6	afdb_P77444_v6	2.935E-01	2.344E-01	3.720E-01	0.082	29
afdb_P20070_v6	afdb_P15289_v6	3.114E-01	2.125E-01	3.213E-01	0.098	31
afdb_P20070_v6	afdb_P00489_v6	3.619E-01	1.624E-01	3.806E-01	0.150	36
afdb_P20070_v6	afdb_P39377_v6	2.825E-01	2.378E-01	3.153E-01	0.076	28
afdb_P20070_v6	afdb_Q75WN8_v6	2.541E-01	2.633E-01	2.859E-01	0.057	25
afdb_P20070_v6	afdb_P27487_v6	3.455E-01	1.705E-01	3.471E-01	0.126	34
afdb_P20070_v6	afdb_Q05755_v6	4.079E-01	1.074E-01	4.217E-01	0.214	40
afdb_P20070_v6	afdb_O33199_v6	2.217E-01	2.926E-01	3.540E-01	0.040	22
afdb_P20070_v6	afdb_Q6YBS3_v6	3.260E-01	1.867E-01	3.379E-01	0.106	32
afdb_P20070_v6	afdb_P03007_v6	2.365E-01	2.759E-01	3.563E-01	0.045	23
afdb_P20070_v6	afdb_P83772_v6	2.428E-01	2.692E-01	2.951E-01	0.051	24
afdb_P20070_v6	afdb_P00800_v6	3.098E-01	2.013E-01	3.325E-01	0.090	30
afdb_P20070_v6	afdb_P00766_v6	2.368E-01	2.722E-01	3.214E-01	0.045	23
afdb_P20070_v6	afdb_Q9L9D7_v6	3.141E-01	1.933E-01	3.678E-01	0.098	31
afdb_P20070_v6	afdb_P00918_v6	2.415E-01	2.653E-01	3.013E-01	0.051	24
afdb_P20070_v6	afdb_P15917_v6	3.428E-01	1.618E-01	3.550E-01	0.126	34
afdb_P20070_v6	afdb_P35049_v6	2.347E-01	2.669E-01	2.882E-01	0.045	23
afdb_P20070_v6	afdb_P80324_v6	2.639E-01	2.289E-01	2.894E-01	0.063	26
afdb_P20070_v6	afdb_P28796_v6	2.839E-01	2.044E-01	3.558E-01	0.076	28
afdb_P20070_v6	afdb_P42593_v6	3.140E-01	1.733E-01	3.311E-01	0.098	31
afdb_P20070_v6	afdb_P10902_v6	2.928E-01	1.921E-01	3.129E-01	0.082	29
afdb_P20070_v6	afdb_P09598_v6	2.383E-01	2.473E-01	2.923E-01	0.045	23
afdb_P20070_v6	afdb_P55038_v6	3.785E-01	1.049E-01	3.829E-01	0.164	37
afdb_P20070_v6	afdb_P21179_v6	3.218E-01	1.597E-01	3.301E-01	0.106	32
afdb_P20070_v6	afdb_P06621_v6	2.688E-01	2.115E-01	2.906E-01	0.063	26
afdb_P20070_v6	afdb_P00392_v6	2.964E-01	1.778E-01	3.325E-01	0.082	29
afdb_P20070_v6	afdb_Q7SID9_v6	2.892E-01	1.842E-01	3.106E-01	0.076	28
afdb_P20070_v6	afdb_P18314_v6	2.893E-01	1.841E-01	3.132E-01	0.076	28
afdb_P20070_v6	afdb_P08473_v6	3.123E-01	1.614E-01	3.366E-01	0.098	31
afdb_P20070_v6	afdb_P30850_v6	2.999E-01	1.723E-01	3.273E-01	0.082	29
afdb_P20070_v6	afdb_Q9AGP8_v6	3.216E-01	1.481E-01	3.299E-01	0.106	32
afdb_P20070_v6	afdb_P40881_v6	2.195E-01	2.500E-01	2.603E-01	0.034	21
afdb_P20070_v6	afdb_P00777_v6	2.340E-01	2.351E-01	3.257E-01	0.045	23
afdb_P20070_v6	afdb_P00644_v6	2.125E-01	2.548E-01	2.845E-01	0.034	21
afdb_P20070_v6	afdb_O13297_v6	2.748E-01	1.781E-01	2.881E-01	0.069	27
afdb_P20070_v6	afdb_Q28943_v6	3.182E-01	1.152E-01	3.231E-01	0.098	31
afdb_P20070_v6	afdb_P09883_v6	2.573E-01	1.646E-01	2.701E-01	0.057	25
afdb_P26901_v6	afdb_P21179_v6	9.759E-01	6.298E-01	9.779E-01	0.999	97
afdb_P26901_v6	afdb_O16025_v6	5.411E-01	2.554E-01	7.047E-01	0.601	54
afdb_P26901_v6	afdb_P25910_v6	2.160E-01	3.574E-01	3.625E-01	0.034	21
afdb_P26901_v6	afdb_A0A0C6DRW4_v6	2.676E-01	2.974E-01	3.278E-01	0.063	26
afdb_P26901_v6	afdb_P15289_v6	2.825E-01	2.742E-01	3.069E-01	0.076	28
afdb_P26901_v6	afdb_P0CE47_v6	2.569E-01	2.978E-01	3.182E-01	0.057	25
afdb_P26901_v6	afdb_P27170_v6	2.452E-01	3.068E-01	3.187E-01	0.051	24
afdb_P26901_v6	afdb_P0A6G7_v6	1.811E-01	3.483E-01	3.928E-01	0.020	18
afdb_P26901_v6	afdb_P10902_v6	2.737E-01	2.536E-01	3.004E-01	0.069	27
afdb_P26901_v6	afdb_P0A6C1_v6	2.089E-01	3.093E-01	3.403E-01	0.029	20
afdb_P26901_v6	afdb_P04190_v6	1.997E-01	3.162E-01	3.302E-01	0.024	19
afdb_P26901_v6	afdb_Q16775_v6	2.135E-01	3.013E-01	3.458E-01	0.034	21
afdb_P26901_v6	afdb_P00918_v6	2.048E-01	3.089E-01	3.291E-01	0.029	20
afdb_P26901_v6	afdb_Q9AGP8_v6	3.083E-01	2.033E-01	3.429E-01	0.090	30
afdb_P26901_v6	afdb_Q945K2_v6	2.676E-01	2.396E-01	2.965E-01	0.063	26
afdb_P26901_v6	afdb_P29183_v6	2.486E-01	2.576E-01	3.048E-01	0.051	24
afdb_P26901_v6	afdb_Q75WN8_v6	2.033E-01	2.971E-01	2.999E-01	0.029	20
afdb_P26901_v6	afdb_P16444_v6	2.368E-01	2.644E-01	2.788E-01	0.045	23
afdb_P26901_v6	afdb_P13717_v6	1.975E-01	3.002E-01	3.071E-01	0.024	19
afdb_P26901_v6	afdb_P56218_v6	2.063E-01	2.932E-01	2.981E-01	0.029	20
afdb_P26901_v6	afdb_Q01693_v6	2.508E-01	2.439E-01	2.630E-01	0.057	25
afdb_P26901_v6	afdb_P05521_v6	2.074E-01	2.873E-01	3.053E-01	0.029	20
afdb_P26901_v6	afdb_Q7SID9_v6	2.599E-01	2.337E-01	3.054E-01	0.057	25
afdb_P26901_v6	afdb_P46076_v6	2.174E-01	2.740E-01	2.806E-01	0.034	21
afdb_P26901_v6	afdb_P00455_v6	2.203E-01	2.647E-01	2.702E-01	0.040	22
afdb_P26901_v6	afdb_P37967_v6	2.406E-01	2.385E-01	2.880E-01	0.051	24
afdb_P26901_v6	afdb_P06721_v6	2.215E-01	2.547E-01	2.683E-01	0.040	22
afdb_P26901_v6	afdb_P00914_v6	2.353E-01	2.391E-01	2.594E-01	0.045	23
afdb_P26901_v6	afdb_P00639_v6	1.907E-01	2.821E-01	2.993E-01	0.024	19
afdb_P26901_v6	afdb_P0AB77_v6	2.204E-01	2.504E-01	2.953E-01	0.034	21
afdb_P26901_v6	afdb_P12821_v6	3.163E-01	1.495E-01	3.185E-01	0.098	31
afdb_P26901_v6	afdb_P05414_v6	2.109E-01	2.547E-01	2.765E-01	0.034	21
afdb_P26901_v6	afdb_P81054_v6	2.075E-01	2.583E-01	2.985E-01	0.029	20
afdb_P26901_v6	afdb_P24474_v6	2.451E-01	2.194E-01	2.829E-01	0.051	24
afdb_P26901_v6	afdb_Q56839_v6	2.380E-01	2.257E-01	2.639E-01	0.045	23
afdb_P26901_v6	afdb_P19938_v6	1.860E-01	2.696E-01	2.993E-01	0.020	18
afdb_P26901_v6	afdb_P09030_v6	1.845E-01	2.722E-01	2.913E-01	0.020	18
afdb_P26901_v6	afdb_P16099_v6	2.612E-01	1.943E-01	2.727E-01	0.063	26
afdb_P26901_v6	afdb_Q9FEW9_v6	2.120E-01	2.431E-01	2.662E-01	0.034	21
afdb_P26901_v6	afdb_Q6UV28_v6	1.357E-01	3.161E-01	3.395E-01	0.009	13
afdb_P26901_v6	afdb_P77444_v6	2.123E-01	2.406E-01	2.799E-01	0.034	21
afdb_P26901_v6	afdb_P00489_v6	2.729E-01	1.798E-01	2.908E-01	0.069	27
afdb_P26901_v6	afdb_P52700_v6	1.849E-01	2.648E-01	2.749E-01	0.020	18
afdb_P26901_v6	afdb_P0A6K3_v6	1.419E-01	3.066E-01	3.323E-01	0.010	14
afdb_P26901_v6	afdb_P28305_v6	1.785E-01	2.697E-01	3.184E-01	0.016	17
afdb_P26901_v6	afdb_P00800_v6	2.328E-01	2.133E-01	2.723E-01	0.045	23
afdb_P26901_v6	afdb_P00388_v6	2.506E-01	1.942E-01	3.227E-01	0.057	25
afdb_P26901_v6	afdb_P0A6T5_v6	1.601E-01	2.812E-01	2.831E-01	0.011	15
afdb_P26901_v6	afdb_P30850_v6	2.425E-01	1.976E-01	2.753E-01	0.051	24
afdb_P26901_v6	afdb_P55038_v6	3.095E-01	1.254E-01	3.267E-01	0.090	30
afdb_P26901_v6	afdb_P00392_v6	2.268E-01	2.038E-01	2.569E-01	0.040	22
afdb_P26901_v6	afdb_P14779_v6	2.741E-01	1.528E-01	2.835E-01	0.069	27
afdb_P26901_v6	afdb_P37062_v6	2.069E-01	2.192E-01	2.320E-01	0.029	20
afdb_P26901_v6	afdb_P15917_v6	2.514E-01	1.730E-01	2.850E-01	0.057	25
afdb_P26901_v6	afdb_P09883_v6	2.233E-01	1.965E-01	2.440E-01	0.040	22
afdb_P26901_v6	afdb_P27487_v6	2.385E-01	1.700E-01	2.805E-01	0.045	23
afdb_P26901_v6	afdb_P06621_v6	1.913E-01	2.136E-01	2.346E-01	0.024	19
afdb_P26901_v6	afdb_O13297_v6	2.091E-01	1.922E-01	2.444E-01	0.029	20
afdb_P33224_v6	afdb_A0A0C6DRW4_v6	5.990E-01	7.591E-01	7.846E-01	0.747	59
afdb_P33224_v6	afdb_P71119_v6	2.212E-01	4.613E-01	5.300E-01	0.040	22
afdb_P33224_v6	afdb_Q9FEW9_v6	2.719E-01	3.423E-01	3.759E-01	0.069	27
afdb_P33224_v6	afdb_Q50925_v6	3.121E-01	2.999E-01	4.112E-01	0.098	31
afdb_P33224_v6	afdb_Q945K2_v6	2.981E-01	2.891E-01	3.480E-01	0.082	29
afdb_P33224_v6	afdb_P23295_v6	2.610E-01	3.231E-01	3.342E-01	0.063	26
afdb_P33224_v6	afdb_Q75WN8_v6	2.235E-01	3.557E-01	3.634E-01	0.040	22
afdb_P33224_v6	afdb_P83686_v6	2.191E-01	3.579E-01	3.658E-01	0.034	21
afdb_P33224_v6	afdb_P00455_v6	2.467E-01	3.280E-01	3.516E-01	0.051	24
afdb_P33224_v6	afdb_P16099_v6	3.193E-01	2.550E-01	3.265E-01	0.098	31
afdb_P33224_v6	afdb_P0CE47_v6	2.532E-01	3.187E-01	3.193E-01	0.057	25
afdb_P33224_v6	afdb_P00396_v6	2.795E-01	2.901E-01	3.649E-01	0.069	27
afdb_P33224_v6	afdb_P00914_v6	2.700E-01	2.973E-01	3.187E-01	0.063	26
afdb_P33224_v6	afdb_P22394_v6	2.860E-01	2.778E-01	3.203E-01	0.076	28
afdb_P33224_v6	afdb_P09598_v6	2.070E-01	3.546E-01	4.134E-01	0.029	20
afdb_P33224_v6	afdb_P05521_v6	2.257E-01	3.362E-01	3.472E-01	0.040	22
afdb_P33224_v6	afdb_P48534_v6	2.021E-01	3.581E-01	3.951E-01	0.029	20
afdb_P33224_v6	afdb_P52700_v6	2.156E-01	3.411E-01	3.582E-01	0.034	21
afdb_P33224_v6	afdb_P42593_v6	2.987E-01	2.550E-01	3.075E-01	0.082	29
afdb_P33224_v6	afdb_P37062_v6	2.574E-01	2.957E-01	3.421E-01	0.057	25
afdb_P33224_v6	afdb_P00800_v6	2.766E-01	2.743E-01	3.007E-01	0.069	27
afdb_P33224_v6	afdb_P03958_v6	2.330E-01	3.145E-01	3.156E-01	0.045	23
afdb_P33224_v6	afdb_P0AB77_v6	2.422E-01	2.997E-01	3.043E-01	0.051	24
afdb_P33224_v6	afdb_P00489_v6	3.159E-01	2.255E-01	3.471E-01	0.098	31
afdb_P33224_v6	afdb_Q05755_v6	3.726E-01	1.635E-01	3.808E-01	0.164	37
afdb_P33224_v6	afdb_P55038_v6	3.752E-01	1.605E-01	3.959E-01	0.164	37
afdb_P33224_v6	afdb_Q9L9D7_v6	2.725E-01	2.617E-01	2.867E-01	0.069	27
afdb_P33224_v6	afdb_P06621_v6	2.382E-01	2.918E-01	3.221E-01	0.045	23
afdb_P33224_v6	afdb_P24630_v6	2.440E-01	2.846E-01	2.851E-01	0.051	24
afdb_P33224_v6	afdb_P24474_v6	2.666E-01	2.578E-01	2.702E-01	0.063	26
afdb_P33224_v6	afdb_Q01693_v6	2.545E-01	2.682E-01	3.801E-01	0.057	25
afdb_P33224_v6	afdb_P56216_v6	2.630E-01	2.567E-01	2.720E-01	0.063	26
afdb_P33224_v6	afdb_P35049_v6	1.840E-01	3.341E-01	3.911E-01	0.020	18
afdb_P33224_v6	afdb_O16025_v6	3.256E-01	1.924E-01	3.580E-01	0.106	32
afdb_P33224_v6	afdb_P00777_v6	1.988E-01	3.162E-01	3.551E-01	0.024	19
afdb_P33224_v6	afdb_P08165_v6	2.477E-01	2.654E-01	2.953E-01	0.051	24
afdb_P33224_v6	afdb_P25910_v6	1.846E-01	3.245E-01	3.380E-01	0.020	18
afdb_P33224_v6	afdb_Q02899_v6	2.271E-01	2.796E-01	2.810E-01	0.040	22
afdb_P33224_v6	afdb_Q05769_v6	2.628E-01	2.420E-01	2.761E-01	0.063	26
afdb_P33224_v6	afdb_P00860_v6	2.379E-01	2.675E-01	2.842E-01	0.045	23
afdb_P33224_v6	afdb_P81054_v6	2.109E-01	2.920E-01	3.363E-01	0.034	21
afdb_P33224_v6	afdb_P46076_v6	2.110E-01	2.886E-01	2.947E-01	0.034	21
afdb_P33224_v6	afdb_P00766_v6	1.787E-01	3.207E-01	3.381E-01	0.016	17
afdb_P33224_v6	afdb_P21179_v6	2.784E-01	2.197E-01	3.002E-01	0.069	27
afdb_P33224_v6	afdb_P22637_v6	2.504E-01	2.474E-01	2.679E-01	0.057	25
afdb_P33224_v6	afdb_P08473_v6	2.785E-01	2.185E-01	2.967E-01	0.069	27
afdb_P33224_v6	afdb_P22266_v6	2.050E-01	2.896E-01	3.109E-01	0.029	20
afdb_P33224_v6	afdb_P18314_v6	2.495E-01	2.418E-01	2.862E-01	0.051	24
afdb_P33224_v6	afdb_P00175_v6	2.519E-01	2.366E-01	2.564E-01	0.057	25
afdb_P33224_v6	afdb_F8W4B7_v6	3.074E-01	1.803E-01	3.305E-01	0.090	30
afdb_P33224_v6	afdb_P16444_v6	2.196E-01	2.660E-01	3.137E-01	0.034	21
afdb_P33224_v6	afdb_P27170_v6	2.075E-01	2.779E-01	3.105E-01	0.029	20
afdb_P33224_v6	afdb_P30850_v6	2.564E-01	2.263E-01	2.664E-01	0.057	25
afdb_P33224_v6	afdb_P00592_v6	1.298E-01	3.460E-01	3.682E-01	0.008	12
afdb_P33224_v6	afdb_P15917_v6	2.718E-01	2.019E-01	2.761E-01	0.069	27
afdb_P33224_v6	afdb_P27487_v6	2.667E-01	2.064E-01	2.824E-01	0.063	26
afdb_P33224_v6	afdb_P09883_v6	2.390E-01	2.267E-01	2.894E-01	0.045	23
afdb_P33224_v6	afdb_P00644_v6	1.516E-01	2.887E-01	3.036E-01	0.011	15
afdb_P33224_v6	afdb_Q28943_v6	2.713E-01	1.673E-01	2.827E-01	0.069	27
afdb_P33224_v6	afdb_P04190_v6	1.615E-01	2.759E-01	2.908E-01	0.014	16
afdb_P33224_v6	afdb_O13297_v6	2.173E-01	2.149E-01	2.865E-01	0.034	21
afdb_P38626_v6	afdb_P83686_v6	8.246E-01	8.594E-01	9.007E-01	0.988	82
afdb_P38626_v6	afdb_P00455_v6	7.422E-01	5.864E-01	7.965E-01	0.961	74
afdb_P38626_v6	afdb_P00388_v6	7.140E-01	3.229E-01	7.931E-01	0.941	71
afdb_P38626_v6	afdb_P14779_v6	7.090E-01	2.111E-01	8.021E-01	0.933	70
afdb_P38626_v6	afdb_P04042_v6	4.149E-01	3.560E-01	4.665E-01	0.233	41
afdb_P38626_v6	afdb_P53608_v6	3.888E-01	3.738E-01	4.247E-01	0.179	38
afdb_P38626_v6	afdb_O59791_v6	3.701E-01	3.363E-01	4.272E-01	0.164	37
afdb_P38626_v6	afdb_Q58989_v6	3.073E-01	3.902E-01	5.444E-01	0.090	30
afdb_P38626_v6	afdb_O58727_v6	2.900E-01	4.063E-01	4.178E-01	0.076	28
afdb_P38626_v6	afdb_Q29460_v6	3.106E-01	3.612E-01	3.995E-01	0.090	30
afdb_P38626_v6	afdb_Q8RB32_v6	3.177E-01	3.504E-01	3.865E-01	0.098	31
afdb_P38626_v6	afdb_P25910_v6	3.167E-01	3.473E-01	3.871E-01	0.098	31
afdb_P38626_v6	afdb_P04190_v6	3.201E-01	3.427E-01	3.897E-01	0.098	31
afdb_P38626_v6	afdb_Q16775_v6	3.205E-01	3.028E-01	3.814E-01	0.106	32
afdb_P38626_v6	afdb_P0CE47_v6	3.474E-01	2.749E-01	3.726E-01	0.126	34
afdb_P38626_v6	afdb_Q9NPB1_v6	2.863E-01	3.329E-01	3.465E-01	0.076	28
afdb_P38626_v6	afdb_P0A9P4_v6	3.233E-01	2.925E-01	3.990E-01	0.106	32
afdb_P38626_v6	afdb_P52700_v6	3.092E-01	3.046E-01	3.501E-01	0.090	30
afdb_P38626_v6	afdb_Q3HWU8_v6	3.015E-01	3.077E-01	3.293E-01	0.090	30
afdb_P38626_v6	afdb_P28305_v6	2.979E-01	3.092E-01	3.543E-01	0.082	29
afdb_P38626_v6	afdb_P0A6G7_v6	2.642E-01	3.330E-01	3.835E-01	0.063	26
afdb_P38626_v6	afdb_P03958_v6	3.179E-01	2.780E-01	3.455E-01	0.098	31
afdb_P38626_v6	afdb_P37957_v6	2.658E-01	3.275E-01	3.330E-01	0.063	26
afdb_P38626_v6	afdb_P08165_v6	3.581E-01	2.343E-01	3.966E-01	0.138	35
afdb_P38626_v6	afdb_P05521_v6	3.030E-01	2.888E-01	3.373E-01	0.090	30
afdb_P38626_v6	afdb_P0A6C1_v6	2.955E-01	2.948E-01	3.394E-01	0.082	29
afdb_P38626_v6	afdb_F8W4B7_v6	4.462E-01	1.431E-01	5.129E-01	0.301	44
afdb_P38626_v6	afdb_P19938_v6	2.940E-01	2.948E-01	3.381E-01	0.082	29
afdb_P38626_v6	afdb_P16099_v6	3.981E-01	1.886E-01	4.400E-01	0.196	39
afdb_P38626_v6	afdb_P96965_v6	2.910E-01	2.924E-01	3.217E-01	0.082	29
afdb_P38626_v6	afdb_P21327_v6	3.274E-01	2.554E-01	3.713E-01	0.106	32
afdb_P38626_v6	afdb_P16444_v6	3.302E-01	2.517E-01	3.678E-01	0.116	33
afdb_P38626_v6	afdb_P00175_v6	3.654E-01	2.107E-01	3.982E-01	0.150	36
afdb_P38626_v6	afdb_P37967_v6	3.398E-01	2.337E-01	3.652E-01	0.116	33
afdb_P38626_v6	afdb_Q75WN8_v6	2.858E-01	2.853E-01	3.156E-01	0.076	28
afdb_P38626_v6	afdb_P46076_v6	3.069E-01	2.642E-01	3.264E-01	0.090	30
afdb_P38626_v6	afdb_Q00017_v6	2.712E-01	2.979E-01	3.536E-01	0.069	27
afdb_P38626_v6	afdb_Q7ZAG8_v6	3.257E-01	2.443E-01	4.030E-01	0.106	32
afdb_P38626_v6	afdb_P81054_v6	3.026E-01	2.632E-01	3.234E-01	0.090	30
afdb_P38626_v6	afdb_P21836_v6	3.594E-01	2.049E-01	3.679E-01	0.138	35
afdb_P38626_v6	afdb_A0A0C6DRW4_v6	3.197E-01	2.403E-01	3.384E-01	0.098	31
afdb_P38626_v6	afdb_Q02899_v6	3.112E-01	2.480E-01	3.389E-01	0.098	31
afdb_P38626_v6	afdb_P00489_v6	3.896E-01	1.641E-01	3.926E-01	0.179	38
afdb_P38626_v6	afdb_P08819_v6	3.204E-01	2.333E-01	3.382E-01	0.106	32
afdb_P38626_v6	afdb_P08373_v6	2.947E-01	2.583E-01	3.445E-01	0.082	29
afdb_P38626_v6	afdb_P00766_v6	2.618E-01	2.894E-01	3.133E-01	0.063	26
afdb_P38626_v6	afdb_P0A6T5_v6	2.516E-01	2.994E-01	3.763E-01	0.057	25
afdb_P38626_v6	afdb_Q56839_v6	3.336E-01	2.140E-01	3.877E-01	0.116	33
afdb_P38626_v6	afdb_P12995_v6	3.141E-01	2.285E-01	3.401E-01	0.098	31
afdb_P38626_v6	afdb_P35049_v6	2.593E-01	2.828E-01	3.002E-01	0.057	25
afdb_P38626_v6	afdb_Q7SID9_v6	3.347E-01	2.038E-01	3.742E-01	0.116	33
afdb_P38626_v6	afdb_P40881_v6	2.558E-01	2.803E-01	3.040E-01	0.057	25
afdb_P38626_v6	afdb_P00935_v6	2.961E-01	2.400E-01	3.262E-01	0.082	29
afdb_P38626_v6	afdb_P37062_v6	3.169E-01	2.186E-01	3.882E-01	0.098	31
afdb_P38626_v6	afdb_P00918_v6	2.587E-01	2.758E-01	3.146E-01	0.057	25
afdb_P38626_v6	afdb_P80324_v6	2.923E-01	2.416E-01	3.063E-01	0.082	29
afdb_P38626_v6	afdb_Q9UMR5_v6	2.720E-01	2.617E-01	2.898E-01	0.069	27
afdb_P38626_v6	afdb_Q01693_v6	3.204E-01	2.100E-01	3.255E-01	0.106	32
afdb_P38626_v6	afdb_Q945K2_v6	3.360E-01	1.936E-01	3.520E-01	0.116	33
afdb_P38626_v6	afdb_P24474_v6	3.329E-01	1.960E-01	3.806E-01	0.116	33
afdb_P38626_v6	afdb_P83788_v6	3.011E-01	2.265E-01	3.519E-01	0.090	30
afdb_P38626_v6	afdb_P22266_v6	2.823E-01	2.448E-01	3.120E-01	0.076	28
afdb_P38626_v6	afdb_P06721_v6	2.927E-01	2.322E-01	2.982E-01	0.082	29
afdb_P38626_v6	afdb_P05725_v6	2.110E-01	3.133E-01	3.341E-01	0.034	21
afdb_P38626_v6	afdb_P39377_v6	2.905E-01	2.320E-01	3.127E-01	0.082	29
afdb_P38626_v6	afdb_P00777_v6	2.645E-01	2.550E-01	2.859E-01	0.063	26
afdb_P38626_v6	afdb_P03007_v6	2.457E-01	2.728E-01	3.395E-01	0.051	24
afdb_P38626_v6	afdb_P28796_v6	3.035E-01	2.149E-01	3.189E-01	0.090	30
afdb_P38626_v6	afdb_P29183_v6	3.018E-01	2.127E-01	3.170E-01	0.090	30
afdb_P38626_v6	afdb_P27170_v6	2.778E-01	2.366E-01	3.050E-01	0.069	27
afdb_P38626_v6	afdb_P18314_v6	3.231E-01	1.896E-01	3.679E-01	0.106	32
afdb_P38626_v6	afdb_P10902_v6	3.150E-01	1.972E-01	3.430E-01	0.098	31
afdb_P38626_v6	afdb_P56216_v6	3.172E-01	1.924E-01	3.625E-01	0.098	31
afdb_P38626_v6	afdb_P55038_v6	3.982E-01	1.016E-01	4.289E-01	0.196	39
afdb_P38626_v6	afdb_P27487_v6	3.363E-01	1.621E-01	3.542E-01	0.116	33
afdb_P38626_v6	afdb_Q9AGP8_v6	3.447E-01	1.520E-01	3.612E-01	0.126	34
afdb_P38626_v6	afdb_P00914_v6	2.980E-01	1.941E-01	5.423E-01	0.082	29
afdb_P38626_v6	afdb_P77444_v6	2.781E-01	2.140E-01	3.175E-01	0.069	27
afdb_P38626_v6	afdb_O33199_v6	2.218E-01	2.702E-01	2.991E-01	0.040	22
afdb_P38626_v6	afdb_P30122_v6	3.086E-01	1.789E-01	3.258E-01	0.090	30
afdb_P38626_v6	afdb_P00800_v6	2.991E-01	1.878E-01	3.191E-01	0.082	29
afdb_P38626_v6	afdb_P0AB77_v6	2.698E-01	2.134E-01	3.051E-01	0.063	26
afdb_P38626_v6	afdb_O13297_v6	2.994E-01	1.828E-01	3.209E-01	0.082	29
afdb_P38626_v6	afdb_P21179_v6	3.244E-01	1.572E-01	3.366E-01	0.106	32
afdb_P38626_v6	afdb_P40859_v6	2.651E-01	2.146E-01	2.864E-01	0.063	26
afdb_P38626_v6	afdb_P00644_v6	2.220E-01	2.574E-01	3.093E-01	0.040	22
afdb_P38626_v6	afdb_Q9L9D7_v6	2.967E-01	1.823E-01	3.260E-01	0.082	29
afdb_P38626_v6	afdb_P00392_v6	2.989E-01	1.767E-01	3.306E-01	0.082	29
afdb_P38626_v6	afdb_P30850_v6	3.051E-01	1.650E-01	3.351E-01	0.090	30
afdb_P38626_v6	afdb_P22637_v6	2.908E-01	1.782E-01	3.235E-01	0.082	29
afdb_P38626_v6	afdb_P06621_v6	2.632E-01	2.006E-01	2.761E-01	0.063	26
afdb_P38626_v6	afdb_Q05755_v6	3.609E-01	9.618E-02	3.786E-01	0.150	36
afdb_P38626_v6	afdb_Q28943_v6	3.385E-01	1.145E-01	3.959E-01	0.116	33
afdb_P38626_v6	afdb_P09883_v6	2.727E-01	1.665E-01	2.942E-01	0.069	27
afdb_P41921_v6	afdb_P00392_v6	8.716E-01	7.545E-01	9.307E-01	0.994	87
afdb_P41921_v6	afdb_Q56839_v6	8.364E-01	7.767E-01	8.716E-01	0.990	83
afdb_P41921_v6	afdb_P37062_v6	7.389E-01	7.933E-01	8.048E-01	0.956	73
afdb_P41921_v6	afdb_P0A9P4_v6	5.266E-01	7.682E-01	7.954E-01	0.537	52
afdb_P41921_v6	afdb_Q7ZAG8_v6	5.905E-01	6.856E-01	7.235E-01	0.747	59
afdb_P41921_v6	afdb_P08165_v6	4.894E-01	4.815E-01	6.293E-01	0.411	48
afdb_P41921_v6	afdb_P22637_v6	4.087E-01	3.653E-01	5.378E-01	0.214	40
afdb_P41921_v6	afdb_Q28943_v6	5.071E-01	2.546E-01	5.400E-01	0.473	50
afdb_P41921_v6	afdb_P16099_v6	4.461E-01	3.090E-01	6.192E-01	0.301	44
afdb_P41921_v6	afdb_P10902_v6	3.930E-01	3.587E-01	5.183E-01	0.196	39
afdb_P41921_v6	afdb_P40859_v6	3.412E-01	4.047E-01	4.368E-01	0.116	33
afdb_P41921_v6	afdb_Q945K2_v6	3.936E-01	3.460E-01	5.167E-01	0.196	39
afdb_P41921_v6	afdb_Q9AGP8_v6	4.179E-01	2.732E-01	4.346E-01	0.233	41
afdb_P41921_v6	afdb_P80324_v6	3.037E-01	3.767E-01	3.995E-01	0.090	30
afdb_P41921_v6	afdb_P0A1E3_v6	2.709E-01	3.740E-01	3.766E-01	0.069	27
afdb_P41921_v6	afdb_P15289_v6	3.222E-01	3.112E-01	3.386E-01	0.106	32
afdb_P41921_v6	afdb_Q9FEW9_v6	2.897E-01	3.362E-01	3.501E-01	0.076	28
afdb_P41921_v6	afdb_P00396_v6	3.141E-01	3.002E-01	3.439E-01	0.098	31
afdb_P41921_v6	afdb_O59791_v6	2.578E-01	3.553E-01	3.623E-01	0.057	25
afdb_P41921_v6	afdb_Q58989_v6	2.075E-01	3.889E-01	3.902E-01	0.029	20
afdb_P41921_v6	afdb_Q6LZM9_v6	2.846E-01	3.060E-01	3.192E-01	0.076	28
afdb_P41921_v6	afdb_P16444_v6	2.765E-01	3.118E-01	3.323E-01	0.069	27
afdb_P41921_v6	afdb_P25910_v6	2.225E-01	3.638E-01	3.691E-01	0.040	22
afdb_P41921_v6	afdb_P00935_v6	2.685E-01	3.165E-01	3.171E-01	0.063	26
afdb_P41921_v6	afdb_P42593_v6	3.286E-01	2.559E-01	3.403E-01	0.106	32
afdb_P41921_v6	afdb_P28796_v6	2.871E-01	2.939E-01	3.191E-01	0.076	28
afdb_P41921_v6	afdb_P06721_v6	2.677E-01	3.105E-01	3.202E-01	0.063	26
afdb_P41921_v6	afdb_Q6YBS3_v6	3.191E-01	2.577E-01	3.311E-01	0.098	31
afdb_P41921_v6	afdb_P77444_v6	2.683E-01	3.028E-01	3.190E-01	0.063	26
afdb_P41921_v6	afdb_Q00017_v6	2.116E-01	3.539E-01	3.679E-01	0.034	21
afdb_P41921_v6	afdb_Q9L9D7_v6	2.985E-01	2.628E-01	3.151E-01	0.082	29
afdb_P41921_v6	afdb_P83788_v6	2.641E-01	2.941E-01	3.147E-01	0.063	26
afdb_P41921_v6	afdb_P71119_v6	1.997E-01	3.586E-01	4.003E-01	0.024	19
afdb_P41921_v6	afdb_P37957_v6	1.960E-01	3.581E-01	3.931E-01	0.024	19
afdb_P41921_v6	afdb_P0CE47_v6	2.555E-01	2.960E-01	2.976E-01	0.057	25
afdb_P41921_v6	afdb_P52700_v6	2.252E-01	3.240E-01	3.689E-01	0.040	22
afdb_P41921_v6	afdb_O58727_v6	1.737E-01	3.728E-01	3.743E-01	0.016	17
afdb_P41921_v6	afdb_Q3HWU8_v6	2.199E-01	3.259E-01	3.371E-01	0.034	21
afdb_P41921_v6	afdb_P83772_v6	2.105E-01	3.310E-01	3.360E-01	0.034	21
afdb_P41921_v6	afdb_P29183_v6	2.649E-01	2.738E-01	3.124E-01	0.063	26
afdb_P41921_v6	afdb_P27170_v6	2.383E-01	2.968E-01	3.500E-01	0.045	23
afdb_P41921_v6	afdb_P22266_v6	2.338E-01	2.979E-01	3.301E-01	0.045	23
afdb_P41921_v6	afdb_P0AB77_v6	2.490E-01	2.836E-01	2.871E-01	0.051	24
afdb_P41921_v6	afdb_P30122_v6	2.860E-01	2.444E-01	3.416E-01	0.076	28
afdb_P41921_v6	afdb_P00914_v6	2.617E-01	2.652E-01	2.721E-01	0.063	26
afdb_P41921_v6	afdb_P05414_v6	2.393E-01	2.871E-01	2.925E-01	0.045	23
afdb_P41921_v6	afdb_P04190_v6	2.032E-01	3.221E-01	3.372E-01	0.029	20
afdb_P41921_v6	afdb_P03958_v6	2.300E-01	2.946E-01	3.278E-01	0.040	22
afdb_P41921_v6	afdb_P53608_v6	2.159E-01	3.081E-01	3.088E-01	0.034	21
afdb_P41921_v6	afdb_P83686_v6	2.096E-01	3.143E-01	3.233E-01	0.029	20
afdb_P41921_v6	afdb_P00777_v6	2.172E-01	3.059E-01	3.481E-01	0.034	21
afdb_P41921_v6	afdb_P22394_v6	2.762E-01	2.462E-01	2.857E-01	0.069	27
afdb_P41921_v6	afdb_P00639_v6	2.096E-01	3.125E-01	3.197E-01	0.029	20
afdb_P41921_v6	afdb_P96965_v6	2.134E-01	3.088E-01	3.287E-01	0.034	21
afdb_P41921_v6	afdb_P00175_v6	2.777E-01	2.398E-01	2.948E-01	0.069	27
afdb_P41921_v6	afdb_P45478_v6	2.153E-01	3.005E-01	3.609E-01	0.034	21
afdb_P41921_v6	afdb_Q75WN8_v6	2.117E-01	3.038E-01	3.183E-01	0.034	21
afdb_P41921_v6	afdb_Q9NPB1_v6	1.881E-01	3.244E-01	3.312E-01	0.020	18
afdb_P41921_v6	afdb_P00388_v6	2.882E-01	2.224E-01	3.194E-01	0.076	28
afdb_P41921_v6	afdb_Q01693_v6	2.591E-01	2.521E-01	2.631E-01	0.057	25
afdb_P41921_v6	afdb_P09030_v6	2.004E-01	3.077E-01	3.448E-01	0.029	20
afdb_P41921_v6	afdb_P39377_v6	2.337E-01	2.733E-01	3.150E-01	0.045	23
afdb_P41921_v6	afdb_P05725_v6	1.562E-01	3.474E-01	3.567E-01	0.011	15
afdb_P41921_v6	afdb_P21836_v6	2.731E-01	2.296E-01	2.802E-01	0.069	27
afdb_P41921_v6	afdb_P0A6G7_v6	1.718E-01	3.301E-01	3.450E-01	0.016	17
afdb_P41921_v6	afdb_P08148_v6	2.708E-01	2.308E-01	2.762E-01	0.069	27
afdb_P41921_v6	afdb_P00800_v6	2.614E-01	2.396E-01	2.964E-01	0.063	26
afdb_P41921_v6	afdb_Q16775_v6	2.104E-01	2.914E-01	3.230E-01	0.029	20
afdb_P41921_v6	afdb_Q05755_v6	3.533E-01	1.479E-01	3.746E-01	0.138	35
afdb_P41921_v6	afdb_Q29460_v6	1.812E-01	3.191E-01	3.650E-01	0.020	18
afdb_P41921_v6	afdb_P08373_v6	2.168E-01	2.774E-01	2.791E-01	0.034	21
afdb_P41921_v6	afdb_P0A6K3_v6	1.569E-01	3.365E-01	3.457E-01	0.011	15
afdb_P41921_v6	afdb_P18314_v6	2.602E-01	2.316E-01	2.712E-01	0.063	26
afdb_P41921_v6	afdb_P00592_v6	1.426E-01	3.474E-01	3.536E-01	0.010	14
afdb_P41921_v6	afdb_P24474_v6	2.593E-01	2.304E-01	2.907E-01	0.057	25
afdb_P41921_v6	afdb_O33199_v6	1.648E-01	3.187E-01	3.765E-01	0.014	16
afdb_P41921_v6	afdb_P0A6T5_v6	1.755E-01	3.063E-01	3.104E-01	0.016	17
afdb_P41921_v6	afdb_Q9UMR5_v6	1.975E-01	2.818E-01	3.062E-01	0.024	19
afdb_P41921_v6	afdb_P00455_v6	2.156E-01	2.598E-01	2.995E-01	0.034	21
afdb_P41921_v6	afdb_P55038_v6	3.339E-01	1.350E-01	3.477E-01	0.116	33
afdb_P41921_v6	afdb_P21327_v6	2.189E-01	2.504E-01	2.781E-01	0.034	21
afdb_P41921_v6	afdb_P04042_v6	2.081E-01	2.608E-01	2.940E-01	0.029	20
afdb_P41921_v6	afdb_P48534_v6	1.783E-01	2.879E-01	3.025E-01	0.016	17
afdb_P41921_v6	afdb_P09598_v6	1.859E-01	2.773E-01	2.973E-01	0.020	18
afdb_P41921_v6	afdb_P30850_v6	2.539E-01	2.071E-01	2.606E-01	0.057	25
afdb_P41921_v6	afdb_Q8RB32_v6	1.750E-01	2.857E-01	2.888E-01	0.016	17
afdb_P41921_v6	afdb_Q7SID9_v6	2.419E-01	2.187E-01	2.694E-01	0.051	24
afdb_P41921_v6	afdb_P81054_v6	2.020E-01	2.539E-01	2.651E-01	0.029	20
afdb_P41921_v6	afdb_P19938_v6	1.828E-01	2.718E-01	2.974E-01	0.020	18
afdb_P41921_v6	afdb_P00860_v6	2.214E-01	2.287E-01	2.695E-01	0.040	22
afdb_P41921_v6	afdb_P00766_v6	1.683E-01	2.803E-01	3.212E-01	0.014	16
afdb_P41921_v6	afdb_P0A6C1_v6	1.824E-01	2.620E-01	2.626E-01	0.020	18
afdb_P41921_v6	afdb_F8W4B7_v6	2.876E-01	1.561E-01	2.881E-01	0.076	28
afdb_P41921_v6	afdb_P21179_v6	2.562E-01	1.854E-01	2.941E-01	0.057	25
afdb_P41921_v6	afdb_P35049_v6	1.663E-01	2.697E-01	2.888E-01	0.014	16
afdb_P41921_v6	afdb_O13297_v6	2.275E-01	2.059E-01	2.673E-01	0.040	22
afdb_P41921_v6	afdb_P14779_v6	2.764E-01	1.557E-01	2.886E-01	0.069	27
afdb_P41921_v6	afdb_Q6UV28_v6	1.276E-01	2.946E-01	3.273E-01	0.008	12
afdb_P41921_v6	afdb_P03007_v6	1.590E-01	2.630E-01	2.846E-01	0.011	15
afdb_P41921_v6	afdb_Q9XBQ8_v6	1.882E-01	2.091E-01	2.174E-01	0.020	18
afdb_P50336_v6	afdb_P40859_v6	5.478E-01	6.535E-01	6.921E-01	0.601	54
afdb_P50336_v6	afdb_P80324_v6	4.978E-01	6.231E-01	6.457E-01	0.442	49
afdb_P50336_v6	afdb_P22637_v6	4.872E-01	4.327E-01	4.897E-01	0.411	48
afdb_P50336_v6	afdb_Q945K2_v6	4.745E-01	4.134E-01	4.758E-01	0.382	47
afdb_P50336_v6	afdb_P0A9P4_v6	3.682E-01	5.187E-01	5.388E-01	0.150	36
afdb_P50336_v6	afdb_P10902_v6	4.623E-01	4.160E-01	5.324E-01	0.353	46
afdb_P50336_v6	afdb_Q9AGP8_v6	5.365E-01	3.270E-01	6.550E-01	0.569	53
afdb_P50336_v6	afdb_Q7ZAG8_v6	3.649E-01	4.118E-01	4.188E-01	0.150	36
afdb_P50336_v6	afdb_P37062_v6	3.537E-01	3.732E-01	4.889E-01	0.138	35
afdb_P50336_v6	afdb_Q56839_v6	3.617E-01	3.362E-01	4.711E-01	0.150	36
afdb_P50336_v6	afdb_P00392_v6	3.658E-01	3.199E-01	4.872E-01	0.150	36
afdb_P50336_v6	afdb_P08165_v6	3.439E-01	3.350E-01	4.059E-01	0.126	34
afdb_P50336_v6	afdb_Q3HWU8_v6	2.377E-01	3.512E-01	3.710E-01	0.045	23
afdb_P50336_v6	afdb_Q75WN8_v6	2.350E-01	3.509E-01	3.737E-01	0.045	23
afdb_P50336_v6	afdb_Q7SID9_v6	3.080E-01	2.722E-01	3.388E-01	0.090	30
afdb_P50336_v6	afdb_P0A6T5_v6	2.102E-01	3.691E-01	3.725E-01	0.034	21
afdb_P50336_v6	afdb_P06621_v6	2.712E-01	2.997E-01	3.325E-01	0.063	26
afdb_P50336_v6	afdb_P08819_v6	2.746E-01	2.895E-01	3.092E-01	0.069	27
afdb_P50336_v6	afdb_P83772_v6	2.203E-01	3.406E-01	3.529E-01	0.040	22
afdb_P50336_v6	afdb_P77444_v6	2.636E-01	2.948E-01	2.983E-01	0.063	26
afdb_P50336_v6	afdb_P24630_v6	2.686E-01	2.880E-01	3.011E-01	0.063	26
afdb_P50336_v6	afdb_Q58989_v6	2.002E-01	3.512E-01	3.728E-01	0.029	20
afdb_P50336_v6	afdb_P16099_v6	3.249E-01	2.271E-01	4.574E-01	0.106	32
afdb_P50336_v6	afdb_Q00017_v6	2.102E-01	3.397E-01	3.629E-01	0.029	20
afdb_P50336_v6	afdb_P05521_v6	2.284E-01	3.185E-01	3.200E-01	0.040	22
afdb_P50336_v6	afdb_P42593_v6	3.136E-01	2.332E-01	4.655E-01	0.098	31
afdb_P50336_v6	afdb_P00639_v6	2.220E-01	3.240E-01	3.247E-01	0.040	22
afdb_P50336_v6	afdb_P56216_v6	2.888E-01	2.575E-01	2.892E-01	0.076	28
afdb_P50336_v6	afdb_P53608_v6	2.228E-01	3.209E-01	3.234E-01	0.040	22
afdb_P50336_v6	afdb_P30850_v6	2.968E-01	2.357E-01	2.992E-01	0.082	29
afdb_P50336_v6	afdb_P37957_v6	1.871E-01	3.437E-01	3.876E-01	0.020	18
afdb_P50336_v6	afdb_P37967_v6	2.674E-01	2.627E-01	3.259E-01	0.063	26
afdb_P50336_v6	afdb_P16932_v6	2.555E-01	2.731E-01	2.829E-01	0.057	25
afdb_P50336_v6	afdb_P0CE47_v6	2.445E-01	2.803E-01	2.892E-01	0.051	24
afdb_P50336_v6	afdb_P03958_v6	2.343E-01	2.902E-01	3.014E-01	0.045	23
afdb_P50336_v6	afdb_P27487_v6	3.103E-01	2.139E-01	3.232E-01	0.098	31
afdb_P50336_v6	afdb_P12995_v6	2.524E-01	2.712E-01	2.838E-01	0.057	25
afdb_P50336_v6	afdb_O33199_v6	1.881E-01	3.327E-01	3.389E-01	0.020	18
afdb_P50336_v6	afdb_P28796_v6	2.567E-01	2.607E-01	2.722E-01	0.057	25
afdb_P50336_v6	afdb_O13297_v6	2.706E-01	2.441E-01	2.968E-01	0.069	27
afdb_P50336_v6	afdb_P24474_v6	2.729E-01	2.419E-01	3.001E-01	0.069	27
afdb_P50336_v6	afdb_Q6LZM9_v6	2.471E-01	2.642E-01	3.138E-01	0.051	24
afdb_P50336_v6	afdb_P00860_v6	2.521E-01	2.581E-01	2.891E-01	0.057	25
afdb_P50336_v6	afdb_P00800_v6	2.664E-01	2.426E-01	2.692E-01	0.063	26
afdb_P50336_v6	afdb_P15289_v6	2.584E-01	2.474E-01	2.764E-01	0.057	25
afdb_P50336_v6	afdb_Q05755_v6	3.564E-01	1.456E-01	3.604E-01	0.138	35
afdb_P50336_v6	afdb_P00396_v6	2.576E-01	2.440E-01	2.808E-01	0.057	25
afdb_P50336_v6	afdb_P21179_v6	2.941E-01	2.047E-01	3.172E-01	0.082	29
afdb_P50336_v6	afdb_Q16775_v6	2.073E-01	2.913E-01	3.511E-01	0.029	20
afdb_P50336_v6	afdb_P22266_v6	2.189E-01	2.752E-01	3.224E-01	0.034	21
afdb_P50336_v6	afdb_P00644_v6	1.852E-01	3.076E-01	3.295E-01	0.020	18
afdb_P50336_v6	afdb_P0A6K3_v6	1.559E-01	3.326E-01	3.374E-01	0.011	15
afdb_P50336_v6	afdb_P05414_v6	2.205E-01	2.661E-01	2.863E-01	0.040	22
afdb_P50336_v6	afdb_P83686_v6	1.950E-01	2.918E-01	3.340E-01	0.024	19
afdb_P50336_v6	afdb_Q9UMR5_v6	2.016E-01	2.806E-01	3.307E-01	0.029	20
afdb_P50336_v6	afdb_P00489_v6	2.919E-01	1.876E-01	2.998E-01	0.082	29
afdb_P50336_v6	afdb_P09598_v6	1.941E-01	2.786E-01	3.103E-01	0.024	19
afdb_P50336_v6	afdb_P25910_v6	1.812E-01	2.911E-01	3.014E-01	0.020	18
afdb_P50336_v6	afdb_P08148_v6	2.548E-01	2.159E-01	2.873E-01	0.057	25
afdb_P50336_v6	afdb_P71119_v6	1.689E-01	2.958E-01	3.159E-01	0.014	16
afdb_P50336_v6	afdb_Q01693_v6	2.365E-01	2.272E-01	2.637E-01	0.045	23
afdb_P50336_v6	afdb_P04042_v6	2.072E-01	2.569E-01	2.639E-01	0.029	20
afdb_P50336_v6	afdb_P55038_v6	3.296E-01	1.316E-01	3.348E-01	0.106	32
afdb_P50336_v6	afdb_P08373_v6	2.021E-01	2.569E-01	2.727E-01	0.029	20
afdb_P50336_v6	afdb_P04190_v6	1.771E-01	2.786E-01	3.073E-01	0.016	17
afdb_P50336_v6	afdb_P00455_v6	2.041E-01	2.446E-01	2.655E-01	0.029	20
afdb_P50336_v6	afdb_Q9NPB1_v6	1.651E-01	2.791E-01	3.182E-01	0.014	16
afdb_P50336_v6	afdb_P00918_v6	1.729E-01	2.655E-01	2.806E-01	0.016	17
afdb_P50336_v6	afdb_P05725_v6	1.301E-01	3.068E-01	3.465E-01	0.009	13
afdb_P50336_v6	afdb_P15917_v6	2.535E-01	1.720E-01	2.672E-01	0.057	25
afdb_P50336_v6	afdb_P00777_v6	1.755E-01	2.448E-01	2.687E-01	0.016	17
afdb_P50336_v6	afdb_P28305_v6	1.678E-01	2.524E-01	2.599E-01	0.014	16
afdb_P50336_v6	afdb_Q28943_v6	2.690E-01	1.467E-01	2.766E-01	0.063	26
afdb_P50336_v6	afdb_P14779_v6	2.626E-01	1.436E-01	2.784E-01	0.063	26
afdb_P50336_v6	afdb_F8W4B7_v6	2.598E-01	1.395E-01	2.606E-01	0.057	25
afdb_P50336_v6	afdb_P09883_v6	2.022E-01	1.750E-01	2.146E-01	0.029	20
afdb_P53720_v6	afdb_Q9FEW9_v6	5.427E-01	5.278E-01	6.255E-01	0.601	54
afdb_P53720_v6	afdb_Q8RB32_v6	4.121E-01	6.096E-01	6.179E-01	0.233	41
afdb_P53720_v6	afdb_P0A6C1_v6	4.350E-01	5.541E-01	5.972E-01	0.277	43
afdb_P53720_v6	afdb_P05414_v6	4.634E-01	4.804E-01	6.483E-01	0.353	46
afdb_P53720_v6	afdb_P42593_v6	5.866E-01	3.532E-01	6.583E-01	0.720	58
afdb_P53720_v6	afdb_P16099_v6	5.917E-01	3.327E-01	6.518E-01	0.747	59
afdb_P53720_v6	afdb_Q02899_v6	4.609E-01	4.457E-01	5.559E-01	0.353	46
afdb_P53720_v6	afdb_P39377_v6	4.443E-01	4.388E-01	5.210E-01	0.301	44
afdb_P53720_v6	afdb_P03958_v6	4.116E-01	4.423E-01	5.680E-01	0.233	41
afdb_P53720_v6	afdb_P16444_v6	4.220E-01	3.997E-01	5.716E-01	0.254	42
afdb_P53720_v6	afdb_P00860_v6	4.244E-01	3.657E-01	4.859E-01	0.254	42
afdb_P53720_v6	afdb_P00175_v6	4.677E-01	3.170E-01	6.509E-01	0.353	46
afdb_P53720_v6	afdb_Q9XBQ8_v6	4.036E-01	3.786E-01	4.721E-01	0.214	40
afdb_P53720_v6	afdb_P09030_v6	3.184E-01	4.129E-01	4.240E-01	0.098	31
afdb_P53720_v6	afdb_P05521_v6	3.283E-01	3.877E-01	4.265E-01	0.106	32
afdb_P53720_v6	afdb_P18314_v6	4.096E-01	2.994E-01	4.638E-01	0.214	40
afdb_P53720_v6	afdb_Q29460_v6	2.784E-01	4.143E-01	4.799E-01	0.069	27
afdb_P53720_v6	afdb_P37957_v6	2.611E-01	4.060E-01	4.791E-01	0.063	26
afdb_P53720_v6	afdb_P15289_v6	3.647E-01	2.983E-01	4.005E-01	0.150	36
afdb_P53720_v6	afdb_Q12178_v6	2.124E-01	4.386E-01	5.023E-01	0.034	21
afdb_P53720_v6	afdb_Q75WN8_v6	2.879E-01	3.591E-01	4.448E-01	0.076	28
afdb_P53720_v6	afdb_P53608_v6	2.919E-01	3.483E-01	3.798E-01	0.082	29
afdb_P53720_v6	afdb_P0A6G7_v6	2.433E-01	3.954E-01	4.199E-01	0.051	24
afdb_P53720_v6	afdb_P27170_v6	3.037E-01	3.180E-01	3.498E-01	0.090	30
afdb_P53720_v6	afdb_Q16775_v6	2.876E-01	3.329E-01	3.689E-01	0.076	28
afdb_P53720_v6	afdb_Q3HWU8_v6	2.725E-01	3.468E-01	3.744E-01	0.069	27
afdb_P53720_v6	afdb_P08819_v6	3.264E-01	2.918E-01	4.794E-01	0.106	32
afdb_P53720_v6	afdb_P96965_v6	2.741E-01	3.436E-01	3.759E-01	0.069	27
afdb_P53720_v6	afdb_P55038_v6	4.786E-01	1.370E-01	5.077E-01	0.382	47
afdb_P53720_v6	afdb_P25910_v6	2.606E-01	3.539E-01	3.710E-01	0.063	26
afdb_P53720_v6	afdb_Q9UMR5_v6	2.801E-01	3.335E-01	3.745E-01	0.069	27
afdb_P53720_v6	afdb_P45478_v6	2.825E-01	3.313E-01	3.684E-01	0.076	28
afdb_P53720_v6	afdb_O58727_v6	2.179E-01	3.915E-01	3.962E-01	0.034	21
afdb_P53720_v6	afdb_P29183_v6	3.239E-01	2.811E-01	3.955E-01	0.106	32
afdb_P53720_v6	afdb_P0CE47_v6	3.034E-01	2.985E-01	3.305E-01	0.090	30
afdb_P53720_v6	afdb_P83772_v6	2.577E-01	3.381E-01	3.802E-01	0.057	25
afdb_P53720_v6	afdb_P37062_v6	3.133E-01	2.815E-01	3.387E-01	0.098	31
afdb_P53720_v6	afdb_P04190_v6	2.529E-01	3.411E-01	3.753E-01	0.057	25
afdb_P53720_v6	afdb_P21327_v6	3.002E-01	2.914E-01	3.368E-01	0.090	30
afdb_P53720_v6	afdb_P22266_v6	2.840E-01	3.064E-01	3.640E-01	0.076	28
afdb_P53720_v6	afdb_Q05755_v6	4.514E-01	1.338E-01	5.820E-01	0.326	45
afdb_P53720_v6	afdb_P37967_v6	3.167E-01	2.643E-01	4.239E-01	0.098	31
afdb_P53720_v6	afdb_P00489_v6	3.741E-01	2.036E-01	3.925E-01	0.164	37
afdb_P53720_v6	afdb_Q6YBS3_v6	3.421E-01	2.309E-01	4.048E-01	0.126	34
afdb_P53720_v6	afdb_P52700_v6	2.566E-01	3.134E-01	3.519E-01	0.057	25
afdb_P53720_v6	afdb_P28796_v6	3.045E-01	2.645E-01	3.328E-01	0.090	30
afdb_P53720_v6	afdb_P0A1E3_v6	2.671E-01	3.017E-01	3.120E-01	0.063	26
afdb_P53720_v6	afdb_P0AB77_v6	2.875E-01	2.797E-01	4.402E-01	0.076	28
afdb_P53720_v6	afdb_P24474_v6	3.194E-01	2.420E-01	3.462E-01	0.098	31
afdb_P53720_v6	afdb_P27487_v6	3.510E-01	2.085E-01	4.129E-01	0.138	35
afdb_P53720_v6	afdb_P00935_v6	2.799E-01	2.788E-01	3.488E-01	0.069	27
afdb_P53720_v6	afdb_P12995_v6	2.907E-01	2.685E-01	3.276E-01	0.082	29
afdb_P53720_v6	afdb_P80324_v6	2.746E-01	2.827E-01	2.911E-01	0.069	27
afdb_P53720_v6	afdb_P16932_v6	2.901E-01	2.659E-01	3.607E-01	0.082	29
afdb_P53720_v6	afdb_P24630_v6	2.897E-01	2.651E-01	3.812E-01	0.076	28
afdb_P53720_v6	afdb_A0A0C6DRW4_v6	2.855E-01	2.685E-01	3.336E-01	0.076	28
afdb_P53720_v6	afdb_Q7ZAG8_v6	2.813E-01	2.687E-01	3.121E-01	0.076	28
afdb_P53720_v6	afdb_Q58989_v6	2.181E-01	3.318E-01	3.498E-01	0.034	21
afdb_P53720_v6	afdb_P30122_v6	3.228E-01	2.270E-01	4.373E-01	0.106	32
afdb_P53720_v6	afdb_Q945K2_v6	3.121E-01	2.367E-01	3.522E-01	0.098	31
afdb_P53720_v6	afdb_P00392_v6	3.105E-01	2.373E-01	3.294E-01	0.098	31
afdb_P53720_v6	afdb_P00914_v6	2.935E-01	2.530E-01	3.137E-01	0.082	29
afdb_P53720_v6	afdb_P06721_v6	2.744E-01	2.686E-01	3.432E-01	0.069	27
afdb_P53720_v6	afdb_P19938_v6	2.420E-01	3.004E-01	3.236E-01	0.051	24
afdb_P53720_v6	afdb_P77444_v6	2.737E-01	2.630E-01	3.501E-01	0.069	27
afdb_P53720_v6	afdb_P83788_v6	2.756E-01	2.593E-01	4.496E-01	0.069	27
afdb_P53720_v6	afdb_P0A6K3_v6	1.920E-01	3.421E-01	3.449E-01	0.024	19
afdb_P53720_v6	afdb_Q6LZM9_v6	2.789E-01	2.539E-01	3.910E-01	0.069	27
afdb_P53720_v6	afdb_P04042_v6	2.521E-01	2.696E-01	4.120E-01	0.057	25
afdb_P53720_v6	afdb_P83686_v6	2.299E-01	2.914E-01	3.448E-01	0.040	22
afdb_P53720_v6	afdb_Q50925_v6	2.969E-01	2.203E-01	3.581E-01	0.082	29
afdb_P53720_v6	afdb_P21836_v6	3.029E-01	2.107E-01	3.068E-01	0.090	30
afdb_P53720_v6	afdb_P0A9P4_v6	2.415E-01	2.721E-01	2.815E-01	0.051	24
afdb_P53720_v6	afdb_Q56839_v6	2.827E-01	2.280E-01	3.064E-01	0.076	28
afdb_P53720_v6	afdb_O59791_v6	2.403E-01	2.701E-01	2.837E-01	0.045	23
afdb_P53720_v6	afdb_P81054_v6	2.453E-01	2.637E-01	2.788E-01	0.051	24
afdb_P53720_v6	afdb_Q01693_v6	2.772E-01	2.289E-01	3.012E-01	0.069	27
afdb_P53720_v6	afdb_P05725_v6	1.798E-01	3.223E-01	3.379E-01	0.016	17
afdb_P53720_v6	afdb_P08165_v6	2.721E-01	2.296E-01	2.890E-01	0.069	27
afdb_P53720_v6	afdb_P00800_v6	2.822E-01	2.187E-01	3.190E-01	0.076	28
afdb_P53720_v6	afdb_Q9AGP8_v6	3.165E-01	1.788E-01	3.293E-01	0.098	31
afdb_P53720_v6	afdb_P06621_v6	2.519E-01	2.380E-01	3.072E-01	0.057	25
afdb_P53720_v6	afdb_P28305_v6	2.152E-01	2.742E-01	2.895E-01	0.034	21
afdb_P53720_v6	afdb_F8W4B7_v6	3.345E-01	1.535E-01	3.678E-01	0.116	33
afdb_P53720_v6	afdb_P22394_v6	2.777E-01	2.108E-01	2.968E-01	0.069	27
afdb_P53720_v6	afdb_P09184_v6	1.624E-01	3.231E-01	4.124E-01	0.014	16
afdb_P53720_v6	afdb_Q9NPB1_v6	1.956E-01	2.896E-01	3.381E-01	0.024	19
afdb_P53720_v6	afdb_O16025_v6	3.319E-01	1.499E-01	3.405E-01	0.116	33
afdb_P53720_v6	afdb_P00396_v6	2.655E-01	2.160E-01	2.854E-01	0.063	26
afdb_P53720_v6	afdb_P03007_v6	2.007E-01	2.789E-01	3.702E-01	0.029	20
afdb_P53720_v6	afdb_P71119_v6	1.836E-01	2.798E-01	2.991E-01	0.020	18
afdb_P53720_v6	afdb_P40881_v6	1.938E-01	2.657E-01	2.747E-01	0.024	19
afdb_P53720_v6	afdb_Q05769_v6	2.665E-01	1.916E-01	3.186E-01	0.063	26
afdb_P53720_v6	afdb_P00644_v6	1.888E-01	2.687E-01	2.977E-01	0.020	18
afdb_P53720_v6	afdb_P21179_v6	2.830E-01	1.713E-01	3.087E-01	0.076	28
afdb_P53720_v6	afdb_Q9L9D7_v6	2.580E-01	1.923E-01	2.760E-01	0.057	25
afdb_P53720_v6	afdb_Q28943_v6	2.993E-01	1.449E-01	3.224E-01	0.082	29
afdb_P53720_v6	afdb_P56216_v6	2.445E-01	1.889E-01	2.698E-01	0.051	24
afdb_P53720_v6	afdb_P00777_v6	1.923E-01	2.282E-01	3.114E-01	0.024	19
afdb_P53720_v6	afdb_P12821_v6	3.049E-01	1.094E-01	3.068E-01	0.090	30
afdb_P70584_v6	afdb_A0A0C6DRW4_v6	7.777E-01	8.039E-01	8.920E-01	0.975	77
afdb_P70584_v6	afdb_P0A6K3_v6	1.949E-01	4.019E-01	4.375E-01	0.024	19
afdb_P70584_v6	afdb_P00396_v6	3.136E-01	2.744E-01	3.641E-01	0.098	31
afdb_P70584_v6	afdb_P06621_v6	2.876E-01	2.966E-01	3.488E-01	0.076	28
afdb_P70584_v6	afdb_P09598_v6	2.444E-01	3.377E-01	4.112E-01	0.051	24
afdb_P70584_v6	afdb_P48534_v6	2.333E-01	3.470E-01	3.929E-01	0.045	23
afdb_P70584_v6	afdb_P25910_v6	2.321E-01	3.466E-01	3.563E-01	0.045	23
afdb_P70584_v6	afdb_P83686_v6	2.386E-01	3.376E-01	3.515E-01	0.045	23
afdb_P70584_v6	afdb_Q00441_v6	2.812E-01	2.948E-01	3.056E-01	0.076	28
afdb_P70584_v6	afdb_P35049_v6	2.262E-01	3.468E-01	4.039E-01	0.040	22
afdb_P70584_v6	afdb_Q16775_v6	2.497E-01	3.208E-01	3.541E-01	0.051	24
afdb_P70584_v6	afdb_P00489_v6	3.533E-01	2.118E-01	3.836E-01	0.138	35
afdb_P70584_v6	afdb_P24630_v6	2.810E-01	2.811E-01	3.114E-01	0.076	28
afdb_P70584_v6	afdb_P23295_v6	2.737E-01	2.878E-01	3.068E-01	0.069	27
afdb_P70584_v6	afdb_P00766_v6	2.201E-01	3.411E-01	4.019E-01	0.034	21
afdb_P70584_v6	afdb_Q945K2_v6	3.072E-01	2.526E-01	3.553E-01	0.090	30
afdb_P70584_v6	afdb_P71119_v6	2.051E-01	3.504E-01	3.849E-01	0.029	20
afdb_P70584_v6	afdb_P28796_v6	2.842E-01	2.683E-01	3.215E-01	0.076	28
afdb_P70584_v6	afdb_P05725_v6	1.681E-01	3.814E-01	4.411E-01	0.014	16
afdb_P70584_v6	afdb_P16932_v6	2.730E-01	2.726E-01	3.165E-01	0.069	27
afdb_P70584_v6	afdb_P22637_v6	2.963E-01	2.472E-01	3.487E-01	0.082	29
afdb_P70584_v6	afdb_P12995_v6	2.689E-01	2.703E-01	3.149E-01	0.063	26
afdb_P70584_v6	afdb_P03958_v6	2.492E-01	2.882E-01	3.016E-01	0.051	24
afdb_P70584_v6	afdb_P81054_v6	2.479E-01	2.880E-01	2.995E-01	0.051	24
afdb_P70584_v6	afdb_P00935_v6	2.561E-01	2.758E-01	2.875E-01	0.057	25
afdb_P70584_v6	afdb_P0AB77_v6	2.547E-01	2.708E-01	3.076E-01	0.057	25
afdb_P70584_v6	afdb_P45478_v6	2.295E-01	2.951E-01	3.110E-01	0.040	22
afdb_P70584_v6	afdb_P06721_v6	2.534E-01	2.696E-01	3.308E-01	0.057	25
afdb_P70584_v6	afdb_P42593_v6	3.037E-01	2.195E-01	3.794E-01	0.090	30
afdb_P70584_v6	afdb_Q9UMR5_v6	2.270E-01	2.953E-01	3.171E-01	0.040	22
afdb_P70584_v6	afdb_P27170_v6	2.448E-01	2.777E-01	3.155E-01	0.051	24
afdb_P70584_v6	afdb_Q6UV28_v6	1.604E-01	3.544E-01	3.996E-01	0.014	16
afdb_P70584_v6	afdb_P24474_v6	2.820E-01	2.319E-01	3.108E-01	0.076	28
afdb_P70584_v6	afdb_Q01693_v6	2.713E-01	2.419E-01	3.444E-01	0.069	27
afdb_P70584_v6	afdb_P05414_v6	2.421E-01	2.693E-01	2.968E-01	0.051	24
afdb_P70584_v6	afdb_P04042_v6	2.362E-01	2.739E-01	3.200E-01	0.045	23
afdb_P70584_v6	afdb_Q3HWU8_v6	2.137E-01	2.943E-01	3.108E-01	0.034	21
afdb_P70584_v6	afdb_P05521_v6	2.232E-01	2.841E-01	3.088E-01	0.040	22
afdb_P70584_v6	afdb_P21179_v6	3.061E-01	2.004E-01	3.394E-01	0.090	30
afdb_P70584_v6	afdb_Q02899_v6	2.457E-01	2.600E-01	2.810E-01	0.051	24
afdb_P70584_v6	afdb_Q29460_v6	1.929E-01	3.123E-01	3.278E-01	0.024	19
afdb_P70584_v6	afdb_P00592_v6	1.502E-01	3.539E-01	4.033E-01	0.011	15
afdb_P70584_v6	afdb_Q6LZM9_v6	2.528E-01	2.510E-01	2.746E-01	0.057	25
afdb_P70584_v6	afdb_P00800_v6	2.721E-01	2.321E-01	3.069E-01	0.069	27
afdb_P70584_v6	afdb_Q75WN8_v6	2.153E-01	2.889E-01	3.231E-01	0.034	21
afdb_P70584_v6	afdb_P16099_v6	2.988E-01	2.014E-01	3.441E-01	0.082	29
afdb_P70584_v6	afdb_P16444_v6	2.452E-01	2.538E-01	2.960E-01	0.051	24
afdb_P70584_v6	afdb_Q05769_v6	2.791E-01	2.186E-01	3.017E-01	0.069	27
afdb_P70584_v6	afdb_O33199_v6	1.834E-01	3.141E-01	3.150E-01	0.020	18
afdb_P70584_v6	afdb_Q9FEW9_v6	2.403E-01	2.562E-01	2.944E-01	0.051	24
afdb_P70584_v6	afdb_P77444_v6	2.414E-01	2.520E-01	2.740E-01	0.051	24
afdb_P70584_v6	afdb_Q9NPB1_v6	1.880E-01	3.038E-01	3.700E-01	0.020	18
afdb_P70584_v6	afdb_Q8RB32_v6	1.949E-01	2.924E-01	3.466E-01	0.024	19
afdb_P70584_v6	afdb_P83788_v6	2.406E-01	2.459E-01	2.581E-01	0.045	23
afdb_P70584_v6	afdb_P22266_v6	2.238E-01	2.618E-01	2.945E-01	0.040	22
afdb_P70584_v6	afdb_P08148_v6	2.700E-01	2.132E-01	2.919E-01	0.063	26
afdb_P70584_v6	afdb_P37062_v6	2.403E-01	2.353E-01	2.730E-01	0.051	24
afdb_P70584_v6	afdb_P00388_v6	2.748E-01	2.003E-01	3.213E-01	0.069	27
afdb_P70584_v6	afdb_P27487_v6	2.870E-01	1.851E-01	3.265E-01	0.076	28
afdb_P70584_v6	afdb_P00860_v6	2.399E-01	2.302E-01	2.739E-01	0.045	23
afdb_P70584_v6	afdb_O16025_v6	3.130E-01	1.525E-01	3.152E-01	0.098	31
afdb_P70584_v6	afdb_P15917_v6	2.865E-01	1.796E-01	3.306E-01	0.076	28
afdb_P70584_v6	afdb_Q05755_v6	3.354E-01	1.268E-01	3.545E-01	0.116	33
afdb_P70584_v6	afdb_P14779_v6	3.076E-01	1.544E-01	3.405E-01	0.090	30
afdb_P70584_v6	afdb_Q50925_v6	2.521E-01	2.070E-01	2.808E-01	0.057	25
afdb_P70584_v6	afdb_Q28943_v6	3.029E-01	1.559E-01	3.111E-01	0.090	30
afdb_P70584_v6	afdb_P46076_v6	2.127E-01	2.459E-01	2.815E-01	0.034	21
afdb_P70584_v6	afdb_P30850_v6	2.630E-01	1.951E-01	2.810E-01	0.063	26
afdb_P70584_v6	afdb_P00392_v6	2.499E-01	2.080E-01	2.730E-01	0.051	24
afdb_P70584_v6	afdb_P0A6T5_v6	1.732E-01	2.834E-01	3.325E-01	0.016	17
afdb_P70584_v6	afdb_F8W4B7_v6	3.013E-01	1.495E-01	3.292E-01	0.090	30
afdb_P70584_v6	afdb_P09883_v6	2.496E-01	1.999E-01	2.669E-01	0.051	24
afdb_P70584_v6	afdb_O13297_v6	2.426E-01	2.036E-01	2.816E-01	0.051	24
afdb_P70584_v6	afdb_Q9AGP8_v6	2.756E-01	1.689E-01	3.077E-01	0.069	27
afdb_P70584_v6	afdb_P08473_v6	2.623E-01	1.790E-01	2.627E-01	0.063	26
afdb_P70584_v6	afdb_P08165_v6	2.275E-01	2.068E-01	2.616E-01	0.040	22
afdb_P70584_v6	afdb_P00777_v6	1.855E-01	2.401E-01	2.555E-01	0.020	18
afdb_P70584_v6	afdb_P00175_v6	2.305E-01	1.843E-01	2.725E-01	0.045	23
afdb_P70584_v6	afdb_P55038_v6	2.994E-01	1.083E-01	3.464E-01	0.082	29
afdb_P15650_v6	afdb_A0A0C6DRW4_v6	7.552E-01	7.767E-01	8.577E-01	0.967	75
afdb_P15650_v6	afdb_P53608_v6	2.733E-01	3.623E-01	3.846E-01	0.069	27
afdb_P15650_v6	afdb_P71119_v6	2.188E-01	3.728E-01	4.407E-01	0.034	21
afdb_P15650_v6	afdb_P45478_v6	2.568E-01	3.325E-01	3.501E-01	0.057	25
afdb_P15650_v6	afdb_P00396_v6	3.136E-01	2.725E-01	3.625E-01	0.098	31
afdb_P15650_v6	afdb_P52700_v6	2.498E-01	3.349E-01	3.584E-01	0.051	24
afdb_P15650_v6	afdb_P24630_v6	2.912E-01	2.896E-01	3.137E-01	0.082	29
afdb_P15650_v6	afdb_P05521_v6	2.562E-01	3.247E-01	3.307E-01	0.057	25
afdb_P15650_v6	afdb_P09184_v6	1.825E-01	3.915E-01	4.314E-01	0.020	18
afdb_P15650_v6	afdb_Q16775_v6	2.503E-01	3.208E-01	3.541E-01	0.057	25
afdb_P15650_v6	afdb_Q00441_v6	2.776E-01	2.901E-01	2.960E-01	0.069	27
afdb_P15650_v6	afdb_P05725_v6	1.716E-01	3.891E-01	4.046E-01	0.016	17
afdb_P15650_v6	afdb_P04190_v6	2.266E-01	3.338E-01	3.582E-01	0.040	22
afdb_P15650_v6	afdb_P09598_v6	2.365E-01	3.222E-01	3.504E-01	0.045	23
afdb_P15650_v6	afdb_P22637_v6	3.053E-01	2.535E-01	3.541E-01	0.090	30
afdb_P15650_v6	afdb_P16932_v6	2.789E-01	2.775E-01	3.160E-01	0.069	27
afdb_P15650_v6	afdb_P00914_v6	2.861E-01	2.687E-01	3.035E-01	0.076	28
afdb_P15650_v6	afdb_Q75WN8_v6	2.362E-01	3.170E-01	3.383E-01	0.045	23
afdb_P15650_v6	afdb_P21836_v6	3.045E-01	2.366E-01	3.258E-01	0.090	30
afdb_P15650_v6	afdb_P40859_v6	2.612E-01	2.787E-01	2.834E-01	0.063	26
afdb_P15650_v6	afdb_P83686_v6	2.259E-01	3.132E-01	3.246E-01	0.040	22
afdb_P15650_v6	afdb_P81054_v6	2.507E-01	2.880E-01	2.947E-01	0.051	24
afdb_P15650_v6	afdb_P22394_v6	2.927E-01	2.421E-01	3.100E-01	0.082	29
afdb_P15650_v6	afdb_Q6YBS3_v6	3.068E-01	2.273E-01	3.350E-01	0.090	30
afdb_P15650_v6	afdb_P28796_v6	2.735E-01	2.582E-01	2.978E-01	0.069	27
afdb_P15650_v6	afdb_P00592_v6	1.579E-01	3.728E-01	4.431E-01	0.011	15
afdb_P15650_v6	afdb_P48534_v6	2.147E-01	3.170E-01	3.296E-01	0.034	21
afdb_P15650_v6	afdb_Q945K2_v6	2.907E-01	2.366E-01	3.292E-01	0.082	29
afdb_P15650_v6	afdb_Q9L9D7_v6	2.891E-01	2.334E-01	3.045E-01	0.076	28
afdb_P15650_v6	afdb_P83788_v6	2.587E-01	2.642E-01	2.840E-01	0.057	25
afdb_P15650_v6	afdb_P35049_v6	2.096E-01	3.128E-01	3.279E-01	0.029	20
afdb_P15650_v6	afdb_P23295_v6	2.541E-01	2.656E-01	3.033E-01	0.057	25
afdb_P15650_v6	afdb_P27170_v6	2.435E-01	2.761E-01	3.008E-01	0.051	24
afdb_P15650_v6	afdb_P00935_v6	2.501E-01	2.692E-01	2.808E-01	0.051	24
afdb_P15650_v6	afdb_P12995_v6	2.576E-01	2.580E-01	3.068E-01	0.057	25
afdb_P15650_v6	afdb_Q6LZM9_v6	2.590E-01	2.566E-01	2.804E-01	0.057	25
afdb_P15650_v6	afdb_P00860_v6	2.636E-01	2.507E-01	2.903E-01	0.063	26
afdb_P15650_v6	afdb_P46076_v6	2.379E-01	2.721E-01	2.842E-01	0.045	23
afdb_P15650_v6	afdb_Q9UMR5_v6	2.234E-01	2.864E-01	3.084E-01	0.040	22
afdb_P15650_v6	afdb_P00388_v6	2.966E-01	2.123E-01	3.457E-01	0.082	29
afdb_P15650_v6	afdb_P37062_v6	2.568E-01	2.498E-01	2.921E-01	0.057	25
afdb_P15650_v6	afdb_P00639_v6	2.111E-01	2.878E-01	2.915E-01	0.034	21
afdb_P15650_v6	afdb_Q7SID9_v6	2.735E-01	2.248E-01	2.873E-01	0.069	27
afdb_P15650_v6	afdb_P08148_v6	2.796E-01	2.188E-01	2.914E-01	0.069	27
afdb_P15650_v6	afdb_Q56839_v6	2.665E-01	2.317E-01	2.749E-01	0.063	26
afdb_P15650_v6	afdb_P77444_v6	2.421E-01	2.521E-01	2.754E-01	0.051	24
afdb_P15650_v6	afdb_P42593_v6	2.876E-01	2.062E-01	3.014E-01	0.076	28
afdb_P15650_v6	afdb_Q9FEW9_v6	2.395E-01	2.540E-01	2.671E-01	0.045	23
afdb_P15650_v6	afdb_P0AB77_v6	2.398E-01	2.533E-01	2.812E-01	0.045	23
afdb_P15650_v6	afdb_P21179_v6	2.949E-01	1.970E-01	3.313E-01	0.082	29
afdb_P15650_v6	afdb_Q8RB32_v6	1.907E-01	3.011E-01	3.669E-01	0.024	19
afdb_P15650_v6	afdb_P08473_v6	2.959E-01	1.957E-01	3.389E-01	0.082	29
afdb_P15650_v6	afdb_P00800_v6	2.647E-01	2.235E-01	3.091E-01	0.063	26
afdb_P15650_v6	afdb_P0A6T5_v6	1.849E-01	2.984E-01	3.140E-01	0.020	18
afdb_P15650_v6	afdb_P06621_v6	2.386E-01	2.441E-01	2.604E-01	0.045	23
afdb_P15650_v6	afdb_P27487_v6	2.943E-01	1.884E-01	3.016E-01	0.082	29
afdb_P15650_v6	afdb_P24474_v6	2.647E-01	2.161E-01	3.217E-01	0.063	26
afdb_P15650_v6	afdb_P30850_v6	2.727E-01	2.037E-01	3.006E-01	0.069	27
afdb_P15650_v6	afdb_O16025_v6	3.143E-01	1.558E-01	3.320E-01	0.098	31
afdb_P15650_v6	afdb_P80324_v6	2.192E-01	2.456E-01	3.363E-01	0.034	21
afdb_P15650_v6	afdb_F8W4B7_v6	3.102E-01	1.537E-01	3.248E-01	0.098	31
afdb_P15650_v6	afdb_Q9NPB1_v6	1.819E-01	2.806E-01	2.881E-01	0.020	18
afdb_P15650_v6	afdb_Q50925_v6	2.567E-01	2.036E-01	2.836E-01	0.057	25
afdb_P15650_v6	afdb_P55038_v6	3.333E-01	1.259E-01	3.355E-01	0.116	33
afdb_P15650_v6	afdb_Q28943_v6	2.998E-01	1.554E-01	3.107E-01	0.082	29
afdb_P15650_v6	afdb_P56216_v6	2.494E-01	2.055E-01	3.004E-01	0.051	24
afdb_P15650_v6	afdb_P00777_v6	1.963E-01	2.555E-01	2.735E-01	0.024	19
afdb_P15650_v6	afdb_P15917_v6	2.752E-01	1.721E-01	3.020E-01	0.069	27
afdb_P15650_v6	afdb_P00175_v6	2.483E-01	1.979E-01	2.727E-01	0.051	24
afdb_P15650_v6	afdb_P08165_v6	2.333E-01	2.137E-01	2.569E-01	0.045	23
afdb_P15650_v6	afdb_Q05755_v6	3.199E-01	1.170E-01	3.395E-01	0.098	31
afdb_P15650_v6	afdb_Q6UV28_v6	1.431E-01	2.837E-01	2.916E-01	0.010	14
afdb_P15650_v6	afdb_P22266_v6	1.978E-01	2.280E-01	2.452E-01	0.024	19
afdb_P15650_v6	afdb_P09883_v6	2.358E-01	1.894E-01	2.407E-01	0.045	23
afdb_P15650_v6	afdb_O13297_v6	2.301E-01	1.923E-01	3.055E-01	0.045	23
afdb_P15650_v6	afdb_P14779_v6	2.668E-01	1.345E-01	2.890E-01	0.063	26
afdb_P18925_v6	afdb_Q56839_v6	8.707E-01	7.987E-01	8.741E-01	0.994	87
afdb_P18925_v6	afdb_P00392_v6	8.960E-01	7.677E-01	9.275E-01	0.996	89
afdb_P18925_v6	afdb_P37062_v6	7.691E-01	8.161E-01	8.178E-01	0.971	76
afdb_P18925_v6	afdb_P0A9P4_v6	5.365E-01	7.725E-01	7.974E-01	0.569	53
afdb_P18925_v6	afdb_Q7ZAG8_v6	6.083E-01	6.999E-01	7.015E-01	0.772	60
afdb_P18925_v6	afdb_P08165_v6	5.050E-01	4.911E-01	6.772E-01	0.473	50
afdb_P18925_v6	afdb_P42593_v6	4.731E-01	3.442E-01	7.261E-01	0.382	47
afdb_P18925_v6	afdb_P16099_v6	4.720E-01	3.212E-01	6.503E-01	0.382	47
afdb_P18925_v6	afdb_P22637_v6	4.184E-01	3.697E-01	5.431E-01	0.233	41
afdb_P18925_v6	afdb_Q28943_v6	5.250E-01	2.598E-01	5.532E-01	0.537	52
afdb_P18925_v6	afdb_Q945K2_v6	4.143E-01	3.600E-01	5.385E-01	0.233	41
afdb_P18925_v6	afdb_P40859_v6	3.516E-01	4.134E-01	4.478E-01	0.138	35
afdb_P18925_v6	afdb_P10902_v6	3.962E-01	3.556E-01	5.209E-01	0.196	39
afdb_P18925_v6	afdb_Q9AGP8_v6	4.240E-01	2.761E-01	4.276E-01	0.254	42
afdb_P18925_v6	afdb_P80324_v6	3.126E-01	3.826E-01	4.055E-01	0.098	31
afdb_P18925_v6	afdb_P0A1E3_v6	2.755E-01	3.750E-01	3.787E-01	0.069	27
afdb_P18925_v6	afdb_O59791_v6	2.730E-01	3.745E-01	3.815E-01	0.069	27
afdb_P18925_v6	afdb_P00396_v6	3.192E-01	3.025E-01	3.405E-01	0.098	31
afdb_P18925_v6	afdb_Q9FEW9_v6	2.861E-01	3.302E-01	3.500E-01	0.076	28
afdb_P18925_v6	afdb_P28796_v6	3.033E-01	3.084E-01	3.463E-01	0.090	30
afdb_P18925_v6	afdb_Q6LZM9_v6	2.965E-01	3.153E-01	3.158E-01	0.082	29
afdb_P18925_v6	afdb_P00935_v6	2.787E-01	3.245E-01	3.250E-01	0.069	27
afdb_P18925_v6	afdb_P06721_v6	2.784E-01	3.189E-01	3.254E-01	0.069	27
afdb_P18925_v6	afdb_P12995_v6	2.870E-01	3.097E-01	3.417E-01	0.076	28
afdb_P18925_v6	afdb_Q8RB32_v6	2.241E-01	3.710E-01	3.737E-01	0.040	22
afdb_P18925_v6	afdb_P77444_v6	2.799E-01	3.137E-01	3.318E-01	0.069	27
afdb_P18925_v6	afdb_P0AB77_v6	2.781E-01	3.151E-01	3.437E-01	0.069	27
afdb_P18925_v6	afdb_P52700_v6	2.391E-01	3.441E-01	3.820E-01	0.045	23
afdb_P18925_v6	afdb_Q58989_v6	2.044E-01	3.790E-01	3.821E-01	0.029	20
afdb_P18925_v6	afdb_Q02899_v6	2.701E-01	3.090E-01	3.295E-01	0.063	26
afdb_P18925_v6	afdb_P16932_v6	2.796E-01	2.997E-01	3.098E-01	0.069	27
afdb_P18925_v6	afdb_P15289_v6	2.940E-01	2.802E-01	3.213E-01	0.082	29
afdb_P18925_v6	afdb_P08373_v6	2.514E-01	3.208E-01	3.366E-01	0.057	25
afdb_P18925_v6	afdb_Q9L9D7_v6	3.040E-01	2.660E-01	3.051E-01	0.090	30
afdb_P18925_v6	afdb_P00914_v6	2.819E-01	2.835E-01	2.874E-01	0.076	28
afdb_P18925_v6	afdb_Q12178_v6	1.657E-01	3.986E-01	4.493E-01	0.014	16
afdb_P18925_v6	afdb_P04190_v6	2.191E-01	3.443E-01	3.696E-01	0.034	21
afdb_P18925_v6	afdb_Q29460_v6	2.019E-01	3.573E-01	4.244E-01	0.029	20
afdb_P18925_v6	afdb_P09184_v6	1.645E-01	3.929E-01	4.409E-01	0.014	16
afdb_P18925_v6	afdb_P83788_v6	2.655E-01	2.922E-01	3.117E-01	0.063	26
afdb_P18925_v6	afdb_P22266_v6	2.461E-01	3.114E-01	3.718E-01	0.051	24
afdb_P18925_v6	afdb_O58727_v6	1.819E-01	3.664E-01	3.749E-01	0.020	18
afdb_P18925_v6	afdb_P0CE47_v6	2.546E-01	2.927E-01	2.976E-01	0.057	25
afdb_P18925_v6	afdb_P16444_v6	2.584E-01	2.874E-01	3.558E-01	0.057	25
afdb_P18925_v6	afdb_Q3HWU8_v6	2.201E-01	3.247E-01	3.370E-01	0.034	21
afdb_P18925_v6	afdb_Q00017_v6	2.061E-01	3.337E-01	3.465E-01	0.029	20
afdb_P18925_v6	afdb_Q16775_v6	2.269E-01	3.115E-01	3.618E-01	0.040	22
afdb_P18925_v6	afdb_P83772_v6	2.099E-01	3.280E-01	3.324E-01	0.029	20
afdb_P18925_v6	afdb_P08819_v6	2.616E-01	2.749E-01	2.856E-01	0.063	26
afdb_P18925_v6	afdb_P24630_v6	2.585E-01	2.766E-01	2.870E-01	0.057	25
afdb_P18925_v6	afdb_P05414_v6	2.407E-01	2.917E-01	3.286E-01	0.051	24
afdb_P18925_v6	afdb_P22394_v6	2.812E-01	2.491E-01	2.868E-01	0.076	28
afdb_P18925_v6	afdb_Q00441_v6	2.500E-01	2.799E-01	2.807E-01	0.051	24
afdb_P18925_v6	afdb_Q75WN8_v6	2.164E-01	3.125E-01	3.289E-01	0.034	21
afdb_P18925_v6	afdb_P37967_v6	2.664E-01	2.623E-01	2.699E-01	0.063	26
afdb_P18925_v6	afdb_P96965_v6	2.140E-01	3.119E-01	3.295E-01	0.034	21
afdb_P18925_v6	afdb_P08148_v6	2.827E-01	2.392E-01	2.975E-01	0.076	28
afdb_P18925_v6	afdb_P24474_v6	2.767E-01	2.438E-01	2.895E-01	0.069	27
afdb_P18925_v6	afdb_P25910_v6	1.955E-01	3.253E-01	4.123E-01	0.024	19
afdb_P18925_v6	afdb_P83686_v6	2.001E-01	3.188E-01	3.483E-01	0.024	19
afdb_P18925_v6	afdb_P0A6T5_v6	1.903E-01	3.245E-01	3.283E-01	0.024	19
afdb_P18925_v6	afdb_P21836_v6	2.809E-01	2.342E-01	2.821E-01	0.076	28
afdb_P18925_v6	afdb_Q9NPB1_v6	1.883E-01	3.221E-01	3.360E-01	0.020	18
afdb_P18925_v6	afdb_P18314_v6	2.707E-01	2.377E-01	2.948E-01	0.069	27
afdb_P18925_v6	afdb_P05521_v6	2.162E-01	2.935E-01	3.157E-01	0.034	21
afdb_P18925_v6	afdb_P00800_v6	2.659E-01	2.412E-01	2.809E-01	0.063	26
afdb_P18925_v6	afdb_P00388_v6	2.841E-01	2.214E-01	3.043E-01	0.076	28
afdb_P18925_v6	afdb_P28305_v6	1.998E-01	3.048E-01	3.386E-01	0.024	19
afdb_P18925_v6	afdb_Q01693_v6	2.568E-01	2.477E-01	2.586E-01	0.057	25
afdb_P18925_v6	afdb_P19938_v6	2.047E-01	2.988E-01	3.133E-01	0.029	20
afdb_P18925_v6	afdb_P56216_v6	2.662E-01	2.367E-01	2.878E-01	0.063	26
afdb_P18925_v6	afdb_P21327_v6	2.350E-01	2.669E-01	2.764E-01	0.045	23
afdb_P18925_v6	afdb_P39377_v6	2.324E-01	2.689E-01	3.068E-01	0.045	23
afdb_P18925_v6	afdb_P03958_v6	2.194E-01	2.772E-01	3.017E-01	0.034	21
afdb_P18925_v6	afdb_P09598_v6	1.983E-01	2.972E-01	3.315E-01	0.024	19
afdb_P18925_v6	afdb_P00644_v6	1.827E-01	3.113E-01	3.215E-01	0.020	18
afdb_P18925_v6	afdb_Q05755_v6	3.486E-01	1.444E-01	3.580E-01	0.126	34
afdb_P18925_v6	afdb_P30122_v6	2.641E-01	2.291E-01	2.659E-01	0.063	26
afdb_P18925_v6	afdb_Q9UMR5_v6	2.037E-01	2.866E-01	3.127E-01	0.029	20
afdb_P18925_v6	afdb_O16025_v6	3.189E-01	1.708E-01	3.334E-01	0.098	31
afdb_P18925_v6	afdb_P00639_v6	1.995E-01	2.892E-01	3.091E-01	0.024	19
afdb_P18925_v6	afdb_O33199_v6	1.719E-01	3.146E-01	3.351E-01	0.016	17
afdb_P18925_v6	afdb_P0A6C1_v6	1.984E-01	2.874E-01	3.099E-01	0.024	19
afdb_P18925_v6	afdb_P00777_v6	2.040E-01	2.804E-01	3.097E-01	0.029	20
afdb_P18925_v6	afdb_P04042_v6	2.124E-01	2.676E-01	3.172E-01	0.034	21
afdb_P18925_v6	afdb_P14779_v6	3.069E-01	1.730E-01	3.073E-01	0.090	30
afdb_P18925_v6	afdb_Q7SID9_v6	2.524E-01	2.256E-01	2.681E-01	0.057	25
afdb_P18925_v6	afdb_P81054_v6	2.111E-01	2.640E-01	2.727E-01	0.034	21
afdb_P18925_v6	afdb_P00175_v6	2.561E-01	2.193E-01	2.851E-01	0.057	25
afdb_P18925_v6	afdb_P55038_v6	3.348E-01	1.386E-01	3.428E-01	0.116	33
afdb_P18925_v6	afdb_P0A6K3_v6	1.509E-01	3.209E-01	3.333E-01	0.011	15
afdb_P18925_v6	afdb_P30850_v6	2.582E-01	2.068E-01	2.657E-01	0.057	25
afdb_P18925_v6	afdb_P27170_v6	2.087E-01	2.539E-01	2.653E-01	0.029	20
afdb_P18925_v6	afdb_P00860_v6	2.283E-01	2.335E-01	2.544E-01	0.040	22
afdb_P18925_v6	afdb_Q6UV28_v6	1.346E-01	3.258E-01	3.772E-01	0.009	13
afdb_P18925_v6	afdb_P00766_v6	1.757E-01	2.840E-01	2.988E-01	0.016	17
afdb_P18925_v6	afdb_Q6YBS3_v6	2.507E-01	2.037E-01	2.524E-01	0.057	25
afdb_P18925_v6	afdb_P05725_v6	1.377E-01	3.072E-01	3.203E-01	0.009	13
afdb_P18925_v6	afdb_P21179_v6	2.607E-01	1.839E-01	2.948E-01	0.063	26
afdb_P18925_v6	afdb_F8W4B7_v6	2.869E-01	1.562E-01	2.914E-01	0.076	28
afdb_P18925_v6	afdb_Q06241_v6	1.544E-01	2.873E-01	3.084E-01	0.011	15
afdb_P18925_v6	afdb_O13297_v6	2.322E-01	2.088E-01	2.490E-01	0.045	23
afdb_P18925_v6	afdb_P35049_v6	1.704E-01	2.624E-01	2.781E-01	0.014	16
afdb_P26918_v6	afdb_P25910_v6	7.755E-01	7.903E-01	8.739E-01	0.975	77
afdb_P26918_v6	afdb_P04190_v6	7.656E-01	7.570E-01	8.930E-01	0.971	76
afdb_P26918_v6	afdb_P52700_v6	7.116E-01	6.326E-01	7.826E-01	0.941	71
afdb_P26918_v6	afdb_Q16775_v6	6.592E-01	5.556E-01	7.184E-01	0.872	65
afdb_P26918_v6	afdb_P13717_v6	3.848E-01	3.734E-01	4.047E-01	0.179	38
afdb_P26918_v6	afdb_P53608_v6	3.960E-01	3.517E-01	4.305E-01	0.196	39
afdb_P26918_v6	afdb_P0A1E3_v6	3.949E-01	3.284E-01	4.270E-01	0.196	39
afdb_P26918_v6	afdb_P05521_v6	3.809E-01	3.333E-01	4.319E-01	0.179	38
afdb_P26918_v6	afdb_Q02899_v6	4.172E-01	2.932E-01	4.692E-01	0.233	41
afdb_P26918_v6	afdb_P09030_v6	3.595E-01	3.460E-01	4.233E-01	0.138	35
afdb_P26918_v6	afdb_P00639_v6	3.596E-01	3.335E-01	4.182E-01	0.138	35
afdb_P26918_v6	afdb_O59791_v6	3.771E-01	3.130E-01	4.186E-01	0.164	37
afdb_P26918_v6	afdb_Q75WN8_v6	3.544E-01	3.258E-01	4.296E-01	0.138	35
afdb_P26918_v6	afdb_P0A6C1_v6	3.524E-01	3.258E-01	3.929E-01	0.138	35
afdb_P26918_v6	afdb_Q12178_v6	2.808E-01	3.950E-01	4.066E-01	0.076	28
afdb_P26918_v6	afdb_P27170_v6	3.754E-01	2.963E-01	4.157E-01	0.164	37
afdb_P26918_v6	afdb_P05414_v6	3.723E-01	2.872E-01	4.044E-01	0.164	37
afdb_P26918_v6	afdb_P0A6G7_v6	2.980E-01	3.483E-01	4.856E-01	0.082	29
afdb_P26918_v6	afdb_P83686_v6	3.305E-01	3.150E-01	3.740E-01	0.116	33
afdb_P26918_v6	afdb_Q9UMR5_v6	3.416E-01	3.006E-01	4.203E-01	0.126	34
afdb_P26918_v6	afdb_Q8RB32_v6	3.120E-01	3.215E-01	3.518E-01	0.098	31
afdb_P26918_v6	afdb_P00800_v6	4.013E-01	2.247E-01	4.223E-01	0.214	40
afdb_P26918_v6	afdb_P00935_v6	3.614E-01	2.649E-01	3.786E-01	0.150	36
afdb_P26918_v6	afdb_P00455_v6	3.552E-01	2.697E-01	3.821E-01	0.138	35
afdb_P26918_v6	afdb_Q6YBS3_v6	4.118E-01	2.110E-01	4.161E-01	0.233	41
afdb_P26918_v6	afdb_P08165_v6	3.882E-01	2.340E-01	4.230E-01	0.179	38
afdb_P26918_v6	afdb_P83772_v6	3.115E-01	3.066E-01	3.766E-01	0.098	31
afdb_P26918_v6	afdb_P06721_v6	3.599E-01	2.575E-01	3.951E-01	0.138	35
afdb_P26918_v6	afdb_Q6LZM9_v6	3.689E-01	2.470E-01	3.847E-01	0.150	36
afdb_P26918_v6	afdb_P45478_v6	3.284E-01	2.869E-01	3.900E-01	0.106	32
afdb_P26918_v6	afdb_P04042_v6	3.365E-01	2.706E-01	3.571E-01	0.116	33
afdb_P26918_v6	afdb_P77444_v6	3.556E-01	2.465E-01	3.917E-01	0.138	35
afdb_P26918_v6	afdb_P00175_v6	3.892E-01	2.097E-01	4.004E-01	0.179	38
afdb_P26918_v6	afdb_Q00017_v6	2.961E-01	2.993E-01	3.303E-01	0.082	29
afdb_P26918_v6	afdb_Q29460_v6	2.876E-01	3.041E-01	3.503E-01	0.076	28
afdb_P26918_v6	afdb_Q7ZAG8_v6	3.439E-01	2.460E-01	3.814E-01	0.126	34
afdb_P26918_v6	afdb_P21836_v6	3.905E-01	1.994E-01	4.089E-01	0.196	39
afdb_P26918_v6	afdb_P22266_v6	3.251E-01	2.638E-01	3.700E-01	0.106	32
afdb_P26918_v6	afdb_P28796_v6	3.623E-01	2.242E-01	4.054E-01	0.150	36
afdb_P26918_v6	afdb_P22394_v6	3.769E-01	2.095E-01	3.998E-01	0.164	37
afdb_P26918_v6	afdb_Q9XBQ8_v6	3.463E-01	2.396E-01	4.107E-01	0.126	34
afdb_P26918_v6	afdb_P39377_v6	3.363E-01	2.488E-01	3.696E-01	0.116	33
afdb_P26918_v6	afdb_P0A9P4_v6	3.160E-01	2.658E-01	3.408E-01	0.098	31
afdb_P26918_v6	afdb_Q9L9D7_v6	3.735E-01	2.058E-01	3.989E-01	0.164	37
afdb_P26918_v6	afdb_Q7SID9_v6	3.739E-01	2.056E-01	4.021E-01	0.164	37
afdb_P26918_v6	afdb_P35049_v6	2.863E-01	2.905E-01	3.134E-01	0.076	28
afdb_P26918_v6	afdb_P00392_v6	3.688E-01	2.063E-01	3.786E-01	0.150	36
afdb_P26918_v6	afdb_P16099_v6	3.984E-01	1.720E-01	4.437E-01	0.196	39
afdb_P26918_v6	afdb_P00766_v6	2.810E-01	2.881E-01	3.103E-01	0.076	28
afdb_P26918_v6	afdb_P83788_v6	3.364E-01	2.328E-01	3.594E-01	0.116	33
afdb_P26918_v6	afdb_P37062_v6	3.385E-01	2.261E-01	3.727E-01	0.116	33
afdb_P26918_v6	afdb_P0AB77_v6	3.309E-01	2.335E-01	3.659E-01	0.116	33
afdb_P26918_v6	afdb_Q9NPB1_v6	2.710E-01	2.927E-01	3.800E-01	0.069	27
afdb_P26918_v6	afdb_P24630_v6	3.366E-01	2.267E-01	3.584E-01	0.116	33
afdb_P26918_v6	afdb_P16932_v6	3.331E-01	2.304E-01	3.504E-01	0.116	33
afdb_P26918_v6	afdb_P12995_v6	3.338E-01	2.287E-01	3.505E-01	0.116	33
afdb_P26918_v6	afdb_P48534_v6	2.784E-01	2.815E-01	3.150E-01	0.069	27
afdb_P26918_v6	afdb_P0A6T5_v6	2.657E-01	2.906E-01	3.094E-01	0.063	26
afdb_P26918_v6	afdb_P00777_v6	2.927E-01	2.624E-01	2.974E-01	0.082	29
afdb_P26918_v6	afdb_Q06241_v6	2.536E-01	2.948E-01	3.097E-01	0.057	25
afdb_P26918_v6	afdb_P81054_v6	2.969E-01	2.378E-01	3.138E-01	0.082	29
afdb_P26918_v6	afdb_O33199_v6	2.484E-01	2.853E-01	3.134E-01	0.051	24
afdb_P26918_v6	afdb_O16025_v6	3.972E-01	1.308E-01	4.263E-01	0.196	39
afdb_P26918_v6	afdb_P46076_v6	2.938E-01	2.313E-01	3.532E-01	0.082	29
afdb_P26918_v6	afdb_P19938_v6	2.707E-01	2.528E-01	3.042E-01	0.069	27
afdb_P26918_v6	afdb_P40881_v6	2.585E-01	2.632E-01	2.810E-01	0.057	25
afdb_P26918_v6	afdb_P28305_v6	2.656E-01	2.547E-01	3.502E-01	0.063	26
afdb_P26918_v6	afdb_Q56839_v6	3.258E-01	1.868E-01	3.466E-01	0.106	32
afdb_P26918_v6	afdb_P22637_v6	3.288E-01	1.831E-01	3.655E-01	0.106	32
afdb_P26918_v6	afdb_P24474_v6	3.255E-01	1.826E-01	3.513E-01	0.106	32
afdb_P26918_v6	afdb_P27487_v6	3.551E-01	1.510E-01	4.128E-01	0.138	35
afdb_P26918_v6	afdb_Q6UV28_v6	2.050E-01	2.974E-01	3.161E-01	0.029	20
afdb_P26918_v6	afdb_P00914_v6	3.077E-01	1.917E-01	3.420E-01	0.090	30
afdb_P26918_v6	afdb_P21179_v6	3.446E-01	1.510E-01	3.515E-01	0.126	34
afdb_P26918_v6	afdb_P00388_v6	3.286E-01	1.583E-01	3.444E-01	0.106	32
afdb_P26918_v6	afdb_P00489_v6	3.500E-01	1.359E-01	3.809E-01	0.126	34
afdb_P26918_v6	afdb_P09598_v6	2.509E-01	2.323E-01	3.073E-01	0.057	25
afdb_P26918_v6	afdb_P08473_v6	3.379E-01	1.443E-01	3.817E-01	0.116	33
afdb_P26918_v6	afdb_Q01693_v6	2.969E-01	1.777E-01	3.425E-01	0.082	29
afdb_P26918_v6	afdb_P03007_v6	2.302E-01	2.365E-01	2.892E-01	0.040	22
afdb_P26918_v6	afdb_P00644_v6	2.244E-01	2.385E-01	3.268E-01	0.040	22
afdb_P26918_v6	afdb_P30850_v6	3.049E-01	1.535E-01	3.124E-01	0.090	30
afdb_P26918_v6	afdb_Q9AGP8_v6	3.225E-01	1.302E-01	3.524E-01	0.106	32
afdb_P26918_v6	afdb_P14779_v6	3.397E-01	1.111E-01	3.626E-01	0.116	33
afdb_P26918_v6	afdb_P09883_v6	2.829E-01	1.534E-01	2.921E-01	0.076	28
afdb_P33371_v6	afdb_Q02899_v6	6.558E-01	5.313E-01	6.576E-01	0.872	65
afdb_P33371_v6	afdb_Q9FEW9_v6	6.478E-01	5.279E-01	6.551E-01	0.855	64
afdb_P33371_v6	afdb_P42593_v6	7.085E-01	3.587E-01	7.204E-01	0.933	70
afdb_P33371_v6	afdb_P0A6C1_v6	5.096E-01	5.512E-01	6.281E-01	0.473	50
afdb_P33371_v6	afdb_P16099_v6	7.107E-01	3.351E-01	7.158E-01	0.941	71
afdb_P33371_v6	afdb_P05414_v6	5.469E-01	4.756E-01	6.872E-01	0.601	54
afdb_P33371_v6	afdb_P39377_v6	5.350E-01	4.510E-01	5.456E-01	0.569	53
afdb_P33371_v6	afdb_P16444_v6	5.147E-01	4.132E-01	6.372E-01	0.505	51
afdb_P33371_v6	afdb_P03958_v6	4.733E-01	4.329E-01	5.318E-01	0.382	47
afdb_P33371_v6	afdb_Q8RB32_v6	4.039E-01	4.981E-01	5.457E-01	0.214	40
afdb_P33371_v6	afdb_P00175_v6	5.510E-01	3.136E-01	6.905E-01	0.632	55
afdb_P33371_v6	afdb_P00860_v6	4.944E-01	3.650E-01	4.993E-01	0.442	49
afdb_P33371_v6	afdb_Q9XBQ8_v6	4.767E-01	3.818E-01	4.876E-01	0.382	47
afdb_P33371_v6	afdb_Q28943_v6	6.442E-01	2.124E-01	8.205E-01	0.855	64
afdb_P33371_v6	afdb_P18314_v6	5.098E-01	3.133E-01	5.486E-01	0.473	50
afdb_P33371_v6	afdb_P05521_v6	3.795E-01	3.884E-01	4.259E-01	0.164	37
afdb_P33371_v6	afdb_P00639_v6	3.658E-01	3.948E-01	4.266E-01	0.150	36
afdb_P33371_v6	afdb_Q29460_v6	3.298E-01	4.240E-01	4.994E-01	0.106	32
afdb_P33371_v6	afdb_Q00017_v6	3.307E-01	3.937E-01	4.362E-01	0.116	33
afdb_P33371_v6	afdb_P37957_v6	3.075E-01	4.092E-01	4.824E-01	0.090	30
afdb_P33371_v6	afdb_Q9UMR5_v6	3.521E-01	3.628E-01	4.308E-01	0.138	35
afdb_P33371_v6	afdb_Q3HWU8_v6	3.383E-01	3.730E-01	4.244E-01	0.116	33
afdb_P33371_v6	afdb_Q05755_v6	5.578E-01	1.347E-01	6.140E-01	0.632	55
afdb_P33371_v6	afdb_P0A6G7_v6	2.900E-01	4.013E-01	4.300E-01	0.082	29
afdb_P33371_v6	afdb_P55038_v6	5.560E-01	1.318E-01	5.829E-01	0.632	55
afdb_P33371_v6	afdb_P45478_v6	3.397E-01	3.469E-01	4.193E-01	0.116	33
afdb_P33371_v6	afdb_P96965_v6	3.274E-01	3.552E-01	4.219E-01	0.106	32
afdb_P33371_v6	afdb_Q75WN8_v6	3.290E-01	3.524E-01	4.148E-01	0.106	32
afdb_P33371_v6	afdb_Q12178_v6	2.512E-01	4.244E-01	4.741E-01	0.057	25
afdb_P33371_v6	afdb_Q16775_v6	3.339E-01	3.393E-01	3.692E-01	0.116	33
afdb_P33371_v6	afdb_P53608_v6	3.302E-01	3.417E-01	3.570E-01	0.116	33
afdb_P33371_v6	afdb_P16932_v6	3.744E-01	2.960E-01	4.006E-01	0.164	37
afdb_P33371_v6	afdb_O58727_v6	2.692E-01	3.989E-01	4.090E-01	0.063	26
afdb_P33371_v6	afdb_P0CE47_v6	3.578E-01	3.017E-01	3.816E-01	0.138	35
afdb_P33371_v6	afdb_P29183_v6	3.751E-01	2.798E-01	4.085E-01	0.164	37
afdb_P33371_v6	afdb_P52700_v6	3.138E-01	3.328E-01	3.783E-01	0.098	31
afdb_P33371_v6	afdb_Q6YBS3_v6	4.092E-01	2.351E-01	4.382E-01	0.214	40
afdb_P33371_v6	afdb_P0A1E3_v6	3.215E-01	3.158E-01	3.443E-01	0.106	32
afdb_P33371_v6	afdb_P25910_v6	2.892E-01	3.393E-01	3.630E-01	0.076	28
afdb_P33371_v6	afdb_P28796_v6	3.602E-01	2.655E-01	3.664E-01	0.150	36
afdb_P33371_v6	afdb_P08819_v6	3.504E-01	2.693E-01	4.577E-01	0.138	35
afdb_P33371_v6	afdb_P00935_v6	3.339E-01	2.862E-01	3.485E-01	0.116	33
afdb_P33371_v6	afdb_P12995_v6	3.439E-01	2.743E-01	3.673E-01	0.126	34
afdb_P33371_v6	afdb_Q7ZAG8_v6	3.353E-01	2.787E-01	3.359E-01	0.116	33
afdb_P33371_v6	afdb_P04190_v6	2.853E-01	3.285E-01	3.708E-01	0.076	28
afdb_P33371_v6	afdb_P24630_v6	3.390E-01	2.697E-01	3.596E-01	0.116	33
afdb_P33371_v6	afdb_P80324_v6	3.183E-01	2.848E-01	3.310E-01	0.098	31
afdb_P33371_v6	afdb_P00489_v6	4.034E-01	1.963E-01	4.043E-01	0.214	40
afdb_P33371_v6	afdb_P77444_v6	3.274E-01	2.717E-01	3.533E-01	0.106	32
afdb_P33371_v6	afdb_P22394_v6	3.645E-01	2.338E-01	4.307E-01	0.150	36
afdb_P33371_v6	afdb_P06721_v6	3.248E-01	2.735E-01	3.612E-01	0.106	32
afdb_P33371_v6	afdb_Q6LZM9_v6	3.352E-01	2.621E-01	3.692E-01	0.116	33
afdb_P33371_v6	afdb_P0AB77_v6	3.223E-01	2.727E-01	4.095E-01	0.106	32
afdb_P33371_v6	afdb_P83772_v6	2.767E-01	3.163E-01	3.651E-01	0.069	27
afdb_P33371_v6	afdb_Q58989_v6	2.533E-01	3.372E-01	3.495E-01	0.057	25
afdb_P33371_v6	afdb_P83788_v6	3.229E-01	2.641E-01	3.425E-01	0.106	32
afdb_P33371_v6	afdb_P37062_v6	3.283E-01	2.565E-01	3.290E-01	0.106	32
afdb_P33371_v6	afdb_Q56839_v6	3.409E-01	2.366E-01	3.505E-01	0.126	34
afdb_P33371_v6	afdb_A0A0C6DRW4_v6	3.185E-01	2.589E-01	3.536E-01	0.098	31
afdb_P33371_v6	afdb_P13717_v6	2.683E-01	3.018E-01	3.467E-01	0.063	26
afdb_P33371_v6	afdb_P04042_v6	2.926E-01	2.701E-01	4.200E-01	0.082	29
afdb_P33371_v6	afdb_P83686_v6	2.668E-01	2.958E-01	3.435E-01	0.063	26
afdb_P33371_v6	afdb_O59791_v6	2.830E-01	2.786E-01	2.972E-01	0.076	28
afdb_P33371_v6	afdb_P08165_v6	3.191E-01	2.358E-01	3.278E-01	0.098	31
afdb_P33371_v6	afdb_P00392_v6	3.308E-01	2.164E-01	3.321E-01	0.116	33
afdb_P33371_v6	afdb_P0A9P4_v6	2.752E-01	2.720E-01	2.826E-01	0.069	27
afdb_P33371_v6	afdb_Q9AGP8_v6	3.641E-01	1.784E-01	3.812E-01	0.150	36
afdb_P33371_v6	afdb_P00455_v6	2.869E-01	2.554E-01	3.303E-01	0.076	28
afdb_P33371_v6	afdb_F8W4B7_v6	3.948E-01	1.473E-01	3.958E-01	0.196	39
afdb_P33371_v6	afdb_Q9L9D7_v6	3.312E-01	2.102E-01	4.287E-01	0.116	33
afdb_P33371_v6	afdb_Q7SID9_v6	3.207E-01	2.089E-01	3.485E-01	0.106	32
afdb_P33371_v6	afdb_P09184_v6	1.968E-01	3.321E-01	4.172E-01	0.024	19
afdb_P33371_v6	afdb_Q06241_v6	2.219E-01	3.029E-01	3.165E-01	0.040	22
afdb_P33371_v6	afdb_P00914_v6	2.991E-01	2.252E-01	3.062E-01	0.082	29
afdb_P33371_v6	afdb_P81054_v6	2.687E-01	2.500E-01	2.933E-01	0.063	26
afdb_P33371_v6	afdb_P03007_v6	2.345E-01	2.818E-01	3.626E-01	0.045	23
afdb_P33371_v6	afdb_P09598_v6	2.477E-01	2.679E-01	3.226E-01	0.051	24
afdb_P33371_v6	afdb_P27487_v6	3.389E-01	1.763E-01	3.590E-01	0.116	33
afdb_P33371_v6	afdb_P40881_v6	2.328E-01	2.774E-01	2.874E-01	0.045	23
afdb_P33371_v6	afdb_Q945K2_v6	3.045E-01	1.975E-01	3.059E-01	0.090	30
afdb_P33371_v6	afdb_P09883_v6	3.060E-01	1.923E-01	3.067E-01	0.090	30
afdb_P33371_v6	afdb_P00800_v6	2.950E-01	1.991E-01	3.158E-01	0.082	29
afdb_P33371_v6	afdb_P22637_v6	2.937E-01	1.990E-01	3.042E-01	0.082	29
afdb_P33371_v6	afdb_P21179_v6	3.138E-01	1.647E-01	3.409E-01	0.098	31
afdb_P33371_v6	afdb_P0A6T5_v6	2.102E-01	2.642E-01	2.808E-01	0.034	21
afdb_P33371_v6	afdb_Q01693_v6	2.747E-01	2.004E-01	2.753E-01	0.069	27
afdb_P33371_v6	afdb_Q50925_v6	2.743E-01	1.783E-01	2.912E-01	0.069	27
afdb_P33371_v6	afdb_P14779_v6	3.194E-01	1.267E-01	3.227E-01	0.098	31
afdb_P34896_v6	afdb_P77444_v6	6.326E-01	7.392E-01	7.608E-01	0.837	63
afdb_P34896_v6	afdb_P0AB77_v6	6.174E-01	7.354E-01	7.869E-01	0.795	61
afdb_P34896_v6	afdb_P16932_v6	6.308E-01	6.955E-01	7.512E-01	0.837	63
afdb_P34896_v6	afdb_P12995_v6	6.153E-01	6.831E-01	6.987E-01	0.795	61
afdb_P34896_v6	afdb_P83788_v6	5.977E-01	6.828E-01	7.260E-01	0.747	59
afdb_P34896_v6	afdb_P28796_v6	6.268E-01	6.460E-01	7.173E-01	0.817	62
afdb_P34896_v6	afdb_Q6LZM9_v6	5.981E-01	6.561E-01	7.563E-01	0.747	59
afdb_P34896_v6	afdb_P24630_v6	5.942E-01	6.545E-01	7.172E-01	0.747	59
afdb_P34896_v6	afdb_P00935_v6	5.600E-01	6.870E-01	7.317E-01	0.663	56
afdb_P34896_v6	afdb_P06721_v6	5.605E-01	6.726E-01	7.256E-01	0.663	56
afdb_P34896_v6	afdb_P43099_v6	6.310E-01	4.358E-01	6.942E-01	0.837	63
afdb_P34896_v6	afdb_P0A1E3_v6	3.028E-01	4.169E-01	4.331E-01	0.090	30
afdb_P34896_v6	afdb_O58727_v6	2.130E-01	4.698E-01	5.091E-01	0.034	21
afdb_P34896_v6	afdb_Q12178_v6	1.989E-01	4.837E-01	4.973E-01	0.024	19
afdb_P34896_v6	afdb_Q00017_v6	2.370E-01	4.056E-01	5.194E-01	0.045	23
afdb_P34896_v6	afdb_P15289_v6	3.243E-01	3.120E-01	4.614E-01	0.106	32
afdb_P34896_v6	afdb_P00914_v6	3.144E-01	3.194E-01	3.867E-01	0.098	31
afdb_P34896_v6	afdb_P00860_v6	3.090E-01	3.195E-01	3.696E-01	0.090	30
afdb_P34896_v6	afdb_P37957_v6	2.108E-01	4.171E-01	5.657E-01	0.034	21
afdb_P34896_v6	afdb_P37062_v6	3.015E-01	3.187E-01	3.392E-01	0.090	30
afdb_P34896_v6	afdb_Q29460_v6	2.173E-01	4.025E-01	5.460E-01	0.034	21
afdb_P34896_v6	afdb_P42593_v6	3.472E-01	2.714E-01	3.782E-01	0.126	34
afdb_P34896_v6	afdb_P16099_v6	3.539E-01	2.593E-01	3.840E-01	0.138	35
afdb_P34896_v6	afdb_P00392_v6	3.165E-01	2.849E-01	3.311E-01	0.098	31
afdb_P34896_v6	afdb_Q3HWU8_v6	2.368E-01	3.627E-01	4.291E-01	0.045	23
afdb_P34896_v6	afdb_Q02899_v6	2.756E-01	3.173E-01	3.401E-01	0.069	27
afdb_P34896_v6	afdb_O59791_v6	2.528E-01	3.395E-01	3.785E-01	0.057	25
afdb_P34896_v6	afdb_P00639_v6	2.343E-01	3.516E-01	4.518E-01	0.045	23
afdb_P34896_v6	afdb_P03958_v6	2.611E-01	3.239E-01	3.322E-01	0.063	26
afdb_P34896_v6	afdb_Q56839_v6	2.976E-01	2.812E-01	3.139E-01	0.082	29
afdb_P34896_v6	afdb_P04042_v6	2.548E-01	3.223E-01	3.637E-01	0.057	25
afdb_P34896_v6	afdb_P05521_v6	2.340E-01	3.407E-01	3.738E-01	0.045	23
afdb_P34896_v6	afdb_P05414_v6	2.574E-01	3.149E-01	3.698E-01	0.057	25
afdb_P34896_v6	afdb_P56216_v6	3.007E-01	2.712E-01	3.055E-01	0.090	30
afdb_P34896_v6	afdb_P39377_v6	2.603E-01	3.055E-01	3.237E-01	0.057	25
afdb_P34896_v6	afdb_P04190_v6	2.142E-01	3.479E-01	4.097E-01	0.034	21
afdb_P34896_v6	afdb_P15917_v6	3.319E-01	2.251E-01	3.566E-01	0.116	33
afdb_P34896_v6	afdb_P09030_v6	2.164E-01	3.406E-01	3.551E-01	0.034	21
afdb_P34896_v6	afdb_Q7ZAG8_v6	2.605E-01	2.937E-01	3.249E-01	0.063	26
afdb_P34896_v6	afdb_P27487_v6	3.233E-01	2.294E-01	3.418E-01	0.106	32
afdb_P34896_v6	afdb_P18314_v6	2.930E-01	2.595E-01	3.684E-01	0.082	29
afdb_P34896_v6	afdb_P16444_v6	2.575E-01	2.916E-01	3.439E-01	0.057	25
afdb_P34896_v6	afdb_Q75WN8_v6	2.157E-01	3.294E-01	3.970E-01	0.034	21
afdb_P34896_v6	afdb_P0A6C1_v6	2.193E-01	3.254E-01	3.485E-01	0.034	21
afdb_P34896_v6	afdb_Q8RB32_v6	1.990E-01	3.453E-01	4.246E-01	0.024	19
afdb_P34896_v6	afdb_P00388_v6	3.069E-01	2.363E-01	3.516E-01	0.090	30
afdb_P34896_v6	afdb_P00175_v6	2.924E-01	2.498E-01	3.052E-01	0.082	29
afdb_P34896_v6	afdb_Q58989_v6	1.854E-01	3.553E-01	3.931E-01	0.020	18
afdb_P34896_v6	afdb_P0CE47_v6	2.501E-01	2.908E-01	2.997E-01	0.051	24
afdb_P34896_v6	afdb_Q05769_v6	2.925E-01	2.478E-01	3.021E-01	0.082	29
afdb_P34896_v6	afdb_P52700_v6	2.183E-01	3.216E-01	3.710E-01	0.034	21
afdb_P34896_v6	afdb_A0A0C6DRW4_v6	2.545E-01	2.827E-01	3.029E-01	0.057	25
afdb_P34896_v6	afdb_P08373_v6	2.364E-01	3.009E-01	3.061E-01	0.045	23
afdb_P34896_v6	afdb_P40859_v6	2.475E-01	2.880E-01	2.913E-01	0.051	24
afdb_P34896_v6	afdb_Q9NPB1_v6	1.959E-01	3.376E-01	3.554E-01	0.024	19
afdb_P34896_v6	afdb_Q9FEW9_v6	2.480E-01	2.850E-01	2.913E-01	0.051	24
afdb_P34896_v6	afdb_P21179_v6	3.096E-01	2.226E-01	3.409E-01	0.090	30
afdb_P34896_v6	afdb_P23295_v6	2.486E-01	2.834E-01	2.896E-01	0.051	24
afdb_P34896_v6	afdb_P10902_v6	2.764E-01	2.554E-01	3.022E-01	0.069	27
afdb_P34896_v6	afdb_P29183_v6	2.614E-01	2.699E-01	3.116E-01	0.063	26
afdb_P34896_v6	afdb_P00489_v6	3.187E-01	2.093E-01	3.321E-01	0.098	31
afdb_P34896_v6	afdb_F8W4B7_v6	3.418E-01	1.849E-01	3.504E-01	0.126	34
afdb_P34896_v6	afdb_Q9AGP8_v6	3.152E-01	2.100E-01	3.366E-01	0.098	31
afdb_P34896_v6	afdb_Q01693_v6	2.661E-01	2.590E-01	2.978E-01	0.063	26
afdb_P34896_v6	afdb_P08148_v6	2.826E-01	2.425E-01	2.919E-01	0.076	28
afdb_P34896_v6	afdb_P08473_v6	3.036E-01	2.186E-01	3.330E-01	0.090	30
afdb_P34896_v6	afdb_Q28943_v6	3.339E-01	1.844E-01	3.440E-01	0.116	33
afdb_P34896_v6	afdb_Q9XBQ8_v6	2.424E-01	2.722E-01	3.830E-01	0.051	24
afdb_P34896_v6	afdb_P45478_v6	2.110E-01	3.029E-01	3.462E-01	0.034	21
afdb_P34896_v6	afdb_P06621_v6	2.432E-01	2.710E-01	3.550E-01	0.051	24
afdb_P34896_v6	afdb_P71119_v6	1.850E-01	3.290E-01	3.352E-01	0.020	18
afdb_P34896_v6	afdb_P0A6T5_v6	1.841E-01	3.291E-01	3.351E-01	0.020	18
afdb_P34896_v6	afdb_P81054_v6	2.264E-01	2.868E-01	2.941E-01	0.040	22
afdb_P34896_v6	afdb_P0A9P4_v6	2.194E-01	2.933E-01	2.971E-01	0.034	21
afdb_P34896_v6	afdb_P83772_v6	1.996E-01	3.106E-01	3.345E-01	0.024	19
afdb_P34896_v6	afdb_Q00441_v6	2.370E-01	2.695E-01	2.898E-01	0.045	23
afdb_P34896_v6	afdb_P03007_v6	1.924E-01	3.123E-01	3.636E-01	0.024	19
afdb_P34896_v6	afdb_P09184_v6	1.523E-01	3.496E-01	3.586E-01	0.011	15
afdb_P34896_v6	afdb_P22637_v6	2.619E-01	2.384E-01	2.637E-01	0.063	26
afdb_P34896_v6	afdb_P83686_v6	1.939E-01	3.047E-01	3.898E-01	0.024	19
afdb_P34896_v6	afdb_P30850_v6	2.744E-01	2.231E-01	2.898E-01	0.069	27
afdb_P34896_v6	afdb_P22394_v6	2.601E-01	2.308E-01	3.309E-01	0.063	26
afdb_P34896_v6	afdb_P37967_v6	2.456E-01	2.433E-01	2.588E-01	0.051	24
afdb_P34896_v6	afdb_P08165_v6	2.457E-01	2.425E-01	2.812E-01	0.051	24
afdb_P34896_v6	afdb_P55038_v6	3.446E-01	1.386E-01	3.642E-01	0.126	34
afdb_P34896_v6	afdb_P21836_v6	2.608E-01	2.198E-01	2.793E-01	0.063	26
afdb_P34896_v6	afdb_O16025_v6	3.063E-01	1.650E-01	3.091E-01	0.090	30
afdb_P34896_v6	afdb_Q05755_v6	3.328E-01	1.356E-01	3.518E-01	0.116	33
afdb_P34896_v6	afdb_Q06241_v6	1.595E-01	3.088E-01	3.675E-01	0.011	15
afdb_P34896_v6	afdb_P05725_v6	1.401E-01	3.255E-01	4.083E-01	0.009	13
afdb_P34896_v6	afdb_Q50925_v6	2.434E-01	2.166E-01	2.642E-01	0.051	24
afdb_P34896_v6	afdb_P09883_v6	2.432E-01	2.134E-01	2.620E-01	0.051	24
afdb_P34896_v6	afdb_P0A6G7_v6	1.597E-01	2.955E-01	3.268E-01	0.011	15
afdb_P34896_v6	afdb_P12821_v6	3.126E-01	1.421E-01	3.185E-01	0.098	31
afdb_P34896_v6	afdb_O13297_v6	1.906E-01	1.742E-01	2.164E-01	0.024	19
afdb_P45953_v6	afdb_A0A0C6DRW4_v6	5.207E-01	7.919E-01	8.283E-01	0.537	52
afdb_P45953_v6	afdb_P23295_v6	2.454E-01	3.556E-01	4.283E-01	0.051	24
afdb_P45953_v6	afdb_P0A6K3_v6	1.468E-01	4.312E-01	4.516E-01	0.010	14
afdb_P45953_v6	afdb_P00396_v6	2.575E-01	3.119E-01	3.747E-01	0.057	25
afdb_P45953_v6	afdb_Q00441_v6	2.316E-01	3.292E-01	3.587E-01	0.045	23
afdb_P45953_v6	afdb_P08148_v6	2.707E-01	2.877E-01	3.069E-01	0.069	27
afdb_P45953_v6	afdb_Q02899_v6	2.298E-01	3.280E-01	3.338E-01	0.040	22
afdb_P45953_v6	afdb_P00489_v6	3.052E-01	2.515E-01	3.288E-01	0.090	30
afdb_P45953_v6	afdb_P08165_v6	2.466E-01	3.044E-01	3.061E-01	0.051	24
afdb_P45953_v6	afdb_P46076_v6	2.113E-01	3.371E-01	3.651E-01	0.034	21
afdb_P45953_v6	afdb_P00766_v6	1.747E-01	3.730E-01	3.985E-01	0.016	17
afdb_P45953_v6	afdb_P12995_v6	2.292E-01	3.170E-01	3.267E-01	0.040	22
afdb_P45953_v6	afdb_P0A6T5_v6	1.674E-01	3.770E-01	3.781E-01	0.014	16
afdb_P45953_v6	afdb_P00914_v6	2.374E-01	3.065E-01	3.938E-01	0.045	23
afdb_P45953_v6	afdb_P83686_v6	1.820E-01	3.587E-01	3.743E-01	0.020	18
afdb_P45953_v6	afdb_P43099_v6	2.802E-01	2.576E-01	3.110E-01	0.076	28
afdb_P45953_v6	afdb_P27170_v6	2.103E-01	3.273E-01	3.321E-01	0.029	20
afdb_P45953_v6	afdb_P0AB77_v6	2.182E-01	3.171E-01	3.267E-01	0.034	21
afdb_P45953_v6	afdb_P25910_v6	1.757E-01	3.588E-01	3.715E-01	0.016	17
afdb_P45953_v6	afdb_Q9AGP8_v6	2.877E-01	2.418E-01	3.218E-01	0.076	28
afdb_P45953_v6	afdb_P27487_v6	2.794E-01	2.489E-01	2.809E-01	0.069	27
afdb_P45953_v6	afdb_Q8RB32_v6	1.632E-01	3.634E-01	3.890E-01	0.014	16
afdb_P45953_v6	afdb_P04190_v6	1.714E-01	3.533E-01	3.882E-01	0.016	17
afdb_P45953_v6	afdb_O16025_v6	3.099E-01	2.128E-01	3.386E-01	0.090	30
afdb_P45953_v6	afdb_P21179_v6	2.742E-01	2.478E-01	3.112E-01	0.069	27
afdb_P45953_v6	afdb_Q50925_v6	2.469E-01	2.744E-01	3.106E-01	0.051	24
afdb_P45953_v6	afdb_P22394_v6	2.449E-01	2.739E-01	2.907E-01	0.051	24
afdb_P45953_v6	afdb_Q16775_v6	1.845E-01	3.339E-01	3.598E-01	0.020	18
afdb_P45953_v6	afdb_P77444_v6	2.099E-01	3.059E-01	3.149E-01	0.029	20
afdb_P45953_v6	afdb_P16099_v6	2.674E-01	2.470E-01	3.012E-01	0.063	26
afdb_P45953_v6	afdb_Q9L9D7_v6	2.451E-01	2.691E-01	2.814E-01	0.051	24
afdb_P45953_v6	afdb_P00592_v6	1.158E-01	3.972E-01	4.411E-01	0.007	11
afdb_P45953_v6	afdb_P35049_v6	1.637E-01	3.488E-01	3.871E-01	0.014	16
afdb_P45953_v6	afdb_F8W4B7_v6	3.050E-01	2.075E-01	3.331E-01	0.090	30
afdb_P45953_v6	afdb_Q945K2_v6	2.405E-01	2.703E-01	3.223E-01	0.051	24
afdb_P45953_v6	afdb_P21327_v6	2.082E-01	2.980E-01	3.192E-01	0.029	20
afdb_P45953_v6	afdb_Q6UV28_v6	1.245E-01	3.798E-01	4.312E-01	0.008	12
afdb_P45953_v6	afdb_P16932_v6	2.150E-01	2.890E-01	3.055E-01	0.034	21
afdb_P45953_v6	afdb_P05521_v6	1.837E-01	3.186E-01	3.636E-01	0.020	18
afdb_P45953_v6	afdb_P42593_v6	2.518E-01	2.473E-01	2.830E-01	0.057	25
afdb_P45953_v6	afdb_Q05755_v6	3.276E-01	1.710E-01	3.503E-01	0.106	32
afdb_P45953_v6	afdb_P00800_v6	2.329E-01	2.660E-01	3.368E-01	0.045	23
afdb_P45953_v6	afdb_P06621_v6	2.050E-01	2.904E-01	3.293E-01	0.029	20
afdb_P45953_v6	afdb_P05414_v6	1.996E-01	2.952E-01	3.201E-01	0.024	19
afdb_P45953_v6	afdb_P24630_v6	2.112E-01	2.823E-01	2.836E-01	0.034	21
afdb_P45953_v6	afdb_P09883_v6	2.354E-01	2.553E-01	2.595E-01	0.045	23
afdb_P45953_v6	afdb_P83788_v6	2.024E-01	2.874E-01	3.017E-01	0.029	20
afdb_P45953_v6	afdb_P08473_v6	2.565E-01	2.329E-01	2.853E-01	0.057	25
afdb_P45953_v6	afdb_P15917_v6	2.637E-01	2.246E-01	2.702E-01	0.063	26
afdb_P45953_v6	afdb_P55038_v6	3.201E-01	1.653E-01	3.472E-01	0.106	32
afdb_P45953_v6	afdb_P00392_v6	2.288E-01	2.560E-01	2.622E-01	0.040	22
afdb_P45953_v6	afdb_P37062_v6	2.096E-01	2.744E-01	2.803E-01	0.029	20
afdb_P45953_v6	afdb_P24474_v6	2.283E-01	2.547E-01	2.760E-01	0.040	22
afdb_P45953_v6	afdb_P00777_v6	1.729E-01	3.096E-01	3.464E-01	0.016	17
afdb_P45953_v6	afdb_P81054_v6	1.866E-01	2.963E-01	3.056E-01	0.020	18
afdb_P45953_v6	afdb_Q01693_v6	2.165E-01	2.628E-01	2.683E-01	0.034	21
afdb_P45953_v6	afdb_P00388_v6	2.426E-01	2.365E-01	2.782E-01	0.051	24
afdb_P45953_v6	afdb_P09598_v6	1.625E-01	3.148E-01	3.585E-01	0.014	16
afdb_P45953_v6	afdb_P22637_v6	2.231E-01	2.523E-01	2.888E-01	0.040	22
afdb_P45953_v6	afdb_P13717_v6	1.570E-01	3.167E-01	3.365E-01	0.011	15
afdb_P45953_v6	afdb_Q9FEW9_v6	1.930E-01	2.805E-01	3.399E-01	0.024	19
afdb_P45953_v6	afdb_P05725_v6	1.246E-01	3.466E-01	3.489E-01	0.008	12
afdb_P45953_v6	afdb_Q56839_v6	2.165E-01	2.547E-01	2.751E-01	0.034	21
afdb_P45953_v6	afdb_P22266_v6	1.818E-01	2.871E-01	3.170E-01	0.020	18
afdb_P45953_v6	afdb_Q9UMR5_v6	1.643E-01	3.027E-01	3.341E-01	0.014	16
afdb_P45953_v6	afdb_P00860_v6	2.018E-01	2.636E-01	3.014E-01	0.029	20
afdb_P45953_v6	afdb_P21836_v6	2.264E-01	2.369E-01	2.683E-01	0.040	22
afdb_P45953_v6	afdb_Q75WN8_v6	1.584E-01	2.906E-01	3.143E-01	0.011	15
afdb_P45953_v6	afdb_P45478_v6	1.638E-01	2.842E-01	3.256E-01	0.014	16
afdb_P45953_v6	afdb_P00175_v6	2.123E-01	2.291E-01	2.589E-01	0.034	21
afdb_P45953_v6	afdb_Q28943_v6	2.567E-01	1.823E-01	2.704E-01	0.057	25
afdb_P45953_v6	afdb_P08373_v6	1.677E-01	2.703E-01	2.991E-01	0.014	16
afdb_P45953_v6	afdb_P14779_v6	2.582E-01	1.795E-01	3.033E-01	0.057	25
afdb_P45953_v6	afdb_P12821_v6	2.739E-01	1.597E-01	2.888E-01	0.069	27
afdb_P45953_v6	afdb_O13297_v6	1.811E-01	2.060E-01	2.089E-01	0.020	18
afdb_P50544_v6	afdb_A0A0C6DRW4_v6	5.194E-01	7.907E-01	8.271E-01	0.505	51
afdb_P50544_v6	afdb_P0A6K3_v6	1.630E-01	4.850E-01	4.892E-01	0.014	16
afdb_P50544_v6	afdb_P23295_v6	2.425E-01	3.529E-01	4.259E-01	0.051	24
afdb_P50544_v6	afdb_P81054_v6	2.227E-01	3.629E-01	3.835E-01	0.040	22
afdb_P50544_v6	afdb_Q6UV28_v6	1.401E-01	4.357E-01	4.926E-01	0.010	14
afdb_P50544_v6	afdb_P83788_v6	2.395E-01	3.358E-01	3.376E-01	0.045	23
afdb_P50544_v6	afdb_P00396_v6	2.589E-01	3.130E-01	3.752E-01	0.057	25
afdb_P50544_v6	afdb_P37062_v6	2.433E-01	3.241E-01	3.575E-01	0.051	24
afdb_P50544_v6	afdb_P00489_v6	3.052E-01	2.518E-01	3.284E-01	0.090	30
afdb_P50544_v6	afdb_P08148_v6	2.685E-01	2.851E-01	3.030E-01	0.063	26
afdb_P50544_v6	afdb_Q02899_v6	2.264E-01	3.245E-01	3.293E-01	0.040	22
afdb_P50544_v6	afdb_P0A6T5_v6	1.686E-01	3.812E-01	3.824E-01	0.014	16
afdb_P50544_v6	afdb_P00766_v6	1.750E-01	3.750E-01	4.204E-01	0.016	17
afdb_P50544_v6	afdb_P08165_v6	2.457E-01	3.035E-01	3.053E-01	0.051	24
afdb_P50544_v6	afdb_P46076_v6	2.100E-01	3.386E-01	3.646E-01	0.029	20
afdb_P50544_v6	afdb_P27487_v6	2.886E-01	2.573E-01	2.902E-01	0.076	28
afdb_P50544_v6	afdb_Q05769_v6	2.649E-01	2.815E-01	2.849E-01	0.063	26
afdb_P50544_v6	afdb_P0AB77_v6	2.203E-01	3.195E-01	3.292E-01	0.040	22
afdb_P50544_v6	afdb_Q9AGP8_v6	2.891E-01	2.426E-01	3.061E-01	0.076	28
afdb_P50544_v6	afdb_P25910_v6	1.727E-01	3.575E-01	3.766E-01	0.016	17
afdb_P50544_v6	afdb_Q7SID9_v6	2.489E-01	2.789E-01	2.821E-01	0.051	24
afdb_P50544_v6	afdb_P21179_v6	2.768E-01	2.496E-01	3.162E-01	0.069	27
afdb_P50544_v6	afdb_Q8RB32_v6	1.629E-01	3.633E-01	3.887E-01	0.014	16
afdb_P50544_v6	afdb_O16025_v6	3.112E-01	2.140E-01	3.397E-01	0.098	31
afdb_P50544_v6	afdb_Q6LZM9_v6	2.217E-01	3.030E-01	3.224E-01	0.040	22
afdb_P50544_v6	afdb_P00592_v6	1.174E-01	4.032E-01	4.447E-01	0.007	11
afdb_P50544_v6	afdb_P16932_v6	2.179E-01	3.009E-01	3.361E-01	0.034	21
afdb_P50544_v6	afdb_Q50925_v6	2.452E-01	2.728E-01	3.102E-01	0.051	24
afdb_P50544_v6	afdb_P77444_v6	2.106E-01	3.066E-01	3.172E-01	0.034	21
afdb_P50544_v6	afdb_P16099_v6	2.688E-01	2.492E-01	3.030E-01	0.063	26
afdb_P50544_v6	afdb_P35049_v6	1.643E-01	3.489E-01	3.857E-01	0.014	16
afdb_P50544_v6	afdb_P83686_v6	1.791E-01	3.340E-01	3.388E-01	0.016	17
afdb_P50544_v6	afdb_F8W4B7_v6	3.048E-01	2.086E-01	3.298E-01	0.090	30
afdb_P50544_v6	afdb_P42593_v6	2.577E-01	2.530E-01	2.899E-01	0.057	25
afdb_P50544_v6	afdb_P43099_v6	2.655E-01	2.449E-01	2.781E-01	0.063	26
afdb_P50544_v6	afdb_Q945K2_v6	2.407E-01	2.699E-01	3.201E-01	0.045	23
afdb_P50544_v6	afdb_Q16775_v6	1.830E-01	3.277E-01	3.654E-01	0.020	18
afdb_P50544_v6	afdb_P00914_v6	2.230E-01	2.840E-01	3.005E-01	0.040	22
afdb_P50544_v6	afdb_P04190_v6	1.672E-01	3.371E-01	3.701E-01	0.014	16
afdb_P50544_v6	afdb_P21327_v6	2.072E-01	2.969E-01	3.197E-01	0.029	20
afdb_P50544_v6	afdb_Q9L9D7_v6	2.397E-01	2.642E-01	2.925E-01	0.045	23
afdb_P50544_v6	afdb_P05521_v6	1.822E-01	3.197E-01	3.613E-01	0.020	18
afdb_P50544_v6	afdb_P27170_v6	1.945E-01	3.051E-01	3.144E-01	0.024	19
afdb_P50544_v6	afdb_P22394_v6	2.360E-01	2.635E-01	2.882E-01	0.045	23
afdb_P50544_v6	afdb_Q05755_v6	3.276E-01	1.709E-01	3.508E-01	0.106	32
afdb_P50544_v6	afdb_P00800_v6	2.326E-01	2.660E-01	3.363E-01	0.045	23
afdb_P50544_v6	afdb_P06621_v6	2.052E-01	2.927E-01	3.433E-01	0.029	20
afdb_P50544_v6	afdb_P00392_v6	2.342E-01	2.629E-01	2.919E-01	0.045	23
afdb_P50544_v6	afdb_P12995_v6	2.080E-01	2.856E-01	3.278E-01	0.029	20
afdb_P50544_v6	afdb_P15917_v6	2.663E-01	2.271E-01	2.714E-01	0.063	26
afdb_P50544_v6	afdb_P09883_v6	2.363E-01	2.563E-01	2.605E-01	0.045	23
afdb_P50544_v6	afdb_P24474_v6	2.317E-01	2.577E-01	2.780E-01	0.045	23
afdb_P50544_v6	afdb_P24630_v6	2.080E-01	2.809E-01	2.823E-01	0.029	20
afdb_P50544_v6	afdb_P22637_v6	2.283E-01	2.595E-01	2.932E-01	0.040	22
afdb_P50544_v6	afdb_Q9FEW9_v6	1.981E-01	2.886E-01	3.102E-01	0.024	19
afdb_P50544_v6	afdb_P21836_v6	2.361E-01	2.476E-01	3.062E-01	0.045	23
afdb_P50544_v6	afdb_P00388_v6	2.419E-01	2.361E-01	2.898E-01	0.051	24
afdb_P50544_v6	afdb_Q56839_v6	2.190E-01	2.584E-01	2.805E-01	0.034	21
afdb_P50544_v6	afdb_Q01693_v6	2.144E-01	2.603E-01	3.854E-01	0.034	21
afdb_P50544_v6	afdb_P08473_v6	2.472E-01	2.251E-01	2.745E-01	0.051	24
afdb_P50544_v6	afdb_P14779_v6	2.782E-01	1.939E-01	3.070E-01	0.069	27
afdb_P50544_v6	afdb_Q75WN8_v6	1.660E-01	3.047E-01	3.055E-01	0.014	16
afdb_P50544_v6	afdb_P05725_v6	1.244E-01	3.463E-01	3.485E-01	0.008	12
afdb_P50544_v6	afdb_P22266_v6	1.817E-01	2.868E-01	3.165E-01	0.020	18
afdb_P50544_v6	afdb_P00860_v6	2.019E-01	2.638E-01	2.936E-01	0.029	20
afdb_P50544_v6	afdb_P09598_v6	1.620E-01	3.002E-01	3.335E-01	0.014	16
afdb_P50544_v6	afdb_P05414_v6	1.808E-01	2.773E-01	2.852E-01	0.020	18
afdb_P50544_v6	afdb_P55038_v6	2.999E-01	1.568E-01	3.379E-01	0.082	29
afdb_P50544_v6	afdb_P12821_v6	2.842E-01	1.671E-01	2.924E-01	0.076	28
afdb_P50544_v6	afdb_P16444_v6	1.880E-01	2.625E-01	3.113E-01	0.020	18
afdb_P50544_v6	afdb_Q9UMR5_v6	1.616E-01	2.858E-01	3.092E-01	0.014	16
afdb_P50544_v6	afdb_P08373_v6	1.722E-01	2.742E-01	3.125E-01	0.016	17
afdb_P50544_v6	afdb_P13717_v6	1.494E-01	2.942E-01	3.162E-01	0.010	14
afdb_P50544_v6	afdb_P45478_v6	1.609E-01	2.814E-01	2.999E-01	0.014	16
afdb_P50544_v6	afdb_Q28943_v6	2.508E-01	1.820E-01	2.713E-01	0.057	25
afdb_P50544_v6	afdb_P00175_v6	2.043E-01	2.189E-01	2.199E-01	0.029	20
afdb_P50544_v6	afdb_P00777_v6	1.500E-01	2.633E-01	3.075E-01	0.010	14
afdb_P50544_v6	afdb_O13297_v6	1.759E-01	2.000E-01	2.169E-01	0.016	17
afdb_P61076_v6	afdb_P00392_v6	7.093E-01	7.768E-01	8.303E-01	0.933	70
afdb_P61076_v6	afdb_Q56839_v6	6.728E-01	7.855E-01	8.041E-01	0.900	67
afdb_P61076_v6	afdb_P37062_v6	5.998E-01	8.074E-01	8.108E-01	0.747	59
afdb_P61076_v6	afdb_P0A9P4_v6	4.179E-01	7.681E-01	7.977E-01	0.233	41
afdb_P61076_v6	afdb_Q7ZAG8_v6	4.781E-01	6.938E-01	6.953E-01	0.382	47
afdb_P61076_v6	afdb_P08165_v6	4.032E-01	4.914E-01	6.275E-01	0.214	40
afdb_P61076_v6	afdb_P42593_v6	3.773E-01	3.493E-01	5.775E-01	0.164	37
afdb_P61076_v6	afdb_P22637_v6	3.457E-01	3.800E-01	4.665E-01	0.126	34
afdb_P61076_v6	afdb_P16099_v6	3.796E-01	3.272E-01	5.059E-01	0.164	37
afdb_P61076_v6	afdb_Q945K2_v6	3.333E-01	3.596E-01	4.337E-01	0.116	33
afdb_P61076_v6	afdb_P40859_v6	2.789E-01	4.049E-01	4.366E-01	0.069	27
afdb_P61076_v6	afdb_Q28943_v6	4.154E-01	2.620E-01	5.023E-01	0.233	41
afdb_P61076_v6	afdb_P10902_v6	3.177E-01	3.563E-01	5.119E-01	0.098	31
afdb_P61076_v6	afdb_P0A1E3_v6	2.350E-01	3.963E-01	3.973E-01	0.045	23
afdb_P61076_v6	afdb_P80324_v6	2.512E-01	3.789E-01	3.980E-01	0.057	25
afdb_P61076_v6	afdb_Q9AGP8_v6	3.493E-01	2.762E-01	3.930E-01	0.126	34
afdb_P61076_v6	afdb_Q6LZM9_v6	2.656E-01	3.428E-01	3.482E-01	0.063	26
afdb_P61076_v6	afdb_O59791_v6	2.217E-01	3.776E-01	3.796E-01	0.040	22
afdb_P61076_v6	afdb_Q02899_v6	2.484E-01	3.470E-01	3.593E-01	0.051	24
afdb_P61076_v6	afdb_Q9FEW9_v6	2.459E-01	3.471E-01	3.596E-01	0.051	24
afdb_P61076_v6	afdb_P15289_v6	2.757E-01	3.180E-01	3.376E-01	0.069	27
afdb_P61076_v6	afdb_P28796_v6	2.629E-01	3.245E-01	3.297E-01	0.063	26
afdb_P61076_v6	afdb_P43099_v6	3.009E-01	2.656E-01	3.248E-01	0.090	30
afdb_P61076_v6	afdb_Q6YBS3_v6	2.784E-01	2.722E-01	3.228E-01	0.069	27
afdb_P61076_v6	afdb_P22266_v6	2.138E-01	3.324E-01	3.930E-01	0.034	21
afdb_P61076_v6	afdb_P27170_v6	2.175E-01	3.273E-01	3.591E-01	0.034	21
afdb_P61076_v6	afdb_P96965_v6	1.921E-01	3.526E-01	3.761E-01	0.024	19
afdb_P61076_v6	afdb_P0AB77_v6	2.302E-01	3.137E-01	3.279E-01	0.040	22
afdb_P61076_v6	afdb_P06721_v6	2.288E-01	3.156E-01	3.183E-01	0.040	22
afdb_P61076_v6	afdb_P09184_v6	1.395E-01	4.010E-01	4.474E-01	0.009	13
afdb_P61076_v6	afdb_Q9L9D7_v6	2.615E-01	2.761E-01	3.056E-01	0.063	26
afdb_P61076_v6	afdb_P25910_v6	1.810E-01	3.562E-01	3.722E-01	0.020	18
afdb_P61076_v6	afdb_Q58989_v6	1.642E-01	3.721E-01	3.805E-01	0.014	16
afdb_P61076_v6	afdb_P77444_v6	2.287E-01	3.073E-01	3.078E-01	0.040	22
afdb_P61076_v6	afdb_Q3HWU8_v6	1.881E-01	3.475E-01	3.685E-01	0.020	18
afdb_P61076_v6	afdb_P22394_v6	2.572E-01	2.741E-01	3.014E-01	0.057	25
afdb_P61076_v6	afdb_P08819_v6	2.326E-01	2.963E-01	3.036E-01	0.045	23
afdb_P61076_v6	afdb_P00935_v6	2.191E-01	3.084E-01	3.116E-01	0.034	21
afdb_P61076_v6	afdb_P71119_v6	1.655E-01	3.585E-01	4.009E-01	0.014	16
afdb_P61076_v6	afdb_Q01693_v6	2.409E-01	2.790E-01	2.797E-01	0.051	24
afdb_P61076_v6	afdb_P21836_v6	2.590E-01	2.600E-01	2.738E-01	0.057	25
afdb_P61076_v6	afdb_Q75WN8_v6	1.861E-01	3.288E-01	3.296E-01	0.020	18
afdb_P61076_v6	afdb_P83772_v6	1.750E-01	3.371E-01	3.389E-01	0.016	17
afdb_P61076_v6	afdb_P00914_v6	2.297E-01	2.797E-01	2.835E-01	0.040	22
afdb_P61076_v6	afdb_P0CE47_v6	2.125E-01	2.960E-01	2.974E-01	0.034	21
afdb_P61076_v6	afdb_P08473_v6	2.718E-01	2.354E-01	2.849E-01	0.069	27
afdb_P61076_v6	afdb_P08148_v6	2.494E-01	2.540E-01	3.197E-01	0.051	24
afdb_P61076_v6	afdb_P05521_v6	1.851E-01	3.160E-01	3.409E-01	0.020	18
afdb_P61076_v6	afdb_P83686_v6	1.707E-01	3.289E-01	3.518E-01	0.016	17
afdb_P61076_v6	afdb_P04042_v6	1.959E-01	2.987E-01	3.013E-01	0.024	19
afdb_P61076_v6	afdb_Q12178_v6	1.290E-01	3.648E-01	3.927E-01	0.008	12
afdb_P61076_v6	afdb_P15917_v6	2.711E-01	2.219E-01	2.759E-01	0.069	27
afdb_P61076_v6	afdb_P30850_v6	2.495E-01	2.421E-01	2.898E-01	0.051	24
afdb_P61076_v6	afdb_P00800_v6	2.351E-01	2.558E-01	2.886E-01	0.045	23
afdb_P61076_v6	afdb_Q8RB32_v6	1.634E-01	3.252E-01	3.363E-01	0.014	16
afdb_P61076_v6	afdb_P00175_v6	2.402E-01	2.479E-01	2.759E-01	0.051	24
afdb_P61076_v6	afdb_P00388_v6	2.523E-01	2.358E-01	2.632E-01	0.057	25
afdb_P61076_v6	afdb_P21327_v6	2.046E-01	2.813E-01	2.961E-01	0.029	20
afdb_P61076_v6	afdb_P09883_v6	2.367E-01	2.462E-01	2.573E-01	0.045	23
afdb_P61076_v6	afdb_P23295_v6	2.025E-01	2.798E-01	3.228E-01	0.029	20
afdb_P61076_v6	afdb_Q9UMR5_v6	1.774E-01	3.012E-01	3.188E-01	0.016	17
afdb_P61076_v6	afdb_P21179_v6	2.554E-01	2.218E-01	2.696E-01	0.057	25
afdb_P61076_v6	afdb_P37957_v6	1.453E-01	3.272E-01	3.712E-01	0.010	14
afdb_P61076_v6	afdb_P06621_v6	2.037E-01	2.669E-01	2.887E-01	0.029	20
afdb_P61076_v6	afdb_P45478_v6	1.754E-01	2.930E-01	3.075E-01	0.016	17
afdb_P61076_v6	afdb_P05414_v6	1.910E-01	2.775E-01	2.845E-01	0.024	19
afdb_P61076_v6	afdb_P24474_v6	2.250E-01	2.391E-01	2.747E-01	0.040	22
afdb_P61076_v6	afdb_O16025_v6	2.796E-01	1.849E-01	2.995E-01	0.069	27
afdb_P61076_v6	afdb_Q9NPB1_v6	1.500E-01	3.133E-01	3.431E-01	0.010	14
afdb_P61076_v6	afdb_P18314_v6	2.238E-01	2.379E-01	2.848E-01	0.040	22
afdb_P61076_v6	afdb_P28305_v6	1.619E-01	2.964E-01	3.356E-01	0.014	16
afdb_P61076_v6	afdb_P08373_v6	1.784E-01	2.796E-01	3.044E-01	0.016	17
afdb_P61076_v6	afdb_Q00017_v6	1.465E-01	3.113E-01	3.513E-01	0.010	14
afdb_P61076_v6	afdb_P05725_v6	1.287E-01	3.285E-01	3.432E-01	0.008	12
afdb_P61076_v6	afdb_P19938_v6	1.644E-01	2.915E-01	2.928E-01	0.014	16
afdb_P61076_v6	afdb_Q00441_v6	1.932E-01	2.619E-01	2.860E-01	0.024	19
afdb_P61076_v6	afdb_O33199_v6	1.379E-01	3.169E-01	3.233E-01	0.009	13
afdb_P61076_v6	afdb_P03958_v6	1.809E-01	2.740E-01	2.985E-01	0.020	18
afdb_P61076_v6	afdb_P13717_v6	1.572E-01	2.951E-01	3.315E-01	0.011	15
afdb_P61076_v6	afdb_P0A6T5_v6	1.419E-01	3.098E-01	3.202E-01	0.010	14
afdb_P61076_v6	afdb_P0A6C1_v6	1.617E-01	2.875E-01	2.977E-01	0.014	16
afdb_P61076_v6	afdb_P39377_v6	1.879E-01	2.612E-01	2.802E-01	0.020	18
afdb_P61076_v6	afdb_P55038_v6	3.011E-01	1.479E-01	3.053E-01	0.090	30
afdb_P61076_v6	afdb_P0A6K3_v6	1.269E-01	3.206E-01	3.272E-01	0.008	12
afdb_P61076_v6	afdb_P00592_v6	1.087E-01	3.329E-01	3.360E-01	0.000	10
afdb_P61076_v6	afdb_Q06241_v6	1.352E-01	3.058E-01	3.099E-01	0.009	13
afdb_P61076_v6	afdb_P09598_v6	1.602E-01	2.784E-01	3.015E-01	0.011	15
afdb_P61076_v6	afdb_Q6UV28_v6	1.115E-01	3.249E-01	3.599E-01	0.007	11
afdb_P61076_v6	afdb_P81054_v6	1.747E-01	2.614E-01	2.664E-01	0.016	17
afdb_P61076_v6	afdb_Q9XBQ8_v6	1.860E-01	2.466E-01	2.811E-01	0.020	18
afdb_P61076_v6	afdb_Q05755_v6	2.863E-01	1.430E-01	3.133E-01	0.076	28
afdb_P61076_v6	afdb_P14779_v6	2.531E-01	1.686E-01	2.693E-01	0.057	25
afdb_P61076_v6	afdb_O13297_v6	1.859E-01	2.029E-01	2.068E-01	0.020	18
afdb_P61076_v6	afdb_P12821_v6	2.270E-01	1.297E-01	2.513E-01	0.040	22
afdb_P82600_v6	afdb_Q05769_v6	5.273E-01	6.783E-01	7.213E-01	0.537	52
afdb_P82600_v6	afdb_P48534_v6	1.868E-01	4.835E-01	5.280E-01	0.020	18
afdb_P82600_v6	afdb_P09184_v6	1.225E-01	4.687E-01	5.194E-01	0.008	12
afdb_P82600_v6	afdb_P08473_v6	2.832E-01	2.944E-01	3.307E-01	0.076	28
afdb_P82600_v6	afdb_P30122_v6	2.550E-01	3.121E-01	3.260E-01	0.057	25
afdb_P82600_v6	afdb_P37967_v6	2.253E-01	3.226E-01	3.260E-01	0.040	22
afdb_P82600_v6	afdb_P21836_v6	2.466E-01	2.962E-01	3.177E-01	0.051	24
afdb_P82600_v6	afdb_A0A0C6DRW4_v6	2.038E-01	3.282E-01	3.417E-01	0.029	20
afdb_P82600_v6	afdb_P22394_v6	2.321E-01	2.973E-01	3.038E-01	0.045	23
afdb_P82600_v6	afdb_P08373_v6	1.820E-01	3.415E-01	3.599E-01	0.020	18
afdb_P82600_v6	afdb_Q9UMR5_v6	1.667E-01	3.548E-01	3.997E-01	0.014	16
afdb_P82600_v6	afdb_Q945K2_v6	2.290E-01	2.930E-01	3.091E-01	0.040	22
afdb_P82600_v6	afdb_P00489_v6	2.666E-01	2.540E-01	2.823E-01	0.063	26
afdb_P82600_v6	afdb_P30850_v6	2.396E-01	2.794E-01	2.913E-01	0.045	23
afdb_P82600_v6	afdb_Q6YBS3_v6	2.382E-01	2.788E-01	3.119E-01	0.045	23
afdb_P82600_v6	afdb_P10902_v6	2.210E-01	2.927E-01	3.220E-01	0.040	22
afdb_P82600_v6	afdb_Q58989_v6	1.343E-01	3.721E-01	3.899E-01	0.009	13
afdb_P82600_v6	afdb_P24474_v6	2.241E-01	2.827E-01	2.900E-01	0.040	22
afdb_P82600_v6	afdb_Q50925_v6	2.243E-01	2.822E-01	3.138E-01	0.040	22
afdb_P82600_v6	afdb_P00392_v6	2.207E-01	2.837E-01	2.938E-01	0.040	22
afdb_P82600_v6	afdb_Q6UV28_v6	1.081E-01	3.943E-01	4.334E-01	0.000	10
afdb_P82600_v6	afdb_P09598_v6	1.566E-01	3.443E-01	3.710E-01	0.011	15
afdb_P82600_v6	afdb_Q6LZM9_v6	1.955E-01	3.045E-01	3.050E-01	0.024	19
afdb_P82600_v6	afdb_P05521_v6	1.665E-01	3.315E-01	3.434E-01	0.014	16
afdb_P82600_v6	afdb_P77444_v6	1.881E-01	3.096E-01	3.599E-01	0.020	18
afdb_P82600_v6	afdb_P83788_v6	1.933E-01	3.053E-01	3.601E-01	0.024	19
afdb_P82600_v6	afdb_P40859_v6	1.845E-01	3.112E-01	3.131E-01	0.020	18
afdb_P82600_v6	afdb_P43099_v6	2.412E-01	2.548E-01	2.671E-01	0.051	24
afdb_P82600_v6	afdb_P21327_v6	1.846E-01	3.074E-01	3.213E-01	0.020	18
afdb_P82600_v6	afdb_P00175_v6	2.186E-01	2.727E-01	3.062E-01	0.034	21
afdb_P82600_v6	afdb_Q01693_v6	2.056E-01	2.837E-01	2.853E-01	0.029	20
afdb_P82600_v6	afdb_P00935_v6	1.807E-01	3.071E-01	3.244E-01	0.020	18
afdb_P82600_v6	afdb_P83686_v6	1.535E-01	3.346E-01	3.488E-01	0.011	15
afdb_P82600_v6	afdb_P00388_v6	2.313E-01	2.573E-01	2.838E-01	0.040	22
afdb_P82600_v6	afdb_P14779_v6	2.701E-01	2.175E-01	2.849E-01	0.069	27
afdb_P82600_v6	afdb_P15917_v6	2.454E-01	2.417E-01	2.990E-01	0.051	24
afdb_P82600_v6	afdb_Q00017_v6	1.398E-01	3.430E-01	3.731E-01	0.009	13
afdb_P82600_v6	afdb_P25910_v6	1.474E-01	3.347E-01	3.398E-01	0.010	14
afdb_P82600_v6	afdb_P55038_v6	3.014E-01	1.766E-01	3.165E-01	0.090	30
afdb_P82600_v6	afdb_P00396_v6	2.020E-01	2.752E-01	2.915E-01	0.029	20
afdb_P82600_v6	afdb_Q7ZAG8_v6	1.847E-01	2.925E-01	3.150E-01	0.020	18
afdb_P82600_v6	afdb_P29183_v6	1.908E-01	2.841E-01	3.434E-01	0.024	19
afdb_P82600_v6	afdb_F8W4B7_v6	2.648E-01	2.116E-01	2.746E-01	0.063	26
afdb_P82600_v6	afdb_Q05755_v6	2.958E-01	1.778E-01	3.016E-01	0.082	29
afdb_P82600_v6	afdb_O16025_v6	2.613E-01	2.094E-01	2.790E-01	0.063	26
afdb_P82600_v6	afdb_P08165_v6	1.945E-01	2.755E-01	3.161E-01	0.024	19
afdb_P82600_v6	afdb_Q00441_v6	1.786E-01	2.902E-01	3.088E-01	0.016	17
afdb_P82600_v6	afdb_P81054_v6	1.660E-01	2.969E-01	3.050E-01	0.014	16
afdb_P82600_v6	afdb_P35049_v6	1.360E-01	3.271E-01	3.337E-01	0.009	13
afdb_P82600_v6	afdb_P00860_v6	1.810E-01	2.688E-01	2.939E-01	0.020	18
afdb_P82600_v6	afdb_P45478_v6	1.514E-01	2.982E-01	3.157E-01	0.010	14
afdb_P82600_v6	afdb_P0A6K3_v6	1.073E-01	3.408E-01	3.433E-01	0.000	10
afdb_P82600_v6	afdb_P00777_v6	1.469E-01	2.980E-01	3.290E-01	0.010	14
afdb_P82600_v6	afdb_P04190_v6	1.363E-01	3.025E-01	3.190E-01	0.009	13
afdb_P82600_v6	afdb_P0A6G7_v6	1.127E-01	3.248E-01	3.568E-01	0.007	11
afdb_P82600_v6	afdb_P22266_v6	1.512E-01	2.810E-01	3.095E-01	0.011	15
afdb_P82600_v6	afdb_P12821_v6	2.559E-01	1.742E-01	3.079E-01	0.057	25
afdb_P82600_v6	afdb_P00766_v6	1.273E-01	3.021E-01	3.124E-01	0.008	12
afdb_P82600_v6	afdb_P46076_v6	1.525E-01	2.768E-01	2.925E-01	0.011	15
afdb_P82600_v6	afdb_P27487_v6	2.107E-01	2.152E-01	2.491E-01	0.034	21
afdb_P82600_v6	afdb_O13297_v6	1.632E-01	2.138E-01	2.580E-01	0.014	16
afdb_P9WHH3_v6	afdb_P00392_v6	9.144E-01	7.538E-01	9.280E-01	0.997	91
afdb_P9WHH3_v6	afdb_P37062_v6	7.873E-01	8.066E-01	8.149E-01	0.978	78
afdb_P9WHH3_v6	afdb_Q56839_v6	8.413E-01	7.468E-01	8.446E-01	0.991	84
afdb_P9WHH3_v6	afdb_P0A9P4_v6	5.421E-01	7.508E-01	7.703E-01	0.601	54
afdb_P9WHH3_v6	afdb_Q7ZAG8_v6	5.977E-01	6.616E-01	6.991E-01	0.747	59
afdb_P9WHH3_v6	afdb_P08165_v6	4.755E-01	4.482E-01	6.241E-01	0.382	47
afdb_P9WHH3_v6	afdb_P22637_v6	4.232E-01	3.624E-01	5.454E-01	0.254	42
afdb_P9WHH3_v6	afdb_P10902_v6	4.083E-01	3.564E-01	4.880E-01	0.214	40
afdb_P9WHH3_v6	afdb_P42593_v6	4.421E-01	3.152E-01	6.404E-01	0.301	44
afdb_P9WHH3_v6	afdb_P40859_v6	3.536E-01	4.016E-01	4.411E-01	0.138	35
afdb_P9WHH3_v6	afdb_Q28943_v6	5.065E-01	2.478E-01	5.212E-01	0.473	50
afdb_P9WHH3_v6	afdb_P16099_v6	4.494E-01	2.997E-01	5.954E-01	0.301	44
afdb_P9WHH3_v6	afdb_Q945K2_v6	4.009E-01	3.382E-01	5.141E-01	0.214	40
afdb_P9WHH3_v6	afdb_Q9AGP8_v6	4.405E-01	2.754E-01	4.470E-01	0.301	44
afdb_P9WHH3_v6	afdb_P80324_v6	3.145E-01	3.722E-01	4.012E-01	0.098	31
afdb_P9WHH3_v6	afdb_O59791_v6	2.773E-01	3.619E-01	3.627E-01	0.069	27
afdb_P9WHH3_v6	afdb_P0A1E3_v6	2.715E-01	3.513E-01	3.611E-01	0.069	27
afdb_P9WHH3_v6	afdb_Q6LZM9_v6	3.024E-01	3.136E-01	3.278E-01	0.090	30
afdb_P9WHH3_v6	afdb_P15289_v6	3.148E-01	2.935E-01	3.281E-01	0.098	31
afdb_P9WHH3_v6	afdb_P06721_v6	2.870E-01	3.194E-01	3.273E-01	0.076	28
afdb_P9WHH3_v6	afdb_P0AB77_v6	2.849E-01	3.150E-01	3.460E-01	0.076	28
afdb_P9WHH3_v6	afdb_P00935_v6	2.807E-01	3.189E-01	3.207E-01	0.076	28
afdb_P9WHH3_v6	afdb_P12995_v6	2.915E-01	3.061E-01	3.195E-01	0.082	29
afdb_P9WHH3_v6	afdb_P00914_v6	3.016E-01	2.960E-01	3.021E-01	0.090	30
afdb_P9WHH3_v6	afdb_Q6YBS3_v6	3.316E-01	2.609E-01	3.407E-01	0.116	33
afdb_P9WHH3_v6	afdb_Q9L9D7_v6	3.192E-01	2.712E-01	3.465E-01	0.098	31
afdb_P9WHH3_v6	afdb_P77444_v6	2.826E-01	3.066E-01	3.248E-01	0.076	28
afdb_P9WHH3_v6	afdb_P04042_v6	2.641E-01	3.232E-01	3.820E-01	0.063	26
afdb_P9WHH3_v6	afdb_Q58989_v6	2.038E-01	3.747E-01	3.800E-01	0.029	20
afdb_P9WHH3_v6	afdb_P28796_v6	2.886E-01	2.857E-01	3.176E-01	0.076	28
afdb_P9WHH3_v6	afdb_O58727_v6	1.834E-01	3.883E-01	3.899E-01	0.020	18
afdb_P9WHH3_v6	afdb_Q02899_v6	2.695E-01	2.985E-01	3.186E-01	0.063	26
afdb_P9WHH3_v6	afdb_P25910_v6	2.224E-01	3.443E-01	3.574E-01	0.040	22
afdb_P9WHH3_v6	afdb_P16932_v6	2.777E-01	2.884E-01	3.009E-01	0.069	27
afdb_P9WHH3_v6	afdb_P83686_v6	2.272E-01	3.298E-01	3.373E-01	0.040	22
afdb_P9WHH3_v6	afdb_Q8RB32_v6	2.120E-01	3.425E-01	3.435E-01	0.034	21
afdb_P9WHH3_v6	afdb_P08819_v6	2.736E-01	2.805E-01	2.930E-01	0.069	27
afdb_P9WHH3_v6	afdb_P96965_v6	2.292E-01	3.250E-01	3.442E-01	0.040	22
afdb_P9WHH3_v6	afdb_P0CE47_v6	2.612E-01	2.918E-01	2.964E-01	0.063	26
afdb_P9WHH3_v6	afdb_P52700_v6	2.313E-01	3.217E-01	3.674E-01	0.040	22
afdb_P9WHH3_v6	afdb_P83788_v6	2.658E-01	2.847E-01	3.062E-01	0.063	26
afdb_P9WHH3_v6	afdb_Q75WN8_v6	2.257E-01	3.230E-01	3.400E-01	0.040	22
afdb_P9WHH3_v6	afdb_P83772_v6	2.182E-01	3.291E-01	3.336E-01	0.034	21
afdb_P9WHH3_v6	afdb_P08373_v6	2.436E-01	3.006E-01	3.162E-01	0.051	24
afdb_P9WHH3_v6	afdb_P0A6C1_v6	2.185E-01	3.141E-01	3.231E-01	0.034	21
afdb_P9WHH3_v6	afdb_P53608_v6	2.225E-01	3.108E-01	3.375E-01	0.040	22
afdb_P9WHH3_v6	afdb_P00777_v6	2.249E-01	3.073E-01	3.536E-01	0.040	22
afdb_P9WHH3_v6	afdb_P05521_v6	2.300E-01	3.019E-01	3.450E-01	0.040	22
afdb_P9WHH3_v6	afdb_P00388_v6	3.024E-01	2.274E-01	3.202E-01	0.090	30
afdb_P9WHH3_v6	afdb_P30122_v6	2.876E-01	2.372E-01	3.115E-01	0.076	28
afdb_P9WHH3_v6	afdb_P22266_v6	2.346E-01	2.885E-01	3.367E-01	0.045	23
afdb_P9WHH3_v6	afdb_Q9UMR5_v6	2.187E-01	3.030E-01	3.495E-01	0.034	21
afdb_P9WHH3_v6	afdb_P37957_v6	1.861E-01	3.310E-01	3.766E-01	0.020	18
afdb_P9WHH3_v6	afdb_Q9NPB1_v6	1.888E-01	3.263E-01	3.718E-01	0.020	18
afdb_P9WHH3_v6	afdb_Q00441_v6	2.458E-01	2.692E-01	3.006E-01	0.051	24
afdb_P9WHH3_v6	afdb_Q05755_v6	3.612E-01	1.433E-01	3.617E-01	0.150	36
afdb_P9WHH3_v6	afdb_Q01693_v6	2.600E-01	2.438E-01	2.615E-01	0.057	25
afdb_P9WHH3_v6	afdb_P21327_v6	2.392E-01	2.624E-01	2.709E-01	0.045	23
afdb_P9WHH3_v6	afdb_P06621_v6	2.411E-01	2.596E-01	3.184E-01	0.051	24
afdb_P9WHH3_v6	afdb_P28305_v6	2.029E-01	2.973E-01	3.297E-01	0.029	20
afdb_P9WHH3_v6	afdb_P05414_v6	2.310E-01	2.692E-01	3.199E-01	0.045	23
afdb_P9WHH3_v6	afdb_P04190_v6	1.961E-01	3.034E-01	3.933E-01	0.024	19
afdb_P9WHH3_v6	afdb_P00800_v6	2.643E-01	2.341E-01	2.727E-01	0.063	26
afdb_P9WHH3_v6	afdb_P21836_v6	2.740E-01	2.210E-01	3.007E-01	0.069	27
afdb_P9WHH3_v6	afdb_P55038_v6	3.559E-01	1.392E-01	3.596E-01	0.138	35
afdb_P9WHH3_v6	afdb_P0A6K3_v6	1.587E-01	3.288E-01	3.383E-01	0.011	15
afdb_P9WHH3_v6	afdb_P24474_v6	2.603E-01	2.240E-01	2.733E-01	0.063	26
afdb_P9WHH3_v6	afdb_P56216_v6	2.560E-01	2.228E-01	2.647E-01	0.057	25
afdb_P9WHH3_v6	afdb_A0A0C6DRW4_v6	2.291E-01	2.460E-01	2.634E-01	0.040	22
afdb_P9WHH3_v6	afdb_P00860_v6	2.377E-01	2.371E-01	2.638E-01	0.045	23
afdb_P9WHH3_v6	afdb_P27170_v6	2.159E-01	2.582E-01	3.100E-01	0.034	21
afdb_P9WHH3_v6	afdb_P00455_v6	2.199E-01	2.538E-01	2.944E-01	0.034	21
afdb_P9WHH3_v6	afdb_P39377_v6	2.215E-01	2.501E-01	2.786E-01	0.040	22
afdb_P9WHH3_v6	afdb_P18314_v6	2.522E-01	2.157E-01	2.767E-01	0.057	25
afdb_P9WHH3_v6	afdb_P81054_v6	2.106E-01	2.569E-01	2.715E-01	0.034	21
afdb_P9WHH3_v6	afdb_Q7SID9_v6	2.504E-01	2.176E-01	2.686E-01	0.057	25
afdb_P9WHH3_v6	afdb_P35049_v6	1.849E-01	2.821E-01	3.019E-01	0.020	18
afdb_P9WHH3_v6	afdb_P00644_v6	1.806E-01	2.828E-01	3.034E-01	0.016	17
afdb_P9WHH3_v6	afdb_Q12178_v6	1.434E-01	3.178E-01	3.522E-01	0.010	14
afdb_P9WHH3_v6	afdb_Q9XBQ8_v6	2.226E-01	2.380E-01	2.857E-01	0.040	22
afdb_P9WHH3_v6	afdb_P19938_v6	1.919E-01	2.683E-01	3.066E-01	0.024	19
afdb_P9WHH3_v6	afdb_P21179_v6	2.713E-01	1.867E-01	2.979E-01	0.069	27
afdb_P9WHH3_v6	afdb_P00766_v6	1.784E-01	2.779E-01	3.216E-01	0.016	17
afdb_P9WHH3_v6	afdb_P30850_v6	2.556E-01	2.008E-01	2.626E-01	0.057	25
afdb_P9WHH3_v6	afdb_P05725_v6	1.439E-01	3.120E-01	3.277E-01	0.010	14
afdb_P9WHH3_v6	afdb_P13717_v6	1.824E-01	2.723E-01	3.173E-01	0.020	18
afdb_P9WHH3_v6	afdb_Q6UV28_v6	1.372E-01	3.156E-01	3.601E-01	0.009	13
afdb_P9WHH3_v6	afdb_P0A6T5_v6	1.675E-01	2.779E-01	2.822E-01	0.014	16
afdb_P9WHH3_v6	afdb_Q06241_v6	1.592E-01	2.820E-01	3.022E-01	0.011	15
afdb_P9WHH3_v6	afdb_F8W4B7_v6	2.895E-01	1.507E-01	3.039E-01	0.076	28
afdb_P9WHH3_v6	afdb_P14779_v6	2.832E-01	1.539E-01	3.086E-01	0.076	28
afdb_P9WHH3_v6	afdb_O33199_v6	1.529E-01	2.765E-01	2.953E-01	0.011	15
afdb_P9WHH3_v6	afdb_P00918_v6	1.471E-01	2.240E-01	2.360E-01	0.010	14
afdb_P9WHH3_v6	afdb_O13297_v6	1.958E-01	1.709E-01	2.520E-01	0.024	19
afdb_Q00141_v6	afdb_P00388_v6	8.467E-01	8.661E-01	9.398E-01	0.991	84
afdb_Q00141_v6	afdb_P00455_v6	3.885E-01	7.101E-01	8.766E-01	0.179	38
afdb_Q00141_v6	afdb_P83686_v6	3.221E-01	7.563E-01	7.687E-01	0.106	32
afdb_Q00141_v6	afdb_P14779_v6	6.243E-01	4.241E-01	7.386E-01	0.817	62
afdb_Q00141_v6	afdb_P0A1E3_v6	2.422E-01	4.299E-01	4.367E-01	0.051	24
afdb_Q00141_v6	afdb_Q29460_v6	1.955E-01	4.762E-01	5.550E-01	0.024	19
afdb_Q00141_v6	afdb_O59791_v6	2.270E-01	3.971E-01	4.104E-01	0.040	22
afdb_Q00141_v6	afdb_O58727_v6	1.496E-01	4.692E-01	5.290E-01	0.010	14
afdb_Q00141_v6	afdb_P05521_v6	2.101E-01	4.084E-01	4.230E-01	0.034	21
afdb_Q00141_v6	afdb_P27487_v6	3.182E-01	2.970E-01	3.292E-01	0.098	31
afdb_Q00141_v6	afdb_Q00017_v6	1.859E-01	4.240E-01	4.495E-01	0.020	18
afdb_Q00141_v6	afdb_P04042_v6	2.152E-01	3.763E-01	3.899E-01	0.034	21
afdb_Q00141_v6	afdb_P37957_v6	1.609E-01	4.275E-01	5.194E-01	0.014	16
afdb_Q00141_v6	afdb_P00914_v6	2.502E-01	3.379E-01	3.548E-01	0.057	25
afdb_Q00141_v6	afdb_P42593_v6	2.907E-01	2.973E-01	3.108E-01	0.082	29
afdb_Q00141_v6	afdb_P52700_v6	1.962E-01	3.778E-01	3.924E-01	0.024	19
afdb_Q00141_v6	afdb_Q05755_v6	3.699E-01	2.021E-01	3.852E-01	0.150	36
afdb_Q00141_v6	afdb_P43099_v6	2.911E-01	2.803E-01	3.298E-01	0.082	29
afdb_Q00141_v6	afdb_P96965_v6	1.831E-01	3.833E-01	5.319E-01	0.020	18
afdb_Q00141_v6	afdb_P00489_v6	3.033E-01	2.623E-01	3.072E-01	0.090	30
afdb_Q00141_v6	afdb_P45478_v6	1.977E-01	3.660E-01	3.732E-01	0.024	19
afdb_Q00141_v6	afdb_P04190_v6	1.817E-01	3.802E-01	4.116E-01	0.020	18
afdb_Q00141_v6	afdb_Q9L9D7_v6	2.582E-01	2.969E-01	3.021E-01	0.057	25
afdb_Q00141_v6	afdb_P25910_v6	1.676E-01	3.748E-01	4.035E-01	0.014	16
afdb_Q00141_v6	afdb_P37062_v6	2.279E-01	3.135E-01	3.247E-01	0.040	22
afdb_Q00141_v6	afdb_P00639_v6	1.821E-01	3.586E-01	3.666E-01	0.020	18
afdb_Q00141_v6	afdb_P30122_v6	2.555E-01	2.848E-01	2.876E-01	0.057	25
afdb_Q00141_v6	afdb_P53608_v6	1.823E-01	3.554E-01	3.736E-01	0.020	18
afdb_Q00141_v6	afdb_P10902_v6	2.421E-01	2.921E-01	3.036E-01	0.051	24
afdb_Q00141_v6	afdb_Q9UMR5_v6	1.852E-01	3.489E-01	3.662E-01	0.020	18
afdb_Q00141_v6	afdb_Q3HWU8_v6	1.739E-01	3.591E-01	4.030E-01	0.016	17
afdb_Q00141_v6	afdb_P24474_v6	2.465E-01	2.833E-01	2.958E-01	0.051	24
afdb_Q00141_v6	afdb_P09184_v6	1.185E-01	4.084E-01	4.747E-01	0.007	11
afdb_Q00141_v6	afdb_Q58989_v6	1.414E-01	3.854E-01	4.862E-01	0.010	14
afdb_Q00141_v6	afdb_Q8RB32_v6	1.677E-01	3.590E-01	3.690E-01	0.014	16
afdb_Q00141_v6	afdb_Q56839_v6	2.378E-01	2.895E-01	2.954E-01	0.045	23
afdb_Q00141_v6	afdb_Q6LZM9_v6	2.171E-01	3.095E-01	3.839E-01	0.034	21
afdb_Q00141_v6	afdb_P0A9P4_v6	1.831E-01	3.433E-01	4.149E-01	0.020	18
afdb_Q00141_v6	afdb_P46076_v6	1.994E-01	3.269E-01	3.396E-01	0.024	19
afdb_Q00141_v6	afdb_P03958_v6	1.971E-01	3.264E-01	3.407E-01	0.024	19
afdb_Q00141_v6	afdb_Q01693_v6	2.312E-01	2.914E-01	3.007E-01	0.045	23
afdb_Q00141_v6	afdb_P77444_v6	2.050E-01	3.167E-01	4.053E-01	0.029	20
afdb_Q00141_v6	afdb_P00175_v6	2.457E-01	2.764E-01	3.184E-01	0.051	24
afdb_Q00141_v6	afdb_P55038_v6	3.402E-01	1.803E-01	3.511E-01	0.126	34
afdb_Q00141_v6	afdb_P08148_v6	2.467E-01	2.736E-01	2.865E-01	0.051	24
afdb_Q00141_v6	afdb_Q6YBS3_v6	2.507E-01	2.667E-01	2.830E-01	0.051	24
afdb_Q00141_v6	afdb_P24630_v6	2.149E-01	3.023E-01	3.152E-01	0.034	21
afdb_Q00141_v6	afdb_Q7ZAG8_v6	2.073E-01	3.077E-01	3.421E-01	0.029	20
afdb_Q00141_v6	afdb_P0AB77_v6	2.054E-01	3.085E-01	3.153E-01	0.029	20
afdb_Q00141_v6	afdb_P37967_v6	2.238E-01	2.878E-01	3.088E-01	0.040	22
afdb_Q00141_v6	afdb_P83772_v6	1.610E-01	3.496E-01	3.737E-01	0.014	16
afdb_Q00141_v6	afdb_P19938_v6	1.705E-01	3.386E-01	3.590E-01	0.016	17
afdb_Q00141_v6	afdb_P08819_v6	2.134E-01	2.950E-01	2.955E-01	0.034	21
afdb_Q00141_v6	afdb_P00392_v6	2.317E-01	2.736E-01	3.319E-01	0.045	23
afdb_Q00141_v6	afdb_Q12178_v6	1.191E-01	3.850E-01	4.220E-01	0.007	11
afdb_Q00141_v6	afdb_P0CE47_v6	2.003E-01	3.023E-01	3.218E-01	0.029	20
afdb_Q00141_v6	afdb_P21179_v6	2.580E-01	2.438E-01	2.706E-01	0.057	25
afdb_Q00141_v6	afdb_P0A6G7_v6	1.376E-01	3.629E-01	3.642E-01	0.009	13
afdb_Q00141_v6	afdb_Q75WN8_v6	1.726E-01	3.262E-01	3.308E-01	0.016	17
afdb_Q00141_v6	afdb_P12995_v6	2.065E-01	2.914E-01	2.990E-01	0.029	20
afdb_Q00141_v6	afdb_P16099_v6	2.524E-01	2.436E-01	2.639E-01	0.057	25
afdb_Q00141_v6	afdb_Q945K2_v6	2.283E-01	2.671E-01	2.893E-01	0.040	22
afdb_Q00141_v6	afdb_P56218_v6	1.699E-01	3.248E-01	3.499E-01	0.014	16
afdb_Q00141_v6	afdb_P15917_v6	2.607E-01	2.334E-01	2.714E-01	0.063	26
afdb_Q00141_v6	afdb_P40859_v6	1.964E-01	2.965E-01	3.058E-01	0.024	19
afdb_Q00141_v6	afdb_P0A6C1_v6	1.666E-01	3.237E-01	3.525E-01	0.014	16
afdb_Q00141_v6	afdb_Q7SID9_v6	2.257E-01	2.619E-01	2.986E-01	0.040	22
afdb_Q00141_v6	afdb_P16444_v6	1.963E-01	2.899E-01	3.079E-01	0.024	19
afdb_Q00141_v6	afdb_P08165_v6	2.110E-01	2.733E-01	3.138E-01	0.034	21
afdb_Q00141_v6	afdb_P28305_v6	1.560E-01	3.249E-01	3.257E-01	0.011	15
afdb_Q00141_v6	afdb_P28796_v6	2.056E-01	2.753E-01	2.757E-01	0.029	20
afdb_Q00141_v6	afdb_Q9FEW9_v6	1.876E-01	2.919E-01	3.999E-01	0.020	18
afdb_Q00141_v6	afdb_P83788_v6	1.954E-01	2.807E-01	2.815E-01	0.024	19
afdb_Q00141_v6	afdb_P81054_v6	1.769E-01	2.986E-01	3.067E-01	0.016	17
afdb_Q00141_v6	afdb_P00935_v6	1.859E-01	2.880E-01	3.170E-01	0.020	18
afdb_Q00141_v6	afdb_P22637_v6	2.165E-01	2.549E-01	2.725E-01	0.034	21
afdb_Q00141_v6	afdb_P21327_v6	1.879E-01	2.812E-01	2.870E-01	0.020	18
afdb_Q00141_v6	afdb_O33199_v6	1.267E-01	3.393E-01	3.551E-01	0.008	12
afdb_Q00141_v6	afdb_Q16775_v6	1.658E-01	2.991E-01	3.168E-01	0.014	16
afdb_Q00141_v6	afdb_Q9XBQ8_v6	1.878E-01	2.740E-01	3.146E-01	0.020	18
afdb_Q00141_v6	afdb_Q9NPB1_v6	1.342E-01	3.268E-01	4.011E-01	0.009	13
afdb_Q00141_v6	afdb_Q28943_v6	2.647E-01	1.960E-01	2.844E-01	0.063	26
afdb_Q00141_v6	afdb_P29183_v6	1.946E-01	2.622E-01	3.052E-01	0.024	19
afdb_Q00141_v6	afdb_P05414_v6	1.792E-01	2.777E-01	3.236E-01	0.016	17
afdb_Q00141_v6	afdb_P39377_v6	1.789E-01	2.760E-01	3.520E-01	0.016	17
afdb_Q00141_v6	afdb_P09598_v6	1.540E-01	2.940E-01	3.238E-01	0.011	15
afdb_Q00141_v6	afdb_P22266_v6	1.690E-01	2.773E-01	2.932E-01	0.014	16
afdb_Q00141_v6	afdb_P00800_v6	1.974E-01	2.346E-01	2.899E-01	0.024	19
afdb_Q00141_v6	afdb_P18314_v6	1.982E-01	2.284E-01	2.287E-01	0.024	19
afdb_Q00141_v6	afdb_P40881_v6	1.358E-01	2.847E-01	3.139E-01	0.009	13
afdb_Q00141_v6	afdb_F8W4B7_v6	2.437E-01	1.765E-01	2.556E-01	0.051	24
afdb_Q00141_v6	afdb_P00644_v6	1.156E-01	2.560E-01	2.712E-01	0.007	11
afdb_Q10S82_v6	afdb_P21179_v6	9.464E-01	6.241E-01	9.636E-01	0.998	94
afdb_Q10S82_v6	afdb_O16025_v6	5.276E-01	2.533E-01	7.787E-01	0.537	52
afdb_Q10S82_v6	afdb_P25910_v6	2.099E-01	3.518E-01	3.583E-01	0.029	20
afdb_Q10S82_v6	afdb_A0A0C6DRW4_v6	2.620E-01	2.944E-01	3.219E-01	0.063	26
afdb_Q10S82_v6	afdb_P27170_v6	2.458E-01	3.111E-01	3.250E-01	0.051	24
afdb_Q10S82_v6	afdb_P10902_v6	2.828E-01	2.644E-01	2.901E-01	0.076	28
afdb_Q10S82_v6	afdb_P0A6K3_v6	1.649E-01	3.666E-01	3.680E-01	0.014	16
afdb_Q10S82_v6	afdb_P00918_v6	2.009E-01	3.256E-01	3.416E-01	0.029	20
afdb_Q10S82_v6	afdb_P15289_v6	2.651E-01	2.601E-01	2.949E-01	0.063	26
afdb_Q10S82_v6	afdb_P81054_v6	2.277E-01	2.921E-01	2.979E-01	0.040	22
afdb_Q10S82_v6	afdb_P56218_v6	2.090E-01	3.067E-01	3.113E-01	0.029	20
afdb_Q10S82_v6	afdb_Q945K2_v6	2.655E-01	2.412E-01	2.968E-01	0.063	26
afdb_Q10S82_v6	afdb_Q9AGP8_v6	3.015E-01	2.011E-01	3.393E-01	0.090	30
afdb_Q10S82_v6	afdb_P00392_v6	2.628E-01	2.392E-01	3.018E-01	0.063	26
afdb_Q10S82_v6	afdb_P29183_v6	2.446E-01	2.566E-01	2.869E-01	0.051	24
afdb_Q10S82_v6	afdb_P0CE47_v6	2.304E-01	2.702E-01	2.902E-01	0.040	22
afdb_Q10S82_v6	afdb_P30122_v6	2.668E-01	2.333E-01	2.862E-01	0.063	26
afdb_Q10S82_v6	afdb_P08373_v6	2.176E-01	2.789E-01	2.915E-01	0.034	21
afdb_Q10S82_v6	afdb_P77444_v6	2.307E-01	2.648E-01	3.123E-01	0.045	23
afdb_Q10S82_v6	afdb_Q9L9D7_v6	2.604E-01	2.343E-01	2.901E-01	0.063	26
afdb_Q10S82_v6	afdb_P18314_v6	2.573E-01	2.326E-01	2.689E-01	0.057	25
afdb_Q10S82_v6	afdb_Q12178_v6	1.469E-01	3.411E-01	3.466E-01	0.010	14
afdb_Q10S82_v6	afdb_P00388_v6	2.692E-01	2.128E-01	3.013E-01	0.063	26
afdb_Q10S82_v6	afdb_P52700_v6	1.910E-01	2.852E-01	3.086E-01	0.024	19
afdb_Q10S82_v6	afdb_P04190_v6	1.839E-01	2.927E-01	3.464E-01	0.020	18
afdb_Q10S82_v6	afdb_Q01693_v6	2.393E-01	2.352E-01	2.570E-01	0.045	23
afdb_Q10S82_v6	afdb_P05414_v6	2.120E-01	2.604E-01	2.787E-01	0.034	21
afdb_Q10S82_v6	afdb_Q16775_v6	1.932E-01	2.712E-01	3.201E-01	0.024	19
afdb_Q10S82_v6	afdb_P46076_v6	2.027E-01	2.616E-01	3.078E-01	0.029	20
afdb_Q10S82_v6	afdb_Q56839_v6	2.359E-01	2.257E-01	2.637E-01	0.045	23
afdb_Q10S82_v6	afdb_Q05755_v6	3.300E-01	1.311E-01	3.320E-01	0.106	32
afdb_Q10S82_v6	afdb_P09598_v6	1.829E-01	2.711E-01	2.958E-01	0.020	18
afdb_Q10S82_v6	afdb_P00914_v6	2.232E-01	2.295E-01	2.458E-01	0.040	22
afdb_Q10S82_v6	afdb_P28305_v6	1.785E-01	2.726E-01	3.320E-01	0.016	17
afdb_Q10S82_v6	afdb_P00455_v6	2.018E-01	2.492E-01	3.015E-01	0.029	20
afdb_Q10S82_v6	afdb_P14779_v6	2.858E-01	1.613E-01	2.949E-01	0.076	28
afdb_Q10S82_v6	afdb_P00800_v6	2.317E-01	2.149E-01	2.631E-01	0.045	23
afdb_Q10S82_v6	afdb_P37062_v6	2.153E-01	2.294E-01	2.585E-01	0.034	21
afdb_Q10S82_v6	afdb_P00489_v6	2.661E-01	1.772E-01	2.882E-01	0.063	26
afdb_Q10S82_v6	afdb_P19938_v6	1.776E-01	2.632E-01	2.677E-01	0.016	17
afdb_Q10S82_v6	afdb_P0A6C1_v6	1.769E-01	2.638E-01	2.781E-01	0.016	17
afdb_Q10S82_v6	afdb_P27487_v6	2.548E-01	1.846E-01	2.860E-01	0.057	25
afdb_Q10S82_v6	afdb_P09030_v6	1.726E-01	2.662E-01	2.676E-01	0.016	17
afdb_Q10S82_v6	afdb_P00860_v6	2.142E-01	2.238E-01	2.411E-01	0.034	21
afdb_Q10S82_v6	afdb_P53608_v6	1.792E-01	2.556E-01	2.561E-01	0.016	17
afdb_Q10S82_v6	afdb_P55038_v6	3.054E-01	1.229E-01	3.602E-01	0.090	30
afdb_Q10S82_v6	afdb_Q6UV28_v6	1.223E-01	3.045E-01	3.470E-01	0.008	12
afdb_Q10S82_v6	afdb_P30850_v6	2.323E-01	1.909E-01	2.897E-01	0.045	23
afdb_Q10S82_v6	afdb_P0A6T5_v6	1.483E-01	2.637E-01	2.695E-01	0.010	14
afdb_Q10S82_v6	afdb_P09883_v6	2.132E-01	1.893E-01	2.373E-01	0.034	21
afdb_Q10S82_v6	afdb_O13297_v6	2.070E-01	1.917E-01	2.192E-01	0.029	20
afdb_Q10S82_v6	afdb_P12821_v6	2.565E-01	1.226E-01	2.657E-01	0.057	25
afdb_Q3ZBF6_v6	afdb_A0A0C6DRW4_v6	8.047E-01	7.958E-01	8.780E-01	0.984	80
afdb_Q3ZBF6_v6	afdb_P09598_v6	2.681E-01	3.578E-01	3.945E-01	0.063	26
afdb_Q3ZBF6_v6	afdb_P52700_v6	2.702E-01	3.508E-01	3.659E-01	0.063	26
afdb_Q3ZBF6_v6	afdb_P05725_v6	2.057E-01	4.101E-01	4.186E-01	0.029	20
afdb_Q3ZBF6_v6	afdb_Q16775_v6	2.696E-01	3.375E-01	3.725E-01	0.063	26
afdb_Q3ZBF6_v6	afdb_P22637_v6	3.316E-01	2.680E-01	3.468E-01	0.116	33
afdb_Q3ZBF6_v6	afdb_P83686_v6	2.526E-01	3.433E-01	3.541E-01	0.057	25
afdb_Q3ZBF6_v6	afdb_P05521_v6	2.616E-01	3.212E-01	3.292E-01	0.063	26
afdb_Q3ZBF6_v6	afdb_P25910_v6	2.353E-01	3.433E-01	3.592E-01	0.045	23
afdb_Q3ZBF6_v6	afdb_Q945K2_v6	3.222E-01	2.558E-01	3.397E-01	0.106	32
afdb_Q3ZBF6_v6	afdb_P03958_v6	2.695E-01	3.020E-01	3.162E-01	0.063	26
afdb_Q3ZBF6_v6	afdb_P00592_v6	1.694E-01	3.979E-01	4.712E-01	0.014	16
afdb_Q3ZBF6_v6	afdb_Q6UV28_v6	1.733E-01	3.929E-01	5.245E-01	0.016	17
afdb_Q3ZBF6_v6	afdb_P23295_v6	2.807E-01	2.850E-01	2.984E-01	0.076	28
afdb_Q3ZBF6_v6	afdb_P40859_v6	2.777E-01	2.879E-01	3.087E-01	0.069	27
afdb_Q3ZBF6_v6	afdb_Q9UMR5_v6	2.491E-01	3.159E-01	3.558E-01	0.051	24
afdb_Q3ZBF6_v6	afdb_P71119_v6	2.135E-01	3.478E-01	4.356E-01	0.034	21
afdb_Q3ZBF6_v6	afdb_P08165_v6	2.973E-01	2.600E-01	3.344E-01	0.082	29
afdb_Q3ZBF6_v6	afdb_P06621_v6	2.793E-01	2.778E-01	3.694E-01	0.069	27
afdb_Q3ZBF6_v6	afdb_P48534_v6	2.314E-01	3.250E-01	3.346E-01	0.045	23
afdb_Q3ZBF6_v6	afdb_P00800_v6	3.059E-01	2.506E-01	3.243E-01	0.090	30
afdb_Q3ZBF6_v6	afdb_P21179_v6	3.406E-01	2.132E-01	3.645E-01	0.126	34
afdb_Q3ZBF6_v6	afdb_P83788_v6	2.778E-01	2.759E-01	3.015E-01	0.069	27
afdb_Q3ZBF6_v6	afdb_P00914_v6	2.888E-01	2.632E-01	3.014E-01	0.076	28
afdb_Q3ZBF6_v6	afdb_Q00441_v6	2.719E-01	2.757E-01	2.828E-01	0.069	27
afdb_Q3ZBF6_v6	afdb_Q05769_v6	3.126E-01	2.357E-01	3.423E-01	0.098	31
afdb_Q3ZBF6_v6	afdb_P80324_v6	2.631E-01	2.839E-01	3.009E-01	0.063	26
afdb_Q3ZBF6_v6	afdb_P16932_v6	2.762E-01	2.667E-01	3.075E-01	0.069	27
afdb_Q3ZBF6_v6	afdb_P21327_v6	2.677E-01	2.729E-01	2.918E-01	0.063	26
afdb_Q3ZBF6_v6	afdb_P30122_v6	3.024E-01	2.301E-01	3.259E-01	0.090	30
afdb_Q3ZBF6_v6	afdb_P08473_v6	3.239E-01	2.062E-01	3.467E-01	0.106	32
afdb_Q3ZBF6_v6	afdb_P05414_v6	2.551E-01	2.749E-01	2.863E-01	0.057	25
afdb_Q3ZBF6_v6	afdb_O13297_v6	2.931E-01	2.358E-01	3.439E-01	0.082	29
afdb_Q3ZBF6_v6	afdb_P0AB77_v6	2.610E-01	2.674E-01	2.706E-01	0.063	26
afdb_Q3ZBF6_v6	afdb_P42593_v6	3.115E-01	2.154E-01	3.531E-01	0.098	31
afdb_Q3ZBF6_v6	afdb_P21836_v6	3.023E-01	2.236E-01	3.191E-01	0.090	30
afdb_Q3ZBF6_v6	afdb_P16444_v6	2.607E-01	2.612E-01	2.958E-01	0.063	26
afdb_Q3ZBF6_v6	afdb_P13717_v6	2.242E-01	2.988E-01	3.091E-01	0.040	22
afdb_Q3ZBF6_v6	afdb_Q29460_v6	2.060E-01	3.157E-01	3.253E-01	0.029	20
afdb_Q3ZBF6_v6	afdb_P24474_v6	2.892E-01	2.304E-01	2.980E-01	0.076	28
afdb_Q3ZBF6_v6	afdb_P00489_v6	3.295E-01	1.902E-01	3.913E-01	0.106	32
afdb_Q3ZBF6_v6	afdb_P12995_v6	2.634E-01	2.561E-01	2.813E-01	0.063	26
afdb_Q3ZBF6_v6	afdb_Q75WN8_v6	2.238E-01	2.915E-01	3.280E-01	0.040	22
afdb_Q3ZBF6_v6	afdb_P46076_v6	2.439E-01	2.721E-01	2.754E-01	0.051	24
afdb_Q3ZBF6_v6	afdb_P00388_v6	3.061E-01	2.084E-01	3.236E-01	0.090	30
afdb_Q3ZBF6_v6	afdb_P45478_v6	2.292E-01	2.816E-01	2.990E-01	0.040	22
afdb_Q3ZBF6_v6	afdb_P00766_v6	2.041E-01	3.043E-01	3.060E-01	0.029	20
afdb_Q3ZBF6_v6	afdb_Q6LZM9_v6	2.583E-01	2.491E-01	2.737E-01	0.057	25
afdb_Q3ZBF6_v6	afdb_O33199_v6	1.911E-01	3.154E-01	3.174E-01	0.024	19
afdb_Q3ZBF6_v6	afdb_P06721_v6	2.493E-01	2.559E-01	2.894E-01	0.051	24
afdb_Q3ZBF6_v6	afdb_P00935_v6	2.452E-01	2.562E-01	2.704E-01	0.051	24
afdb_Q3ZBF6_v6	afdb_Q7SID9_v6	2.775E-01	2.228E-01	2.917E-01	0.069	27
afdb_Q3ZBF6_v6	afdb_Q9FEW9_v6	2.456E-01	2.517E-01	2.772E-01	0.051	24
afdb_Q3ZBF6_v6	afdb_P37062_v6	2.556E-01	2.414E-01	2.904E-01	0.057	25
afdb_Q3ZBF6_v6	afdb_Q3HWU8_v6	2.112E-01	2.782E-01	2.978E-01	0.034	21
afdb_Q3ZBF6_v6	afdb_P00777_v6	2.161E-01	2.721E-01	3.028E-01	0.034	21
afdb_Q3ZBF6_v6	afdb_Q50925_v6	2.728E-01	2.151E-01	3.075E-01	0.069	27
afdb_Q3ZBF6_v6	afdb_P22266_v6	2.261E-01	2.577E-01	3.062E-01	0.040	22
afdb_Q3ZBF6_v6	afdb_P77444_v6	2.397E-01	2.421E-01	2.591E-01	0.045	23
afdb_Q3ZBF6_v6	afdb_P81054_v6	2.276E-01	2.551E-01	2.641E-01	0.040	22
afdb_Q3ZBF6_v6	afdb_Q8RB32_v6	1.970E-01	2.812E-01	2.927E-01	0.024	19
afdb_Q3ZBF6_v6	afdb_Q9NPB1_v6	1.896E-01	2.870E-01	2.886E-01	0.020	18
afdb_Q3ZBF6_v6	afdb_Q05755_v6	3.445E-01	1.247E-01	3.697E-01	0.126	34
afdb_Q3ZBF6_v6	afdb_P00392_v6	2.586E-01	2.094E-01	2.657E-01	0.057	25
afdb_Q3ZBF6_v6	afdb_O16025_v6	3.224E-01	1.460E-01	3.375E-01	0.106	32
afdb_Q3ZBF6_v6	afdb_Q28943_v6	3.084E-01	1.593E-01	3.246E-01	0.090	30
afdb_Q3ZBF6_v6	afdb_P55038_v6	3.444E-01	1.181E-01	3.737E-01	0.126	34
afdb_Q3ZBF6_v6	afdb_P30850_v6	2.702E-01	1.921E-01	2.973E-01	0.069	27
afdb_Q3ZBF6_v6	afdb_P35049_v6	1.894E-01	2.668E-01	2.865E-01	0.020	18
afdb_Q3ZBF6_v6	afdb_P15917_v6	2.791E-01	1.700E-01	2.914E-01	0.069	27
afdb_Q3ZBF6_v6	afdb_P00175_v6	2.532E-01	1.962E-01	2.843E-01	0.057	25
afdb_Q3ZBF6_v6	afdb_P14779_v6	3.015E-01	1.471E-01	3.507E-01	0.090	30
afdb_Q3ZBF6_v6	afdb_F8W4B7_v6	2.950E-01	1.423E-01	3.099E-01	0.082	29
afdb_Q3ZBF6_v6	afdb_P09883_v6	2.378E-01	1.888E-01	2.519E-01	0.045	23
afdb_Q3ZBF6_v6	afdb_P27487_v6	2.599E-01	1.637E-01	2.696E-01	0.057	25
afdb_Q5JRX3_v6	afdb_P00914_v6	2.056E-01	3.785E-01	3.791E-01	0.029	20
afdb_Q5JRX3_v6	afdb_P14779_v6	2.861E-01	2.837E-01	3.086E-01	0.076	28
afdb_Q5JRX3_v6	afdb_Q9AGP8_v6	2.585E-01	3.040E-01	3.180E-01	0.057	25
afdb_Q5JRX3_v6	afdb_P21179_v6	2.421E-01	3.102E-01	3.186E-01	0.051	24
afdb_Q5JRX3_v6	afdb_P00388_v6	2.333E-01	3.162E-01	3.441E-01	0.045	23
afdb_Q5JRX3_v6	afdb_P24630_v6	1.836E-01	3.589E-01	3.629E-01	0.020	18
afdb_Q5JRX3_v6	afdb_P30122_v6	2.134E-01	3.285E-01	3.426E-01	0.034	21
afdb_Q5JRX3_v6	afdb_Q9L9D7_v6	2.076E-01	3.265E-01	3.285E-01	0.029	20
afdb_Q5JRX3_v6	afdb_Q7SID9_v6	2.048E-01	3.267E-01	3.378E-01	0.029	20
afdb_Q5JRX3_v6	afdb_P00392_v6	2.052E-01	3.252E-01	3.277E-01	0.029	20
afdb_Q5JRX3_v6	afdb_P08148_v6	2.108E-01	3.149E-01	3.281E-01	0.029	20
afdb_Q5JRX3_v6	afdb_Q01693_v6	1.929E-01	3.294E-01	3.303E-01	0.024	19
afdb_Q5JRX3_v6	afdb_P37967_v6	1.874E-01	3.312E-01	3.531E-01	0.020	18
afdb_Q5JRX3_v6	afdb_P03958_v6	1.600E-01	3.590E-01	3.837E-01	0.011	15
afdb_Q5JRX3_v6	afdb_P24474_v6	1.999E-01	3.170E-01	3.441E-01	0.024	19
afdb_Q5JRX3_v6	afdb_P21836_v6	2.060E-01	3.099E-01	3.327E-01	0.029	20
afdb_Q5JRX3_v6	afdb_P55038_v6	2.975E-01	2.164E-01	3.294E-01	0.082	29
afdb_Q5JRX3_v6	afdb_A0A0C6DRW4_v6	1.725E-01	3.389E-01	3.582E-01	0.016	17
afdb_Q5JRX3_v6	afdb_P00396_v6	1.910E-01	3.193E-01	3.222E-01	0.024	19
afdb_Q5JRX3_v6	afdb_P08473_v6	2.236E-01	2.859E-01	3.166E-01	0.040	22
afdb_Q5JRX3_v6	afdb_P0CE47_v6	1.643E-01	3.407E-01	3.813E-01	0.014	16
afdb_Q5JRX3_v6	afdb_P25910_v6	1.220E-01	3.810E-01	4.062E-01	0.008	12
afdb_Q5JRX3_v6	afdb_Q05755_v6	2.861E-01	2.157E-01	3.157E-01	0.076	28
afdb_Q5JRX3_v6	afdb_P56216_v6	1.926E-01	3.070E-01	3.098E-01	0.024	19
afdb_Q5JRX3_v6	afdb_Q28943_v6	2.480E-01	2.499E-01	2.740E-01	0.051	24
afdb_Q5JRX3_v6	afdb_Q16775_v6	1.409E-01	3.548E-01	3.776E-01	0.010	14
afdb_Q5JRX3_v6	afdb_P37062_v6	1.728E-01	3.207E-01	3.235E-01	0.016	17
afdb_Q5JRX3_v6	afdb_F8W4B7_v6	2.502E-01	2.426E-01	2.581E-01	0.057	25
afdb_Q5JRX3_v6	afdb_Q58989_v6	1.079E-01	3.805E-01	4.003E-01	0.000	10
afdb_Q5JRX3_v6	afdb_P22394_v6	1.880E-01	2.989E-01	3.115E-01	0.020	18
afdb_Q5JRX3_v6	afdb_O16025_v6	2.456E-01	2.409E-01	2.584E-01	0.051	24
afdb_Q5JRX3_v6	afdb_Q56839_v6	1.801E-01	2.990E-01	3.062E-01	0.020	18
afdb_Q5JRX3_v6	afdb_P00644_v6	1.109E-01	3.680E-01	3.874E-01	0.007	11
afdb_Q5JRX3_v6	afdb_P46076_v6	1.480E-01	3.302E-01	3.398E-01	0.010	14
afdb_Q5JRX3_v6	afdb_Q6YBS3_v6	1.966E-01	2.807E-01	2.920E-01	0.024	19
afdb_Q5JRX3_v6	afdb_P13717_v6	1.258E-01	3.504E-01	3.586E-01	0.008	12
afdb_Q5JRX3_v6	afdb_P27170_v6	1.498E-01	3.257E-01	3.275E-01	0.010	14
afdb_Q5JRX3_v6	afdb_Q9FEW9_v6	1.584E-01	3.143E-01	3.291E-01	0.011	15
afdb_Q5JRX3_v6	afdb_P19938_v6	1.310E-01	3.400E-01	3.415E-01	0.009	13
afdb_Q5JRX3_v6	afdb_P00777_v6	1.263E-01	3.426E-01	3.741E-01	0.008	12
afdb_Q5JRX3_v6	afdb_P81054_v6	1.425E-01	3.266E-01	3.514E-01	0.010	14
afdb_Q5JRX3_v6	afdb_P40859_v6	1.493E-01	3.189E-01	3.212E-01	0.010	14
afdb_Q5JRX3_v6	afdb_P00455_v6	1.457E-01	3.222E-01	3.803E-01	0.010	14
afdb_Q5JRX3_v6	afdb_P15289_v6	1.720E-01	2.936E-01	3.246E-01	0.016	17
afdb_Q5JRX3_v6	afdb_P09598_v6	1.206E-01	3.411E-01	3.757E-01	0.008	12
afdb_Q5JRX3_v6	afdb_P83686_v6	1.231E-01	3.392E-01	3.606E-01	0.008	12
afdb_Q5JRX3_v6	afdb_P52700_v6	1.286E-01	3.309E-01	3.362E-01	0.008	12
afdb_Q5JRX3_v6	afdb_P04042_v6	1.448E-01	3.144E-01	3.190E-01	0.010	14
afdb_Q5JRX3_v6	afdb_Q05769_v6	1.832E-01	2.742E-01	2.836E-01	0.020	18
afdb_Q5JRX3_v6	afdb_P48534_v6	1.153E-01	3.414E-01	3.648E-01	0.007	11
afdb_Q5JRX3_v6	afdb_P22637_v6	1.756E-01	2.808E-01	2.876E-01	0.016	17
afdb_Q5JRX3_v6	afdb_P23295_v6	1.514E-01	3.041E-01	3.205E-01	0.011	15
afdb_Q5JRX3_v6	afdb_P06621_v6	1.515E-01	3.032E-01	3.320E-01	0.011	15
afdb_Q5JRX3_v6	afdb_P0A6T5_v6	1.056E-01	3.480E-01	3.491E-01	0.000	10
afdb_Q5JRX3_v6	afdb_P30850_v6	1.865E-01	2.655E-01	2.804E-01	0.020	18
afdb_Q5JRX3_v6	afdb_P00639_v6	1.246E-01	3.270E-01	3.323E-01	0.008	12
afdb_Q5JRX3_v6	afdb_P05725_v6	8.162E-02	3.596E-01	3.970E-01	0.000	8
afdb_Q5JRX3_v6	afdb_Q3HWU8_v6	1.152E-01	3.256E-01	3.390E-01	0.007	11
afdb_Q5JRX3_v6	afdb_P04190_v6	1.129E-01	3.247E-01	3.376E-01	0.007	11
afdb_Q5JRX3_v6	afdb_P09883_v6	1.711E-01	2.645E-01	2.707E-01	0.016	17
afdb_Q5JRX3_v6	afdb_P96965_v6	1.187E-01	3.146E-01	3.192E-01	0.007	11
afdb_Q5JRX3_v6	afdb_P15917_v6	1.950E-01	2.341E-01	2.605E-01	0.024	19
afdb_Q5JRX3_v6	afdb_Q75WN8_v6	1.144E-01	3.107E-01	3.175E-01	0.007	11
afdb_Q5JRX3_v6	afdb_P71119_v6	9.877E-02	3.132E-01	3.142E-01	0.000	9
afdb_Q5JRX3_v6	afdb_P80324_v6	1.238E-01	2.711E-01	3.252E-01	0.008	12
afdb_Q5JRX3_v6	afdb_P35049_v6	9.945E-02	2.874E-01	2.938E-01	0.000	9
afdb_Q5JRX3_v6	afdb_P40881_v6	9.606E-02	2.852E-01	2.868E-01	0.000	9
afdb_Q6P1R4_v6	afdb_Q9FEW9_v6	4.537E-01	5.334E-01	6.811E-01	0.326	45
afdb_Q6P1R4_v6	afdb_P16099_v6	5.556E-01	3.779E-01	6.013E-01	0.632	55
afdb_Q6P1R4_v6	afdb_P42593_v6	5.371E-01	3.925E-01	6.759E-01	0.569	53
afdb_Q6P1R4_v6	afdb_P0A6C1_v6	3.521E-01	5.377E-01	6.365E-01	0.138	35
afdb_Q6P1R4_v6	afdb_P05414_v6	3.816E-01	4.760E-01	6.653E-01	0.179	38
afdb_Q6P1R4_v6	afdb_Q02899_v6	3.855E-01	4.436E-01	5.658E-01	0.179	38
afdb_Q6P1R4_v6	afdb_Q8RB32_v6	2.902E-01	5.136E-01	5.613E-01	0.082	29
afdb_Q6P1R4_v6	afdb_P39377_v6	3.421E-01	4.014E-01	4.684E-01	0.126	34
afdb_Q6P1R4_v6	afdb_P16444_v6	3.346E-01	3.760E-01	4.140E-01	0.116	33
afdb_Q6P1R4_v6	afdb_P00175_v6	3.873E-01	3.187E-01	5.495E-01	0.179	38
afdb_Q6P1R4_v6	afdb_Q9XBQ8_v6	3.327E-01	3.697E-01	4.892E-01	0.116	33
afdb_Q6P1R4_v6	afdb_P03958_v6	3.056E-01	3.894E-01	4.986E-01	0.090	30
afdb_Q6P1R4_v6	afdb_P00860_v6	3.402E-01	3.468E-01	4.342E-01	0.116	33
afdb_Q6P1R4_v6	afdb_P18314_v6	3.633E-01	3.119E-01	4.923E-01	0.150	36
afdb_Q6P1R4_v6	afdb_P53608_v6	2.708E-01	3.843E-01	4.750E-01	0.069	27
afdb_Q6P1R4_v6	afdb_Q28943_v6	4.392E-01	2.124E-01	8.204E-01	0.277	43
afdb_Q6P1R4_v6	afdb_Q29460_v6	2.290E-01	4.009E-01	4.947E-01	0.040	22
afdb_Q6P1R4_v6	afdb_Q00017_v6	2.358E-01	3.923E-01	4.505E-01	0.045	23
afdb_Q6P1R4_v6	afdb_P05521_v6	2.618E-01	3.647E-01	3.961E-01	0.063	26
afdb_Q6P1R4_v6	afdb_O58727_v6	2.015E-01	4.216E-01	4.315E-01	0.029	20
afdb_Q6P1R4_v6	afdb_P00935_v6	2.867E-01	3.347E-01	4.311E-01	0.076	28
afdb_Q6P1R4_v6	afdb_Q12178_v6	1.925E-01	4.278E-01	4.509E-01	0.024	19
afdb_Q6P1R4_v6	afdb_P0AB77_v6	2.890E-01	3.283E-01	4.297E-01	0.076	28
afdb_Q6P1R4_v6	afdb_P37957_v6	2.180E-01	3.956E-01	4.509E-01	0.034	21
afdb_Q6P1R4_v6	afdb_P06721_v6	2.855E-01	3.271E-01	4.281E-01	0.076	28
afdb_Q6P1R4_v6	afdb_P83788_v6	2.892E-01	3.183E-01	3.390E-01	0.076	28
afdb_Q6P1R4_v6	afdb_P77444_v6	2.857E-01	3.204E-01	3.736E-01	0.076	28
afdb_Q6P1R4_v6	afdb_Q6YBS3_v6	3.375E-01	2.674E-01	4.002E-01	0.116	33
afdb_Q6P1R4_v6	afdb_P0A6G7_v6	2.047E-01	4.001E-01	4.329E-01	0.029	20
afdb_Q6P1R4_v6	afdb_P24630_v6	2.917E-01	3.110E-01	3.731E-01	0.082	29
afdb_Q6P1R4_v6	afdb_P16932_v6	2.916E-01	3.108E-01	3.649E-01	0.082	29
afdb_Q6P1R4_v6	afdb_Q05755_v6	4.440E-01	1.576E-01	4.850E-01	0.301	44
afdb_Q6P1R4_v6	afdb_P12995_v6	2.894E-01	3.108E-01	3.467E-01	0.076	28
afdb_Q6P1R4_v6	afdb_P15289_v6	3.059E-01	2.918E-01	3.390E-01	0.090	30
afdb_Q6P1R4_v6	afdb_P28796_v6	2.950E-01	2.976E-01	3.278E-01	0.082	29
afdb_Q6P1R4_v6	afdb_Q16775_v6	2.494E-01	3.393E-01	3.693E-01	0.051	24
afdb_Q6P1R4_v6	afdb_P37062_v6	2.862E-01	2.982E-01	3.415E-01	0.076	28
afdb_Q6P1R4_v6	afdb_Q3HWU8_v6	2.332E-01	3.511E-01	4.228E-01	0.045	23
afdb_Q6P1R4_v6	afdb_P96965_v6	2.346E-01	3.449E-01	4.187E-01	0.045	23
afdb_Q6P1R4_v6	afdb_Q75WN8_v6	2.343E-01	3.444E-01	4.206E-01	0.045	23
afdb_Q6P1R4_v6	afdb_P00914_v6	2.878E-01	2.883E-01	3.338E-01	0.076	28
afdb_Q6P1R4_v6	afdb_P83772_v6	2.248E-01	3.482E-01	3.680E-01	0.040	22
afdb_Q6P1R4_v6	afdb_Q9UMR5_v6	2.396E-01	3.326E-01	3.999E-01	0.045	23
afdb_Q6P1R4_v6	afdb_P52700_v6	2.337E-01	3.375E-01	3.737E-01	0.045	23
afdb_Q6P1R4_v6	afdb_P45478_v6	2.371E-01	3.266E-01	3.616E-01	0.045	23
afdb_Q6P1R4_v6	afdb_P25910_v6	2.153E-01	3.454E-01	3.748E-01	0.034	21
afdb_Q6P1R4_v6	afdb_P29183_v6	2.765E-01	2.821E-01	3.951E-01	0.069	27
afdb_Q6P1R4_v6	afdb_P40859_v6	2.561E-01	2.958E-01	3.465E-01	0.057	25
afdb_Q6P1R4_v6	afdb_P0CE47_v6	2.584E-01	2.934E-01	3.277E-01	0.057	25
afdb_Q6P1R4_v6	afdb_P08819_v6	2.677E-01	2.816E-01	5.188E-01	0.063	26
afdb_Q6P1R4_v6	afdb_P27487_v6	3.228E-01	2.262E-01	3.659E-01	0.106	32
afdb_Q6P1R4_v6	afdb_P00489_v6	3.288E-01	2.134E-01	3.758E-01	0.106	32
afdb_Q6P1R4_v6	afdb_Q9AGP8_v6	3.213E-01	2.120E-01	3.515E-01	0.106	32
afdb_Q6P1R4_v6	afdb_Q56839_v6	2.745E-01	2.557E-01	2.930E-01	0.069	27
afdb_Q6P1R4_v6	afdb_P37967_v6	2.665E-01	2.597E-01	3.808E-01	0.063	26
afdb_Q6P1R4_v6	afdb_A0A0C6DRW4_v6	2.483E-01	2.721E-01	3.136E-01	0.051	24
afdb_Q6P1R4_v6	afdb_Q01693_v6	2.657E-01	2.535E-01	2.837E-01	0.063	26
afdb_Q6P1R4_v6	afdb_Q9L9D7_v6	2.765E-01	2.406E-01	2.945E-01	0.069	27
afdb_Q6P1R4_v6	afdb_P04190_v6	2.037E-01	3.131E-01	3.453E-01	0.029	20
afdb_Q6P1R4_v6	afdb_P0A1E3_v6	2.213E-01	2.918E-01	3.115E-01	0.040	22
afdb_Q6P1R4_v6	afdb_P08165_v6	2.578E-01	2.508E-01	3.100E-01	0.057	25
afdb_Q6P1R4_v6	afdb_P83686_v6	2.012E-01	3.074E-01	3.723E-01	0.029	20
afdb_Q6P1R4_v6	afdb_Q06241_v6	1.732E-01	3.265E-01	3.424E-01	0.016	17
afdb_Q6P1R4_v6	afdb_P30122_v6	2.717E-01	2.266E-01	3.327E-01	0.069	27
afdb_Q6P1R4_v6	afdb_P04042_v6	2.185E-01	2.693E-01	4.036E-01	0.034	21
afdb_Q6P1R4_v6	afdb_P55038_v6	3.565E-01	1.282E-01	4.502E-01	0.138	35
afdb_Q6P1R4_v6	afdb_Q7ZAG8_v6	2.242E-01	2.448E-01	2.669E-01	0.040	22
afdb_Q6P1R4_v6	afdb_P00392_v6	2.466E-01	2.201E-01	2.853E-01	0.051	24
afdb_Q6P1R4_v6	afdb_F8W4B7_v6	3.038E-01	1.610E-01	3.272E-01	0.090	30
afdb_Q6P1R4_v6	afdb_P56216_v6	2.456E-01	2.186E-01	2.581E-01	0.051	24
afdb_Q6P1R4_v6	afdb_P22394_v6	2.461E-01	2.169E-01	3.071E-01	0.051	24
afdb_Q6P1R4_v6	afdb_P00800_v6	2.401E-01	2.168E-01	3.161E-01	0.051	24
afdb_Q6P1R4_v6	afdb_P00396_v6	2.340E-01	2.214E-01	2.512E-01	0.045	23
afdb_Q6P1R4_v6	afdb_Q945K2_v6	2.408E-01	2.124E-01	2.604E-01	0.051	24
afdb_Q6P1R4_v6	afdb_Q50925_v6	2.419E-01	2.090E-01	3.091E-01	0.051	24
afdb_Q6P1R4_v6	afdb_O16025_v6	2.901E-01	1.547E-01	2.969E-01	0.082	29
afdb_Q6P1R4_v6	afdb_P0A9P4_v6	1.899E-01	2.549E-01	3.162E-01	0.020	18
afdb_Q6P1R4_v6	afdb_O59791_v6	1.915E-01	2.504E-01	2.538E-01	0.024	19
afdb_Q6P1R4_v6	afdb_P12821_v6	2.966E-01	1.340E-01	3.077E-01	0.082	29
afdb_Q6P1R4_v6	afdb_P03007_v6	1.632E-01	2.665E-01	2.850E-01	0.014	16
afdb_Q6P1R4_v6	afdb_Q05769_v6	2.285E-01	1.905E-01	2.858E-01	0.040	22
afdb_Q6P1R4_v6	afdb_P81054_v6	1.753E-01	2.169E-01	2.669E-01	0.016	17
afdb_Q6P1R4_v6	afdb_P00644_v6	1.400E-01	2.352E-01	2.566E-01	0.009	13
afdb_Q7KML2_v6	afdb_A0A0C6DRW4_v6	4.975E-01	7.579E-01	7.947E-01	0.442	49
afdb_Q7KML2_v6	afdb_P00489_v6	3.335E-01	2.793E-01	3.942E-01	0.116	33
afdb_Q7KML2_v6	afdb_P00396_v6	2.746E-01	3.354E-01	3.418E-01	0.069	27
afdb_Q7KML2_v6	afdb_P71119_v6	1.703E-01	4.136E-01	4.801E-01	0.016	17
afdb_Q7KML2_v6	afdb_P22394_v6	2.691E-01	3.053E-01	3.167E-01	0.063	26
afdb_Q7KML2_v6	afdb_P55038_v6	3.783E-01	1.954E-01	3.863E-01	0.164	37
afdb_Q7KML2_v6	afdb_Q05755_v6	3.735E-01	1.972E-01	3.739E-01	0.164	37
afdb_Q7KML2_v6	afdb_P83788_v6	2.349E-01	3.336E-01	3.359E-01	0.045	23
afdb_Q7KML2_v6	afdb_P00800_v6	2.598E-01	3.000E-01	3.145E-01	0.057	25
afdb_Q7KML2_v6	afdb_P53608_v6	1.950E-01	3.608E-01	3.956E-01	0.024	19
afdb_Q7KML2_v6	afdb_P0CE47_v6	2.239E-01	3.301E-01	3.307E-01	0.040	22
afdb_Q7KML2_v6	afdb_O58727_v6	1.483E-01	3.978E-01	4.094E-01	0.010	14
afdb_Q7KML2_v6	afdb_P00455_v6	2.145E-01	3.285E-01	3.476E-01	0.034	21
afdb_Q7KML2_v6	afdb_P0A6T5_v6	1.652E-01	3.761E-01	3.907E-01	0.014	16
afdb_Q7KML2_v6	afdb_Q02899_v6	2.206E-01	3.193E-01	3.329E-01	0.034	21
afdb_Q7KML2_v6	afdb_P83686_v6	1.824E-01	3.549E-01	3.576E-01	0.020	18
afdb_Q7KML2_v6	afdb_P05414_v6	2.102E-01	3.262E-01	3.587E-01	0.034	21
afdb_Q7KML2_v6	afdb_P09598_v6	1.812E-01	3.537E-01	3.721E-01	0.020	18
afdb_Q7KML2_v6	afdb_P37062_v6	2.282E-01	3.063E-01	3.326E-01	0.040	22
afdb_Q7KML2_v6	afdb_P00392_v6	2.504E-01	2.839E-01	2.893E-01	0.051	24
afdb_Q7KML2_v6	afdb_P24630_v6	2.234E-01	3.095E-01	3.100E-01	0.040	22
afdb_Q7KML2_v6	afdb_Q01693_v6	2.370E-01	2.939E-01	3.068E-01	0.045	23
afdb_Q7KML2_v6	afdb_P42593_v6	2.645E-01	2.638E-01	2.892E-01	0.063	26
afdb_Q7KML2_v6	afdb_P16099_v6	2.717E-01	2.550E-01	2.839E-01	0.069	27
afdb_Q7KML2_v6	afdb_P0A6C1_v6	1.809E-01	3.443E-01	3.486E-01	0.020	18
afdb_Q7KML2_v6	afdb_Q00441_v6	2.099E-01	3.133E-01	3.739E-01	0.029	20
afdb_Q7KML2_v6	afdb_P00914_v6	2.273E-01	2.942E-01	3.112E-01	0.040	22
afdb_Q7KML2_v6	afdb_P08473_v6	2.708E-01	2.497E-01	2.810E-01	0.069	27
afdb_Q7KML2_v6	afdb_Q9XBQ8_v6	2.155E-01	3.042E-01	3.125E-01	0.034	21
afdb_Q7KML2_v6	afdb_P48534_v6	1.672E-01	3.522E-01	3.918E-01	0.014	16
afdb_Q7KML2_v6	afdb_P46076_v6	1.971E-01	3.225E-01	3.535E-01	0.024	19
afdb_Q7KML2_v6	afdb_P28796_v6	2.255E-01	2.935E-01	3.018E-01	0.040	22
afdb_Q7KML2_v6	afdb_P83772_v6	1.733E-01	3.449E-01	3.657E-01	0.016	17
afdb_Q7KML2_v6	afdb_P14779_v6	3.007E-01	2.163E-01	3.259E-01	0.090	30
afdb_Q7KML2_v6	afdb_P04042_v6	1.932E-01	3.216E-01	3.841E-01	0.024	19
afdb_Q7KML2_v6	afdb_Q9FEW9_v6	2.078E-01	3.063E-01	3.238E-01	0.029	20
afdb_Q7KML2_v6	afdb_Q05769_v6	2.472E-01	2.668E-01	3.180E-01	0.051	24
afdb_Q7KML2_v6	afdb_P05725_v6	1.233E-01	3.888E-01	4.440E-01	0.008	12
afdb_Q7KML2_v6	afdb_P16932_v6	2.124E-01	2.960E-01	2.965E-01	0.034	21
afdb_Q7KML2_v6	afdb_P30122_v6	2.438E-01	2.645E-01	3.122E-01	0.051	24
afdb_Q7KML2_v6	afdb_P08373_v6	1.925E-01	3.140E-01	3.177E-01	0.024	19
afdb_Q7KML2_v6	afdb_P22637_v6	2.345E-01	2.702E-01	2.852E-01	0.045	23
afdb_Q7KML2_v6	afdb_P04190_v6	1.578E-01	3.401E-01	3.959E-01	0.011	15
afdb_Q7KML2_v6	afdb_P21836_v6	2.410E-01	2.563E-01	2.845E-01	0.051	24
afdb_Q7KML2_v6	afdb_Q9L9D7_v6	2.341E-01	2.613E-01	2.672E-01	0.045	23
afdb_Q7KML2_v6	afdb_P08148_v6	2.376E-01	2.554E-01	2.823E-01	0.045	23
afdb_Q7KML2_v6	afdb_Q6YBS3_v6	2.422E-01	2.504E-01	2.771E-01	0.051	24
afdb_Q7KML2_v6	afdb_O16025_v6	2.886E-01	2.018E-01	3.365E-01	0.076	28
afdb_Q7KML2_v6	afdb_P21327_v6	1.985E-01	2.914E-01	2.988E-01	0.024	19
afdb_Q7KML2_v6	afdb_P00175_v6	2.342E-01	2.552E-01	2.656E-01	0.045	23
afdb_Q7KML2_v6	afdb_P24474_v6	2.293E-01	2.584E-01	3.118E-01	0.040	22
afdb_Q7KML2_v6	afdb_P56216_v6	2.265E-01	2.588E-01	2.695E-01	0.040	22
afdb_Q7KML2_v6	afdb_P08819_v6	2.028E-01	2.791E-01	3.370E-01	0.029	20
afdb_Q7KML2_v6	afdb_P16444_v6	1.974E-01	2.825E-01	3.257E-01	0.024	19
afdb_Q7KML2_v6	afdb_Q6LZM9_v6	2.031E-01	2.768E-01	3.033E-01	0.029	20
afdb_Q7KML2_v6	afdb_P39377_v6	1.925E-01	2.848E-01	2.900E-01	0.024	19
afdb_Q7KML2_v6	afdb_P30850_v6	2.347E-01	2.416E-01	2.511E-01	0.045	23
afdb_Q7KML2_v6	afdb_P81054_v6	1.771E-01	2.923E-01	3.418E-01	0.016	17
afdb_Q7KML2_v6	afdb_Q3HWU8_v6	1.562E-01	3.104E-01	3.112E-01	0.011	15
afdb_Q7KML2_v6	afdb_P15917_v6	2.497E-01	2.165E-01	2.725E-01	0.051	24
afdb_Q7KML2_v6	afdb_P00860_v6	2.015E-01	2.643E-01	2.976E-01	0.029	20
afdb_Q7KML2_v6	afdb_P00777_v6	1.658E-01	2.989E-01	3.441E-01	0.014	16
afdb_Q7KML2_v6	afdb_P03958_v6	1.771E-01	2.867E-01	3.086E-01	0.016	17
afdb_Q7KML2_v6	afdb_F8W4B7_v6	2.732E-01	1.879E-01	3.285E-01	0.069	27
afdb_Q7KML2_v6	afdb_P12821_v6	2.863E-01	1.707E-01	3.248E-01	0.076	28
afdb_Q7KML2_v6	afdb_P35049_v6	1.490E-01	3.078E-01	3.289E-01	0.010	14
afdb_Q7KML2_v6	afdb_P00592_v6	1.040E-01	3.481E-01	4.274E-01	0.000	10
afdb_Q7KML2_v6	afdb_P27170_v6	1.749E-01	2.771E-01	3.315E-01	0.016	17
afdb_Q7KML2_v6	afdb_P00918_v6	1.484E-01	2.998E-01	3.132E-01	0.010	14
afdb_Q7KML2_v6	afdb_P22266_v6	1.651E-01	2.734E-01	2.997E-01	0.014	16
afdb_Q8GYB8_v6	afdb_Q9FEW9_v6	9.440E-01	8.927E-01	9.590E-01	0.998	94
afdb_Q8GYB8_v6	afdb_Q02899_v6	9.129E-01	8.553E-01	9.322E-01	0.997	91
afdb_Q8GYB8_v6	afdb_P42593_v6	8.345E-01	4.795E-01	8.537E-01	0.990	83
afdb_Q8GYB8_v6	afdb_P16099_v6	8.449E-01	4.506E-01	8.577E-01	0.991	84
afdb_Q8GYB8_v6	afdb_P0A6C1_v6	5.035E-01	6.283E-01	6.408E-01	0.473	50
afdb_Q8GYB8_v6	afdb_Q8RB32_v6	4.272E-01	6.126E-01	6.168E-01	0.254	42
afdb_Q8GYB8_v6	afdb_P05414_v6	4.986E-01	5.046E-01	6.425E-01	0.442	49
afdb_Q8GYB8_v6	afdb_P03958_v6	4.745E-01	4.988E-01	5.542E-01	0.382	47
afdb_Q8GYB8_v6	afdb_P39377_v6	4.753E-01	4.593E-01	4.859E-01	0.382	47
afdb_Q8GYB8_v6	afdb_P16444_v6	4.548E-01	4.222E-01	5.160E-01	0.326	45
afdb_Q8GYB8_v6	afdb_P00175_v6	5.021E-01	3.320E-01	5.407E-01	0.473	50
afdb_Q8GYB8_v6	afdb_Q9XBQ8_v6	4.300E-01	3.939E-01	5.040E-01	0.254	42
afdb_Q8GYB8_v6	afdb_Q28943_v6	5.805E-01	2.275E-01	6.259E-01	0.720	58
afdb_Q8GYB8_v6	afdb_P05521_v6	3.689E-01	4.298E-01	4.458E-01	0.150	36
afdb_Q8GYB8_v6	afdb_P18314_v6	4.668E-01	3.285E-01	4.678E-01	0.353	46
afdb_Q8GYB8_v6	afdb_P00860_v6	4.322E-01	3.628E-01	4.471E-01	0.277	43
afdb_Q8GYB8_v6	afdb_Q29460_v6	3.186E-01	4.664E-01	5.221E-01	0.098	31
afdb_Q8GYB8_v6	afdb_Q9UMR5_v6	3.548E-01	4.166E-01	4.421E-01	0.138	35
afdb_Q8GYB8_v6	afdb_P22266_v6	3.636E-01	3.862E-01	4.152E-01	0.150	36
afdb_Q8GYB8_v6	afdb_Q00017_v6	3.170E-01	4.309E-01	4.547E-01	0.098	31
afdb_Q8GYB8_v6	afdb_P96965_v6	3.336E-01	4.118E-01	4.341E-01	0.116	33
afdb_Q8GYB8_v6	afdb_Q75WN8_v6	3.336E-01	4.082E-01	4.242E-01	0.116	33
afdb_Q8GYB8_v6	afdb_P45478_v6	3.367E-01	3.906E-01	4.086E-01	0.116	33
afdb_Q8GYB8_v6	afdb_Q3HWU8_v6	3.210E-01	4.024E-01	4.238E-01	0.106	32
afdb_Q8GYB8_v6	afdb_O59791_v6	3.404E-01	3.808E-01	4.039E-01	0.116	33
afdb_Q8GYB8_v6	afdb_P15289_v6	3.971E-01	3.159E-01	4.247E-01	0.196	39
afdb_Q8GYB8_v6	afdb_P25910_v6	3.020E-01	4.097E-01	4.416E-01	0.090	30
afdb_Q8GYB8_v6	afdb_O58727_v6	2.554E-01	4.563E-01	4.621E-01	0.057	25
afdb_Q8GYB8_v6	afdb_P53608_v6	3.286E-01	3.783E-01	3.791E-01	0.106	32
afdb_Q8GYB8_v6	afdb_Q16775_v6	3.260E-01	3.774E-01	4.735E-01	0.106	32
afdb_Q8GYB8_v6	afdb_P37967_v6	3.840E-01	3.131E-01	4.190E-01	0.179	38
afdb_Q8GYB8_v6	afdb_Q58989_v6	2.738E-01	4.118E-01	4.304E-01	0.069	27
afdb_Q8GYB8_v6	afdb_P0A6G7_v6	2.627E-01	4.169E-01	4.457E-01	0.063	26
afdb_Q8GYB8_v6	afdb_P37957_v6	2.711E-01	4.056E-01	4.541E-01	0.069	27
afdb_Q8GYB8_v6	afdb_P83772_v6	2.861E-01	3.849E-01	3.898E-01	0.076	28
afdb_Q8GYB8_v6	afdb_P0A9P4_v6	3.173E-01	3.519E-01	3.570E-01	0.098	31
afdb_Q8GYB8_v6	afdb_P52700_v6	2.990E-01	3.600E-01	4.088E-01	0.082	29
afdb_Q8GYB8_v6	afdb_P55038_v6	5.129E-01	1.427E-01	5.344E-01	0.505	51
afdb_Q8GYB8_v6	afdb_P16932_v6	3.463E-01	3.087E-01	3.960E-01	0.126	34
afdb_Q8GYB8_v6	afdb_Q05755_v6	5.090E-01	1.446E-01	6.149E-01	0.473	50
afdb_Q8GYB8_v6	afdb_P30122_v6	3.801E-01	2.661E-01	4.005E-01	0.179	38
afdb_Q8GYB8_v6	afdb_P0A1E3_v6	3.059E-01	3.404E-01	3.546E-01	0.090	30
afdb_Q8GYB8_v6	afdb_P83686_v6	2.841E-01	3.575E-01	3.762E-01	0.076	28
afdb_Q8GYB8_v6	afdb_P12995_v6	3.345E-01	3.006E-01	3.807E-01	0.116	33
afdb_Q8GYB8_v6	afdb_P29183_v6	3.387E-01	2.882E-01	3.925E-01	0.116	33
afdb_Q8GYB8_v6	afdb_P04190_v6	2.649E-01	3.466E-01	3.960E-01	0.063	26
afdb_Q8GYB8_v6	afdb_P37062_v6	3.255E-01	2.853E-01	3.381E-01	0.106	32
afdb_Q8GYB8_v6	afdb_Q6LZM9_v6	3.231E-01	2.878E-01	3.547E-01	0.106	32
afdb_Q8GYB8_v6	afdb_P21836_v6	3.601E-01	2.473E-01	4.118E-01	0.150	36
afdb_Q8GYB8_v6	afdb_P0CE47_v6	3.065E-01	2.939E-01	4.058E-01	0.090	30
afdb_Q8GYB8_v6	afdb_P06721_v6	3.063E-01	2.938E-01	3.599E-01	0.090	30
afdb_Q8GYB8_v6	afdb_P28796_v6	3.249E-01	2.750E-01	3.336E-01	0.106	32
afdb_Q8GYB8_v6	afdb_P04042_v6	2.914E-01	3.070E-01	3.357E-01	0.082	29
afdb_Q8GYB8_v6	afdb_Q7ZAG8_v6	3.059E-01	2.880E-01	3.129E-01	0.090	30
afdb_Q8GYB8_v6	afdb_P00392_v6	3.412E-01	2.526E-01	3.457E-01	0.126	34
afdb_Q8GYB8_v6	afdb_Q56839_v6	3.327E-01	2.580E-01	3.419E-01	0.116	33
afdb_Q8GYB8_v6	afdb_P00489_v6	3.803E-01	2.067E-01	3.995E-01	0.179	38
afdb_Q8GYB8_v6	afdb_P0AB77_v6	2.996E-01	2.860E-01	3.745E-01	0.082	29
afdb_Q8GYB8_v6	afdb_P09184_v6	1.980E-01	3.833E-01	4.189E-01	0.024	19
afdb_Q8GYB8_v6	afdb_Q7SID9_v6	3.309E-01	2.447E-01	3.676E-01	0.116	33
afdb_Q8GYB8_v6	afdb_P56218_v6	2.610E-01	3.082E-01	3.501E-01	0.063	26
afdb_Q8GYB8_v6	afdb_Q9L9D7_v6	3.300E-01	2.386E-01	3.719E-01	0.116	33
afdb_Q8GYB8_v6	afdb_Q6YBS3_v6	3.413E-01	2.253E-01	4.097E-01	0.126	34
afdb_Q8GYB8_v6	afdb_P00935_v6	2.826E-01	2.762E-01	3.296E-01	0.076	28
afdb_Q8GYB8_v6	afdb_P08165_v6	3.060E-01	2.519E-01	3.220E-01	0.090	30
afdb_Q8GYB8_v6	afdb_P24630_v6	2.928E-01	2.646E-01	2.961E-01	0.082	29
afdb_Q8GYB8_v6	afdb_P21327_v6	2.841E-01	2.727E-01	3.232E-01	0.076	28
afdb_Q8GYB8_v6	afdb_P77444_v6	2.823E-01	2.677E-01	2.885E-01	0.076	28
afdb_Q8GYB8_v6	afdb_P09598_v6	2.423E-01	2.993E-01	3.571E-01	0.051	24
afdb_Q8GYB8_v6	afdb_P13717_v6	2.370E-01	2.962E-01	3.330E-01	0.045	23
afdb_Q8GYB8_v6	afdb_P27487_v6	3.374E-01	1.942E-01	3.730E-01	0.116	33
afdb_Q8GYB8_v6	afdb_P00396_v6	2.935E-01	2.339E-01	3.213E-01	0.082	29
afdb_Q8GYB8_v6	afdb_P83788_v6	2.727E-01	2.536E-01	2.771E-01	0.069	27
afdb_Q8GYB8_v6	afdb_Q01693_v6	2.917E-01	2.337E-01	3.473E-01	0.082	29
afdb_Q8GYB8_v6	afdb_P43099_v6	3.258E-01	1.947E-01	3.347E-01	0.106	32
afdb_Q8GYB8_v6	afdb_P10902_v6	2.935E-01	2.260E-01	3.190E-01	0.082	29
afdb_Q8GYB8_v6	afdb_P46076_v6	2.539E-01	2.643E-01	2.890E-01	0.057	25
afdb_Q8GYB8_v6	afdb_P48534_v6	2.207E-01	2.940E-01	3.265E-01	0.040	22
afdb_Q8GYB8_v6	afdb_P28305_v6	2.264E-01	2.831E-01	2.852E-01	0.040	22
afdb_Q8GYB8_v6	afdb_P08473_v6	3.103E-01	1.859E-01	3.277E-01	0.098	31
afdb_Q8GYB8_v6	afdb_P00914_v6	2.686E-01	2.279E-01	2.855E-01	0.063	26
afdb_Q8GYB8_v6	afdb_P81054_v6	2.391E-01	2.515E-01	2.899E-01	0.045	23
afdb_Q8GYB8_v6	afdb_P00388_v6	3.018E-01	1.860E-01	4.248E-01	0.090	30
afdb_Q8GYB8_v6	afdb_Q05769_v6	2.818E-01	1.994E-01	2.981E-01	0.076	28
afdb_Q8GYB8_v6	afdb_Q9AGP8_v6	3.045E-01	1.686E-01	3.222E-01	0.090	30
afdb_Q8GYB8_v6	afdb_O16025_v6	3.188E-01	1.407E-01	3.657E-01	0.098	31
afdb_Q8GYB8_v6	afdb_P21179_v6	2.856E-01	1.705E-01	2.987E-01	0.076	28
afdb_Q8GYB8_v6	afdb_P30850_v6	2.716E-01	1.818E-01	2.740E-01	0.069	27
afdb_Q8GYB8_v6	afdb_P00777_v6	2.057E-01	2.384E-01	2.674E-01	0.029	20
afdb_Q8U1M0_v6	afdb_P37062_v6	9.351E-01	9.251E-01	9.433E-01	0.998	93
afdb_Q8U1M0_v6	afdb_P00392_v6	8.468E-01	6.773E-01	8.486E-01	0.991	84
afdb_Q8U1M0_v6	afdb_Q56839_v6	7.923E-01	6.817E-01	7.955E-01	0.981	79
afdb_Q8U1M0_v6	afdb_Q7ZAG8_v6	6.495E-01	6.961E-01	7.413E-01	0.855	64
afdb_Q8U1M0_v6	afdb_P0A9P4_v6	5.693E-01	7.673E-01	7.972E-01	0.663	56
afdb_Q8U1M0_v6	afdb_P08165_v6	5.211E-01	4.755E-01	6.889E-01	0.537	52
afdb_Q8U1M0_v6	afdb_P42593_v6	4.857E-01	3.323E-01	6.824E-01	0.411	48
afdb_Q8U1M0_v6	afdb_Q28943_v6	5.480E-01	2.568E-01	5.744E-01	0.601	54
afdb_Q8U1M0_v6	afdb_P16099_v6	4.853E-01	3.106E-01	6.315E-01	0.411	48
afdb_Q8U1M0_v6	afdb_P10902_v6	4.263E-01	3.584E-01	5.217E-01	0.254	42
afdb_Q8U1M0_v6	afdb_P40859_v6	3.560E-01	3.948E-01	4.606E-01	0.138	35
afdb_Q8U1M0_v6	afdb_P22637_v6	4.068E-01	3.367E-01	5.343E-01	0.214	40
afdb_Q8U1M0_v6	afdb_Q945K2_v6	4.005E-01	3.253E-01	5.310E-01	0.214	40
afdb_Q8U1M0_v6	afdb_P0A1E3_v6	3.086E-01	3.983E-01	4.046E-01	0.090	30
afdb_Q8U1M0_v6	afdb_Q9AGP8_v6	4.387E-01	2.626E-01	4.395E-01	0.277	43
afdb_Q8U1M0_v6	afdb_P80324_v6	3.186E-01	3.678E-01	4.128E-01	0.098	31
afdb_Q8U1M0_v6	afdb_O59791_v6	2.994E-01	3.852E-01	3.919E-01	0.082	29
afdb_Q8U1M0_v6	afdb_Q6LZM9_v6	3.312E-01	3.344E-01	3.470E-01	0.116	33
afdb_Q8U1M0_v6	afdb_P28796_v6	3.256E-01	3.133E-01	3.406E-01	0.106	32
afdb_Q8U1M0_v6	afdb_P00935_v6	3.016E-01	3.339E-01	3.352E-01	0.090	30
afdb_Q8U1M0_v6	afdb_Q9L9D7_v6	3.487E-01	2.872E-01	3.847E-01	0.126	34
afdb_Q8U1M0_v6	afdb_P0AB77_v6	3.037E-01	3.263E-01	3.575E-01	0.090	30
afdb_Q8U1M0_v6	afdb_O58727_v6	2.002E-01	4.246E-01	5.576E-01	0.029	20
afdb_Q8U1M0_v6	afdb_P15289_v6	3.274E-01	2.958E-01	3.376E-01	0.106	32
afdb_Q8U1M0_v6	afdb_P16932_v6	3.068E-01	3.115E-01	3.416E-01	0.090	30
afdb_Q8U1M0_v6	afdb_Q58989_v6	2.146E-01	3.996E-01	4.042E-01	0.034	21
afdb_Q8U1M0_v6	afdb_P77444_v6	2.973E-01	3.152E-01	3.327E-01	0.082	29
afdb_Q8U1M0_v6	afdb_P83788_v6	2.979E-01	3.102E-01	3.322E-01	0.082	29
afdb_Q8U1M0_v6	afdb_Q6YBS3_v6	3.439E-01	2.626E-01	3.553E-01	0.126	34
afdb_Q8U1M0_v6	afdb_Q12178_v6	1.840E-01	4.120E-01	4.686E-01	0.020	18
afdb_Q8U1M0_v6	afdb_P00914_v6	3.019E-01	2.893E-01	3.721E-01	0.090	30
afdb_Q8U1M0_v6	afdb_P29183_v6	2.987E-01	2.903E-01	3.309E-01	0.082	29
afdb_Q8U1M0_v6	afdb_Q00017_v6	2.302E-01	3.575E-01	3.737E-01	0.045	23
afdb_Q8U1M0_v6	afdb_Q9UMR5_v6	2.506E-01	3.354E-01	3.622E-01	0.057	25
afdb_Q8U1M0_v6	afdb_P25910_v6	2.314E-01	3.542E-01	3.703E-01	0.045	23
afdb_Q8U1M0_v6	afdb_P09184_v6	1.809E-01	4.033E-01	4.538E-01	0.020	18
afdb_Q8U1M0_v6	afdb_P08373_v6	2.639E-01	3.184E-01	3.345E-01	0.063	26
afdb_Q8U1M0_v6	afdb_P00489_v6	3.592E-01	2.215E-01	3.781E-01	0.138	35
afdb_Q8U1M0_v6	afdb_P0CE47_v6	2.777E-01	3.015E-01	3.020E-01	0.069	27
afdb_Q8U1M0_v6	afdb_P22266_v6	2.587E-01	3.128E-01	3.436E-01	0.057	25
afdb_Q8U1M0_v6	afdb_P27487_v6	3.397E-01	2.263E-01	3.433E-01	0.116	33
afdb_Q8U1M0_v6	afdb_P83686_v6	2.339E-01	3.293E-01	3.353E-01	0.045	23
afdb_Q8U1M0_v6	afdb_P04190_v6	2.242E-01	3.335E-01	3.641E-01	0.040	22
afdb_Q8U1M0_v6	afdb_P08819_v6	2.779E-01	2.774E-01	2.831E-01	0.069	27
afdb_Q8U1M0_v6	afdb_Q16775_v6	2.421E-01	3.100E-01	3.434E-01	0.045	23
afdb_Q8U1M0_v6	afdb_P0A6C1_v6	2.291E-01	3.167E-01	3.261E-01	0.040	22
afdb_Q8U1M0_v6	afdb_P05521_v6	2.389E-01	3.064E-01	3.446E-01	0.045	23
afdb_Q8U1M0_v6	afdb_P52700_v6	2.300E-01	3.104E-01	3.391E-01	0.040	22
afdb_Q8U1M0_v6	afdb_P00639_v6	2.248E-01	3.131E-01	3.443E-01	0.040	22
afdb_Q8U1M0_v6	afdb_P45478_v6	2.333E-01	3.041E-01	3.238E-01	0.045	23
afdb_Q8U1M0_v6	afdb_Q9NPB1_v6	1.971E-01	3.355E-01	3.738E-01	0.024	19
afdb_Q8U1M0_v6	afdb_P56216_v6	2.883E-01	2.436E-01	2.965E-01	0.076	28
afdb_Q8U1M0_v6	afdb_Q75WN8_v6	2.236E-01	3.071E-01	3.254E-01	0.040	22
afdb_Q8U1M0_v6	afdb_P21327_v6	2.555E-01	2.735E-01	2.920E-01	0.057	25
afdb_Q8U1M0_v6	afdb_P96965_v6	2.241E-01	3.035E-01	3.252E-01	0.040	22
afdb_Q8U1M0_v6	afdb_Q29460_v6	1.989E-01	3.271E-01	3.898E-01	0.024	19
afdb_Q8U1M0_v6	afdb_Q3HWU8_v6	2.194E-01	3.057E-01	3.205E-01	0.034	21
afdb_Q8U1M0_v6	afdb_P06621_v6	2.564E-01	2.683E-01	2.935E-01	0.057	25
afdb_Q8U1M0_v6	afdb_P03958_v6	2.404E-01	2.810E-01	2.896E-01	0.051	24
afdb_Q8U1M0_v6	afdb_P83772_v6	2.147E-01	3.062E-01	3.091E-01	0.034	21
afdb_Q8U1M0_v6	afdb_P00388_v6	3.004E-01	2.201E-01	3.200E-01	0.090	30
afdb_Q8U1M0_v6	afdb_P08148_v6	2.890E-01	2.332E-01	2.965E-01	0.076	28
afdb_Q8U1M0_v6	afdb_P19938_v6	2.181E-01	3.001E-01	3.094E-01	0.034	21
afdb_Q8U1M0_v6	afdb_Q05755_v6	3.686E-01	1.459E-01	3.728E-01	0.150	36
afdb_Q8U1M0_v6	afdb_P00175_v6	2.843E-01	2.292E-01	2.958E-01	0.076	28
afdb_Q8U1M0_v6	afdb_P05414_v6	2.385E-01	2.700E-01	3.280E-01	0.045	23
afdb_Q8U1M0_v6	afdb_P0A6K3_v6	1.720E-01	3.331E-01	3.342E-01	0.016	17
afdb_Q8U1M0_v6	afdb_P00766_v6	2.022E-01	3.030E-01	3.258E-01	0.029	20
afdb_Q8U1M0_v6	afdb_P53608_v6	2.131E-01	2.861E-01	3.149E-01	0.034	21
afdb_Q8U1M0_v6	afdb_Q7SID9_v6	2.712E-01	2.279E-01	2.775E-01	0.069	27
afdb_Q8U1M0_v6	afdb_P81054_v6	2.267E-01	2.705E-01	2.786E-01	0.040	22
afdb_Q8U1M0_v6	afdb_P0A6T5_v6	1.856E-01	3.085E-01	3.208E-01	0.020	18
afdb_Q8U1M0_v6	afdb_Q01693_v6	2.584E-01	2.359E-01	2.645E-01	0.057	25
afdb_Q8U1M0_v6	afdb_P40881_v6	1.919E-01	3.012E-01	3.092E-01	0.024	19
afdb_Q8U1M0_v6	afdb_P04042_v6	2.253E-01	2.669E-01	3.142E-01	0.040	22
afdb_Q8U1M0_v6	afdb_P55038_v6	3.551E-01	1.362E-01	3.776E-01	0.138	35
afdb_Q8U1M0_v6	afdb_P16444_v6	2.379E-01	2.504E-01	3.143E-01	0.045	23
afdb_Q8U1M0_v6	afdb_P13717_v6	1.993E-01	2.870E-01	3.105E-01	0.024	19
afdb_Q8U1M0_v6	afdb_P00455_v6	2.259E-01	2.572E-01	3.076E-01	0.040	22
afdb_Q8U1M0_v6	afdb_O33199_v6	1.738E-01	3.062E-01	3.154E-01	0.016	17
afdb_Q8U1M0_v6	afdb_P00644_v6	1.862E-01	2.923E-01	3.037E-01	0.020	18
afdb_Q8U1M0_v6	afdb_P09883_v6	2.630E-01	2.134E-01	2.634E-01	0.063	26
afdb_Q8U1M0_v6	afdb_P24474_v6	2.586E-01	2.165E-01	3.222E-01	0.057	25
afdb_Q8U1M0_v6	afdb_P37957_v6	1.758E-01	2.953E-01	3.581E-01	0.016	17
afdb_Q8U1M0_v6	afdb_Q06241_v6	1.680E-01	3.008E-01	3.306E-01	0.014	16
afdb_Q8U1M0_v6	afdb_P14779_v6	3.062E-01	1.565E-01	3.302E-01	0.090	30
afdb_Q8U1M0_v6	afdb_P05725_v6	1.511E-01	3.076E-01	3.224E-01	0.011	15
afdb_Q8U1M0_v6	afdb_P39377_v6	2.182E-01	2.385E-01	2.701E-01	0.034	21
afdb_Q8U1M0_v6	afdb_F8W4B7_v6	3.001E-01	1.542E-01	3.015E-01	0.090	30
afdb_Q8U1M0_v6	afdb_P18314_v6	2.422E-01	2.020E-01	2.489E-01	0.051	24
afdb_Q8U1M0_v6	afdb_O13297_v6	2.106E-01	1.797E-01	2.371E-01	0.034	21
afdb_Q94655_v6	afdb_P00392_v6	8.425E-01	7.540E-01	9.244E-01	0.991	84
afdb_Q94655_v6	afdb_Q56839_v6	8.125E-01	7.791E-01	8.506E-01	0.986	81
afdb_Q94655_v6	afdb_P37062_v6	7.405E-01	8.210E-01	8.278E-01	0.961	74
afdb_Q94655_v6	afdb_P0A9P4_v6	5.088E-01	7.673E-01	7.968E-01	0.473	50
afdb_Q94655_v6	afdb_Q7ZAG8_v6	5.742E-01	6.877E-01	7.256E-01	0.692	57
afdb_Q94655_v6	afdb_P08165_v6	4.661E-01	4.729E-01	6.058E-01	0.353	46
afdb_Q94655_v6	afdb_P22637_v6	4.021E-01	3.702E-01	5.106E-01	0.214	40
afdb_Q94655_v6	afdb_P42593_v6	4.380E-01	3.335E-01	6.976E-01	0.277	43
afdb_Q94655_v6	afdb_P16099_v6	4.354E-01	3.104E-01	6.220E-01	0.277	43
afdb_Q94655_v6	afdb_Q28943_v6	4.876E-01	2.540E-01	5.011E-01	0.411	48
afdb_Q94655_v6	afdb_P10902_v6	3.809E-01	3.564E-01	4.886E-01	0.179	38
afdb_Q94655_v6	afdb_P40859_v6	3.265E-01	3.989E-01	4.141E-01	0.106	32
afdb_Q94655_v6	afdb_Q945K2_v6	3.803E-01	3.445E-01	4.820E-01	0.179	38
afdb_Q94655_v6	afdb_Q9AGP8_v6	4.039E-01	2.692E-01	4.046E-01	0.214	40
afdb_Q94655_v6	afdb_P80324_v6	2.948E-01	3.758E-01	3.857E-01	0.082	29
afdb_Q94655_v6	afdb_P0A1E3_v6	2.640E-01	3.687E-01	3.808E-01	0.063	26
afdb_Q94655_v6	afdb_O59791_v6	2.571E-01	3.654E-01	3.717E-01	0.057	25
afdb_Q94655_v6	afdb_P28796_v6	2.991E-01	3.131E-01	3.387E-01	0.082	29
afdb_Q94655_v6	afdb_P77444_v6	2.786E-01	3.223E-01	3.272E-01	0.069	27
afdb_Q94655_v6	afdb_P00914_v6	2.912E-01	3.035E-01	3.087E-01	0.082	29
afdb_Q94655_v6	afdb_Q6LZM9_v6	2.830E-01	3.117E-01	3.122E-01	0.076	28
afdb_Q94655_v6	afdb_P00935_v6	2.687E-01	3.236E-01	3.341E-01	0.063	26
afdb_Q94655_v6	afdb_Q58989_v6	2.002E-01	3.818E-01	3.842E-01	0.029	20
afdb_Q94655_v6	afdb_P06721_v6	2.624E-01	3.093E-01	3.159E-01	0.063	26
afdb_Q94655_v6	afdb_Q6YBS3_v6	3.108E-01	2.600E-01	3.213E-01	0.098	31
afdb_Q94655_v6	afdb_Q9L9D7_v6	2.992E-01	2.704E-01	3.123E-01	0.082	29
afdb_Q94655_v6	afdb_P00396_v6	2.870E-01	2.819E-01	3.041E-01	0.076	28
afdb_Q94655_v6	afdb_P25910_v6	2.127E-01	3.551E-01	3.637E-01	0.034	21
afdb_Q94655_v6	afdb_P09184_v6	1.696E-01	3.956E-01	4.069E-01	0.014	16
afdb_Q94655_v6	afdb_P52700_v6	2.267E-01	3.357E-01	3.731E-01	0.040	22
afdb_Q94655_v6	afdb_O58727_v6	1.736E-01	3.851E-01	3.865E-01	0.016	17
afdb_Q94655_v6	afdb_Q00441_v6	2.582E-01	3.004E-01	3.156E-01	0.057	25
afdb_Q94655_v6	afdb_P83772_v6	2.136E-01	3.364E-01	3.398E-01	0.034	21
afdb_Q94655_v6	afdb_Q8RB32_v6	2.011E-01	3.449E-01	3.468E-01	0.029	20
afdb_Q94655_v6	afdb_P22266_v6	2.343E-01	3.109E-01	3.402E-01	0.045	23
afdb_Q94655_v6	afdb_P0CE47_v6	2.469E-01	2.923E-01	2.943E-01	0.051	24
afdb_Q94655_v6	afdb_P0A6C1_v6	2.090E-01	3.203E-01	3.301E-01	0.029	20
afdb_Q94655_v6	afdb_Q9FEW9_v6	2.426E-01	2.853E-01	2.963E-01	0.051	24
afdb_Q94655_v6	afdb_P16444_v6	2.443E-01	2.810E-01	3.432E-01	0.051	24
afdb_Q94655_v6	afdb_P83788_v6	2.457E-01	2.796E-01	2.943E-01	0.051	24
afdb_Q94655_v6	afdb_Q05755_v6	3.693E-01	1.547E-01	3.784E-01	0.150	36
afdb_Q94655_v6	afdb_P08819_v6	2.495E-01	2.713E-01	3.100E-01	0.051	24
afdb_Q94655_v6	afdb_P21327_v6	2.390E-01	2.803E-01	3.238E-01	0.045	23
afdb_Q94655_v6	afdb_Q12178_v6	1.454E-01	3.735E-01	4.313E-01	0.010	14
afdb_Q94655_v6	afdb_P08148_v6	2.762E-01	2.445E-01	2.942E-01	0.069	27
afdb_Q94655_v6	afdb_Q16775_v6	2.100E-01	3.040E-01	3.329E-01	0.029	20
afdb_Q94655_v6	afdb_P05521_v6	2.100E-01	3.043E-01	3.212E-01	0.029	20
afdb_Q94655_v6	afdb_P04042_v6	2.228E-01	2.870E-01	3.036E-01	0.040	22
afdb_Q94655_v6	afdb_P03958_v6	2.212E-01	2.876E-01	3.112E-01	0.040	22
afdb_Q94655_v6	afdb_P00388_v6	2.820E-01	2.244E-01	3.004E-01	0.076	28
afdb_Q94655_v6	afdb_Q9NPB1_v6	1.767E-01	3.284E-01	3.770E-01	0.016	17
afdb_Q94655_v6	afdb_P05414_v6	2.253E-01	2.798E-01	3.234E-01	0.040	22
afdb_Q94655_v6	afdb_P24474_v6	2.635E-01	2.411E-01	3.310E-01	0.063	26
afdb_Q94655_v6	afdb_Q02899_v6	2.312E-01	2.682E-01	2.929E-01	0.045	23
afdb_Q94655_v6	afdb_P81054_v6	2.163E-01	2.819E-01	2.897E-01	0.034	21
afdb_Q94655_v6	afdb_P04190_v6	1.886E-01	3.099E-01	3.372E-01	0.020	18
afdb_Q94655_v6	afdb_Q7SID9_v6	2.591E-01	2.380E-01	3.468E-01	0.057	25
afdb_Q94655_v6	afdb_P0A6K3_v6	1.507E-01	3.447E-01	3.505E-01	0.011	15
afdb_Q94655_v6	afdb_P30850_v6	2.699E-01	2.243E-01	2.886E-01	0.063	26
afdb_Q94655_v6	afdb_P21836_v6	2.643E-01	2.279E-01	2.704E-01	0.063	26
afdb_Q94655_v6	afdb_P83686_v6	1.864E-01	3.050E-01	3.367E-01	0.020	18
afdb_Q94655_v6	afdb_P00777_v6	2.004E-01	2.901E-01	3.336E-01	0.029	20
afdb_Q94655_v6	afdb_Q9UMR5_v6	1.987E-01	2.902E-01	3.266E-01	0.024	19
afdb_Q94655_v6	afdb_P05725_v6	1.496E-01	3.385E-01	3.565E-01	0.010	14
afdb_Q94655_v6	afdb_Q01693_v6	2.448E-01	2.432E-01	2.507E-01	0.051	24
afdb_Q94655_v6	afdb_P14779_v6	3.078E-01	1.780E-01	3.087E-01	0.090	30
afdb_Q94655_v6	afdb_P96965_v6	1.925E-01	2.905E-01	3.036E-01	0.024	19
afdb_Q94655_v6	afdb_P53608_v6	1.960E-01	2.810E-01	2.828E-01	0.024	19
afdb_Q94655_v6	afdb_P00644_v6	1.700E-01	3.017E-01	3.096E-01	0.014	16
afdb_Q94655_v6	afdb_P00175_v6	2.501E-01	2.217E-01	2.745E-01	0.057	25
afdb_Q94655_v6	afdb_O33199_v6	1.600E-01	3.093E-01	3.114E-01	0.011	15
afdb_Q94655_v6	afdb_P06621_v6	2.190E-01	2.491E-01	2.841E-01	0.034	21
afdb_Q94655_v6	afdb_P39377_v6	2.133E-01	2.548E-01	2.872E-01	0.034	21
afdb_Q94655_v6	afdb_P56216_v6	2.416E-01	2.237E-01	3.010E-01	0.051	24
afdb_Q94655_v6	afdb_Q3HWU8_v6	1.805E-01	2.835E-01	2.950E-01	0.020	18
afdb_Q94655_v6	afdb_P00860_v6	2.243E-01	2.380E-01	2.818E-01	0.040	22
afdb_Q94655_v6	afdb_P35049_v6	1.736E-01	2.885E-01	3.156E-01	0.016	17
afdb_Q94655_v6	afdb_F8W4B7_v6	2.968E-01	1.639E-01	3.240E-01	0.082	29
afdb_Q94655_v6	afdb_P27170_v6	2.020E-01	2.581E-01	2.882E-01	0.029	20
afdb_Q94655_v6	afdb_P0A6T5_v6	1.633E-01	2.931E-01	3.179E-01	0.014	16
afdb_Q94655_v6	afdb_P21179_v6	2.619E-01	1.939E-01	2.807E-01	0.063	26
afdb_Q94655_v6	afdb_P28305_v6	1.760E-01	2.765E-01	2.927E-01	0.016	17
afdb_Q94655_v6	afdb_P18314_v6	2.366E-01	2.168E-01	2.460E-01	0.045	23
afdb_Q94655_v6	afdb_P19938_v6	1.813E-01	2.714E-01	2.735E-01	0.020	18
afdb_Q94655_v6	afdb_P00766_v6	1.661E-01	2.778E-01	2.961E-01	0.014	16
afdb_Q94655_v6	afdb_Q9XBQ8_v6	2.077E-01	2.358E-01	2.463E-01	0.029	20
afdb_Q94655_v6	afdb_Q6UV28_v6	1.275E-01	2.994E-01	3.513E-01	0.008	12
afdb_Q94655_v6	afdb_O13297_v6	2.167E-01	2.024E-01	2.444E-01	0.034	21
afdb_Q94655_v6	afdb_P13717_v6	1.594E-01	2.552E-01	2.755E-01	0.011	15
afdb_Q94655_v6	afdb_P71119_v6	1.435E-01	2.588E-01	3.006E-01	0.010	14
afdb_Q94655_v6	afdb_P09883_v6	1.944E-01	1.758E-01	2.054E-01	0.024	19
afdb_Q97GC0_v6	afdb_P25910_v6	4.760E-01	7.288E-01	7.928E-01	0.382	47
afdb_Q97GC0_v6	afdb_P04190_v6	4.626E-01	6.899E-01	8.006E-01	0.353	46
afdb_Q97GC0_v6	afdb_P52700_v6	4.692E-01	6.309E-01	7.271E-01	0.353	46
afdb_Q97GC0_v6	afdb_Q16775_v6	4.403E-01	5.564E-01	6.410E-01	0.301	44
afdb_Q97GC0_v6	afdb_Q00017_v6	2.910E-01	4.271E-01	6.186E-01	0.082	29
afdb_Q97GC0_v6	afdb_O58727_v6	2.351E-01	4.541E-01	5.404E-01	0.045	23
afdb_Q97GC0_v6	afdb_O59791_v6	3.150E-01	3.691E-01	3.742E-01	0.098	31
afdb_Q97GC0_v6	afdb_P0A1E3_v6	3.111E-01	3.649E-01	3.796E-01	0.098	31
afdb_Q97GC0_v6	afdb_P37957_v6	2.512E-01	4.129E-01	5.299E-01	0.057	25
afdb_Q97GC0_v6	afdb_P42593_v6	3.841E-01	2.612E-01	3.892E-01	0.179	38
afdb_Q97GC0_v6	afdb_P13717_v6	2.746E-01	3.679E-01	3.940E-01	0.069	27
afdb_Q97GC0_v6	afdb_P00914_v6	3.383E-01	3.008E-01	3.475E-01	0.116	33
afdb_Q97GC0_v6	afdb_P16099_v6	3.906E-01	2.488E-01	3.960E-01	0.196	39
afdb_Q97GC0_v6	afdb_P09030_v6	2.635E-01	3.580E-01	4.313E-01	0.063	26
afdb_Q97GC0_v6	afdb_Q3HWU8_v6	2.645E-01	3.530E-01	4.300E-01	0.063	26
afdb_Q97GC0_v6	afdb_Q6YBS3_v6	3.592E-01	2.539E-01	3.612E-01	0.138	35
afdb_Q97GC0_v6	afdb_P00388_v6	3.650E-01	2.479E-01	4.052E-01	0.150	36
afdb_Q97GC0_v6	afdb_Q75WN8_v6	2.649E-01	3.471E-01	5.531E-01	0.063	26
afdb_Q97GC0_v6	afdb_P53608_v6	2.719E-01	3.389E-01	4.008E-01	0.069	27
afdb_Q97GC0_v6	afdb_Q12178_v6	2.041E-01	4.050E-01	4.498E-01	0.029	20
afdb_Q97GC0_v6	afdb_P05521_v6	2.693E-01	3.362E-01	5.782E-01	0.063	26
afdb_Q97GC0_v6	afdb_P12995_v6	3.101E-01	2.948E-01	3.415E-01	0.098	31
afdb_Q97GC0_v6	afdb_Q01693_v6	3.271E-01	2.773E-01	3.277E-01	0.106	32
afdb_Q97GC0_v6	afdb_P0CE47_v6	2.994E-01	3.034E-01	6.757E-01	0.082	29
afdb_Q97GC0_v6	afdb_Q9UMR5_v6	2.670E-01	3.339E-01	5.516E-01	0.063	26
afdb_Q97GC0_v6	afdb_P0AB77_v6	2.985E-01	2.996E-01	3.470E-01	0.082	29
afdb_Q97GC0_v6	afdb_Q9NPB1_v6	2.273E-01	3.664E-01	5.125E-01	0.040	22
afdb_Q97GC0_v6	afdb_P45478_v6	2.658E-01	3.276E-01	5.496E-01	0.063	26
afdb_Q97GC0_v6	afdb_P77444_v6	2.961E-01	2.929E-01	3.287E-01	0.082	29
afdb_Q97GC0_v6	afdb_P37062_v6	3.060E-01	2.830E-01	3.066E-01	0.090	30
afdb_Q97GC0_v6	afdb_P21179_v6	3.651E-01	2.226E-01	3.762E-01	0.150	36
afdb_Q97GC0_v6	afdb_P83788_v6	2.956E-01	2.872E-01	3.309E-01	0.082	29
afdb_Q97GC0_v6	afdb_P00489_v6	3.772E-01	2.045E-01	3.814E-01	0.164	37
afdb_Q97GC0_v6	afdb_P03958_v6	2.767E-01	3.024E-01	3.881E-01	0.069	27
afdb_Q97GC0_v6	afdb_P0A6C1_v6	2.560E-01	3.229E-01	3.600E-01	0.057	25
afdb_Q97GC0_v6	afdb_P00935_v6	2.848E-01	2.922E-01	2.991E-01	0.076	28
afdb_Q97GC0_v6	afdb_P21327_v6	2.879E-01	2.879E-01	3.062E-01	0.076	28
afdb_Q97GC0_v6	afdb_P16932_v6	2.960E-01	2.798E-01	3.256E-01	0.082	29
afdb_Q97GC0_v6	afdb_P06621_v6	2.913E-01	2.842E-01	3.608E-01	0.082	29
afdb_Q97GC0_v6	afdb_P16444_v6	2.892E-01	2.835E-01	3.027E-01	0.076	28
afdb_Q97GC0_v6	afdb_P24630_v6	2.923E-01	2.762E-01	3.203E-01	0.082	29
afdb_Q97GC0_v6	afdb_Q8RB32_v6	2.345E-01	3.329E-01	3.537E-01	0.045	23
afdb_Q97GC0_v6	afdb_P08473_v6	3.511E-01	2.159E-01	3.652E-01	0.138	35
afdb_Q97GC0_v6	afdb_P83686_v6	2.420E-01	3.222E-01	3.661E-01	0.051	24
afdb_Q97GC0_v6	afdb_P05414_v6	2.735E-01	2.898E-01	3.903E-01	0.069	27
afdb_Q97GC0_v6	afdb_P00639_v6	2.470E-01	3.164E-01	3.620E-01	0.051	24
afdb_Q97GC0_v6	afdb_Q9FEW9_v6	2.787E-01	2.806E-01	3.231E-01	0.069	27
afdb_Q97GC0_v6	afdb_P04042_v6	2.656E-01	2.931E-01	3.914E-01	0.063	26
afdb_Q97GC0_v6	afdb_P56218_v6	2.485E-01	3.096E-01	3.398E-01	0.051	24
afdb_Q97GC0_v6	afdb_Q58989_v6	2.138E-01	3.443E-01	3.721E-01	0.034	21
afdb_Q97GC0_v6	afdb_Q9AGP8_v6	3.498E-01	2.013E-01	3.613E-01	0.126	34
afdb_Q97GC0_v6	afdb_P06721_v6	2.743E-01	2.767E-01	2.842E-01	0.069	27
afdb_Q97GC0_v6	afdb_P0A9P4_v6	2.514E-01	2.977E-01	3.298E-01	0.057	25
afdb_Q97GC0_v6	afdb_P29183_v6	2.872E-01	2.601E-01	2.921E-01	0.076	28
afdb_Q97GC0_v6	afdb_P00175_v6	3.100E-01	2.346E-01	3.103E-01	0.090	30
afdb_Q97GC0_v6	afdb_P55038_v6	4.064E-01	1.337E-01	4.093E-01	0.214	40
afdb_Q97GC0_v6	afdb_P96965_v6	2.350E-01	3.038E-01	3.632E-01	0.045	23
afdb_Q97GC0_v6	afdb_Q7ZAG8_v6	2.696E-01	2.657E-01	2.967E-01	0.063	26
afdb_Q97GC0_v6	afdb_Q28943_v6	3.612E-01	1.715E-01	3.809E-01	0.150	36
afdb_Q97GC0_v6	afdb_F8W4B7_v6	3.615E-01	1.698E-01	3.628E-01	0.150	36
afdb_Q97GC0_v6	afdb_Q06241_v6	2.002E-01	3.261E-01	3.434E-01	0.029	20
afdb_Q97GC0_v6	afdb_P30122_v6	2.962E-01	2.218E-01	2.967E-01	0.082	29
afdb_Q97GC0_v6	afdb_P27487_v6	3.151E-01	1.996E-01	3.337E-01	0.098	31
afdb_Q97GC0_v6	afdb_P0A6G7_v6	1.955E-01	3.156E-01	3.320E-01	0.024	19
afdb_Q97GC0_v6	afdb_P18314_v6	2.872E-01	2.220E-01	3.138E-01	0.076	28
afdb_Q97GC0_v6	afdb_P22266_v6	2.408E-01	2.683E-01	3.120E-01	0.051	24
afdb_Q97GC0_v6	afdb_P22394_v6	2.855E-01	2.224E-01	2.860E-01	0.076	28
afdb_Q97GC0_v6	afdb_Q05755_v6	3.743E-01	1.318E-01	3.770E-01	0.164	37
afdb_Q97GC0_v6	afdb_A0A0C6DRW4_v6	2.551E-01	2.476E-01	2.863E-01	0.057	25
afdb_Q97GC0_v6	afdb_P35049_v6	2.095E-01	2.901E-01	3.108E-01	0.029	20
afdb_Q97GC0_v6	afdb_P00800_v6	2.772E-01	2.209E-01	3.373E-01	0.069	27
afdb_Q97GC0_v6	afdb_P81054_v6	2.374E-01	2.612E-01	2.785E-01	0.045	23
afdb_Q97GC0_v6	afdb_O16025_v6	3.365E-01	1.599E-01	3.493E-01	0.116	33
afdb_Q97GC0_v6	afdb_Q29460_v6	1.989E-01	2.966E-01	4.017E-01	0.024	19
afdb_Q97GC0_v6	afdb_P28305_v6	2.138E-01	2.818E-01	3.058E-01	0.034	21
afdb_Q97GC0_v6	afdb_P43099_v6	2.960E-01	1.912E-01	2.965E-01	0.082	29
afdb_Q97GC0_v6	afdb_P08165_v6	2.618E-01	2.262E-01	3.097E-01	0.063	26
afdb_Q97GC0_v6	afdb_Q9XBQ8_v6	2.457E-01	2.390E-01	2.484E-01	0.051	24
afdb_Q97GC0_v6	afdb_P37967_v6	2.593E-01	2.254E-01	2.597E-01	0.057	25
afdb_Q97GC0_v6	afdb_P08148_v6	2.750E-01	2.085E-01	2.844E-01	0.069	27
afdb_Q97GC0_v6	afdb_P80324_v6	2.351E-01	2.486E-01	2.840E-01	0.045	23
afdb_Q97GC0_v6	afdb_P14779_v6	3.220E-01	1.549E-01	3.351E-01	0.106	32
afdb_Q97GC0_v6	afdb_P0A6K3_v6	1.673E-01	3.072E-01	3.120E-01	0.014	16
afdb_Q97GC0_v6	afdb_P00396_v6	2.570E-01	2.158E-01	2.769E-01	0.057	25
afdb_Q97GC0_v6	afdb_P30850_v6	2.748E-01	1.934E-01	3.216E-01	0.069	27
afdb_Q97GC0_v6	afdb_P21836_v6	2.703E-01	1.953E-01	2.708E-01	0.069	27
afdb_Q97GC0_v6	afdb_P71119_v6	1.801E-01	2.797E-01	3.094E-01	0.020	18
afdb_Q97GC0_v6	afdb_P40881_v6	1.918E-01	2.679E-01	2.824E-01	0.024	19
afdb_Q97GC0_v6	afdb_Q945K2_v6	2.571E-01	2.000E-01	2.661E-01	0.057	25
afdb_Q97GC0_v6	afdb_P12821_v6	3.221E-01	1.261E-01	3.335E-01	0.106	32
afdb_Q97GC0_v6	afdb_P46076_v6	2.124E-01	2.320E-01	2.944E-01	0.034	21
afdb_Q97GC0_v6	afdb_Q7SID9_v6	2.486E-01	1.932E-01	2.831E-01	0.051	24
afdb_Q97GC0_v6	afdb_P00644_v6	1.771E-01	2.607E-01	2.931E-01	0.016	17
afdb_Q97GC0_v6	afdb_P00918_v6	1.821E-01	2.444E-01	2.450E-01	0.020	18
afdb_Q97GC0_v6	afdb_P22637_v6	2.379E-01	1.899E-01	2.533E-01	0.045	23
afdb_Q55DH8_v6	afdb_P21179_v6	9.782E-01	8.997E-01	9.796E-01	0.999	97
afdb_Q55DH8_v6	afdb_O16025_v6	3.814E-01	2.530E-01	7.332E-01	0.179	38
afdb_Q55DH8_v6	afdb_P37957_v6	1.742E-01	4.586E-01	4.788E-01	0.016	17
afdb_Q55DH8_v6	afdb_P00489_v6	3.190E-01	2.757E-01	3.238E-01	0.098	31
afdb_Q55DH8_v6	afdb_Q9NPB1_v6	1.573E-01	4.071E-01	4.452E-01	0.011	15
afdb_Q55DH8_v6	afdb_Q29460_v6	1.596E-01	3.969E-01	4.627E-01	0.011	15
afdb_Q55DH8_v6	afdb_P0CE47_v6	2.217E-01	3.324E-01	3.421E-01	0.040	22
afdb_Q55DH8_v6	afdb_P43099_v6	2.798E-01	2.692E-01	2.962E-01	0.069	27
afdb_Q55DH8_v6	afdb_P22394_v6	2.516E-01	2.925E-01	3.014E-01	0.057	25
afdb_Q55DH8_v6	afdb_P83788_v6	2.230E-01	3.184E-01	3.424E-01	0.040	22
afdb_Q55DH8_v6	afdb_A0A0C6DRW4_v6	2.179E-01	3.211E-01	3.391E-01	0.034	21
afdb_Q55DH8_v6	afdb_P15289_v6	2.393E-01	3.001E-01	3.337E-01	0.045	23
afdb_Q55DH8_v6	afdb_Q05769_v6	2.532E-01	2.803E-01	3.061E-01	0.057	25
afdb_Q55DH8_v6	afdb_P00396_v6	2.362E-01	2.948E-01	3.133E-01	0.045	23
afdb_Q55DH8_v6	afdb_Q9AGP8_v6	2.792E-01	2.444E-01	2.816E-01	0.069	27
afdb_Q55DH8_v6	afdb_Q16775_v6	1.874E-01	3.346E-01	3.553E-01	0.020	18
afdb_Q55DH8_v6	afdb_P37967_v6	2.263E-01	2.931E-01	3.007E-01	0.040	22
afdb_Q55DH8_v6	afdb_P00935_v6	2.039E-01	3.109E-01	3.133E-01	0.029	20
afdb_Q55DH8_v6	afdb_P25910_v6	1.580E-01	3.538E-01	3.612E-01	0.011	15
afdb_Q55DH8_v6	afdb_Q945K2_v6	2.370E-01	2.746E-01	3.080E-01	0.045	23
afdb_Q55DH8_v6	afdb_P77444_v6	2.056E-01	3.017E-01	3.228E-01	0.029	20
afdb_Q55DH8_v6	afdb_P55038_v6	3.305E-01	1.767E-01	3.308E-01	0.116	33
afdb_Q55DH8_v6	afdb_P45478_v6	1.693E-01	3.380E-01	3.528E-01	0.014	16
afdb_Q55DH8_v6	afdb_Q6LZM9_v6	2.117E-01	2.943E-01	3.074E-01	0.034	21
afdb_Q55DH8_v6	afdb_Q05755_v6	3.259E-01	1.787E-01	3.263E-01	0.106	32
afdb_Q55DH8_v6	afdb_P27170_v6	1.876E-01	3.133E-01	3.268E-01	0.020	18
afdb_Q55DH8_v6	afdb_P06721_v6	2.008E-01	2.992E-01	3.023E-01	0.024	19
afdb_Q55DH8_v6	afdb_Q9UMR5_v6	1.679E-01	3.302E-01	3.474E-01	0.014	16
afdb_Q55DH8_v6	afdb_O58727_v6	1.335E-01	3.625E-01	3.932E-01	0.009	13
afdb_Q55DH8_v6	afdb_P56218_v6	1.706E-01	3.251E-01	3.696E-01	0.016	17
afdb_Q55DH8_v6	afdb_P10902_v6	2.248E-01	2.689E-01	2.906E-01	0.040	22
afdb_Q55DH8_v6	afdb_P00918_v6	1.612E-01	3.314E-01	3.419E-01	0.014	16
afdb_Q55DH8_v6	afdb_P04190_v6	1.559E-01	3.347E-01	3.620E-01	0.011	15
afdb_Q55DH8_v6	afdb_Q12178_v6	1.205E-01	3.698E-01	3.755E-01	0.008	12
afdb_Q55DH8_v6	afdb_P00644_v6	1.482E-01	3.413E-01	3.518E-01	0.010	14
afdb_Q55DH8_v6	afdb_P00388_v6	2.423E-01	2.455E-01	2.614E-01	0.051	24
afdb_Q55DH8_v6	afdb_P00392_v6	2.256E-01	2.617E-01	2.704E-01	0.040	22
afdb_Q55DH8_v6	afdb_Q02899_v6	1.943E-01	2.914E-01	3.058E-01	0.024	19
afdb_Q55DH8_v6	afdb_P00914_v6	2.096E-01	2.766E-01	3.064E-01	0.029	20
afdb_Q55DH8_v6	afdb_P83772_v6	1.591E-01	3.240E-01	3.450E-01	0.011	15
afdb_Q55DH8_v6	afdb_P05521_v6	1.668E-01	3.164E-01	3.453E-01	0.014	16
afdb_Q55DH8_v6	afdb_P12995_v6	2.016E-01	2.814E-01	3.094E-01	0.029	20
afdb_Q55DH8_v6	afdb_P08373_v6	1.803E-01	3.012E-01	3.238E-01	0.016	17
afdb_Q55DH8_v6	afdb_Q00017_v6	1.511E-01	3.283E-01	3.311E-01	0.011	15
afdb_Q55DH8_v6	afdb_P37062_v6	2.007E-01	2.771E-01	2.995E-01	0.029	20
afdb_Q55DH8_v6	afdb_P18314_v6	2.209E-01	2.562E-01	2.632E-01	0.040	22
afdb_Q55DH8_v6	afdb_P96965_v6	1.637E-01	3.134E-01	3.154E-01	0.014	16
afdb_Q55DH8_v6	afdb_P56216_v6	2.212E-01	2.556E-01	2.697E-01	0.040	22
afdb_Q55DH8_v6	afdb_Q8RB32_v6	1.501E-01	3.253E-01	3.315E-01	0.011	15
afdb_Q55DH8_v6	afdb_P16099_v6	2.410E-01	2.320E-01	2.770E-01	0.051	24
afdb_Q55DH8_v6	afdb_P42593_v6	2.336E-01	2.383E-01	2.496E-01	0.045	23
afdb_Q55DH8_v6	afdb_P06621_v6	1.915E-01	2.798E-01	3.292E-01	0.024	19
afdb_Q55DH8_v6	afdb_P21327_v6	1.890E-01	2.819E-01	2.872E-01	0.020	18
afdb_Q55DH8_v6	afdb_P05414_v6	1.807E-01	2.905E-01	2.968E-01	0.020	18
afdb_Q55DH8_v6	afdb_P52700_v6	1.571E-01	3.127E-01	3.523E-01	0.011	15
afdb_Q55DH8_v6	afdb_Q58989_v6	1.320E-01	3.361E-01	3.372E-01	0.009	13
afdb_Q55DH8_v6	afdb_Q75WN8_v6	1.609E-01	3.068E-01	3.385E-01	0.014	16
afdb_Q55DH8_v6	afdb_Q9L9D7_v6	2.171E-01	2.477E-01	2.481E-01	0.034	21
afdb_Q55DH8_v6	afdb_F8W4B7_v6	2.704E-01	1.940E-01	2.707E-01	0.069	27
afdb_Q55DH8_v6	afdb_P00175_v6	2.182E-01	2.445E-01	2.629E-01	0.034	21
afdb_Q55DH8_v6	afdb_P28796_v6	1.980E-01	2.630E-01	2.654E-01	0.024	19
afdb_Q55DH8_v6	afdb_Q7SID9_v6	2.127E-01	2.467E-01	3.062E-01	0.034	21
afdb_Q55DH8_v6	afdb_Q6UV28_v6	1.022E-01	3.531E-01	3.899E-01	0.000	10
afdb_Q55DH8_v6	afdb_P24630_v6	1.885E-01	2.667E-01	2.952E-01	0.020	18
afdb_Q55DH8_v6	afdb_P22266_v6	1.685E-01	2.845E-01	3.313E-01	0.014	16
afdb_Q55DH8_v6	afdb_P08473_v6	2.321E-01	2.199E-01	2.478E-01	0.045	23
afdb_Q55DH8_v6	afdb_P14779_v6	2.600E-01	1.895E-01	2.759E-01	0.063	26
afdb_Q55DH8_v6	afdb_P09883_v6	2.106E-01	2.388E-01	2.428E-01	0.034	21
afdb_Q55DH8_v6	afdb_Q6YBS3_v6	2.173E-01	2.309E-01	2.472E-01	0.034	21
afdb_Q55DH8_v6	afdb_P27487_v6	2.325E-01	2.155E-01	2.511E-01	0.045	23
afdb_Q55DH8_v6	afdb_Q56839_v6	2.004E-01	2.468E-01	2.885E-01	0.024	19
afdb_Q55DH8_v6	afdb_P81054_v6	1.683E-01	2.769E-01	2.903E-01	0.014	16
afdb_Q55DH8_v6	afdb_P39377_v6	1.755E-01	2.693E-01	3.294E-01	0.016	17
afdb_Q55DH8_v6	afdb_Q9FEW9_v6	1.784E-01	2.661E-01	2.863E-01	0.016	17
afdb_Q55DH8_v6	afdb_P40859_v6	1.756E-01	2.669E-01	3.117E-01	0.016	17
afdb_Q55DH8_v6	afdb_P15917_v6	2.338E-01	2.084E-01	2.443E-01	0.045	23
afdb_Q55DH8_v6	afdb_P04042_v6	1.653E-01	2.757E-01	2.827E-01	0.014	16
afdb_Q55DH8_v6	afdb_P05725_v6	1.088E-01	3.297E-01	3.366E-01	0.000	10
afdb_Q55DH8_v6	afdb_P30850_v6	2.125E-01	2.240E-01	3.338E-01	0.034	21
afdb_Q55DH8_v6	afdb_P0A6C1_v6	1.497E-01	2.821E-01	2.931E-01	0.010	14
afdb_Q55DH8_v6	afdb_P00800_v6	1.938E-01	2.327E-01	2.997E-01	0.024	19
afdb_Q55DH8_v6	afdb_P09030_v6	1.416E-01	2.833E-01	2.868E-01	0.010	14
afdb_Q55DH8_v6	afdb_Q7ZAG8_v6	1.712E-01	2.478E-01	2.669E-01	0.016	17
afdb_Q55DH8_v6	afdb_P19938_v6	1.431E-01	2.753E-01	3.122E-01	0.010	14
afdb_Q55DH8_v6	afdb_P53608_v6	1.435E-01	2.676E-01	2.718E-01	0.010	14
afdb_Q55DH8_v6	afdb_P12821_v6	2.527E-01	1.560E-01	2.697E-01	0.057	25
afdb_Q55DH8_v6	afdb_P0A6T5_v6	1.223E-01	2.817E-01	2.912E-01	0.008	12
afdb_Q55DH8_v6	afdb_P08165_v6	1.728E-01	2.235E-01	2.376E-01	0.016	17
afdb_Q55DH8_v6	afdb_O13297_v6	1.747E-01	2.061E-01	2.314E-01	0.016	17
afdb_Q5VYX0_v6	afdb_P40859_v6	6.501E-01	5.827E-01	6.548E-01	0.872	65
afdb_Q5VYX0_v6	afdb_P80324_v6	6.251E-01	5.878E-01	6.266E-01	0.817	62
afdb_Q5VYX0_v6	afdb_P22637_v6	5.981E-01	4.072E-01	6.021E-01	0.747	59
afdb_Q5VYX0_v6	afdb_P10902_v6	5.977E-01	4.045E-01	5.992E-01	0.747	59
afdb_Q5VYX0_v6	afdb_P0A9P4_v6	4.828E-01	5.088E-01	5.249E-01	0.411	48
afdb_Q5VYX0_v6	afdb_Q945K2_v6	5.759E-01	3.875E-01	5.772E-01	0.692	57
afdb_Q5VYX0_v6	afdb_Q9AGP8_v6	6.372E-01	2.960E-01	6.418E-01	0.837	63
afdb_Q5VYX0_v6	afdb_Q7ZAG8_v6	4.462E-01	3.850E-01	4.547E-01	0.301	44
afdb_Q5VYX0_v6	afdb_P37062_v6	4.532E-01	3.646E-01	4.833E-01	0.326	45
afdb_Q5VYX0_v6	afdb_P08165_v6	4.473E-01	3.261E-01	4.484E-01	0.301	44
afdb_Q5VYX0_v6	afdb_P00392_v6	4.560E-01	3.038E-01	4.687E-01	0.326	45
afdb_Q5VYX0_v6	afdb_Q56839_v6	4.406E-01	3.103E-01	4.459E-01	0.301	44
afdb_Q5VYX0_v6	afdb_P96965_v6	3.167E-01	3.673E-01	4.019E-01	0.098	31
afdb_Q5VYX0_v6	afdb_Q3HWU8_v6	3.037E-01	3.598E-01	3.815E-01	0.090	30
afdb_Q5VYX0_v6	afdb_P05521_v6	3.148E-01	3.425E-01	4.107E-01	0.098	31
afdb_Q5VYX0_v6	afdb_O58727_v6	2.490E-01	4.031E-01	4.061E-01	0.051	24
afdb_Q5VYX0_v6	afdb_P83772_v6	2.937E-01	3.536E-01	3.567E-01	0.082	29
afdb_Q5VYX0_v6	afdb_Q29460_v6	2.639E-01	3.514E-01	4.067E-01	0.063	26
afdb_Q5VYX0_v6	afdb_Q9UMR5_v6	2.930E-01	3.199E-01	3.480E-01	0.082	29
afdb_Q5VYX0_v6	afdb_P06621_v6	3.267E-01	2.844E-01	3.308E-01	0.106	32
afdb_Q5VYX0_v6	afdb_Q9NPB1_v6	2.576E-01	3.528E-01	3.971E-01	0.057	25
afdb_Q5VYX0_v6	afdb_P00639_v6	2.826E-01	3.258E-01	3.528E-01	0.076	28
afdb_Q5VYX0_v6	afdb_Q28943_v6	4.357E-01	1.652E-01	4.597E-01	0.277	43
afdb_Q5VYX0_v6	afdb_Q58989_v6	2.464E-01	3.514E-01	4.010E-01	0.051	24
afdb_Q5VYX0_v6	afdb_O59791_v6	2.927E-01	3.042E-01	3.223E-01	0.082	29
afdb_Q5VYX0_v6	afdb_P37957_v6	2.446E-01	3.513E-01	3.945E-01	0.051	24
afdb_Q5VYX0_v6	afdb_P0A1E3_v6	2.902E-01	3.016E-01	3.182E-01	0.076	28
afdb_Q5VYX0_v6	afdb_P16099_v6	3.888E-01	2.021E-01	4.210E-01	0.179	38
afdb_Q5VYX0_v6	afdb_Q7SID9_v6	3.425E-01	2.378E-01	3.432E-01	0.126	34
afdb_Q5VYX0_v6	afdb_P00935_v6	3.016E-01	2.759E-01	3.559E-01	0.090	30
afdb_Q5VYX0_v6	afdb_P08819_v6	3.125E-01	2.607E-01	3.222E-01	0.098	31
afdb_Q5VYX0_v6	afdb_P00860_v6	3.155E-01	2.531E-01	3.180E-01	0.098	31
afdb_Q5VYX0_v6	afdb_Q00017_v6	2.546E-01	3.139E-01	3.361E-01	0.057	25
afdb_Q5VYX0_v6	afdb_P00489_v6	3.796E-01	1.843E-01	3.805E-01	0.164	37
afdb_Q5VYX0_v6	afdb_P18314_v6	3.356E-01	2.268E-01	3.612E-01	0.116	33
afdb_Q5VYX0_v6	afdb_Q9L9D7_v6	3.349E-01	2.262E-01	3.745E-01	0.116	33
afdb_Q5VYX0_v6	afdb_P77444_v6	2.967E-01	2.614E-01	3.520E-01	0.082	29
afdb_Q5VYX0_v6	afdb_P04190_v6	2.486E-01	3.054E-01	3.539E-01	0.051	24
afdb_Q5VYX0_v6	afdb_P00914_v6	3.084E-01	2.426E-01	3.408E-01	0.090	30
afdb_Q5VYX0_v6	afdb_Q6LZM9_v6	2.985E-01	2.485E-01	3.466E-01	0.082	29
afdb_Q5VYX0_v6	afdb_P83788_v6	2.929E-01	2.524E-01	3.135E-01	0.082	29
afdb_Q5VYX0_v6	afdb_P16932_v6	2.952E-01	2.480E-01	3.418E-01	0.082	29
afdb_Q5VYX0_v6	afdb_P83686_v6	2.488E-01	2.899E-01	3.276E-01	0.051	24
afdb_Q5VYX0_v6	afdb_P12995_v6	2.915E-01	2.457E-01	3.401E-01	0.082	29
afdb_Q5VYX0_v6	afdb_P03958_v6	2.708E-01	2.654E-01	2.918E-01	0.069	27
afdb_Q5VYX0_v6	afdb_P22266_v6	2.660E-01	2.644E-01	2.929E-01	0.063	26
afdb_Q5VYX0_v6	afdb_P00800_v6	3.090E-01	2.172E-01	3.111E-01	0.090	30
afdb_Q5VYX0_v6	afdb_P39377_v6	2.738E-01	2.514E-01	2.743E-01	0.069	27
afdb_Q5VYX0_v6	afdb_P16444_v6	2.783E-01	2.430E-01	3.271E-01	0.069	27
afdb_Q5VYX0_v6	afdb_P06721_v6	2.737E-01	2.479E-01	3.116E-01	0.069	27
afdb_Q5VYX0_v6	afdb_P0AB77_v6	2.732E-01	2.461E-01	3.135E-01	0.069	27
afdb_Q5VYX0_v6	afdb_P05725_v6	1.922E-01	3.266E-01	3.459E-01	0.024	19
afdb_Q5VYX0_v6	afdb_P05414_v6	2.654E-01	2.526E-01	2.929E-01	0.063	26
afdb_Q5VYX0_v6	afdb_P56216_v6	3.049E-01	2.118E-01	3.068E-01	0.090	30
afdb_Q5VYX0_v6	afdb_Q16775_v6	2.475E-01	2.669E-01	3.551E-01	0.051	24
afdb_Q5VYX0_v6	afdb_Q6YBS3_v6	3.161E-01	1.948E-01	3.395E-01	0.098	31
afdb_Q5VYX0_v6	afdb_P04042_v6	2.568E-01	2.531E-01	3.023E-01	0.057	25
afdb_Q5VYX0_v6	afdb_P08148_v6	3.027E-01	2.030E-01	3.317E-01	0.090	30
afdb_Q5VYX0_v6	afdb_P0A6G7_v6	2.076E-01	2.962E-01	3.365E-01	0.029	20
afdb_Q5VYX0_v6	afdb_O13297_v6	2.928E-01	2.088E-01	3.246E-01	0.082	29
afdb_Q5VYX0_v6	afdb_P24474_v6	2.933E-01	2.033E-01	2.968E-01	0.082	29
afdb_Q5VYX0_v6	afdb_P0CE47_v6	2.605E-01	2.355E-01	3.012E-01	0.063	26
afdb_Q5VYX0_v6	afdb_P21179_v6	3.099E-01	1.751E-01	3.473E-01	0.090	30
afdb_Q5VYX0_v6	afdb_P00175_v6	2.885E-01	1.933E-01	3.307E-01	0.076	28
afdb_Q5VYX0_v6	afdb_P42593_v6	2.946E-01	1.786E-01	3.177E-01	0.082	29
afdb_Q5VYX0_v6	afdb_P00388_v6	2.947E-01	1.745E-01	3.072E-01	0.082	29
afdb_Q5VYX0_v6	afdb_P40881_v6	2.102E-01	2.598E-01	2.907E-01	0.029	20
afdb_Q5VYX0_v6	afdb_P21836_v6	2.842E-01	1.840E-01	2.887E-01	0.076	28
afdb_Q5VYX0_v6	afdb_P29183_v6	2.574E-01	2.065E-01	2.961E-01	0.057	25
afdb_Q5VYX0_v6	afdb_P08373_v6	2.294E-01	2.294E-01	2.406E-01	0.040	22
afdb_Q5VYX0_v6	afdb_P00918_v6	2.012E-01	2.427E-01	2.541E-01	0.029	20
afdb_Q5VYX0_v6	afdb_P14779_v6	2.958E-01	1.240E-01	3.499E-01	0.082	29
afdb_Q5VYX0_v6	afdb_P00777_v6	2.000E-01	2.177E-01	2.935E-01	0.024	19
afdb_Q5VYX0_v6	afdb_P21327_v6	2.164E-01	1.966E-01	2.544E-01	0.034	21
afdb_Q5VYX0_v6	afdb_P09883_v6	2.452E-01	1.665E-01	2.814E-01	0.051	24
afdb_Q5VYX0_v6	afdb_P15917_v6	2.677E-01	1.410E-01	2.682E-01	0.063	26
afdb_Q5VYX0_v6	afdb_P55038_v6	3.079E-01	9.290E-02	3.562E-01	0.090	30
afdb_Q5VYX0_v6	afdb_Q05755_v6	3.053E-01	9.499E-02	3.542E-01	0.090	30
afdb_Q68EN5_v6	afdb_P12821_v6	4.724E-01	1.955E-01	5.671E-01	0.382	47
afdb_Q68EN5_v6	afdb_P00800_v6	3.141E-01	2.782E-01	3.612E-01	0.098	31
afdb_Q68EN5_v6	afdb_P71119_v6	2.115E-01	3.715E-01	3.844E-01	0.034	21
afdb_Q68EN5_v6	afdb_P08473_v6	3.332E-01	2.283E-01	3.473E-01	0.116	33
afdb_Q68EN5_v6	afdb_Q75WN8_v6	2.271E-01	3.298E-01	3.559E-01	0.040	22
afdb_Q68EN5_v6	afdb_P22637_v6	2.937E-01	2.632E-01	3.143E-01	0.082	29
afdb_Q68EN5_v6	afdb_P48534_v6	2.149E-01	3.398E-01	3.597E-01	0.034	21
afdb_Q68EN5_v6	afdb_P46076_v6	2.447E-01	3.067E-01	3.216E-01	0.051	24
afdb_Q68EN5_v6	afdb_P08148_v6	2.999E-01	2.468E-01	3.399E-01	0.082	29
afdb_Q68EN5_v6	afdb_A0A0C6DRW4_v6	2.620E-01	2.848E-01	2.991E-01	0.063	26
afdb_Q68EN5_v6	afdb_P24630_v6	2.637E-01	2.794E-01	3.277E-01	0.063	26
afdb_Q68EN5_v6	afdb_P04190_v6	2.107E-01	3.293E-01	3.635E-01	0.034	21
afdb_Q68EN5_v6	afdb_P13717_v6	2.129E-01	3.207E-01	3.359E-01	0.034	21
afdb_Q68EN5_v6	afdb_P16932_v6	2.577E-01	2.743E-01	3.488E-01	0.057	25
afdb_Q68EN5_v6	afdb_P15289_v6	2.719E-01	2.580E-01	2.958E-01	0.069	27
afdb_Q68EN5_v6	afdb_P28796_v6	2.611E-01	2.627E-01	2.984E-01	0.063	26
afdb_Q68EN5_v6	afdb_P22394_v6	2.782E-01	2.450E-01	3.205E-01	0.069	27
afdb_Q68EN5_v6	afdb_Q01693_v6	2.676E-01	2.555E-01	3.044E-01	0.063	26
afdb_Q68EN5_v6	afdb_P12995_v6	2.526E-01	2.698E-01	3.063E-01	0.057	25
afdb_Q68EN5_v6	afdb_P00918_v6	2.020E-01	3.174E-01	3.253E-01	0.029	20
afdb_Q68EN5_v6	afdb_Q945K2_v6	2.764E-01	2.420E-01	3.294E-01	0.069	27
afdb_Q68EN5_v6	afdb_P03958_v6	2.325E-01	2.856E-01	2.867E-01	0.045	23
afdb_Q68EN5_v6	afdb_Q9L9D7_v6	2.769E-01	2.394E-01	3.242E-01	0.069	27
afdb_Q68EN5_v6	afdb_P45478_v6	2.165E-01	2.984E-01	3.572E-01	0.034	21
afdb_Q68EN5_v6	afdb_P06721_v6	2.408E-01	2.724E-01	2.885E-01	0.045	23
afdb_Q68EN5_v6	afdb_Q29460_v6	1.922E-01	3.212E-01	3.255E-01	0.024	19
afdb_Q68EN5_v6	afdb_P96965_v6	2.088E-01	3.011E-01	3.264E-01	0.029	20
afdb_Q68EN5_v6	afdb_P83788_v6	2.406E-01	2.630E-01	2.840E-01	0.051	24
afdb_Q68EN5_v6	afdb_P00396_v6	2.596E-01	2.433E-01	3.344E-01	0.057	25
afdb_Q68EN5_v6	afdb_P09598_v6	2.027E-01	2.971E-01	3.143E-01	0.029	20
afdb_Q68EN5_v6	afdb_P00914_v6	2.494E-01	2.490E-01	2.845E-01	0.051	24
afdb_Q68EN5_v6	afdb_O16025_v6	3.262E-01	1.717E-01	3.292E-01	0.106	32
afdb_Q68EN5_v6	afdb_Q9XBQ8_v6	2.371E-01	2.590E-01	2.853E-01	0.045	23
afdb_Q68EN5_v6	afdb_Q05769_v6	2.707E-01	2.249E-01	3.063E-01	0.069	27
afdb_Q68EN5_v6	afdb_Q9UMR5_v6	2.065E-01	2.863E-01	3.352E-01	0.029	20
afdb_Q68EN5_v6	afdb_P21836_v6	2.700E-01	2.222E-01	3.149E-01	0.063	26
afdb_Q68EN5_v6	afdb_P0CE47_v6	2.302E-01	2.613E-01	2.818E-01	0.045	23
afdb_Q68EN5_v6	afdb_P0AB77_v6	2.282E-01	2.571E-01	2.965E-01	0.040	22
afdb_Q68EN5_v6	afdb_P37957_v6	1.731E-01	3.099E-01	3.168E-01	0.016	17
afdb_Q68EN5_v6	afdb_Q6LZM9_v6	2.346E-01	2.471E-01	2.927E-01	0.045	23
afdb_Q68EN5_v6	afdb_P27487_v6	2.833E-01	1.970E-01	3.028E-01	0.076	28
afdb_Q68EN5_v6	afdb_P22266_v6	2.137E-01	2.645E-01	3.017E-01	0.034	21
afdb_Q68EN5_v6	afdb_Q00441_v6	2.259E-01	2.515E-01	2.546E-01	0.040	22
afdb_Q68EN5_v6	afdb_P05414_v6	2.186E-01	2.593E-01	3.237E-01	0.034	21
afdb_Q68EN5_v6	afdb_P00489_v6	2.889E-01	1.860E-01	2.945E-01	0.076	28
afdb_Q68EN5_v6	afdb_P18314_v6	2.535E-01	2.203E-01	2.979E-01	0.057	25
afdb_Q68EN5_v6	afdb_Q50925_v6	2.515E-01	2.207E-01	2.539E-01	0.057	25
afdb_Q68EN5_v6	afdb_P08373_v6	2.077E-01	2.619E-01	2.662E-01	0.029	20
afdb_Q68EN5_v6	afdb_Q6UV28_v6	1.384E-01	3.302E-01	3.726E-01	0.009	13
afdb_Q68EN5_v6	afdb_O59791_v6	2.034E-01	2.634E-01	2.820E-01	0.029	20
afdb_Q68EN5_v6	afdb_P0A1E3_v6	2.025E-01	2.628E-01	2.823E-01	0.029	20
afdb_Q68EN5_v6	afdb_P23295_v6	2.197E-01	2.441E-01	2.647E-01	0.034	21
afdb_Q68EN5_v6	afdb_P00388_v6	2.623E-01	1.990E-01	2.812E-01	0.063	26
afdb_Q68EN5_v6	afdb_P15917_v6	2.774E-01	1.838E-01	2.891E-01	0.069	27
afdb_Q68EN5_v6	afdb_P06621_v6	2.194E-01	2.412E-01	2.771E-01	0.034	21
afdb_Q68EN5_v6	afdb_P00777_v6	1.915E-01	2.681E-01	3.043E-01	0.024	19
afdb_Q68EN5_v6	afdb_P00175_v6	2.436E-01	2.061E-01	2.531E-01	0.051	24
afdb_Q68EN5_v6	afdb_P0A6C1_v6	1.842E-01	2.642E-01	2.646E-01	0.020	18
afdb_Q68EN5_v6	afdb_P81054_v6	2.003E-01	2.463E-01	2.937E-01	0.029	20
afdb_Q68EN5_v6	afdb_P42593_v6	2.495E-01	1.924E-01	3.190E-01	0.051	24
afdb_Q68EN5_v6	afdb_P24474_v6	2.320E-01	2.043E-01	2.914E-01	0.045	23
afdb_Q68EN5_v6	afdb_Q05755_v6	3.069E-01	1.231E-01	3.103E-01	0.090	30
afdb_Q68EN5_v6	afdb_P30850_v6	2.360E-01	1.873E-01	2.591E-01	0.045	23
afdb_Q68EN5_v6	afdb_P55038_v6	3.035E-01	1.172E-01	3.136E-01	0.090	30
afdb_Q68EN5_v6	afdb_Q28943_v6	2.563E-01	1.427E-01	2.974E-01	0.057	25
afdb_Q68EN5_v6	afdb_P09883_v6	2.139E-01	1.829E-01	2.423E-01	0.034	21
afdb_Q73WB6_v6	afdb_P21179_v6	8.152E-01	3.585E-01	8.681E-01	0.986	81
afdb_Q73WB6_v6	afdb_O16025_v6	7.945E-01	2.536E-01	8.109E-01	0.981	79
afdb_Q73WB6_v6	afdb_P56218_v6	2.922E-01	3.039E-01	3.131E-01	0.082	29
afdb_Q73WB6_v6	afdb_P0A6K3_v6	2.337E-01	3.584E-01	3.611E-01	0.045	23
afdb_Q73WB6_v6	afdb_P27170_v6	3.073E-01	2.785E-01	3.187E-01	0.090	30
afdb_Q73WB6_v6	afdb_A0A0C6DRW4_v6	3.227E-01	2.606E-01	3.364E-01	0.106	32
afdb_Q73WB6_v6	afdb_P25910_v6	2.678E-01	3.149E-01	3.335E-01	0.063	26
afdb_Q73WB6_v6	afdb_P40881_v6	2.590E-01	3.074E-01	3.530E-01	0.057	25
afdb_Q73WB6_v6	afdb_P40859_v6	3.037E-01	2.628E-01	3.059E-01	0.090	30
afdb_Q73WB6_v6	afdb_P00639_v6	2.720E-01	2.913E-01	2.994E-01	0.069	27
afdb_Q73WB6_v6	afdb_P22637_v6	3.391E-01	2.224E-01	3.399E-01	0.116	33
afdb_Q73WB6_v6	afdb_P0A6T5_v6	2.484E-01	3.117E-01	3.382E-01	0.051	24
afdb_Q73WB6_v6	afdb_P0CE47_v6	3.028E-01	2.560E-01	3.077E-01	0.090	30
afdb_Q73WB6_v6	afdb_P29183_v6	3.062E-01	2.306E-01	3.320E-01	0.090	30
afdb_Q73WB6_v6	afdb_Q945K2_v6	3.242E-01	2.109E-01	3.309E-01	0.106	32
afdb_Q73WB6_v6	afdb_P05725_v6	2.034E-01	3.304E-01	3.416E-01	0.029	20
afdb_Q73WB6_v6	afdb_P05414_v6	2.800E-01	2.488E-01	2.826E-01	0.076	28
afdb_Q73WB6_v6	afdb_P83686_v6	2.493E-01	2.735E-01	2.770E-01	0.051	24
afdb_Q73WB6_v6	afdb_Q9UMR5_v6	2.546E-01	2.601E-01	2.838E-01	0.057	25
afdb_Q73WB6_v6	afdb_P19938_v6	2.469E-01	2.650E-01	3.016E-01	0.051	24
afdb_Q73WB6_v6	afdb_O33199_v6	2.211E-01	2.895E-01	2.924E-01	0.040	22
afdb_Q73WB6_v6	afdb_P30850_v6	3.234E-01	1.862E-01	3.608E-01	0.106	32
afdb_Q73WB6_v6	afdb_Q7SID9_v6	3.075E-01	2.017E-01	3.235E-01	0.090	30
afdb_Q73WB6_v6	afdb_P28305_v6	2.400E-01	2.661E-01	2.871E-01	0.045	23
afdb_Q73WB6_v6	afdb_Q00441_v6	2.696E-01	2.228E-01	2.986E-01	0.063	26
afdb_Q73WB6_v6	afdb_P04190_v6	2.275E-01	2.603E-01	2.921E-01	0.040	22
afdb_Q73WB6_v6	afdb_P56216_v6	2.918E-01	1.916E-01	3.081E-01	0.082	29
afdb_Q73WB6_v6	afdb_P00766_v6	2.203E-01	2.617E-01	2.690E-01	0.040	22
afdb_Q73WB6_v6	afdb_P00800_v6	2.901E-01	1.909E-01	2.907E-01	0.082	29
afdb_Q73WB6_v6	afdb_P27487_v6	3.197E-01	1.607E-01	3.220E-01	0.098	31
afdb_Q73WB6_v6	afdb_O13297_v6	2.849E-01	1.911E-01	3.239E-01	0.076	28
afdb_Q73WB6_v6	afdb_Q9AGP8_v6	3.226E-01	1.495E-01	3.294E-01	0.106	32
afdb_Q73WB6_v6	afdb_P77444_v6	2.571E-01	2.137E-01	2.610E-01	0.057	25
afdb_Q73WB6_v6	afdb_Q6LZM9_v6	2.624E-01	2.080E-01	2.854E-01	0.063	26
afdb_Q73WB6_v6	afdb_P08165_v6	2.695E-01	1.934E-01	2.745E-01	0.063	26
afdb_Q73WB6_v6	afdb_P08148_v6	2.800E-01	1.741E-01	2.892E-01	0.076	28
afdb_Q73WB6_v6	afdb_P00388_v6	2.834E-01	1.618E-01	3.121E-01	0.076	28
afdb_Q73WB6_v6	afdb_Q9L9D7_v6	2.686E-01	1.748E-01	2.758E-01	0.063	26
afdb_Q73WB6_v6	afdb_P14779_v6	3.117E-01	1.238E-01	3.122E-01	0.098	31
afdb_Q73WB6_v6	afdb_P00860_v6	2.467E-01	1.870E-01	2.477E-01	0.051	24
afdb_Q73WB6_v6	afdb_Q56839_v6	2.559E-01	1.770E-01	3.077E-01	0.057	25
afdb_Q73WB6_v6	afdb_Q28943_v6	2.910E-01	1.193E-01	2.987E-01	0.082	29
afdb_Q73WB6_v6	afdb_P00489_v6	2.759E-01	1.334E-01	2.825E-01	0.069	27
afdb_Q73WB6_v6	afdb_P09883_v6	2.357E-01	1.482E-01	2.686E-01	0.045	23
afdb_Q73WB6_v6	afdb_P00777_v6	1.887E-01	1.946E-01	2.345E-01	0.020	18
afdb_Q7WYA8_v6	afdb_P25910_v6	8.433E-01	8.336E-01	9.343E-01	0.991	84
afdb_Q7WYA8_v6	afdb_P04190_v6	8.056E-01	7.725E-01	9.280E-01	0.984	80
afdb_Q7WYA8_v6	afdb_P52700_v6	7.236E-01	6.242E-01	7.801E-01	0.949	72
afdb_Q7WYA8_v6	afdb_Q16775_v6	6.852E-01	5.666E-01	7.299E-01	0.912	68
afdb_Q7WYA8_v6	afdb_P53608_v6	4.121E-01	3.573E-01	4.575E-01	0.233	41
afdb_Q7WYA8_v6	afdb_O59791_v6	3.846E-01	3.165E-01	4.265E-01	0.179	38
afdb_Q7WYA8_v6	afdb_Q02899_v6	4.150E-01	2.861E-01	4.534E-01	0.233	41
afdb_Q7WYA8_v6	afdb_P83686_v6	3.612E-01	3.366E-01	4.161E-01	0.150	36
afdb_Q7WYA8_v6	afdb_P05521_v6	3.726E-01	3.159E-01	4.360E-01	0.164	37
afdb_Q7WYA8_v6	afdb_P00639_v6	3.605E-01	3.249E-01	4.290E-01	0.150	36
afdb_Q7WYA8_v6	afdb_P0A1E3_v6	3.761E-01	3.090E-01	4.041E-01	0.164	37
afdb_Q7WYA8_v6	afdb_P00455_v6	3.953E-01	2.894E-01	4.595E-01	0.196	39
afdb_Q7WYA8_v6	afdb_P09030_v6	3.524E-01	3.309E-01	4.169E-01	0.138	35
afdb_Q7WYA8_v6	afdb_Q9FEW9_v6	4.016E-01	2.789E-01	4.395E-01	0.214	40
afdb_Q7WYA8_v6	afdb_P05725_v6	2.880E-01	3.865E-01	4.167E-01	0.076	28
afdb_Q7WYA8_v6	afdb_P12995_v6	3.979E-01	2.641E-01	4.194E-01	0.196	39
afdb_Q7WYA8_v6	afdb_P27170_v6	3.683E-01	2.821E-01	4.179E-01	0.150	36
afdb_Q7WYA8_v6	afdb_P83772_v6	3.301E-01	3.178E-01	4.057E-01	0.116	33
afdb_Q7WYA8_v6	afdb_P04042_v6	3.634E-01	2.835E-01	4.024E-01	0.150	36
afdb_Q7WYA8_v6	afdb_Q12178_v6	2.760E-01	3.700E-01	3.831E-01	0.069	27
afdb_Q7WYA8_v6	afdb_P00935_v6	3.766E-01	2.666E-01	4.277E-01	0.164	37
afdb_Q7WYA8_v6	afdb_P96965_v6	3.365E-01	3.060E-01	3.763E-01	0.116	33
afdb_Q7WYA8_v6	afdb_P06721_v6	3.732E-01	2.634E-01	3.940E-01	0.164	37
afdb_Q7WYA8_v6	afdb_Q58989_v6	2.998E-01	3.365E-01	4.109E-01	0.082	29
afdb_Q7WYA8_v6	afdb_Q9XBQ8_v6	3.759E-01	2.552E-01	4.363E-01	0.164	37
afdb_Q7WYA8_v6	afdb_Q75WN8_v6	3.300E-01	2.987E-01	3.761E-01	0.116	33
afdb_Q7WYA8_v6	afdb_Q9UMR5_v6	3.358E-01	2.901E-01	4.211E-01	0.116	33
afdb_Q7WYA8_v6	afdb_P16444_v6	3.697E-01	2.558E-01	4.228E-01	0.150	36
afdb_Q7WYA8_v6	afdb_Q6LZM9_v6	3.742E-01	2.464E-01	3.887E-01	0.164	37
afdb_Q7WYA8_v6	afdb_P77444_v6	3.686E-01	2.517E-01	4.036E-01	0.150	36
afdb_Q7WYA8_v6	afdb_P0AB77_v6	3.645E-01	2.548E-01	3.829E-01	0.150	36
afdb_Q7WYA8_v6	afdb_Q29460_v6	3.044E-01	3.151E-01	3.526E-01	0.090	30
afdb_Q7WYA8_v6	afdb_P22394_v6	3.996E-01	2.191E-01	4.014E-01	0.196	39
afdb_Q7WYA8_v6	afdb_Q00017_v6	3.103E-01	3.069E-01	3.498E-01	0.098	31
afdb_Q7WYA8_v6	afdb_Q3HWU8_v6	3.208E-01	2.974E-01	4.089E-01	0.106	32
afdb_Q7WYA8_v6	afdb_P00800_v6	3.947E-01	2.193E-01	4.101E-01	0.196	39
afdb_Q7WYA8_v6	afdb_P0A6T5_v6	2.963E-01	3.166E-01	3.408E-01	0.082	29
afdb_Q7WYA8_v6	afdb_P83788_v6	3.667E-01	2.457E-01	3.788E-01	0.150	36
afdb_Q7WYA8_v6	afdb_P24630_v6	3.633E-01	2.462E-01	3.810E-01	0.150	36
afdb_Q7WYA8_v6	afdb_P16932_v6	3.609E-01	2.397E-01	3.774E-01	0.150	36
afdb_Q7WYA8_v6	afdb_P37957_v6	2.837E-01	3.160E-01	3.973E-01	0.076	28
afdb_Q7WYA8_v6	afdb_P35049_v6	3.000E-01	2.981E-01	3.164E-01	0.090	30
afdb_Q7WYA8_v6	afdb_P28796_v6	3.699E-01	2.277E-01	3.915E-01	0.150	36
afdb_Q7WYA8_v6	afdb_A0A0C6DRW4_v6	3.555E-01	2.415E-01	3.753E-01	0.138	35
afdb_Q7WYA8_v6	afdb_P39377_v6	3.457E-01	2.519E-01	3.756E-01	0.126	34
afdb_Q7WYA8_v6	afdb_Q7ZAG8_v6	3.526E-01	2.427E-01	3.991E-01	0.138	35
afdb_Q7WYA8_v6	afdb_P0A9P4_v6	3.265E-01	2.678E-01	4.106E-01	0.106	32
afdb_Q7WYA8_v6	afdb_P18314_v6	3.861E-01	2.078E-01	4.267E-01	0.179	38
afdb_Q7WYA8_v6	afdb_P08165_v6	3.704E-01	2.234E-01	4.082E-01	0.164	37
afdb_Q7WYA8_v6	afdb_P00175_v6	3.862E-01	2.064E-01	3.990E-01	0.179	38
afdb_Q7WYA8_v6	afdb_P40859_v6	3.434E-01	2.440E-01	3.976E-01	0.126	34
afdb_Q7WYA8_v6	afdb_P09184_v6	2.447E-01	3.418E-01	3.804E-01	0.051	24
afdb_Q7WYA8_v6	afdb_Q7SID9_v6	3.827E-01	2.037E-01	4.140E-01	0.179	38
afdb_Q7WYA8_v6	afdb_P00388_v6	3.995E-01	1.801E-01	4.315E-01	0.196	39
afdb_Q7WYA8_v6	afdb_P24474_v6	3.702E-01	2.046E-01	3.826E-01	0.164	37
afdb_Q7WYA8_v6	afdb_P29183_v6	3.523E-01	2.202E-01	3.890E-01	0.138	35
afdb_Q7WYA8_v6	afdb_P16099_v6	4.017E-01	1.707E-01	4.327E-01	0.214	40
afdb_Q7WYA8_v6	afdb_F8W4B7_v6	4.357E-01	1.329E-01	4.548E-01	0.277	43
afdb_Q7WYA8_v6	afdb_P45478_v6	3.057E-01	2.627E-01	3.290E-01	0.090	30
afdb_Q7WYA8_v6	afdb_P30122_v6	3.746E-01	1.916E-01	3.754E-01	0.164	37
afdb_Q7WYA8_v6	afdb_P00766_v6	2.811E-01	2.815E-01	3.213E-01	0.076	28
afdb_Q7WYA8_v6	afdb_P0A6G7_v6	2.657E-01	2.969E-01	3.080E-01	0.063	26
afdb_Q7WYA8_v6	afdb_P21836_v6	3.722E-01	1.896E-01	3.892E-01	0.164	37
afdb_Q7WYA8_v6	afdb_P81054_v6	3.143E-01	2.460E-01	3.178E-01	0.098	31
afdb_Q7WYA8_v6	afdb_P00914_v6	3.407E-01	2.072E-01	3.666E-01	0.126	34
afdb_Q7WYA8_v6	afdb_Q9L9D7_v6	3.554E-01	1.903E-01	3.768E-01	0.138	35
afdb_Q7WYA8_v6	afdb_P00392_v6	3.523E-01	1.875E-01	3.563E-01	0.138	35
afdb_Q7WYA8_v6	afdb_Q6UV28_v6	2.223E-01	3.161E-01	3.244E-01	0.040	22
afdb_Q7WYA8_v6	afdb_P43099_v6	3.725E-01	1.639E-01	3.847E-01	0.164	37
afdb_Q7WYA8_v6	afdb_Q56839_v6	3.411E-01	1.947E-01	3.734E-01	0.126	34
afdb_Q7WYA8_v6	afdb_P37062_v6	3.271E-01	2.086E-01	3.599E-01	0.106	32
afdb_Q7WYA8_v6	afdb_P0CE47_v6	3.094E-01	2.224E-01	3.324E-01	0.090	30
afdb_Q7WYA8_v6	afdb_P03007_v6	2.642E-01	2.662E-01	3.509E-01	0.063	26
afdb_Q7WYA8_v6	afdb_P0A6K3_v6	2.321E-01	2.968E-01	3.101E-01	0.045	23
afdb_Q7WYA8_v6	afdb_P27487_v6	3.728E-01	1.551E-01	4.026E-01	0.164	37
afdb_Q7WYA8_v6	afdb_Q06241_v6	2.458E-01	2.815E-01	3.026E-01	0.051	24
afdb_Q7WYA8_v6	afdb_Q6YBS3_v6	3.552E-01	1.701E-01	3.777E-01	0.138	35
afdb_Q7WYA8_v6	afdb_P19938_v6	2.719E-01	2.493E-01	2.890E-01	0.069	27
afdb_Q7WYA8_v6	afdb_P40881_v6	2.599E-01	2.592E-01	2.836E-01	0.057	25
afdb_Q7WYA8_v6	afdb_Q01693_v6	3.253E-01	1.935E-01	3.419E-01	0.106	32
afdb_Q7WYA8_v6	afdb_P00644_v6	2.538E-01	2.646E-01	3.609E-01	0.057	25
afdb_Q7WYA8_v6	afdb_P10902_v6	3.307E-01	1.861E-01	4.045E-01	0.116	33
afdb_Q7WYA8_v6	afdb_P28305_v6	2.655E-01	2.505E-01	2.870E-01	0.063	26
afdb_Q7WYA8_v6	afdb_P06621_v6	3.059E-01	2.087E-01	3.456E-01	0.090	30
afdb_Q7WYA8_v6	afdb_P21179_v6	3.590E-01	1.542E-01	3.701E-01	0.138	35
afdb_Q7WYA8_v6	afdb_P08148_v6	3.334E-01	1.746E-01	3.446E-01	0.116	33
afdb_Q7WYA8_v6	afdb_Q9AGP8_v6	3.683E-01	1.389E-01	4.290E-01	0.150	36
afdb_Q7WYA8_v6	afdb_O33199_v6	2.382E-01	2.676E-01	3.046E-01	0.045	23
afdb_Q7WYA8_v6	afdb_P00489_v6	3.652E-01	1.372E-01	4.013E-01	0.150	36
afdb_Q7WYA8_v6	afdb_P14779_v6	3.798E-01	1.198E-01	4.047E-01	0.164	37
afdb_Q7WYA8_v6	afdb_P00777_v6	2.664E-01	2.317E-01	2.931E-01	0.063	26
afdb_Q7WYA8_v6	afdb_Q945K2_v6	3.204E-01	1.765E-01	3.501E-01	0.106	32
afdb_Q7WYA8_v6	afdb_P30850_v6	3.296E-01	1.613E-01	3.504E-01	0.106	32
afdb_Q7WYA8_v6	afdb_Q28943_v6	3.647E-01	1.231E-01	3.667E-01	0.150	36
afdb_Q7WYA8_v6	afdb_P55038_v6	3.958E-01	9.103E-02	4.139E-01	0.196	39
afdb_Q7WYA8_v6	afdb_P46076_v6	2.718E-01	2.137E-01	3.028E-01	0.069	27
afdb_Q7WYA8_v6	afdb_P22637_v6	3.027E-01	1.694E-01	3.205E-01	0.090	30
afdb_Q7WYA8_v6	afdb_P08473_v6	3.032E-01	1.272E-01	3.211E-01	0.090	30
afdb_Q7WYA8_v6	afdb_O16025_v6	3.130E-01	9.708E-02	3.354E-01	0.098	31
afdb_Q7WYA8_v6	afdb_O13297_v6	2.593E-01	1.467E-01	2.868E-01	0.057	25
afdb_Q7WYA8_v6	afdb_P09883_v6	2.430E-01	1.290E-01	2.521E-01	0.051	24
afdb_Q88FF8_v6	afdb_Q29460_v6	5.640E-01	4.780E-01	5.729E-01	0.663	56
afdb_Q88FF8_v6	afdb_Q00017_v6	5.528E-01	4.438E-01	5.616E-01	0.632	55
afdb_Q88FF8_v6	afdb_P37957_v6	5.192E-01	4.686E-01	5.347E-01	0.505	51
afdb_Q88FF8_v6	afdb_P0CE47_v6	6.445E-01	3.382E-01	6.474E-01	0.855	64
afdb_Q88FF8_v6	afdb_P83772_v6	5.354E-01	4.128E-01	5.375E-01	0.569	53
afdb_Q88FF8_v6	afdb_P22266_v6	5.724E-01	3.528E-01	5.747E-01	0.692	57
afdb_Q88FF8_v6	afdb_P96965_v6	5.276E-01	3.834E-01	5.339E-01	0.537	52
afdb_Q88FF8_v6	afdb_Q75WN8_v6	5.226E-01	3.758E-01	5.268E-01	0.537	52
afdb_Q88FF8_v6	afdb_Q3HWU8_v6	5.134E-01	3.786E-01	5.282E-01	0.505	51
afdb_Q88FF8_v6	afdb_P05521_v6	5.257E-01	3.576E-01	5.320E-01	0.537	52
afdb_Q88FF8_v6	afdb_Q9UMR5_v6	5.109E-01	3.563E-01	5.219E-01	0.505	51
afdb_Q88FF8_v6	afdb_O58727_v6	4.265E-01	4.368E-01	4.574E-01	0.254	42
afdb_Q88FF8_v6	afdb_P04042_v6	5.328E-01	3.175E-01	5.372E-01	0.569	53
afdb_Q88FF8_v6	afdb_P37967_v6	5.725E-01	2.658E-01	5.793E-01	0.692	57
afdb_Q88FF8_v6	afdb_P45478_v6	4.839E-01	3.308E-01	5.032E-01	0.411	48
afdb_Q88FF8_v6	afdb_Q58989_v6	4.180E-01	3.799E-01	4.356E-01	0.233	41
afdb_Q88FF8_v6	afdb_P30122_v6	5.668E-01	2.266E-01	5.733E-01	0.663	56
afdb_Q88FF8_v6	afdb_P08819_v6	5.256E-01	2.660E-01	5.340E-01	0.537	52
afdb_Q88FF8_v6	afdb_P21836_v6	5.679E-01	2.155E-01	5.741E-01	0.663	56
afdb_Q88FF8_v6	afdb_P53608_v6	4.581E-01	3.237E-01	4.743E-01	0.326	45
afdb_Q88FF8_v6	afdb_P00388_v6	5.871E-01	1.914E-01	6.792E-01	0.720	58
afdb_Q88FF8_v6	afdb_P22394_v6	5.448E-01	2.311E-01	5.573E-01	0.601	54
afdb_Q88FF8_v6	afdb_P0A6C1_v6	4.430E-01	3.282E-01	4.525E-01	0.301	44
afdb_Q88FF8_v6	afdb_P03958_v6	4.644E-01	2.925E-01	4.661E-01	0.353	46
afdb_Q88FF8_v6	afdb_Q12178_v6	3.492E-01	3.912E-01	4.283E-01	0.126	34
afdb_Q88FF8_v6	afdb_Q8RB32_v6	4.056E-01	3.328E-01	4.152E-01	0.214	40
afdb_Q88FF8_v6	afdb_P14779_v6	6.037E-01	1.309E-01	7.014E-01	0.772	60
afdb_Q88FF8_v6	afdb_P39377_v6	4.665E-01	2.669E-01	4.701E-01	0.353	46
afdb_Q88FF8_v6	afdb_P00489_v6	5.705E-01	1.625E-01	5.821E-01	0.692	57
afdb_Q88FF8_v6	afdb_P06621_v6	4.798E-01	2.487E-01	4.835E-01	0.382	47
afdb_Q88FF8_v6	afdb_Q9FEW9_v6	4.560E-01	2.630E-01	4.641E-01	0.326	45
afdb_Q88FF8_v6	afdb_Q9L9D7_v6	5.069E-01	2.039E-01	5.089E-01	0.473	50
afdb_Q88FF8_v6	afdb_P80324_v6	4.508E-01	2.598E-01	4.527E-01	0.326	45
afdb_Q88FF8_v6	afdb_Q9XBQ8_v6	4.573E-01	2.448E-01	4.790E-01	0.326	45
afdb_Q88FF8_v6	afdb_Q02899_v6	4.437E-01	2.550E-01	4.529E-01	0.301	44
afdb_Q88FF8_v6	afdb_Q01693_v6	4.816E-01	2.163E-01	4.835E-01	0.411	48
afdb_Q88FF8_v6	afdb_P0A1E3_v6	4.140E-01	2.742E-01	4.621E-01	0.233	41
afdb_Q88FF8_v6	afdb_P0A6G7_v6	3.530E-01	3.259E-01	3.751E-01	0.138	35
afdb_Q88FF8_v6	afdb_P29183_v6	4.531E-01	2.254E-01	4.575E-01	0.326	45
afdb_Q88FF8_v6	afdb_P00935_v6	4.385E-01	2.401E-01	4.939E-01	0.277	43
afdb_Q88FF8_v6	afdb_P16444_v6	4.337E-01	2.402E-01	4.463E-01	0.277	43
afdb_Q88FF8_v6	afdb_P83686_v6	3.820E-01	2.878E-01	4.543E-01	0.179	38
afdb_Q88FF8_v6	afdb_P05414_v6	4.143E-01	2.555E-01	4.213E-01	0.233	41
afdb_Q88FF8_v6	afdb_Q9NPB1_v6	3.586E-01	3.088E-01	3.614E-01	0.138	35
afdb_Q88FF8_v6	afdb_P06721_v6	4.332E-01	2.329E-01	4.888E-01	0.277	43
afdb_Q88FF8_v6	afdb_P12995_v6	4.343E-01	2.279E-01	4.604E-01	0.277	43
afdb_Q88FF8_v6	afdb_P0AB77_v6	4.164E-01	2.318E-01	4.948E-01	0.233	41
afdb_Q88FF8_v6	afdb_P0A9P4_v6	3.923E-01	2.554E-01	4.019E-01	0.196	39
afdb_Q88FF8_v6	afdb_P16932_v6	4.214E-01	2.258E-01	4.455E-01	0.254	42
afdb_Q88FF8_v6	afdb_P08165_v6	4.416E-01	2.021E-01	4.433E-01	0.301	44
afdb_Q88FF8_v6	afdb_P00860_v6	4.233E-01	2.197E-01	4.406E-01	0.254	42
afdb_Q88FF8_v6	afdb_Q6LZM9_v6	4.236E-01	2.167E-01	4.904E-01	0.254	42
afdb_Q88FF8_v6	afdb_P21179_v6	4.916E-01	1.482E-01	4.937E-01	0.442	49
afdb_Q88FF8_v6	afdb_P42593_v6	4.615E-01	1.717E-01	4.731E-01	0.353	46
afdb_Q88FF8_v6	afdb_P27487_v6	4.743E-01	1.580E-01	4.847E-01	0.382	47
afdb_Q88FF8_v6	afdb_P28796_v6	4.245E-01	2.008E-01	4.619E-01	0.254	42
afdb_Q88FF8_v6	afdb_P00455_v6	3.866E-01	2.331E-01	3.985E-01	0.179	38
afdb_Q88FF8_v6	afdb_O59791_v6	3.684E-01	2.501E-01	3.699E-01	0.150	36
afdb_Q88FF8_v6	afdb_P16099_v6	4.613E-01	1.553E-01	4.775E-01	0.353	46
afdb_Q88FF8_v6	afdb_P00396_v6	4.236E-01	1.923E-01	4.334E-01	0.254	42
afdb_Q88FF8_v6	afdb_P25910_v6	3.327E-01	2.778E-01	3.460E-01	0.116	33
afdb_Q88FF8_v6	afdb_P18314_v6	4.284E-01	1.816E-01	4.297E-01	0.254	42
afdb_Q88FF8_v6	afdb_P24630_v6	3.958E-01	2.093E-01	4.405E-01	0.196	39
afdb_Q88FF8_v6	afdb_P56218_v6	3.440E-01	2.571E-01	3.528E-01	0.126	34
afdb_Q88FF8_v6	afdb_P22637_v6	4.164E-01	1.846E-01	4.192E-01	0.233	41
afdb_Q88FF8_v6	afdb_Q945K2_v6	4.158E-01	1.828E-01	4.231E-01	0.233	41
afdb_Q88FF8_v6	afdb_P52700_v6	3.466E-01	2.506E-01	3.907E-01	0.126	34
afdb_Q88FF8_v6	afdb_P15289_v6	4.007E-01	1.901E-01	4.052E-01	0.214	40
afdb_Q88FF8_v6	afdb_P04190_v6	3.228E-01	2.629E-01	3.322E-01	0.106	32
afdb_Q88FF8_v6	afdb_P83788_v6	3.774E-01	2.066E-01	4.568E-01	0.164	37
afdb_Q88FF8_v6	afdb_F8W4B7_v6	4.669E-01	1.161E-01	4.719E-01	0.353	46
afdb_Q88FF8_v6	afdb_Q7ZAG8_v6	3.768E-01	2.061E-01	4.359E-01	0.164	37
afdb_Q88FF8_v6	afdb_P43099_v6	4.413E-01	1.408E-01	4.970E-01	0.301	44
afdb_Q88FF8_v6	afdb_P00914_v6	3.912E-01	1.878E-01	4.184E-01	0.196	39
afdb_Q88FF8_v6	afdb_P0A6K3_v6	2.770E-01	2.970E-01	3.048E-01	0.069	27
afdb_Q88FF8_v6	afdb_P77444_v6	3.658E-01	2.032E-01	4.331E-01	0.150	36
afdb_Q88FF8_v6	afdb_P08148_v6	4.062E-01	1.613E-01	4.093E-01	0.214	40
afdb_Q88FF8_v6	afdb_Q28943_v6	4.494E-01	1.172E-01	4.558E-01	0.301	44
afdb_Q88FF8_v6	afdb_P00800_v6	3.899E-01	1.711E-01	3.913E-01	0.179	38
afdb_Q88FF8_v6	afdb_P40859_v6	3.483E-01	2.093E-01	3.567E-01	0.126	34
afdb_Q88FF8_v6	afdb_P19938_v6	3.168E-01	2.386E-01	3.222E-01	0.098	31
afdb_Q88FF8_v6	afdb_P48534_v6	3.027E-01	2.487E-01	3.060E-01	0.090	30
afdb_Q88FF8_v6	afdb_P28305_v6	3.082E-01	2.341E-01	3.118E-01	0.090	30
afdb_Q88FF8_v6	afdb_Q9AGP8_v6	4.199E-01	1.210E-01	4.216E-01	0.233	41
afdb_Q88FF8_v6	afdb_P00392_v6	3.796E-01	1.594E-01	3.912E-01	0.164	37
afdb_Q88FF8_v6	afdb_P55038_v6	4.450E-01	8.160E-02	4.463E-01	0.301	44
afdb_Q88FF8_v6	afdb_P21327_v6	3.252E-01	1.842E-01	3.451E-01	0.106	32
afdb_Q88FF8_v6	afdb_P81054_v6	3.029E-01	1.943E-01	3.173E-01	0.090	30
afdb_Q88FF8_v6	afdb_Q50925_v6	3.396E-01	1.433E-01	3.546E-01	0.116	33
afdb_Q88FF8_v6	afdb_P37062_v6	3.163E-01	1.628E-01	3.285E-01	0.098	31
afdb_Q88FF8_v6	afdb_Q05755_v6	3.980E-01	7.444E-02	4.119E-01	0.196	39
afdb_Q88FF8_v6	afdb_Q56839_v6	3.080E-01	1.505E-01	3.190E-01	0.090	30
afdb_Q88FF8_v6	afdb_P40881_v6	2.455E-01	2.039E-01	2.677E-01	0.051	24
afdb_Q88FF8_v6	afdb_P00777_v6	2.609E-01	1.869E-01	2.886E-01	0.063	26
afdb_Q8IV48_v6	afdb_P03007_v6	4.512E-01	6.261E-01	8.071E-01	0.326	45
afdb_Q8IV48_v6	afdb_P83772_v6	3.036E-01	3.762E-01	3.875E-01	0.090	30
afdb_Q8IV48_v6	afdb_P37957_v6	2.645E-01	3.811E-01	4.142E-01	0.063	26
afdb_Q8IV48_v6	afdb_Q00017_v6	2.757E-01	3.512E-01	3.793E-01	0.069	27
afdb_Q8IV48_v6	afdb_Q29460_v6	2.549E-01	3.393E-01	3.727E-01	0.057	25
afdb_Q8IV48_v6	afdb_P53608_v6	2.779E-01	3.098E-01	3.441E-01	0.069	27
afdb_Q8IV48_v6	afdb_P16932_v6	3.147E-01	2.697E-01	3.641E-01	0.098	31
afdb_Q8IV48_v6	afdb_Q9NPB1_v6	2.447E-01	3.361E-01	4.153E-01	0.051	24
afdb_Q8IV48_v6	afdb_Q02899_v6	2.995E-01	2.705E-01	3.578E-01	0.082	29
afdb_Q8IV48_v6	afdb_P05521_v6	2.673E-01	2.940E-01	3.741E-01	0.063	26
afdb_Q8IV48_v6	afdb_P22266_v6	2.796E-01	2.814E-01	3.246E-01	0.069	27
afdb_Q8IV48_v6	afdb_Q3HWU8_v6	2.568E-01	3.036E-01	3.584E-01	0.057	25
afdb_Q8IV48_v6	afdb_P05414_v6	2.850E-01	2.746E-01	2.968E-01	0.076	28
afdb_Q8IV48_v6	afdb_P00639_v6	2.591E-01	3.001E-01	3.063E-01	0.057	25
afdb_Q8IV48_v6	afdb_O59791_v6	2.718E-01	2.868E-01	3.870E-01	0.069	27
afdb_Q8IV48_v6	afdb_Q8RB32_v6	2.340E-01	3.070E-01	3.585E-01	0.045	23
afdb_Q8IV48_v6	afdb_P52700_v6	2.527E-01	2.888E-01	3.258E-01	0.057	25
afdb_Q8IV48_v6	afdb_P18314_v6	3.176E-01	2.218E-01	3.483E-01	0.098	31
afdb_Q8IV48_v6	afdb_P25910_v6	2.357E-01	3.025E-01	3.312E-01	0.045	23
afdb_Q8IV48_v6	afdb_P96965_v6	2.488E-01	2.893E-01	2.980E-01	0.051	24
afdb_Q8IV48_v6	afdb_P00396_v6	3.074E-01	2.292E-01	3.188E-01	0.090	30
afdb_Q8IV48_v6	afdb_P39377_v6	2.772E-01	2.557E-01	3.043E-01	0.069	27
afdb_Q8IV48_v6	afdb_P00455_v6	2.671E-01	2.565E-01	2.855E-01	0.063	26
afdb_Q8IV48_v6	afdb_Q75WN8_v6	2.433E-01	2.805E-01	2.852E-01	0.051	24
afdb_Q8IV48_v6	afdb_P08819_v6	2.833E-01	2.387E-01	3.103E-01	0.076	28
afdb_Q8IV48_v6	afdb_P83686_v6	2.382E-01	2.829E-01	3.381E-01	0.045	23
afdb_Q8IV48_v6	afdb_Q6LZM9_v6	2.807E-01	2.407E-01	3.036E-01	0.076	28
afdb_Q8IV48_v6	afdb_P08473_v6	3.353E-01	1.847E-01	3.476E-01	0.116	33
afdb_Q8IV48_v6	afdb_P37967_v6	2.930E-01	2.267E-01	4.047E-01	0.082	29
afdb_Q8IV48_v6	afdb_A0A0C6DRW4_v6	2.743E-01	2.419E-01	3.085E-01	0.069	27
afdb_Q8IV48_v6	afdb_Q16775_v6	2.468E-01	2.688E-01	2.996E-01	0.051	24
afdb_Q8IV48_v6	afdb_P83788_v6	2.709E-01	2.395E-01	3.068E-01	0.069	27
afdb_Q8IV48_v6	afdb_P56218_v6	2.407E-01	2.695E-01	2.817E-01	0.051	24
afdb_Q8IV48_v6	afdb_P00800_v6	2.963E-01	2.135E-01	3.252E-01	0.082	29
afdb_Q8IV48_v6	afdb_P71119_v6	2.128E-01	2.970E-01	3.008E-01	0.034	21
afdb_Q8IV48_v6	afdb_P45478_v6	2.421E-01	2.646E-01	3.085E-01	0.051	24
afdb_Q8IV48_v6	afdb_P22637_v6	2.951E-01	2.111E-01	3.022E-01	0.082	29
afdb_Q8IV48_v6	afdb_P09030_v6	2.288E-01	2.768E-01	2.890E-01	0.040	22
afdb_Q8IV48_v6	afdb_P08165_v6	2.848E-01	2.205E-01	2.977E-01	0.076	28
afdb_Q8IV48_v6	afdb_P00592_v6	1.757E-01	3.275E-01	3.641E-01	0.016	17
afdb_Q8IV48_v6	afdb_P21836_v6	3.030E-01	1.986E-01	3.198E-01	0.090	30
afdb_Q8IV48_v6	afdb_Q00441_v6	2.633E-01	2.390E-01	2.948E-01	0.063	26
afdb_Q8IV48_v6	afdb_P22394_v6	2.944E-01	2.060E-01	3.116E-01	0.082	29
afdb_Q8IV48_v6	afdb_Q9L9D7_v6	2.941E-01	2.054E-01	3.060E-01	0.082	29
afdb_Q8IV48_v6	afdb_P0CE47_v6	2.604E-01	2.393E-01	2.729E-01	0.063	26
afdb_Q8IV48_v6	afdb_Q6YBS3_v6	3.029E-01	1.960E-01	3.162E-01	0.090	30
afdb_Q8IV48_v6	afdb_P04190_v6	2.231E-01	2.757E-01	2.928E-01	0.040	22
afdb_Q8IV48_v6	afdb_P19938_v6	2.296E-01	2.676E-01	2.841E-01	0.040	22
afdb_Q8IV48_v6	afdb_Q01693_v6	2.782E-01	2.127E-01	3.116E-01	0.069	27
afdb_Q8IV48_v6	afdb_P00766_v6	2.133E-01	2.751E-01	2.862E-01	0.034	21
afdb_Q8IV48_v6	afdb_P00777_v6	2.317E-01	2.568E-01	2.987E-01	0.040	22
afdb_Q8IV48_v6	afdb_P46076_v6	2.425E-01	2.410E-01	2.715E-01	0.051	24
afdb_Q8IV48_v6	afdb_P27487_v6	3.096E-01	1.706E-01	3.295E-01	0.090	30
afdb_Q8IV48_v6	afdb_P0A6T5_v6	2.015E-01	2.783E-01	2.958E-01	0.029	20
afdb_Q8IV48_v6	afdb_Q6UV28_v6	1.720E-01	3.068E-01	3.445E-01	0.016	17
afdb_Q8IV48_v6	afdb_P0A9P4_v6	2.322E-01	2.450E-01	2.865E-01	0.045	23
afdb_Q8IV48_v6	afdb_P24630_v6	2.572E-01	2.212E-01	2.649E-01	0.057	25
afdb_Q8IV48_v6	afdb_P12995_v6	2.547E-01	2.213E-01	2.771E-01	0.057	25
afdb_Q8IV48_v6	afdb_P00914_v6	2.626E-01	2.116E-01	2.894E-01	0.063	26
afdb_Q8IV48_v6	afdb_P09184_v6	1.726E-01	3.012E-01	3.470E-01	0.016	17
afdb_Q8IV48_v6	afdb_P00489_v6	3.140E-01	1.606E-01	3.211E-01	0.098	31
afdb_Q8IV48_v6	afdb_Q945K2_v6	2.776E-01	1.940E-01	3.210E-01	0.069	27
afdb_Q8IV48_v6	afdb_P29183_v6	2.572E-01	2.118E-01	2.848E-01	0.057	25
afdb_Q8IV48_v6	afdb_P28796_v6	2.582E-01	2.103E-01	2.885E-01	0.057	25
afdb_Q8IV48_v6	afdb_P42593_v6	2.912E-01	1.768E-01	3.341E-01	0.082	29
afdb_Q8IV48_v6	afdb_P06621_v6	2.458E-01	2.190E-01	2.812E-01	0.051	24
afdb_Q8IV48_v6	afdb_P09598_v6	2.163E-01	2.479E-01	2.831E-01	0.034	21
afdb_Q8IV48_v6	afdb_Q7SID9_v6	2.712E-01	1.920E-01	2.800E-01	0.069	27
afdb_Q8IV48_v6	afdb_P27170_v6	2.338E-01	2.288E-01	2.732E-01	0.045	23
afdb_Q8IV48_v6	afdb_P21327_v6	2.403E-01	2.205E-01	2.446E-01	0.051	24
afdb_Q8IV48_v6	afdb_Q05755_v6	3.515E-01	1.079E-01	3.522E-01	0.138	35
afdb_Q8IV48_v6	afdb_P43099_v6	2.907E-01	1.684E-01	3.335E-01	0.082	29
afdb_Q8IV48_v6	afdb_O16025_v6	3.239E-01	1.333E-01	3.606E-01	0.106	32
afdb_Q8IV48_v6	afdb_P08373_v6	2.256E-01	2.289E-01	2.561E-01	0.040	22
afdb_Q8IV48_v6	afdb_P55038_v6	3.495E-01	1.046E-01	3.503E-01	0.126	34
afdb_Q8IV48_v6	afdb_P13717_v6	2.055E-01	2.468E-01	2.603E-01	0.029	20
afdb_Q8IV48_v6	afdb_P24474_v6	2.658E-01	1.860E-01	2.872E-01	0.063	26
afdb_Q8IV48_v6	afdb_P37062_v6	2.420E-01	2.045E-01	3.075E-01	0.051	24
afdb_Q8IV48_v6	afdb_Q28943_v6	3.087E-01	1.372E-01	3.093E-01	0.090	30
afdb_Q8IV48_v6	afdb_Q56839_v6	2.557E-01	1.901E-01	2.989E-01	0.057	25
afdb_Q8IV48_v6	afdb_P10902_v6	2.592E-01	1.862E-01	2.717E-01	0.057	25
afdb_Q8IV48_v6	afdb_P08148_v6	2.663E-01	1.785E-01	2.745E-01	0.063	26
afdb_Q8IV48_v6	afdb_P0A6K3_v6	1.701E-01	2.754E-01	2.891E-01	0.014	16
afdb_Q8IV48_v6	afdb_O13297_v6	2.570E-01	1.835E-01	2.676E-01	0.057	25
afdb_Q8IV48_v6	afdb_P30850_v6	2.663E-01	1.722E-01	2.848E-01	0.063	26
afdb_Q8IV48_v6	afdb_P16099_v6	2.784E-01	1.599E-01	3.302E-01	0.069	27
afdb_Q8IV48_v6	afdb_P00392_v6	2.572E-01	1.801E-01	3.123E-01	0.057	25
afdb_Q8IV48_v6	afdb_P14779_v6	2.962E-01	1.288E-01	3.114E-01	0.082	29
afdb_Q8IV48_v6	afdb_P12821_v6	3.127E-01	1.100E-01	3.490E-01	0.098	31
afdb_Q8IV48_v6	afdb_Q9AGP8_v6	2.772E-01	1.432E-01	2.880E-01	0.069	27
afdb_Q8IV48_v6	afdb_P00388_v6	2.630E-01	1.571E-01	3.192E-01	0.063	26
afdb_Q8IV48_v6	afdb_P21179_v6	2.615E-01	1.492E-01	2.691E-01	0.063	26
afdb_Q8IV48_v6	afdb_P15917_v6	2.593E-01	1.405E-01	2.868E-01	0.057	25
afdb_Q8IV48_v6	afdb_P09883_v6	2.337E-01	1.589E-01	2.540E-01	0.045	23
afdb_Q921A4_v6	afdb_Q29460_v6	3.730E-01	3.215E-01	4.144E-01	0.164	37
afdb_Q921A4_v6	afdb_P53608_v6	3.894E-01	2.734E-01	4.199E-01	0.179	38
afdb_Q921A4_v6	afdb_Q00441_v6	4.288E-01	2.300E-01	5.032E-01	0.254	42
afdb_Q921A4_v6	afdb_Q58989_v6	3.387E-01	3.167E-01	3.801E-01	0.116	33
afdb_Q921A4_v6	afdb_P22266_v6	3.998E-01	2.505E-01	4.955E-01	0.196	39
afdb_Q921A4_v6	afdb_P23295_v6	4.057E-01	2.206E-01	4.809E-01	0.214	40
afdb_Q921A4_v6	afdb_P83772_v6	3.506E-01	2.740E-01	5.034E-01	0.138	35
afdb_Q921A4_v6	afdb_P09598_v6	3.487E-01	2.639E-01	4.246E-01	0.126	34
afdb_Q921A4_v6	afdb_P46076_v6	3.742E-01	2.303E-01	4.705E-01	0.164	37
afdb_Q921A4_v6	afdb_P48534_v6	3.299E-01	2.743E-01	3.846E-01	0.106	32
afdb_Q921A4_v6	afdb_P05414_v6	3.717E-01	2.297E-01	4.172E-01	0.164	37
afdb_Q921A4_v6	afdb_P96965_v6	3.348E-01	2.548E-01	3.963E-01	0.116	33
afdb_Q921A4_v6	afdb_P71119_v6	3.043E-01	2.817E-01	3.709E-01	0.090	30
afdb_Q921A4_v6	afdb_P81054_v6	3.428E-01	2.212E-01	4.313E-01	0.126	34
afdb_Q921A4_v6	afdb_O59791_v6	3.274E-01	2.249E-01	3.742E-01	0.106	32
afdb_Q921A4_v6	afdb_P00914_v6	3.640E-01	1.845E-01	3.853E-01	0.150	36
afdb_Q921A4_v6	afdb_P03958_v6	3.350E-01	2.134E-01	3.951E-01	0.116	33
afdb_Q921A4_v6	afdb_P0A6T5_v6	2.877E-01	2.585E-01	3.232E-01	0.076	28
afdb_Q921A4_v6	afdb_P05521_v6	3.238E-01	2.205E-01	3.957E-01	0.106	32
afdb_Q921A4_v6	afdb_Q9XBQ8_v6	3.451E-01	1.979E-01	3.870E-01	0.126	34
afdb_Q921A4_v6	afdb_P18314_v6	3.807E-01	1.613E-01	3.970E-01	0.179	38
afdb_Q921A4_v6	afdb_P12995_v6	3.531E-01	1.878E-01	3.668E-01	0.138	35
afdb_Q921A4_v6	afdb_P00175_v6	3.798E-01	1.596E-01	4.257E-01	0.164	37
afdb_Q921A4_v6	afdb_P04042_v6	3.285E-01	2.099E-01	3.663E-01	0.106	32
afdb_Q921A4_v6	afdb_A0A0C6DRW4_v6	3.447E-01	1.931E-01	4.077E-01	0.126	34
afdb_Q921A4_v6	afdb_P21327_v6	3.400E-01	1.937E-01	3.998E-01	0.126	34
afdb_Q921A4_v6	afdb_P0CE47_v6	3.349E-01	1.879E-01	4.114E-01	0.116	33
afdb_Q921A4_v6	afdb_P00800_v6	3.605E-01	1.618E-01	4.107E-01	0.150	36
afdb_Q921A4_v6	afdb_P16444_v6	3.326E-01	1.871E-01	3.557E-01	0.116	33
afdb_Q921A4_v6	afdb_P03007_v6	2.799E-01	2.333E-01	3.490E-01	0.069	27
afdb_Q921A4_v6	afdb_Q01693_v6	3.425E-01	1.647E-01	3.639E-01	0.126	34
afdb_Q921A4_v6	afdb_P55038_v6	4.265E-01	7.565E-02	4.355E-01	0.254	42
afdb_Q921A4_v6	afdb_Q05755_v6	4.203E-01	7.825E-02	4.291E-01	0.254	42
afdb_Q921A4_v6	afdb_P37967_v6	3.290E-01	1.686E-01	3.695E-01	0.106	32
afdb_Q921A4_v6	afdb_P28796_v6	3.316E-01	1.649E-01	4.056E-01	0.116	33
afdb_Q921A4_v6	afdb_O16025_v6	3.911E-01	1.031E-01	4.107E-01	0.196	39
afdb_Q921A4_v6	afdb_P10902_v6	3.409E-01	1.527E-01	3.625E-01	0.126	34
afdb_Q921A4_v6	afdb_O33199_v6	2.527E-01	2.382E-01	2.710E-01	0.057	25
afdb_Q921A4_v6	afdb_P00860_v6	3.178E-01	1.706E-01	3.404E-01	0.098	31
afdb_Q921A4_v6	afdb_P16099_v6	3.594E-01	1.235E-01	4.641E-01	0.138	35
afdb_Q921A4_v6	afdb_P00396_v6	3.294E-01	1.531E-01	3.694E-01	0.106	32
afdb_Q921A4_v6	afdb_P24474_v6	3.365E-01	1.433E-01	3.483E-01	0.116	33
afdb_Q921A4_v6	afdb_Q16775_v6	2.824E-01	1.975E-01	3.918E-01	0.076	28
afdb_Q921A4_v6	afdb_Q56839_v6	3.279E-01	1.477E-01	3.608E-01	0.106	32
afdb_Q921A4_v6	afdb_Q75WN8_v6	2.660E-01	2.046E-01	2.759E-01	0.063	26
afdb_Q921A4_v6	afdb_P30122_v6	3.280E-01	1.415E-01	3.996E-01	0.106	32
afdb_Q921A4_v6	afdb_P30850_v6	3.330E-01	1.339E-01	3.481E-01	0.116	33
afdb_Q921A4_v6	afdb_P00489_v6	3.505E-01	1.092E-01	4.099E-01	0.138	35
afdb_Q921A4_v6	afdb_P24630_v6	3.010E-01	1.575E-01	3.127E-01	0.090	30
afdb_Q921A4_v6	afdb_Q50925_v6	3.120E-01	1.439E-01	3.238E-01	0.098	31
afdb_Q921A4_v6	afdb_P08148_v6	3.174E-01	1.378E-01	3.327E-01	0.098	31
afdb_Q921A4_v6	afdb_P00392_v6	3.002E-01	1.375E-01	3.161E-01	0.090	30
afdb_Q921A4_v6	afdb_Q28943_v6	3.474E-01	8.954E-02	3.681E-01	0.126	34
afdb_Q921A4_v6	afdb_P09883_v6	3.016E-01	1.315E-01	3.266E-01	0.090	30
afdb_Q92947_v6	afdb_A0A0C6DRW4_v6	7.456E-01	7.801E-01	8.652E-01	0.961	74
afdb_Q92947_v6	afdb_P53608_v6	2.618E-01	3.527E-01	3.763E-01	0.063	26
afdb_Q92947_v6	afdb_P00396_v6	3.200E-01	2.825E-01	3.725E-01	0.106	32
afdb_Q92947_v6	afdb_P23295_v6	2.859E-01	3.032E-01	3.151E-01	0.076	28
afdb_Q92947_v6	afdb_P09598_v6	2.481E-01	3.391E-01	3.634E-01	0.051	24
afdb_Q92947_v6	afdb_P05521_v6	2.487E-01	3.316E-01	4.229E-01	0.051	24
afdb_Q92947_v6	afdb_Q9UMR5_v6	2.470E-01	3.220E-01	3.375E-01	0.051	24
afdb_Q92947_v6	afdb_P00489_v6	3.515E-01	2.140E-01	3.775E-01	0.138	35
afdb_Q92947_v6	afdb_Q16775_v6	2.451E-01	3.200E-01	3.519E-01	0.051	24
afdb_Q92947_v6	afdb_P00914_v6	2.894E-01	2.744E-01	3.035E-01	0.076	28
afdb_Q92947_v6	afdb_P21836_v6	3.116E-01	2.425E-01	3.123E-01	0.098	31
afdb_Q92947_v6	afdb_P22637_v6	3.007E-01	2.530E-01	3.111E-01	0.090	30
afdb_Q92947_v6	afdb_P45478_v6	2.413E-01	3.105E-01	3.208E-01	0.051	24
afdb_Q92947_v6	afdb_P00592_v6	1.614E-01	3.888E-01	4.317E-01	0.014	16
afdb_Q92947_v6	afdb_P71119_v6	2.038E-01	3.458E-01	4.379E-01	0.029	20
afdb_Q92947_v6	afdb_Q29460_v6	2.074E-01	3.381E-01	4.441E-01	0.029	20
afdb_Q92947_v6	afdb_P21179_v6	3.268E-01	2.145E-01	3.680E-01	0.106	32
afdb_Q92947_v6	afdb_P22394_v6	2.929E-01	2.454E-01	2.983E-01	0.082	29
afdb_Q92947_v6	afdb_P16932_v6	2.669E-01	2.691E-01	3.141E-01	0.063	26
afdb_Q92947_v6	afdb_P48534_v6	2.160E-01	3.172E-01	3.281E-01	0.034	21
afdb_Q92947_v6	afdb_P27170_v6	2.461E-01	2.843E-01	3.210E-01	0.051	24
afdb_Q92947_v6	afdb_Q6LZM9_v6	2.642E-01	2.651E-01	2.914E-01	0.063	26
afdb_Q92947_v6	afdb_P05725_v6	1.614E-01	3.678E-01	4.025E-01	0.014	16
afdb_Q92947_v6	afdb_P05414_v6	2.477E-01	2.801E-01	2.887E-01	0.051	24
afdb_Q92947_v6	afdb_P08165_v6	2.747E-01	2.515E-01	3.222E-01	0.069	27
afdb_Q92947_v6	afdb_Q9NPB1_v6	2.014E-01	3.243E-01	3.273E-01	0.029	20
afdb_Q92947_v6	afdb_P42593_v6	3.039E-01	2.200E-01	3.638E-01	0.090	30
afdb_Q92947_v6	afdb_Q945K2_v6	2.859E-01	2.377E-01	3.339E-01	0.076	28
afdb_Q92947_v6	afdb_P08148_v6	2.914E-01	2.320E-01	2.982E-01	0.082	29
afdb_Q92947_v6	afdb_P13717_v6	2.142E-01	3.069E-01	3.185E-01	0.034	21
afdb_Q92947_v6	afdb_P24474_v6	2.832E-01	2.358E-01	3.040E-01	0.076	28
afdb_Q92947_v6	afdb_P0AB77_v6	2.499E-01	2.672E-01	3.037E-01	0.051	24
afdb_Q92947_v6	afdb_P00935_v6	2.464E-01	2.692E-01	2.853E-01	0.051	24
afdb_Q92947_v6	afdb_Q6UV28_v6	1.494E-01	3.654E-01	4.940E-01	0.010	14
afdb_Q92947_v6	afdb_P46076_v6	2.378E-01	2.762E-01	2.884E-01	0.045	23
afdb_Q92947_v6	afdb_P00800_v6	2.770E-01	2.371E-01	2.907E-01	0.069	27
afdb_Q92947_v6	afdb_P04190_v6	2.077E-01	3.044E-01	3.295E-01	0.029	20
afdb_Q92947_v6	afdb_P06621_v6	2.514E-01	2.610E-01	3.340E-01	0.057	25
afdb_Q92947_v6	afdb_P0CE47_v6	2.465E-01	2.653E-01	2.951E-01	0.051	24
afdb_Q92947_v6	afdb_P12995_v6	2.534E-01	2.573E-01	3.029E-01	0.057	25
afdb_Q92947_v6	afdb_P08473_v6	3.033E-01	2.068E-01	3.169E-01	0.090	30
afdb_Q92947_v6	afdb_P81054_v6	2.349E-01	2.749E-01	2.769E-01	0.045	23
afdb_Q92947_v6	afdb_P0A6C1_v6	2.134E-01	2.901E-01	2.951E-01	0.034	21
afdb_Q92947_v6	afdb_P00392_v6	2.726E-01	2.291E-01	2.901E-01	0.069	27
afdb_Q92947_v6	afdb_P77444_v6	2.435E-01	2.567E-01	2.753E-01	0.051	24
afdb_Q92947_v6	afdb_Q00017_v6	1.999E-01	2.967E-01	3.100E-01	0.024	19
afdb_Q92947_v6	afdb_P19938_v6	2.077E-01	2.884E-01	2.977E-01	0.029	20
afdb_Q92947_v6	afdb_Q9L9D7_v6	2.732E-01	2.231E-01	2.965E-01	0.069	27
afdb_Q92947_v6	afdb_Q56839_v6	2.627E-01	2.326E-01	2.933E-01	0.063	26
afdb_Q92947_v6	afdb_Q01693_v6	2.592E-01	2.344E-01	3.106E-01	0.057	25
afdb_Q92947_v6	afdb_P37062_v6	2.456E-01	2.422E-01	2.764E-01	0.051	24
afdb_Q92947_v6	afdb_P96965_v6	2.057E-01	2.820E-01	3.234E-01	0.029	20
afdb_Q92947_v6	afdb_Q3HWU8_v6	2.044E-01	2.818E-01	2.836E-01	0.029	20
afdb_Q92947_v6	afdb_P22266_v6	2.217E-01	2.608E-01	3.002E-01	0.040	22
afdb_Q92947_v6	afdb_Q50925_v6	2.617E-01	2.179E-01	2.652E-01	0.063	26
afdb_Q92947_v6	afdb_Q9FEW9_v6	2.305E-01	2.476E-01	2.637E-01	0.045	23
afdb_Q92947_v6	afdb_Q7SID9_v6	2.598E-01	2.161E-01	2.710E-01	0.057	25
afdb_Q92947_v6	afdb_Q9AGP8_v6	2.934E-01	1.819E-01	3.064E-01	0.082	29
afdb_Q92947_v6	afdb_P09184_v6	1.482E-01	3.280E-01	3.843E-01	0.010	14
afdb_Q92947_v6	afdb_P83788_v6	2.330E-01	2.415E-01	2.630E-01	0.045	23
afdb_Q92947_v6	afdb_O16025_v6	3.133E-01	1.596E-01	3.168E-01	0.098	31
afdb_Q92947_v6	afdb_P00388_v6	2.725E-01	1.980E-01	3.252E-01	0.069	27
afdb_Q92947_v6	afdb_Q8RB32_v6	1.853E-01	2.791E-01	3.114E-01	0.020	18
afdb_Q92947_v6	afdb_P30850_v6	2.636E-01	1.998E-01	2.651E-01	0.063	26
afdb_Q92947_v6	afdb_P00175_v6	2.534E-01	2.028E-01	2.784E-01	0.057	25
afdb_Q92947_v6	afdb_P43099_v6	2.627E-01	1.798E-01	3.141E-01	0.063	26
afdb_Q92947_v6	afdb_Q05755_v6	3.188E-01	1.238E-01	3.235E-01	0.098	31
afdb_Q92947_v6	afdb_P27487_v6	2.615E-01	1.730E-01	2.853E-01	0.063	26
afdb_Q92947_v6	afdb_P0A6T5_v6	1.645E-01	2.650E-01	2.683E-01	0.014	16
afdb_Q92947_v6	afdb_P09883_v6	2.345E-01	1.899E-01	2.654E-01	0.045	23
afdb_Q92947_v6	afdb_O13297_v6	2.287E-01	1.934E-01	2.688E-01	0.040	22
afdb_Q92947_v6	afdb_Q28943_v6	2.723E-01	1.470E-01	2.831E-01	0.069	27
afdb_Q92947_v6	afdb_P80324_v6	1.965E-01	2.213E-01	2.643E-01	0.024	19
afdb_Q92947_v6	afdb_F8W4B7_v6	2.772E-01	1.400E-01	3.010E-01	0.069	27
afdb_Q92947_v6	afdb_P15917_v6	2.536E-01	1.572E-01	3.094E-01	0.057	25
afdb_Q92947_v6	afdb_P00777_v6	1.671E-01	2.201E-01	2.469E-01	0.014	16
afdb_Q96IY4_v6	afdb_P06621_v6	4.410E-01	4.482E-01	5.741E-01	0.301	44
afdb_Q96IY4_v6	afdb_Q01693_v6	4.546E-01	3.895E-01	5.613E-01	0.326	45
afdb_Q96IY4_v6	afdb_P05521_v6	3.303E-01	4.283E-01	4.736E-01	0.106	32
afdb_Q96IY4_v6	afdb_P83772_v6	2.987E-01	4.446E-01	4.460E-01	0.082	29
afdb_Q96IY4_v6	afdb_Q29460_v6	2.784E-01	4.600E-01	5.033E-01	0.069	27
afdb_Q96IY4_v6	afdb_Q00017_v6	2.837E-01	4.246E-01	4.598E-01	0.076	28
afdb_Q96IY4_v6	afdb_Q58989_v6	2.597E-01	4.375E-01	4.762E-01	0.057	25
afdb_Q96IY4_v6	afdb_P09184_v6	2.079E-01	4.593E-01	4.987E-01	0.029	20
afdb_Q96IY4_v6	afdb_P08819_v6	3.395E-01	3.269E-01	4.460E-01	0.116	33
afdb_Q96IY4_v6	afdb_P00935_v6	3.200E-01	3.427E-01	3.441E-01	0.098	31
afdb_Q96IY4_v6	afdb_Q9UMR5_v6	2.897E-01	3.681E-01	4.046E-01	0.076	28
afdb_Q96IY4_v6	afdb_P06721_v6	3.200E-01	3.368E-01	3.375E-01	0.106	32
afdb_Q96IY4_v6	afdb_P27487_v6	3.956E-01	2.488E-01	4.133E-01	0.196	39
afdb_Q96IY4_v6	afdb_Q9XBQ8_v6	3.171E-01	3.203E-01	3.678E-01	0.098	31
afdb_Q96IY4_v6	afdb_P29183_v6	3.275E-01	3.077E-01	3.881E-01	0.106	32
afdb_Q96IY4_v6	afdb_P45478_v6	2.808E-01	3.525E-01	3.874E-01	0.076	28
afdb_Q96IY4_v6	afdb_P96965_v6	2.681E-01	3.638E-01	3.724E-01	0.063	26
afdb_Q96IY4_v6	afdb_P04042_v6	2.899E-01	3.354E-01	3.397E-01	0.076	28
afdb_Q96IY4_v6	afdb_P00800_v6	3.416E-01	2.827E-01	3.756E-01	0.126	34
afdb_Q96IY4_v6	afdb_P03958_v6	2.893E-01	3.291E-01	3.637E-01	0.076	28
afdb_Q96IY4_v6	afdb_P22394_v6	3.399E-01	2.742E-01	3.525E-01	0.116	33
afdb_Q96IY4_v6	afdb_P16444_v6	3.007E-01	3.068E-01	3.697E-01	0.090	30
afdb_Q96IY4_v6	afdb_P0AB77_v6	2.951E-01	3.095E-01	3.807E-01	0.082	29
afdb_Q96IY4_v6	afdb_Q75WN8_v6	2.576E-01	3.423E-01	3.439E-01	0.057	25
afdb_Q96IY4_v6	afdb_P09598_v6	2.553E-01	3.437E-01	3.667E-01	0.057	25
afdb_Q96IY4_v6	afdb_P0A1E3_v6	2.697E-01	3.288E-01	3.698E-01	0.063	26
afdb_Q96IY4_v6	afdb_P00175_v6	3.340E-01	2.621E-01	3.427E-01	0.116	33
afdb_Q96IY4_v6	afdb_Q6LZM9_v6	3.004E-01	2.935E-01	3.741E-01	0.090	30
afdb_Q96IY4_v6	afdb_P46076_v6	2.783E-01	3.164E-01	3.194E-01	0.069	27
afdb_Q96IY4_v6	afdb_P0A6C1_v6	2.554E-01	3.351E-01	3.628E-01	0.057	25
afdb_Q96IY4_v6	afdb_Q16775_v6	2.576E-01	3.323E-01	5.066E-01	0.057	25
afdb_Q96IY4_v6	afdb_P53608_v6	2.601E-01	3.292E-01	3.387E-01	0.063	26
afdb_Q96IY4_v6	afdb_Q3HWU8_v6	2.499E-01	3.396E-01	3.534E-01	0.051	24
afdb_Q96IY4_v6	afdb_P37967_v6	3.057E-01	2.758E-01	3.166E-01	0.090	30
afdb_Q96IY4_v6	afdb_P52700_v6	2.473E-01	3.320E-01	3.484E-01	0.051	24
afdb_Q96IY4_v6	afdb_P0A6G7_v6	2.133E-01	3.655E-01	3.667E-01	0.034	21
afdb_Q96IY4_v6	afdb_P00455_v6	2.720E-01	3.018E-01	3.118E-01	0.069	27
afdb_Q96IY4_v6	afdb_P05414_v6	2.744E-01	2.993E-01	3.215E-01	0.069	27
afdb_Q96IY4_v6	afdb_P16932_v6	2.855E-01	2.814E-01	3.244E-01	0.076	28
afdb_Q96IY4_v6	afdb_Q02899_v6	2.778E-01	2.888E-01	3.433E-01	0.069	27
afdb_Q96IY4_v6	afdb_P25910_v6	2.291E-01	3.345E-01	3.659E-01	0.040	22
afdb_Q96IY4_v6	afdb_Q945K2_v6	3.092E-01	2.483E-01	3.889E-01	0.090	30
afdb_Q96IY4_v6	afdb_Q9FEW9_v6	2.709E-01	2.835E-01	3.403E-01	0.069	27
afdb_Q96IY4_v6	afdb_Q7ZAG8_v6	2.737E-01	2.805E-01	3.086E-01	0.069	27
afdb_Q96IY4_v6	afdb_P23295_v6	2.718E-01	2.811E-01	3.054E-01	0.069	27
afdb_Q96IY4_v6	afdb_P37062_v6	2.810E-01	2.708E-01	3.470E-01	0.076	28
afdb_Q96IY4_v6	afdb_P0CE47_v6	2.688E-01	2.824E-01	3.382E-01	0.063	26
afdb_Q96IY4_v6	afdb_P22266_v6	2.562E-01	2.950E-01	3.371E-01	0.057	25
afdb_Q96IY4_v6	afdb_P56218_v6	2.395E-01	3.102E-01	3.473E-01	0.045	23
afdb_Q96IY4_v6	afdb_Q9L9D7_v6	3.078E-01	2.417E-01	4.106E-01	0.090	30
afdb_Q96IY4_v6	afdb_O58727_v6	1.950E-01	3.540E-01	3.619E-01	0.024	19
afdb_Q96IY4_v6	afdb_P00914_v6	2.847E-01	2.636E-01	3.069E-01	0.076	28
afdb_Q96IY4_v6	afdb_P0A9P4_v6	2.440E-01	3.038E-01	3.419E-01	0.051	24
afdb_Q96IY4_v6	afdb_P81054_v6	2.546E-01	2.915E-01	3.115E-01	0.057	25
afdb_Q96IY4_v6	afdb_P39377_v6	2.657E-01	2.806E-01	3.474E-01	0.063	26
afdb_Q96IY4_v6	afdb_P21327_v6	2.637E-01	2.742E-01	2.905E-01	0.063	26
afdb_Q96IY4_v6	afdb_Q00441_v6	2.638E-01	2.722E-01	2.800E-01	0.063	26
afdb_Q96IY4_v6	afdb_P04190_v6	2.196E-01	3.133E-01	3.438E-01	0.034	21
afdb_Q96IY4_v6	afdb_P00489_v6	3.351E-01	1.979E-01	3.683E-01	0.116	33
afdb_Q96IY4_v6	afdb_P56216_v6	2.931E-01	2.390E-01	3.207E-01	0.082	29
afdb_Q96IY4_v6	afdb_P30122_v6	2.991E-01	2.324E-01	3.059E-01	0.082	29
afdb_Q96IY4_v6	afdb_P40859_v6	2.591E-01	2.729E-01	2.942E-01	0.057	25
afdb_Q96IY4_v6	afdb_P24630_v6	2.668E-01	2.622E-01	2.948E-01	0.063	26
afdb_Q96IY4_v6	afdb_P15289_v6	2.823E-01	2.465E-01	3.055E-01	0.076	28
afdb_Q96IY4_v6	afdb_P21836_v6	2.990E-01	2.285E-01	3.032E-01	0.082	29
afdb_Q96IY4_v6	afdb_Q6UV28_v6	1.661E-01	3.588E-01	4.047E-01	0.014	16
afdb_Q96IY4_v6	afdb_P77444_v6	2.584E-01	2.655E-01	3.000E-01	0.057	25
afdb_Q96IY4_v6	afdb_P00777_v6	2.280E-01	2.944E-01	3.264E-01	0.040	22
afdb_Q96IY4_v6	afdb_P80324_v6	2.480E-01	2.733E-01	3.019E-01	0.051	24
afdb_Q96IY4_v6	afdb_Q05769_v6	2.877E-01	2.222E-01	3.153E-01	0.076	28
afdb_Q96IY4_v6	afdb_P13717_v6	2.111E-01	2.991E-01	3.032E-01	0.034	21
afdb_Q96IY4_v6	afdb_P08148_v6	2.834E-01	2.199E-01	3.053E-01	0.076	28
afdb_Q96IY4_v6	afdb_O33199_v6	1.871E-01	3.139E-01	3.287E-01	0.020	18
afdb_Q96IY4_v6	afdb_P28305_v6	2.137E-01	2.881E-01	2.893E-01	0.034	21
afdb_Q96IY4_v6	afdb_P12995_v6	2.498E-01	2.476E-01	2.876E-01	0.051	24
afdb_Q96IY4_v6	afdb_P10902_v6	2.702E-01	2.276E-01	2.980E-01	0.069	27
afdb_Q96IY4_v6	afdb_P03007_v6	1.979E-01	2.985E-01	3.643E-01	0.024	19
afdb_Q96IY4_v6	afdb_P05725_v6	1.671E-01	3.291E-01	3.365E-01	0.014	16
afdb_Q96IY4_v6	afdb_Q6YBS3_v6	2.860E-01	2.091E-01	3.086E-01	0.076	28
afdb_Q96IY4_v6	afdb_Q50925_v6	2.748E-01	2.203E-01	2.953E-01	0.069	27
afdb_Q96IY4_v6	afdb_P83788_v6	2.461E-01	2.482E-01	2.697E-01	0.051	24
afdb_Q96IY4_v6	afdb_P42593_v6	2.884E-01	2.057E-01	3.021E-01	0.076	28
afdb_Q96IY4_v6	afdb_P00592_v6	1.520E-01	3.372E-01	3.515E-01	0.011	15
afdb_Q96IY4_v6	afdb_P00392_v6	2.691E-01	2.195E-01	3.146E-01	0.063	26
afdb_Q96IY4_v6	afdb_P00388_v6	2.858E-01	2.027E-01	2.968E-01	0.076	28
afdb_Q96IY4_v6	afdb_P19938_v6	2.101E-01	2.766E-01	2.807E-01	0.029	20
afdb_Q96IY4_v6	afdb_P16099_v6	2.906E-01	1.960E-01	3.034E-01	0.082	29
afdb_Q96IY4_v6	afdb_Q05755_v6	3.521E-01	1.302E-01	3.645E-01	0.138	35
afdb_Q96IY4_v6	afdb_P08165_v6	2.530E-01	2.284E-01	2.847E-01	0.057	25
afdb_Q96IY4_v6	afdb_P00644_v6	1.870E-01	2.878E-01	3.665E-01	0.020	18
afdb_Q96IY4_v6	afdb_P28796_v6	2.420E-01	2.265E-01	2.666E-01	0.051	24
afdb_Q96IY4_v6	afdb_P0A6K3_v6	1.615E-01	3.015E-01	3.185E-01	0.014	16
afdb_Q96IY4_v6	afdb_P55038_v6	3.356E-01	1.253E-01	3.805E-01	0.116	33
afdb_Q96IY4_v6	afdb_Q28943_v6	2.998E-01	1.473E-01	3.107E-01	0.082	29
afdb_Q96IY4_v6	afdb_P09883_v6	2.333E-01	1.869E-01	2.894E-01	0.045	23
