afdb_A0A0C6DRW4_v6	afdb_P56218_v6	2.697E-01	3.472E-01	3.719E-01	0.063	26
afdb_A0A0C6DRW4_v6	afdb_P00396_v6	3.279E-01	2.805E-01	3.554E-01	0.106	32
afdb_A0A0C6DRW4_v6	afdb_P00183_v6	2.978E-01	2.989E-01	3.245E-01	0.082	29
afdb_A0A0C6DRW4_v6	afdb_P71119_v6	2.234E-01	3.731E-01	4.575E-01	0.040	22
afdb_A0A0C6DRW4_v6	afdb_P00455_v6	2.857E-01	3.105E-01	3.216E-01	0.076	28
afdb_A0A0C6DRW4_v6	afdb_P83686_v6	2.520E-01	3.414E-01	3.420E-01	0.057	25
afdb_A0A0C6DRW4_v6	afdb_P25910_v6	2.359E-01	3.466E-01	3.669E-01	0.045	23
afdb_A0A0C6DRW4_v6	afdb_P24289_v6	2.407E-01	3.368E-01	3.633E-01	0.051	24
afdb_A0A0C6DRW4_v6	afdb_Q945K2_v6	3.185E-01	2.541E-01	3.485E-01	0.098	31
afdb_A0A0C6DRW4_v6	afdb_P00489_v6	3.566E-01	2.070E-01	3.678E-01	0.138	35
afdb_A0A0C6DRW4_v6	afdb_Q29460_v6	2.204E-01	3.422E-01	3.834E-01	0.040	22
afdb_A0A0C6DRW4_v6	afdb_P81054_v6	2.612E-01	2.963E-01	3.102E-01	0.063	26
afdb_A0A0C6DRW4_v6	afdb_O68557_v6	2.450E-01	3.125E-01	3.529E-01	0.051	24
afdb_A0A0C6DRW4_v6	afdb_Q16775_v6	2.470E-01	3.095E-01	3.413E-01	0.051	24
afdb_A0A0C6DRW4_v6	afdb_P06621_v6	2.771E-01	2.777E-01	3.373E-01	0.069	27
afdb_A0A0C6DRW4_v6	afdb_P04190_v6	2.273E-01	3.249E-01	3.553E-01	0.040	22
afdb_A0A0C6DRW4_v6	afdb_P52279_v6	2.481E-01	3.036E-01	3.232E-01	0.051	24
afdb_A0A0C6DRW4_v6	afdb_P24474_v6	3.073E-01	2.432E-01	3.084E-01	0.090	30
afdb_A0A0C6DRW4_v6	afdb_Q6YBS3_v6	3.171E-01	2.309E-01	3.195E-01	0.098	31
afdb_A0A0C6DRW4_v6	afdb_P40859_v6	2.663E-01	2.787E-01	2.846E-01	0.063	26
afdb_A0A0C6DRW4_v6	afdb_P03958_v6	2.545E-01	2.860E-01	3.061E-01	0.057	25
afdb_A0A0C6DRW4_v6	afdb_P21327_v6	2.657E-01	2.736E-01	2.874E-01	0.063	26
afdb_A0A0C6DRW4_v6	afdb_P0CE47_v6	2.646E-01	2.750E-01	2.785E-01	0.063	26
afdb_A0A0C6DRW4_v6	afdb_Q75WN8_v6	2.348E-01	3.044E-01	3.152E-01	0.045	23
afdb_A0A0C6DRW4_v6	afdb_P07511_v6	2.832E-01	2.542E-01	3.028E-01	0.076	28
afdb_A0A0C6DRW4_v6	afdb_P06721_v6	2.630E-01	2.729E-01	2.841E-01	0.063	26
afdb_A0A0C6DRW4_v6	afdb_P16444_v6	2.641E-01	2.668E-01	2.999E-01	0.063	26
afdb_A0A0C6DRW4_v6	afdb_P56200_v6	2.290E-01	3.004E-01	3.668E-01	0.040	22
afdb_A0A0C6DRW4_v6	afdb_Q9UMR5_v6	2.354E-01	2.942E-01	3.215E-01	0.045	23
afdb_A0A0C6DRW4_v6	afdb_P12998_v6	2.559E-01	2.709E-01	2.882E-01	0.057	25
afdb_A0A0C6DRW4_v6	afdb_P05414_v6	2.493E-01	2.710E-01	2.979E-01	0.051	24
afdb_A0A0C6DRW4_v6	afdb_Q05755_v6	3.836E-01	1.361E-01	3.954E-01	0.179	38
afdb_A0A0C6DRW4_v6	afdb_P21179_v6	3.180E-01	2.010E-01	3.369E-01	0.098	31
afdb_A0A0C6DRW4_v6	afdb_P55038_v6	3.825E-01	1.317E-01	3.926E-01	0.179	38
afdb_A0A0C6DRW4_v6	afdb_Q9X9P9_v6	2.500E-01	2.618E-01	2.730E-01	0.051	24
afdb_A0A0C6DRW4_v6	afdb_P12995_v6	2.582E-01	2.532E-01	2.839E-01	0.057	25
afdb_A0A0C6DRW4_v6	afdb_P00800_v6	2.785E-01	2.320E-01	3.004E-01	0.069	27
afdb_A0A0C6DRW4_v6	afdb_P30122_v6	2.855E-01	2.220E-01	2.923E-01	0.076	28
afdb_A0A0C6DRW4_v6	afdb_P00590_v6	2.000E-01	3.066E-01	3.288E-01	0.024	19
afdb_A0A0C6DRW4_v6	afdb_P27170_v6	2.391E-01	2.664E-01	2.767E-01	0.045	23
afdb_A0A0C6DRW4_v6	afdb_Q9FEW9_v6	2.468E-01	2.568E-01	4.361E-01	0.051	24
afdb_A0A0C6DRW4_v6	afdb_P00636_v6	2.337E-01	2.700E-01	2.853E-01	0.045	23
afdb_A0A0C6DRW4_v6	afdb_P08819_v6	2.572E-01	2.456E-01	2.771E-01	0.057	25
afdb_A0A0C6DRW4_v6	afdb_Q6UV28_v6	1.546E-01	3.469E-01	4.043E-01	0.011	15
afdb_A0A0C6DRW4_v6	afdb_Q6LZM9_v6	2.536E-01	2.460E-01	2.679E-01	0.057	25
afdb_A0A0C6DRW4_v6	afdb_P08473_v6	3.020E-01	1.962E-01	3.276E-01	0.090	30
afdb_A0A0C6DRW4_v6	afdb_P46076_v6	2.330E-01	2.634E-01	3.127E-01	0.045	23
afdb_A0A0C6DRW4_v6	afdb_P00860_v6	2.563E-01	2.396E-01	2.745E-01	0.057	25
afdb_A0A0C6DRW4_v6	afdb_Q9NPB1_v6	1.910E-01	3.035E-01	3.987E-01	0.024	19
afdb_A0A0C6DRW4_v6	afdb_Q05769_v6	2.798E-01	2.137E-01	2.979E-01	0.069	27
afdb_A0A0C6DRW4_v6	afdb_Q8RB32_v6	1.988E-01	2.912E-01	3.234E-01	0.024	19
afdb_A0A0C6DRW4_v6	afdb_Q50925_v6	2.710E-01	2.132E-01	3.003E-01	0.069	27
afdb_A0A0C6DRW4_v6	afdb_P83788_v6	2.409E-01	2.414E-01	2.970E-01	0.051	24
afdb_A0A0C6DRW4_v6	afdb_P00777_v6	2.105E-01	2.684E-01	3.240E-01	0.034	21
afdb_A0A0C6DRW4_v6	afdb_A5JUY8_v6	2.836E-01	1.934E-01	2.886E-01	0.076	28
afdb_A0A0C6DRW4_v6	afdb_P29474_v6	3.284E-01	1.451E-01	3.346E-01	0.106	32
afdb_A0A0C6DRW4_v6	afdb_P10688_v6	2.854E-01	1.834E-01	2.879E-01	0.076	28
afdb_A0A0C6DRW4_v6	afdb_P15034_v6	2.380E-01	2.292E-01	2.493E-01	0.045	23
afdb_A0A0C6DRW4_v6	afdb_P10844_v6	3.307E-01	1.336E-01	3.348E-01	0.116	33
afdb_A0A0C6DRW4_v6	afdb_P12821_v6	3.247E-01	1.306E-01	3.347E-01	0.106	32
afdb_A0A0C6DRW4_v6	afdb_O16025_v6	3.092E-01	1.446E-01	3.207E-01	0.090	30
afdb_A0A0C6DRW4_v6	afdb_P00750_v6	2.444E-01	1.962E-01	2.853E-01	0.051	24
afdb_A0A0C6DRW4_v6	afdb_P27487_v6	2.706E-01	1.699E-01	2.730E-01	0.069	27
afdb_A0A0C6DRW4_v6	afdb_P00747_v6	2.652E-01	1.596E-01	3.459E-01	0.063	26
afdb_A0A0C6DRW4_v6	afdb_P96086_v6	2.799E-01	1.399E-01	3.008E-01	0.069	27
afdb_A0A0C6DRW4_v6	afdb_F8W4B7_v6	2.810E-01	1.339E-01	2.990E-01	0.076	28
afdb_A0A0C6DRW4_v6	afdb_P15917_v6	2.586E-01	1.554E-01	2.688E-01	0.057	25
afdb_A0A0C6DRW4_v6	afdb_P09883_v6	2.280E-01	1.810E-01	2.370E-01	0.040	22
afdb_A1AA28_v6	afdb_O33199_v6	7.422E-01	5.698E-01	7.959E-01	0.961	74
afdb_A1AA28_v6	afdb_P13717_v6	3.129E-01	2.195E-01	3.302E-01	0.098	31
afdb_A1AA28_v6	afdb_A5JUY8_v6	4.041E-01	1.281E-01	4.054E-01	0.214	40
afdb_A1AA28_v6	afdb_P0A6K3_v6	2.712E-01	2.548E-01	2.975E-01	0.069	27
afdb_A1AA28_v6	afdb_Q00017_v6	3.037E-01	2.168E-01	3.145E-01	0.090	30
afdb_A1AA28_v6	afdb_P16444_v6	3.474E-01	1.710E-01	3.574E-01	0.126	34
afdb_A1AA28_v6	afdb_P04190_v6	3.028E-01	2.117E-01	3.472E-01	0.090	30
afdb_A1AA28_v6	afdb_P25910_v6	3.004E-01	2.148E-01	3.434E-01	0.090	30
afdb_A1AA28_v6	afdb_O58727_v6	2.677E-01	2.435E-01	2.743E-01	0.063	26
afdb_A1AA28_v6	afdb_P08819_v6	3.484E-01	1.601E-01	3.942E-01	0.126	34
afdb_A1AA28_v6	afdb_P19938_v6	3.065E-01	1.979E-01	3.192E-01	0.090	30
afdb_A1AA28_v6	afdb_P37062_v6	3.496E-01	1.510E-01	3.998E-01	0.126	34
afdb_A1AA28_v6	afdb_P83686_v6	2.991E-01	1.966E-01	3.304E-01	0.082	29
afdb_A1AA28_v6	afdb_P09960_v6	3.681E-01	1.215E-01	3.877E-01	0.150	36
afdb_A1AA28_v6	afdb_P46076_v6	3.139E-01	1.750E-01	3.382E-01	0.098	31
afdb_A1AA28_v6	afdb_O68557_v6	3.013E-01	1.865E-01	3.146E-01	0.090	30
afdb_A1AA28_v6	afdb_P0A6C1_v6	2.995E-01	1.877E-01	3.714E-01	0.082	29
afdb_A1AA28_v6	afdb_P27170_v6	3.105E-01	1.745E-01	3.189E-01	0.098	31
afdb_A1AA28_v6	afdb_P81054_v6	3.109E-01	1.700E-01	3.718E-01	0.098	31
afdb_A1AA28_v6	afdb_P55931_v6	3.513E-01	1.251E-01	3.853E-01	0.138	35
afdb_A1AA28_v6	afdb_P00800_v6	3.494E-01	1.264E-01	3.510E-01	0.126	34
afdb_A1AA28_v6	afdb_Q9HXE3_v6	3.085E-01	1.606E-01	3.330E-01	0.090	30
afdb_A1AA28_v6	afdb_P00777_v6	2.877E-01	1.781E-01	3.098E-01	0.076	28
afdb_A1AA28_v6	afdb_P00747_v6	3.638E-01	1.011E-01	4.114E-01	0.150	36
afdb_A1AA28_v6	afdb_P10902_v6	3.330E-01	1.277E-01	3.622E-01	0.116	33
afdb_A1AA28_v6	afdb_P08165_v6	3.222E-01	1.360E-01	3.321E-01	0.106	32
afdb_A1AA28_v6	afdb_P04042_v6	2.928E-01	1.652E-01	3.117E-01	0.082	29
afdb_A1AA28_v6	afdb_P00489_v6	3.563E-01	1.013E-01	3.577E-01	0.138	35
afdb_A1AA28_v6	afdb_Q9YHT1_v6	3.419E-01	1.153E-01	3.590E-01	0.126	34
afdb_A1AA28_v6	afdb_Q9X9P9_v6	2.979E-01	1.570E-01	3.100E-01	0.082	29
afdb_A1AA28_v6	afdb_P21179_v6	3.498E-01	1.048E-01	3.565E-01	0.126	34
afdb_A1AA28_v6	afdb_P24474_v6	3.207E-01	1.260E-01	3.416E-01	0.106	32
afdb_A1AA28_v6	afdb_P00860_v6	3.078E-01	1.370E-01	3.117E-01	0.090	30
afdb_A1AA28_v6	afdb_P40881_v6	2.554E-01	1.865E-01	2.564E-01	0.057	25
afdb_A1AA28_v6	afdb_P40859_v6	2.867E-01	1.548E-01	2.974E-01	0.076	28
afdb_A1AA28_v6	afdb_P0CE47_v6	2.897E-01	1.479E-01	3.048E-01	0.076	28
afdb_A1AA28_v6	afdb_P15034_v6	2.992E-01	1.337E-01	3.698E-01	0.082	29
afdb_A1AA28_v6	afdb_P09883_v6	3.178E-01	1.107E-01	3.473E-01	0.098	31
afdb_A1AA28_v6	afdb_P08148_v6	3.138E-01	1.104E-01	3.424E-01	0.098	31
afdb_A1AA28_v6	afdb_Q7SID9_v6	3.040E-01	1.182E-01	3.221E-01	0.090	30
afdb_A1AA28_v6	afdb_P00390_v6	2.992E-01	1.220E-01	3.338E-01	0.082	29
afdb_A1AA28_v6	afdb_P43099_v6	3.194E-01	9.692E-02	3.341E-01	0.098	31
afdb_A1AA28_v6	afdb_P15917_v6	3.279E-01	8.488E-02	3.602E-01	0.106	32
afdb_A1AA28_v6	afdb_P96086_v6	3.324E-01	7.641E-02	3.403E-01	0.116	33
afdb_A1AA28_v6	afdb_P55038_v6	3.486E-01	5.490E-02	3.500E-01	0.126	34
afdb_A1AA28_v6	afdb_P27487_v6	3.086E-01	9.009E-02	3.098E-01	0.090	30
afdb_A1AA28_v6	afdb_P10688_v6	2.915E-01	8.714E-02	3.217E-01	0.082	29
afdb_A1AA28_v6	afdb_P29474_v6	3.068E-01	5.962E-02	3.411E-01	0.090	30
afdb_P00175_v6	afdb_P05414_v6	5.483E-01	8.700E-01	8.913E-01	0.601	54
afdb_P00175_v6	afdb_P0AEZ1_v6	3.274E-01	5.977E-01	6.151E-01	0.106	32
afdb_P00175_v6	afdb_Q8RB32_v6	2.819E-01	6.257E-01	6.279E-01	0.076	28
afdb_P00175_v6	afdb_P0A6C1_v6	3.025E-01	5.576E-01	5.592E-01	0.090	30
afdb_P00175_v6	afdb_P03958_v6	3.250E-01	5.006E-01	5.705E-01	0.106	32
afdb_P00175_v6	afdb_Q9FEW9_v6	3.356E-01	4.789E-01	6.300E-01	0.116	33
afdb_P00175_v6	afdb_P16444_v6	3.256E-01	4.408E-01	5.570E-01	0.106	32
afdb_P00175_v6	afdb_P39377_v6	2.949E-01	4.175E-01	5.008E-01	0.082	29
afdb_P00175_v6	afdb_Q9XBQ8_v6	3.038E-01	3.968E-01	4.092E-01	0.090	30
afdb_P00175_v6	afdb_P42593_v6	3.611E-01	3.219E-01	5.999E-01	0.150	36
afdb_P00175_v6	afdb_P00860_v6	2.983E-01	3.634E-01	3.683E-01	0.082	29
afdb_P00175_v6	afdb_Q29460_v6	2.090E-01	4.511E-01	4.750E-01	0.029	20
afdb_P00175_v6	afdb_Q05755_v6	4.509E-01	1.895E-01	4.658E-01	0.326	45
afdb_P00175_v6	afdb_P55038_v6	4.541E-01	1.860E-01	4.680E-01	0.326	45
afdb_P00175_v6	afdb_P95468_v6	2.696E-01	3.697E-01	3.799E-01	0.063	26
afdb_P00175_v6	afdb_P53608_v6	2.370E-01	3.977E-01	4.146E-01	0.045	23
afdb_P00175_v6	afdb_P24630_v6	2.789E-01	3.544E-01	3.616E-01	0.069	27
afdb_P00175_v6	afdb_P16099_v6	3.439E-01	2.857E-01	5.732E-01	0.126	34
afdb_P00175_v6	afdb_P0AB77_v6	2.629E-01	3.610E-01	3.724E-01	0.063	26
afdb_P00175_v6	afdb_P10688_v6	3.396E-01	2.784E-01	3.581E-01	0.116	33
afdb_P00175_v6	afdb_P12995_v6	2.696E-01	3.443E-01	3.735E-01	0.063	26
afdb_P00175_v6	afdb_P22394_v6	2.993E-01	3.095E-01	3.367E-01	0.082	29
afdb_P00175_v6	afdb_P05521_v6	2.297E-01	3.735E-01	3.931E-01	0.040	22
afdb_P00175_v6	afdb_Q00017_v6	2.040E-01	3.967E-01	4.024E-01	0.029	20
afdb_P00175_v6	afdb_P07003_v6	2.963E-01	3.031E-01	3.465E-01	0.082	29
afdb_P00175_v6	afdb_P12998_v6	2.524E-01	3.459E-01	3.569E-01	0.057	25
afdb_P00175_v6	afdb_P45478_v6	2.268E-01	3.707E-01	3.848E-01	0.040	22
afdb_P00175_v6	afdb_O58727_v6	1.644E-01	4.299E-01	4.533E-01	0.014	16
afdb_P00175_v6	afdb_P25910_v6	2.066E-01	3.872E-01	4.020E-01	0.029	20
afdb_P00175_v6	afdb_P37957_v6	1.905E-01	4.027E-01	4.171E-01	0.024	19
afdb_P00175_v6	afdb_Q9UMR5_v6	2.212E-01	3.638E-01	3.794E-01	0.040	22
afdb_P00175_v6	afdb_P52700_v6	2.164E-01	3.675E-01	3.920E-01	0.034	21
afdb_P00175_v6	afdb_P53041_v6	2.732E-01	3.104E-01	3.708E-01	0.069	27
afdb_P00175_v6	afdb_P04042_v6	2.373E-01	3.463E-01	3.687E-01	0.045	23
afdb_P00175_v6	afdb_P83686_v6	2.113E-01	3.704E-01	3.711E-01	0.034	21
afdb_P00175_v6	afdb_Q75WN8_v6	2.121E-01	3.666E-01	3.804E-01	0.034	21
afdb_P00175_v6	afdb_Q3HWU8_v6	2.070E-01	3.674E-01	3.772E-01	0.029	20
afdb_P00175_v6	afdb_Q58989_v6	1.763E-01	3.973E-01	4.239E-01	0.016	17
afdb_P00175_v6	afdb_P00590_v6	1.879E-01	3.855E-01	4.037E-01	0.020	18
afdb_P00175_v6	afdb_P23687_v6	3.065E-01	2.662E-01	3.338E-01	0.090	30
afdb_P00175_v6	afdb_P37063_v6	2.877E-01	2.835E-01	3.255E-01	0.076	28
afdb_P00175_v6	afdb_Q16775_v6	2.179E-01	3.511E-01	3.822E-01	0.034	21
afdb_P00175_v6	afdb_P96965_v6	2.076E-01	3.555E-01	3.651E-01	0.029	20
afdb_P00175_v6	afdb_P08819_v6	2.499E-01	3.048E-01	3.062E-01	0.051	24
afdb_P00175_v6	afdb_P27487_v6	3.050E-01	2.476E-01	3.575E-01	0.090	30
afdb_P00175_v6	afdb_P24474_v6	2.695E-01	2.773E-01	3.123E-01	0.063	26
afdb_P00175_v6	afdb_P56200_v6	1.993E-01	3.446E-01	3.454E-01	0.024	19
afdb_P00175_v6	afdb_Q12178_v6	1.464E-01	3.972E-01	4.532E-01	0.010	14
afdb_P00175_v6	afdb_P07511_v6	2.498E-01	2.920E-01	3.047E-01	0.051	24
afdb_P00175_v6	afdb_P00455_v6	2.220E-01	3.190E-01	3.282E-01	0.040	22
afdb_P00175_v6	afdb_P0A9P4_v6	2.078E-01	3.330E-01	4.150E-01	0.029	20
afdb_P00175_v6	afdb_Q9L9D7_v6	2.669E-01	2.722E-01	3.067E-01	0.063	26
afdb_P00175_v6	afdb_P08148_v6	2.670E-01	2.637E-01	3.254E-01	0.063	26
afdb_P00175_v6	afdb_Q6YBS3_v6	2.717E-01	2.577E-01	3.013E-01	0.069	27
afdb_P00175_v6	afdb_Q6LZM9_v6	2.344E-01	2.939E-01	3.231E-01	0.045	23
afdb_P00175_v6	afdb_P09184_v6	1.422E-01	3.834E-01	3.972E-01	0.010	14
afdb_P00175_v6	afdb_P22637_v6	2.561E-01	2.688E-01	2.776E-01	0.057	25
afdb_P00175_v6	afdb_P00390_v6	2.496E-01	2.739E-01	2.790E-01	0.051	24
afdb_P00175_v6	afdb_P15289_v6	2.472E-01	2.769E-01	3.873E-01	0.051	24
afdb_P00175_v6	afdb_O59791_v6	2.006E-01	3.221E-01	3.426E-01	0.029	20
afdb_P00175_v6	afdb_P06721_v6	2.172E-01	2.999E-01	3.426E-01	0.034	21
afdb_P00175_v6	afdb_P37062_v6	2.327E-01	2.848E-01	2.945E-01	0.045	23
afdb_P00175_v6	afdb_P09960_v6	2.612E-01	2.551E-01	3.014E-01	0.063	26
afdb_P00175_v6	afdb_P77444_v6	2.210E-01	2.933E-01	3.930E-01	0.040	22
afdb_P00175_v6	afdb_P00914_v6	2.343E-01	2.764E-01	2.844E-01	0.045	23
afdb_P00175_v6	afdb_P83788_v6	2.197E-01	2.890E-01	3.985E-01	0.034	21
afdb_P00175_v6	afdb_P0CE47_v6	2.174E-01	2.882E-01	3.047E-01	0.034	21
afdb_P00175_v6	afdb_Q56839_v6	2.357E-01	2.574E-01	2.727E-01	0.045	23
afdb_P00175_v6	afdb_Q01693_v6	2.331E-01	2.606E-01	2.678E-01	0.045	23
afdb_P00175_v6	afdb_P08473_v6	2.677E-01	2.251E-01	3.020E-01	0.063	26
afdb_P00175_v6	afdb_Q9YHT1_v6	2.568E-01	2.361E-01	2.846E-01	0.057	25
afdb_P00175_v6	afdb_P08165_v6	2.291E-01	2.615E-01	2.685E-01	0.040	22
afdb_P00175_v6	afdb_P00935_v6	2.029E-01	2.855E-01	3.829E-01	0.029	20
afdb_P00175_v6	afdb_P00388_v6	2.537E-01	2.299E-01	2.552E-01	0.057	25
afdb_P00175_v6	afdb_P83772_v6	1.694E-01	3.140E-01	3.209E-01	0.014	16
afdb_P00175_v6	afdb_P71119_v6	1.546E-01	3.267E-01	3.548E-01	0.011	15
afdb_P00175_v6	afdb_Q50925_v6	2.369E-01	2.434E-01	2.806E-01	0.045	23
afdb_P00175_v6	afdb_P19938_v6	1.764E-01	3.028E-01	3.286E-01	0.016	17
afdb_P00175_v6	afdb_P24289_v6	1.721E-01	3.063E-01	3.351E-01	0.016	17
afdb_P00175_v6	afdb_P00489_v6	2.684E-01	2.051E-01	2.939E-01	0.063	26
afdb_P00175_v6	afdb_P00183_v6	2.027E-01	2.649E-01	3.218E-01	0.029	20
afdb_P00175_v6	afdb_F8W4B7_v6	2.866E-01	1.799E-01	2.960E-01	0.076	28
afdb_P00175_v6	afdb_P96086_v6	2.849E-01	1.805E-01	3.184E-01	0.076	28
afdb_P00175_v6	afdb_P14779_v6	2.810E-01	1.801E-01	3.137E-01	0.076	28
afdb_P00175_v6	afdb_P00396_v6	2.196E-01	2.410E-01	2.636E-01	0.034	21
afdb_P00175_v6	afdb_P09367_v6	1.888E-01	2.700E-01	3.029E-01	0.020	18
afdb_P00175_v6	afdb_P00800_v6	2.215E-01	2.342E-01	2.803E-01	0.040	22
afdb_P00175_v6	afdb_P10844_v6	2.935E-01	1.610E-01	3.366E-01	0.082	29
afdb_P00175_v6	afdb_Q05769_v6	2.236E-01	2.207E-01	2.468E-01	0.040	22
afdb_P00175_v6	afdb_P43099_v6	2.379E-01	2.029E-01	2.711E-01	0.045	23
afdb_P00175_v6	afdb_P29474_v6	2.785E-01	1.623E-01	3.078E-01	0.069	27
afdb_P00175_v6	afdb_P21179_v6	2.388E-01	2.009E-01	2.520E-01	0.045	23
afdb_P00175_v6	afdb_P12821_v6	2.843E-01	1.508E-01	3.206E-01	0.076	28
afdb_P00175_v6	afdb_P06621_v6	1.848E-01	2.372E-01	2.820E-01	0.020	18
afdb_P00175_v6	afdb_O16025_v6	2.272E-01	1.460E-01	2.407E-01	0.040	22
afdb_P00392_v6	afdb_P00390_v6	7.649E-01	8.198E-01	8.478E-01	0.971	76
afdb_P00392_v6	afdb_Q56839_v6	7.250E-01	7.736E-01	7.904E-01	0.949	72
afdb_P00392_v6	afdb_P37062_v6	6.681E-01	8.251E-01	8.302E-01	0.887	66
afdb_P00392_v6	afdb_P0A9P4_v6	4.534E-01	7.615E-01	7.952E-01	0.326	45
afdb_P00392_v6	afdb_P08165_v6	4.313E-01	4.847E-01	6.719E-01	0.277	43
afdb_P00392_v6	afdb_P42593_v6	4.176E-01	3.548E-01	5.380E-01	0.233	41
afdb_P00392_v6	afdb_P16099_v6	4.227E-01	3.361E-01	4.468E-01	0.254	42
afdb_P00392_v6	afdb_P22637_v6	3.738E-01	3.787E-01	4.818E-01	0.164	37
afdb_P00392_v6	afdb_Q9HXE3_v6	3.016E-01	4.219E-01	4.576E-01	0.090	30
afdb_P00392_v6	afdb_Q9X9P9_v6	3.025E-01	4.054E-01	4.465E-01	0.090	30
afdb_P00392_v6	afdb_P40859_v6	3.001E-01	4.046E-01	4.519E-01	0.082	29
afdb_P00392_v6	afdb_P10902_v6	3.458E-01	3.575E-01	4.996E-01	0.126	34
afdb_P00392_v6	afdb_Q9YHT1_v6	3.681E-01	3.203E-01	4.055E-01	0.150	36
afdb_P00392_v6	afdb_Q945K2_v6	3.443E-01	3.432E-01	5.157E-01	0.126	34
afdb_P00392_v6	afdb_P80324_v6	2.792E-01	3.924E-01	4.229E-01	0.069	27
afdb_P00392_v6	afdb_P55931_v6	3.391E-01	3.132E-01	4.384E-01	0.116	33
afdb_P00392_v6	afdb_P07511_v6	2.881E-01	3.198E-01	3.343E-01	0.076	28
afdb_P00392_v6	afdb_Q6LZM9_v6	2.732E-01	3.274E-01	3.371E-01	0.069	27
afdb_P00392_v6	afdb_O59791_v6	2.361E-01	3.625E-01	3.675E-01	0.045	23
afdb_P00392_v6	afdb_P15289_v6	2.754E-01	2.970E-01	3.349E-01	0.069	27
afdb_P00392_v6	afdb_P09367_v6	2.374E-01	3.347E-01	3.431E-01	0.045	23
afdb_P00392_v6	afdb_P95468_v6	2.479E-01	3.222E-01	3.503E-01	0.051	24
afdb_P00392_v6	afdb_P77444_v6	2.490E-01	3.173E-01	3.442E-01	0.051	24
afdb_P00392_v6	afdb_P09184_v6	1.512E-01	4.142E-01	4.615E-01	0.011	15
afdb_P00392_v6	afdb_Q58989_v6	1.729E-01	3.898E-01	3.913E-01	0.016	17
afdb_P00392_v6	afdb_P00935_v6	2.418E-01	3.172E-01	3.224E-01	0.051	24
afdb_P00392_v6	afdb_P06721_v6	2.419E-01	3.141E-01	3.211E-01	0.051	24
afdb_P00392_v6	afdb_P04190_v6	1.986E-01	3.577E-01	3.775E-01	0.024	19
afdb_P00392_v6	afdb_P12998_v6	2.406E-01	3.144E-01	3.457E-01	0.045	23
afdb_P00392_v6	afdb_Q9L9D7_v6	2.770E-01	2.723E-01	3.217E-01	0.069	27
afdb_P00392_v6	afdb_P29183_v6	2.542E-01	2.936E-01	3.338E-01	0.057	25
afdb_P00392_v6	afdb_Q6YBS3_v6	2.861E-01	2.609E-01	3.166E-01	0.076	28
afdb_P00392_v6	afdb_P23687_v6	2.951E-01	2.492E-01	2.971E-01	0.082	29
afdb_P00392_v6	afdb_P0AB77_v6	2.392E-01	3.038E-01	3.361E-01	0.045	23
afdb_P00392_v6	afdb_P43099_v6	2.972E-01	2.439E-01	3.285E-01	0.082	29
afdb_P00392_v6	afdb_Q12178_v6	1.437E-01	3.970E-01	4.467E-01	0.010	14
afdb_P00392_v6	afdb_Q8RB32_v6	1.871E-01	3.523E-01	3.537E-01	0.020	18
afdb_P00392_v6	afdb_Q01693_v6	2.602E-01	2.798E-01	2.872E-01	0.057	25
afdb_P00392_v6	afdb_P00590_v6	1.804E-01	3.585E-01	3.829E-01	0.016	17
afdb_P00392_v6	afdb_P05521_v6	2.118E-01	3.262E-01	3.494E-01	0.034	21
afdb_P00392_v6	afdb_P00800_v6	2.638E-01	2.682E-01	2.901E-01	0.063	26
afdb_P00392_v6	afdb_P08373_v6	2.168E-01	3.146E-01	3.310E-01	0.034	21
afdb_P00392_v6	afdb_F8W4B7_v6	3.283E-01	2.007E-01	3.291E-01	0.106	32
afdb_P00392_v6	afdb_P08819_v6	2.409E-01	2.853E-01	2.898E-01	0.051	24
afdb_P00392_v6	afdb_P16444_v6	2.319E-01	2.933E-01	3.617E-01	0.045	23
afdb_P00392_v6	afdb_P83788_v6	2.346E-01	2.897E-01	3.211E-01	0.045	23
afdb_P00392_v6	afdb_P24630_v6	2.390E-01	2.857E-01	2.930E-01	0.045	23
afdb_P00392_v6	afdb_P07003_v6	2.636E-01	2.600E-01	2.764E-01	0.063	26
afdb_P00392_v6	afdb_P00750_v6	2.619E-01	2.616E-01	2.842E-01	0.063	26
afdb_P00392_v6	afdb_P30122_v6	2.677E-01	2.567E-01	2.957E-01	0.063	26
afdb_P00392_v6	afdb_P37957_v6	1.695E-01	3.533E-01	3.891E-01	0.014	16
afdb_P00392_v6	afdb_P15034_v6	2.387E-01	2.850E-01	3.157E-01	0.045	23
afdb_P00392_v6	afdb_Q00017_v6	1.846E-01	3.379E-01	3.483E-01	0.020	18
afdb_P00392_v6	afdb_P0CE47_v6	2.258E-01	2.935E-01	2.951E-01	0.040	22
afdb_P00392_v6	afdb_O68557_v6	2.012E-01	3.150E-01	3.678E-01	0.024	19
afdb_P00392_v6	afdb_P00914_v6	2.411E-01	2.726E-01	2.970E-01	0.051	24
afdb_P00392_v6	afdb_P52279_v6	2.040E-01	3.093E-01	3.298E-01	0.029	20
afdb_P00392_v6	afdb_Q3HWU8_v6	1.953E-01	3.186E-01	3.289E-01	0.024	19
afdb_P00392_v6	afdb_P83772_v6	1.871E-01	3.252E-01	3.294E-01	0.020	18
afdb_P00392_v6	afdb_Q75WN8_v6	1.928E-01	3.193E-01	3.207E-01	0.024	19
afdb_P00392_v6	afdb_P96965_v6	1.912E-01	3.203E-01	3.286E-01	0.024	19
afdb_P00392_v6	afdb_Q9FEW9_v6	2.235E-01	2.887E-01	2.989E-01	0.040	22
afdb_P00392_v6	afdb_Q7SID9_v6	2.542E-01	2.542E-01	2.694E-01	0.057	25
afdb_P00392_v6	afdb_P03958_v6	2.079E-01	2.989E-01	3.268E-01	0.029	20
afdb_P00392_v6	afdb_P00860_v6	2.345E-01	2.712E-01	3.643E-01	0.045	23
afdb_P00392_v6	afdb_P52700_v6	1.920E-01	3.135E-01	3.317E-01	0.024	19
afdb_P00392_v6	afdb_O58727_v6	1.512E-01	3.532E-01	3.738E-01	0.011	15
afdb_P00392_v6	afdb_P53041_v6	2.401E-01	2.609E-01	2.719E-01	0.045	23
afdb_P00392_v6	afdb_P53608_v6	1.885E-01	3.113E-01	3.380E-01	0.020	18
afdb_P00392_v6	afdb_P56216_v6	2.493E-01	2.496E-01	3.024E-01	0.051	24
afdb_P00392_v6	afdb_P00777_v6	1.928E-01	3.063E-01	3.522E-01	0.024	19
afdb_P00392_v6	afdb_Q05755_v6	3.405E-01	1.567E-01	3.426E-01	0.126	34
afdb_P00392_v6	afdb_P10688_v6	2.757E-01	2.215E-01	2.879E-01	0.069	27
afdb_P00392_v6	afdb_P00388_v6	2.648E-01	2.293E-01	2.745E-01	0.063	26
afdb_P00392_v6	afdb_P37063_v6	2.524E-01	2.395E-01	2.602E-01	0.057	25
afdb_P00392_v6	afdb_O31156_v6	1.777E-01	3.122E-01	3.414E-01	0.016	17
afdb_P00392_v6	afdb_Q29460_v6	1.679E-01	3.192E-01	3.201E-01	0.014	16
afdb_P00392_v6	afdb_Q16775_v6	1.865E-01	2.991E-01	3.127E-01	0.020	18
afdb_P00392_v6	afdb_P25910_v6	1.754E-01	3.100E-01	3.124E-01	0.016	17
afdb_P00392_v6	afdb_P83686_v6	1.714E-01	3.129E-01	3.363E-01	0.016	17
afdb_P00392_v6	afdb_Q9UMR5_v6	1.880E-01	2.961E-01	3.152E-01	0.020	18
afdb_P00392_v6	afdb_Q9NPB1_v6	1.599E-01	3.215E-01	3.286E-01	0.011	15
afdb_P00392_v6	afdb_P14779_v6	2.954E-01	1.827E-01	2.981E-01	0.082	29
afdb_P00392_v6	afdb_P04042_v6	1.998E-01	2.781E-01	2.945E-01	0.024	19
afdb_P00392_v6	afdb_P0AEZ1_v6	1.830E-01	2.898E-01	3.170E-01	0.020	18
afdb_P00392_v6	afdb_P05414_v6	1.999E-01	2.706E-01	2.711E-01	0.024	19
afdb_P00392_v6	afdb_P21327_v6	2.066E-01	2.645E-01	2.675E-01	0.029	20
afdb_P00392_v6	afdb_P96086_v6	2.912E-01	1.785E-01	2.931E-01	0.082	29
afdb_P00392_v6	afdb_P00455_v6	1.907E-01	2.715E-01	3.298E-01	0.024	19
afdb_P00392_v6	afdb_P27170_v6	1.930E-01	2.684E-01	3.164E-01	0.024	19
afdb_P00392_v6	afdb_P00747_v6	2.598E-01	1.996E-01	2.601E-01	0.057	25
afdb_P00392_v6	afdb_P24474_v6	2.299E-01	2.278E-01	2.898E-01	0.040	22
afdb_P00392_v6	afdb_P55038_v6	3.141E-01	1.425E-01	3.221E-01	0.098	31
afdb_P00392_v6	afdb_P81054_v6	1.915E-01	2.662E-01	2.718E-01	0.024	19
afdb_P00392_v6	afdb_O33199_v6	1.475E-01	3.063E-01	3.114E-01	0.010	14
afdb_P00392_v6	afdb_P08148_v6	2.266E-01	2.155E-01	2.406E-01	0.040	22
afdb_P00392_v6	afdb_P19938_v6	1.649E-01	2.752E-01	3.183E-01	0.014	16
afdb_P00392_v6	afdb_P0A6C1_v6	1.668E-01	2.711E-01	3.117E-01	0.014	16
afdb_P00392_v6	afdb_P29474_v6	2.763E-01	1.544E-01	2.802E-01	0.069	27
afdb_P00392_v6	afdb_P0A6K3_v6	1.204E-01	3.087E-01	3.151E-01	0.008	12
afdb_P00392_v6	afdb_O16025_v6	2.637E-01	1.640E-01	2.713E-01	0.063	26
afdb_P00392_v6	afdb_P39377_v6	1.835E-01	2.357E-01	2.640E-01	0.020	18
afdb_P00392_v6	afdb_Q9XBQ8_v6	1.858E-01	2.297E-01	2.765E-01	0.020	18
afdb_P00392_v6	afdb_P13717_v6	1.479E-01	2.560E-01	2.662E-01	0.010	14
afdb_P00392_v6	afdb_O13297_v6	1.768E-01	1.792E-01	2.238E-01	0.016	17
afdb_P00639_v6	afdb_Q9FEW9_v6	4.867E-01	3.798E-01	5.107E-01	0.411	48
afdb_P00639_v6	afdb_P0AEZ1_v6	4.145E-01	4.006E-01	4.449E-01	0.233	41
afdb_P00639_v6	afdb_Q16775_v6	3.987E-01	3.732E-01	4.753E-01	0.196	39
afdb_P00639_v6	afdb_P37957_v6	3.438E-01	4.198E-01	4.508E-01	0.126	34
afdb_P00639_v6	afdb_P04190_v6	3.545E-01	3.781E-01	4.133E-01	0.138	35
afdb_P00639_v6	afdb_P05521_v6	3.745E-01	3.560E-01	4.007E-01	0.164	37
afdb_P00639_v6	afdb_P25910_v6	3.473E-01	3.780E-01	4.049E-01	0.126	34
afdb_P00639_v6	afdb_P56200_v6	3.575E-01	3.548E-01	3.892E-01	0.138	35
afdb_P00639_v6	afdb_P53608_v6	3.590E-01	3.443E-01	4.277E-01	0.138	35
afdb_P00639_v6	afdb_P52700_v6	3.535E-01	3.461E-01	4.193E-01	0.138	35
afdb_P00639_v6	afdb_P15289_v6	4.242E-01	2.734E-01	4.467E-01	0.254	42
afdb_P00639_v6	afdb_P16099_v6	4.612E-01	2.223E-01	4.801E-01	0.353	46
afdb_P00639_v6	afdb_Q75WN8_v6	3.394E-01	3.370E-01	3.880E-01	0.116	33
afdb_P00639_v6	afdb_P27170_v6	3.616E-01	3.086E-01	3.836E-01	0.150	36
afdb_P00639_v6	afdb_Q9X9P9_v6	3.718E-01	2.930E-01	4.035E-01	0.164	37
afdb_P00639_v6	afdb_P06621_v6	3.775E-01	2.850E-01	3.878E-01	0.164	37
afdb_P00639_v6	afdb_P52279_v6	3.425E-01	3.189E-01	3.840E-01	0.126	34
afdb_P00639_v6	afdb_P09184_v6	2.552E-01	4.048E-01	4.373E-01	0.057	25
afdb_P00639_v6	afdb_P56218_v6	3.351E-01	3.245E-01	3.619E-01	0.116	33
afdb_P00639_v6	afdb_P83772_v6	3.132E-01	3.328E-01	3.541E-01	0.098	31
afdb_P00639_v6	afdb_P00489_v6	4.496E-01	1.903E-01	4.736E-01	0.301	44
afdb_P00639_v6	afdb_P00860_v6	3.747E-01	2.564E-01	4.162E-01	0.164	37
afdb_P00639_v6	afdb_P24474_v6	3.931E-01	2.352E-01	4.252E-01	0.196	39
afdb_P00639_v6	afdb_P53041_v6	3.833E-01	2.447E-01	4.204E-01	0.179	38
afdb_P00639_v6	afdb_P40859_v6	3.495E-01	2.775E-01	3.783E-01	0.126	34
afdb_P00639_v6	afdb_P55931_v6	4.013E-01	2.234E-01	4.317E-01	0.214	40
afdb_P00639_v6	afdb_P23687_v6	4.181E-01	2.004E-01	4.339E-01	0.233	41
afdb_P00639_v6	afdb_P00935_v6	3.440E-01	2.715E-01	3.855E-01	0.126	34
afdb_P00639_v6	afdb_P95468_v6	3.413E-01	2.689E-01	3.861E-01	0.126	34
afdb_P00639_v6	afdb_Q9HXE3_v6	3.326E-01	2.718E-01	3.587E-01	0.116	33
afdb_P00639_v6	afdb_Q945K2_v6	3.737E-01	2.196E-01	3.886E-01	0.164	37
afdb_P00639_v6	afdb_P22637_v6	3.695E-01	2.228E-01	3.915E-01	0.150	36
afdb_P00639_v6	afdb_P80324_v6	3.226E-01	2.675E-01	3.647E-01	0.106	32
afdb_P00639_v6	afdb_O59791_v6	3.080E-01	2.806E-01	3.562E-01	0.090	30
afdb_P00639_v6	afdb_P07511_v6	3.514E-01	2.340E-01	4.492E-01	0.138	35
afdb_P00639_v6	afdb_P24630_v6	3.342E-01	2.444E-01	3.756E-01	0.116	33
afdb_P00639_v6	afdb_P29183_v6	3.349E-01	2.335E-01	3.857E-01	0.116	33
afdb_P00639_v6	afdb_F8W4B7_v6	4.187E-01	1.451E-01	4.195E-01	0.233	41
afdb_P00639_v6	afdb_Q06241_v6	2.497E-01	3.081E-01	3.145E-01	0.051	24
afdb_P00639_v6	afdb_P22394_v6	3.474E-01	2.079E-01	3.731E-01	0.126	34
afdb_P00639_v6	afdb_P27487_v6	3.802E-01	1.725E-01	3.969E-01	0.179	38
afdb_P00639_v6	afdb_P43099_v6	3.621E-01	1.770E-01	4.345E-01	0.150	36
afdb_P00639_v6	afdb_P0A9P4_v6	2.797E-01	2.552E-01	3.068E-01	0.069	27
afdb_P00639_v6	afdb_P96086_v6	3.918E-01	1.421E-01	4.193E-01	0.196	39
afdb_P00639_v6	afdb_P0A6K3_v6	2.189E-01	3.075E-01	3.133E-01	0.034	21
afdb_P00639_v6	afdb_P00636_v6	2.795E-01	2.447E-01	3.286E-01	0.069	27
afdb_P00639_v6	afdb_P19938_v6	2.593E-01	2.587E-01	2.824E-01	0.057	25
afdb_P00639_v6	afdb_A5JUY8_v6	3.451E-01	1.707E-01	3.751E-01	0.126	34
afdb_P00639_v6	afdb_P10902_v6	3.156E-01	1.979E-01	3.217E-01	0.098	31
afdb_P00639_v6	afdb_P15034_v6	2.978E-01	2.122E-01	3.170E-01	0.082	29
afdb_P00639_v6	afdb_P08473_v6	3.379E-01	1.636E-01	3.487E-01	0.116	33
afdb_P00639_v6	afdb_P00388_v6	3.252E-01	1.673E-01	3.563E-01	0.106	32
afdb_P00639_v6	afdb_P21327_v6	2.706E-01	2.180E-01	2.853E-01	0.069	27
afdb_P00639_v6	afdb_P29474_v6	3.689E-01	1.180E-01	3.787E-01	0.150	36
afdb_P00639_v6	afdb_O16025_v6	3.515E-01	1.300E-01	3.762E-01	0.138	35
afdb_P00639_v6	afdb_O33199_v6	2.121E-01	2.631E-01	2.798E-01	0.034	21
afdb_P00639_v6	afdb_O13297_v6	2.618E-01	1.600E-01	2.719E-01	0.063	26
afdb_P00644_v6	afdb_P13717_v6	2.838E-01	2.564E-01	2.990E-01	0.076	28
afdb_P00644_v6	afdb_Q75WN8_v6	2.778E-01	2.368E-01	4.087E-01	0.069	27
afdb_P00644_v6	afdb_P04042_v6	2.941E-01	2.221E-01	2.965E-01	0.082	29
afdb_P00644_v6	afdb_P0CE47_v6	3.032E-01	2.103E-01	3.294E-01	0.090	30
afdb_P00644_v6	afdb_P25910_v6	2.625E-01	2.494E-01	3.358E-01	0.063	26
afdb_P00644_v6	afdb_P52700_v6	2.743E-01	2.315E-01	4.329E-01	0.069	27
afdb_P00644_v6	afdb_P15034_v6	3.102E-01	1.926E-01	3.417E-01	0.098	31
afdb_P00644_v6	afdb_Q16775_v6	2.702E-01	2.203E-01	2.912E-01	0.069	27
afdb_P00644_v6	afdb_P00489_v6	3.530E-01	1.307E-01	3.677E-01	0.138	35
afdb_P00644_v6	afdb_P55038_v6	3.928E-01	8.715E-02	4.072E-01	0.196	39
afdb_P00644_v6	afdb_P0AB77_v6	2.819E-01	1.900E-01	3.145E-01	0.076	28
afdb_P00644_v6	afdb_P04190_v6	2.437E-01	2.273E-01	2.788E-01	0.051	24
afdb_P00644_v6	afdb_Q945K2_v6	3.060E-01	1.636E-01	3.104E-01	0.090	30
afdb_P00644_v6	afdb_P83686_v6	2.474E-01	2.212E-01	3.426E-01	0.051	24
afdb_P00644_v6	afdb_P00800_v6	3.037E-01	1.631E-01	3.190E-01	0.090	30
afdb_P00644_v6	afdb_P81054_v6	2.683E-01	1.963E-01	3.721E-01	0.063	26
afdb_P00644_v6	afdb_P10688_v6	3.281E-01	1.365E-01	3.550E-01	0.106	32
afdb_P00644_v6	afdb_P00750_v6	3.037E-01	1.601E-01	3.196E-01	0.090	30
afdb_P00644_v6	afdb_P00183_v6	2.788E-01	1.832E-01	2.906E-01	0.069	27
afdb_P00644_v6	afdb_P12998_v6	2.723E-01	1.877E-01	3.064E-01	0.069	27
afdb_P00644_v6	afdb_Q9L9D7_v6	3.064E-01	1.535E-01	3.647E-01	0.090	30
afdb_P00644_v6	afdb_P40881_v6	2.352E-01	2.244E-01	3.532E-01	0.045	23
afdb_P00644_v6	afdb_P40859_v6	2.716E-01	1.881E-01	2.920E-01	0.069	27
afdb_P00644_v6	afdb_O33199_v6	2.210E-01	2.363E-01	2.567E-01	0.040	22
afdb_P00644_v6	afdb_P24474_v6	2.999E-01	1.568E-01	3.152E-01	0.082	29
afdb_P00644_v6	afdb_P14779_v6	3.470E-01	1.067E-01	3.509E-01	0.126	34
afdb_P00644_v6	afdb_O68557_v6	2.474E-01	2.053E-01	2.643E-01	0.051	24
afdb_P00644_v6	afdb_Q06241_v6	2.154E-01	2.351E-01	3.076E-01	0.034	21
afdb_P00644_v6	afdb_P00777_v6	2.450E-01	2.048E-01	2.754E-01	0.051	24
afdb_P00644_v6	afdb_Q56839_v6	2.860E-01	1.597E-01	2.923E-01	0.076	28
afdb_P00644_v6	afdb_P00455_v6	2.568E-01	1.859E-01	2.575E-01	0.057	25
afdb_P00644_v6	afdb_P45478_v6	2.410E-01	1.991E-01	2.585E-01	0.051	24
afdb_P00644_v6	afdb_P27170_v6	2.521E-01	1.859E-01	2.931E-01	0.057	25
afdb_P00644_v6	afdb_P96086_v6	3.313E-01	1.060E-01	3.322E-01	0.116	33
afdb_P00644_v6	afdb_P10902_v6	2.866E-01	1.501E-01	2.927E-01	0.076	28
afdb_P00644_v6	afdb_P12995_v6	2.650E-01	1.714E-01	2.874E-01	0.063	26
afdb_P00644_v6	afdb_P46076_v6	2.473E-01	1.865E-01	3.283E-01	0.051	24
afdb_P00644_v6	afdb_Q9UMR5_v6	2.334E-01	1.968E-01	2.494E-01	0.045	23
afdb_P00644_v6	afdb_Q9HXE3_v6	2.495E-01	1.795E-01	2.580E-01	0.051	24
afdb_P00644_v6	afdb_Q6YBS3_v6	2.898E-01	1.375E-01	3.038E-01	0.076	28
afdb_P00644_v6	afdb_P0A6K3_v6	1.925E-01	2.337E-01	2.669E-01	0.024	19
afdb_P00644_v6	afdb_P27487_v6	3.044E-01	1.206E-01	3.122E-01	0.090	30
afdb_P00644_v6	afdb_P24630_v6	2.580E-01	1.652E-01	2.868E-01	0.057	25
afdb_P00644_v6	afdb_P15289_v6	2.715E-01	1.504E-01	3.179E-01	0.069	27
afdb_P00644_v6	afdb_Q9YHT1_v6	2.892E-01	1.269E-01	3.125E-01	0.076	28
afdb_P00644_v6	afdb_P21179_v6	2.915E-01	1.253E-01	2.940E-01	0.082	29
afdb_P00644_v6	afdb_P00747_v6	2.985E-01	1.165E-01	3.162E-01	0.082	29
afdb_P00644_v6	afdb_Q01693_v6	2.637E-01	1.487E-01	2.727E-01	0.063	26
afdb_P00644_v6	afdb_P12821_v6	3.290E-01	8.122E-02	3.445E-01	0.106	32
afdb_P00644_v6	afdb_O16025_v6	3.132E-01	9.010E-02	3.691E-01	0.098	31
afdb_P00644_v6	afdb_P22394_v6	2.561E-01	1.390E-01	2.693E-01	0.057	25
afdb_P00644_v6	afdb_P29474_v6	2.885E-01	8.486E-02	2.949E-01	0.076	28
afdb_P00766_v6	afdb_P00750_v6	9.148E-01	4.109E-01	9.184E-01	0.997	91
afdb_P00766_v6	afdb_P00747_v6	9.188E-01	2.855E-01	9.261E-01	0.997	91
afdb_P00766_v6	afdb_P00777_v6	5.558E-01	4.673E-01	7.115E-01	0.632	55
afdb_P00766_v6	afdb_P0A6K3_v6	2.845E-01	3.690E-01	3.958E-01	0.076	28
afdb_P00766_v6	afdb_P27170_v6	3.490E-01	2.673E-01	3.819E-01	0.126	34
afdb_P00766_v6	afdb_P52700_v6	2.998E-01	2.668E-01	3.324E-01	0.082	29
afdb_P00766_v6	afdb_P25910_v6	2.781E-01	2.755E-01	2.979E-01	0.069	27
afdb_P00766_v6	afdb_P00636_v6	2.971E-01	2.394E-01	3.115E-01	0.082	29
afdb_P00766_v6	afdb_P0CE47_v6	3.123E-01	2.234E-01	3.240E-01	0.098	31
afdb_P00766_v6	afdb_O68557_v6	2.823E-01	2.491E-01	3.129E-01	0.076	28
afdb_P00766_v6	afdb_P83788_v6	3.160E-01	2.145E-01	3.473E-01	0.098	31
afdb_P00766_v6	afdb_P77444_v6	3.120E-01	2.158E-01	3.313E-01	0.098	31
afdb_P00766_v6	afdb_P21327_v6	3.087E-01	2.182E-01	3.234E-01	0.090	30
afdb_P00766_v6	afdb_Q9L9D7_v6	3.431E-01	1.832E-01	3.742E-01	0.126	34
afdb_P00766_v6	afdb_P81054_v6	2.932E-01	2.316E-01	2.964E-01	0.082	29
afdb_P00766_v6	afdb_O33199_v6	2.452E-01	2.740E-01	2.834E-01	0.051	24
afdb_P00766_v6	afdb_P46076_v6	2.867E-01	2.215E-01	2.892E-01	0.076	28
afdb_P00766_v6	afdb_P83686_v6	2.614E-01	2.438E-01	3.106E-01	0.063	26
afdb_P00766_v6	afdb_P15034_v6	3.073E-01	1.976E-01	3.228E-01	0.090	30
afdb_P00766_v6	afdb_Q945K2_v6	3.254E-01	1.794E-01	3.381E-01	0.106	32
afdb_P00766_v6	afdb_P24474_v6	3.229E-01	1.771E-01	3.392E-01	0.106	32
afdb_P00766_v6	afdb_P37062_v6	2.957E-01	1.898E-01	3.262E-01	0.082	29
afdb_P00766_v6	afdb_Q9XBQ8_v6	2.860E-01	1.979E-01	2.875E-01	0.076	28
afdb_P00766_v6	afdb_P00390_v6	3.049E-01	1.746E-01	3.296E-01	0.090	30
afdb_P00766_v6	afdb_P16099_v6	3.267E-01	1.450E-01	3.429E-01	0.106	32
afdb_P00766_v6	afdb_P08148_v6	3.048E-01	1.650E-01	3.096E-01	0.090	30
afdb_P00766_v6	afdb_P00800_v6	3.033E-01	1.647E-01	3.232E-01	0.090	30
afdb_P00766_v6	afdb_Q6YBS3_v6	3.083E-01	1.573E-01	3.116E-01	0.090	30
afdb_P00766_v6	afdb_P43099_v6	3.207E-01	1.433E-01	3.498E-01	0.106	32
afdb_P00766_v6	afdb_P08165_v6	2.900E-01	1.740E-01	3.162E-01	0.076	28
afdb_P00766_v6	afdb_P00489_v6	3.299E-01	1.298E-01	3.316E-01	0.106	32
afdb_P00766_v6	afdb_P00455_v6	2.606E-01	1.962E-01	2.758E-01	0.063	26
afdb_P00766_v6	afdb_P09960_v6	3.002E-01	1.558E-01	3.320E-01	0.090	30
afdb_P00766_v6	afdb_O13297_v6	2.959E-01	1.594E-01	2.994E-01	0.082	29
afdb_P00766_v6	afdb_P56216_v6	2.857E-01	1.553E-01	3.482E-01	0.076	28
afdb_P00766_v6	afdb_A5JUY8_v6	3.003E-01	1.367E-01	3.213E-01	0.090	30
afdb_P00766_v6	afdb_P27487_v6	3.014E-01	1.261E-01	3.118E-01	0.090	30
afdb_P00766_v6	afdb_P00860_v6	2.566E-01	1.657E-01	2.573E-01	0.057	25
afdb_P00766_v6	afdb_P15917_v6	2.932E-01	1.142E-01	3.491E-01	0.082	29
afdb_P00766_v6	afdb_P10688_v6	2.816E-01	1.248E-01	2.984E-01	0.076	28
afdb_P00766_v6	afdb_P09883_v6	2.620E-01	1.399E-01	2.776E-01	0.063	26
afdb_P00766_v6	afdb_P10844_v6	3.137E-01	8.324E-02	3.613E-01	0.098	31
afdb_P00766_v6	afdb_P29474_v6	3.014E-01	9.221E-02	3.068E-01	0.090	30
afdb_P00918_v6	afdb_Q12178_v6	2.740E-01	3.894E-01	3.909E-01	0.069	27
afdb_P00918_v6	afdb_P56200_v6	3.070E-01	2.882E-01	3.110E-01	0.090	30
afdb_P00918_v6	afdb_O68557_v6	2.942E-01	2.676E-01	2.951E-01	0.082	29
afdb_P00918_v6	afdb_P83686_v6	2.793E-01	2.710E-01	3.226E-01	0.069	27
afdb_P00918_v6	afdb_O33199_v6	2.495E-01	2.889E-01	3.027E-01	0.051	24
afdb_P00918_v6	afdb_P40859_v6	2.986E-01	2.228E-01	3.099E-01	0.082	29
afdb_P00918_v6	afdb_P22637_v6	3.271E-01	1.890E-01	3.552E-01	0.106	32
afdb_P00918_v6	afdb_P80324_v6	2.896E-01	2.249E-01	3.006E-01	0.076	28
afdb_P00918_v6	afdb_P00183_v6	2.987E-01	2.124E-01	3.126E-01	0.082	29
afdb_P00918_v6	afdb_Q16775_v6	2.693E-01	2.393E-01	2.941E-01	0.063	26
afdb_P00918_v6	afdb_Q9L9D7_v6	3.204E-01	1.793E-01	3.213E-01	0.106	32
afdb_P00918_v6	afdb_Q945K2_v6	3.171E-01	1.800E-01	3.466E-01	0.098	31
afdb_P00918_v6	afdb_P27170_v6	2.768E-01	2.198E-01	2.789E-01	0.069	27
afdb_P00918_v6	afdb_P00860_v6	2.964E-01	1.983E-01	3.104E-01	0.082	29
afdb_P00918_v6	afdb_P21179_v6	3.351E-01	1.534E-01	3.441E-01	0.116	33
afdb_P00918_v6	afdb_P08373_v6	2.660E-01	2.189E-01	2.920E-01	0.063	26
afdb_P00918_v6	afdb_P04190_v6	2.408E-01	2.428E-01	2.770E-01	0.051	24
afdb_P00918_v6	afdb_P46076_v6	2.658E-01	2.148E-01	2.783E-01	0.063	26
afdb_P00918_v6	afdb_Q9HXE3_v6	2.691E-01	2.101E-01	2.794E-01	0.063	26
afdb_P00918_v6	afdb_P52700_v6	2.475E-01	2.287E-01	2.867E-01	0.051	24
afdb_P00918_v6	afdb_P08473_v6	3.302E-01	1.436E-01	3.599E-01	0.116	33
afdb_P00918_v6	afdb_O13297_v6	2.980E-01	1.715E-01	2.982E-01	0.082	29
afdb_P00918_v6	afdb_Q9X9P9_v6	2.639E-01	1.989E-01	2.760E-01	0.063	26
afdb_P00918_v6	afdb_P55931_v6	3.005E-01	1.612E-01	3.180E-01	0.090	30
afdb_P00918_v6	afdb_P0CE47_v6	2.537E-01	1.912E-01	2.803E-01	0.057	25
afdb_P00918_v6	afdb_Q9YHT1_v6	2.987E-01	1.443E-01	3.273E-01	0.082	29
afdb_P00918_v6	afdb_P14779_v6	3.283E-01	1.096E-01	3.316E-01	0.106	32
afdb_P00918_v6	afdb_P00747_v6	3.013E-01	1.239E-01	3.411E-01	0.090	30
afdb_P00918_v6	afdb_P00388_v6	2.832E-01	1.384E-01	2.875E-01	0.076	28
afdb_P00918_v6	afdb_P00750_v6	2.624E-01	1.513E-01	2.939E-01	0.063	26
afdb_P00918_v6	afdb_P12821_v6	3.210E-01	9.133E-02	3.506E-01	0.106	32
afdb_P00918_v6	afdb_P10688_v6	2.724E-01	1.222E-01	2.775E-01	0.069	27
afdb_P00918_v6	afdb_P10844_v6	2.973E-01	8.641E-02	3.228E-01	0.082	29
afdb_P00918_v6	afdb_P00489_v6	2.721E-01	1.114E-01	2.858E-01	0.069	27
afdb_P03007_v6	afdb_P83772_v6	3.560E-01	3.393E-01	4.412E-01	0.138	35
afdb_P03007_v6	afdb_Q00017_v6	3.202E-01	3.140E-01	3.846E-01	0.106	32
afdb_P03007_v6	afdb_P00590_v6	2.939E-01	3.055E-01	3.725E-01	0.082	29
afdb_P03007_v6	afdb_Q75WN8_v6	3.170E-01	2.826E-01	3.880E-01	0.098	31
afdb_P03007_v6	afdb_Q29460_v6	2.934E-01	3.029E-01	3.528E-01	0.082	29
afdb_P03007_v6	afdb_Q3HWU8_v6	3.079E-01	2.815E-01	3.782E-01	0.090	30
afdb_P03007_v6	afdb_P52279_v6	3.197E-01	2.662E-01	3.868E-01	0.098	31
afdb_P03007_v6	afdb_P08819_v6	3.459E-01	2.230E-01	4.093E-01	0.126	34
afdb_P03007_v6	afdb_P05521_v6	3.006E-01	2.576E-01	3.930E-01	0.090	30
afdb_P03007_v6	afdb_P25910_v6	2.769E-01	2.723E-01	3.922E-01	0.069	27
afdb_P03007_v6	afdb_P15034_v6	3.399E-01	2.089E-01	4.482E-01	0.116	33
afdb_P03007_v6	afdb_P96965_v6	2.879E-01	2.605E-01	3.415E-01	0.076	28
afdb_P03007_v6	afdb_Q9XBQ8_v6	3.195E-01	2.189E-01	3.868E-01	0.098	31
afdb_P03007_v6	afdb_P04042_v6	2.992E-01	2.344E-01	3.644E-01	0.082	29
afdb_P03007_v6	afdb_P22394_v6	3.473E-01	1.859E-01	4.202E-01	0.126	34
afdb_P03007_v6	afdb_P83686_v6	2.757E-01	2.555E-01	3.557E-01	0.069	27
afdb_P03007_v6	afdb_P00914_v6	3.230E-01	2.049E-01	3.401E-01	0.106	32
afdb_P03007_v6	afdb_P95468_v6	3.099E-01	2.171E-01	3.752E-01	0.090	30
afdb_P03007_v6	afdb_P24630_v6	3.182E-01	2.058E-01	3.862E-01	0.098	31
afdb_P03007_v6	afdb_Q9X9P9_v6	3.019E-01	2.155E-01	3.679E-01	0.090	30
afdb_P03007_v6	afdb_P83788_v6	3.073E-01	2.072E-01	3.722E-01	0.090	30
afdb_P03007_v6	afdb_O33199_v6	2.403E-01	2.675E-01	3.044E-01	0.045	23
afdb_P03007_v6	afdb_P16444_v6	3.024E-01	2.046E-01	3.691E-01	0.090	30
afdb_P03007_v6	afdb_P39377_v6	2.972E-01	2.111E-01	3.519E-01	0.082	29
afdb_P03007_v6	afdb_P00935_v6	2.949E-01	2.087E-01	3.765E-01	0.082	29
afdb_P03007_v6	afdb_P0A6K3_v6	2.237E-01	2.785E-01	2.975E-01	0.040	22
afdb_P03007_v6	afdb_Q05769_v6	3.290E-01	1.684E-01	3.424E-01	0.106	32
afdb_P03007_v6	afdb_P00636_v6	2.747E-01	2.155E-01	3.587E-01	0.069	27
afdb_P03007_v6	afdb_P10688_v6	3.394E-01	1.466E-01	4.002E-01	0.116	33
afdb_P03007_v6	afdb_Q01693_v6	3.065E-01	1.774E-01	3.634E-01	0.090	30
afdb_P03007_v6	afdb_P56218_v6	2.583E-01	2.247E-01	3.120E-01	0.057	25
afdb_P03007_v6	afdb_Q945K2_v6	3.107E-01	1.649E-01	3.646E-01	0.098	31
afdb_P03007_v6	afdb_P06721_v6	2.817E-01	1.939E-01	3.499E-01	0.076	28
afdb_P03007_v6	afdb_Q06241_v6	2.232E-01	2.524E-01	2.956E-01	0.040	22
afdb_P03007_v6	afdb_P53041_v6	3.017E-01	1.730E-01	3.204E-01	0.090	30
afdb_P03007_v6	afdb_P12995_v6	2.835E-01	1.899E-01	3.433E-01	0.076	28
afdb_P03007_v6	afdb_F8W4B7_v6	3.466E-01	1.171E-01	3.500E-01	0.126	34
afdb_P03007_v6	afdb_Q9L9D7_v6	3.016E-01	1.593E-01	3.639E-01	0.090	30
afdb_P03007_v6	afdb_P00489_v6	3.344E-01	1.255E-01	4.120E-01	0.116	33
afdb_P03007_v6	afdb_P07511_v6	2.863E-01	1.692E-01	3.047E-01	0.076	28
afdb_P03007_v6	afdb_P14779_v6	3.401E-01	1.083E-01	3.453E-01	0.126	34
afdb_P03007_v6	afdb_Q50925_v6	2.872E-01	1.570E-01	2.931E-01	0.076	28
afdb_P03007_v6	afdb_P81054_v6	2.451E-01	1.944E-01	2.900E-01	0.051	24
afdb_P03007_v6	afdb_P00860_v6	2.701E-01	1.669E-01	3.242E-01	0.069	27
afdb_P03007_v6	afdb_P23687_v6	3.013E-01	1.332E-01	3.798E-01	0.090	30
afdb_P03007_v6	afdb_O16025_v6	3.257E-01	1.073E-01	3.274E-01	0.106	32
afdb_P03007_v6	afdb_P55038_v6	3.463E-01	7.895E-02	3.473E-01	0.126	34
afdb_P03007_v6	afdb_Q6LZM9_v6	2.601E-01	1.645E-01	3.192E-01	0.063	26
afdb_P03007_v6	afdb_A5JUY8_v6	2.934E-01	1.292E-01	3.516E-01	0.082	29
afdb_P03007_v6	afdb_P30122_v6	2.766E-01	1.454E-01	3.289E-01	0.069	27
afdb_P03007_v6	afdb_Q05755_v6	3.242E-01	7.723E-02	3.257E-01	0.106	32
afdb_P03007_v6	afdb_P08473_v6	2.717E-01	1.194E-01	2.732E-01	0.069	27
afdb_P03007_v6	afdb_P29474_v6	2.934E-01	7.945E-02	3.717E-01	0.082	29
afdb_P35049_v6	afdb_P00750_v6	8.382E-01	3.836E-01	9.070E-01	0.990	83
afdb_P35049_v6	afdb_P00747_v6	8.387E-01	2.681E-01	8.720E-01	0.990	83
afdb_P35049_v6	afdb_P00777_v6	5.579E-01	4.731E-01	7.252E-01	0.632	55
afdb_P35049_v6	afdb_P04190_v6	3.338E-01	3.268E-01	3.517E-01	0.116	33
afdb_P35049_v6	afdb_P25910_v6	3.235E-01	3.234E-01	3.400E-01	0.106	32
afdb_P35049_v6	afdb_P19938_v6	3.146E-01	2.873E-01	3.435E-01	0.098	31
afdb_P35049_v6	afdb_P27170_v6	3.344E-01	2.581E-01	3.750E-01	0.116	33
afdb_P35049_v6	afdb_P0A6K3_v6	2.521E-01	3.299E-01	3.702E-01	0.057	25
afdb_P35049_v6	afdb_P52700_v6	3.033E-01	2.733E-01	3.041E-01	0.090	30
afdb_P35049_v6	afdb_P46076_v6	3.183E-01	2.524E-01	3.565E-01	0.098	31
afdb_P35049_v6	afdb_P80324_v6	3.233E-01	2.432E-01	3.365E-01	0.106	32
afdb_P35049_v6	afdb_P13717_v6	2.872E-01	2.739E-01	3.015E-01	0.076	28
afdb_P35049_v6	afdb_O33199_v6	2.621E-01	2.982E-01	3.542E-01	0.063	26
afdb_P35049_v6	afdb_Q16775_v6	2.975E-01	2.544E-01	3.131E-01	0.082	29
afdb_P35049_v6	afdb_P45478_v6	2.782E-01	2.411E-01	2.909E-01	0.069	27
afdb_P35049_v6	afdb_P0CE47_v6	3.033E-01	2.154E-01	3.821E-01	0.090	30
afdb_P35049_v6	afdb_Q6UV28_v6	2.183E-01	3.017E-01	3.522E-01	0.034	21
afdb_P35049_v6	afdb_O68557_v6	2.731E-01	2.423E-01	3.044E-01	0.069	27
afdb_P35049_v6	afdb_Q9L9D7_v6	3.362E-01	1.787E-01	3.543E-01	0.116	33
afdb_P35049_v6	afdb_P83686_v6	2.633E-01	2.487E-01	2.831E-01	0.063	26
afdb_P35049_v6	afdb_P21327_v6	3.005E-01	2.098E-01	3.461E-01	0.090	30
afdb_P35049_v6	afdb_P29183_v6	3.096E-01	1.964E-01	3.187E-01	0.090	30
afdb_P35049_v6	afdb_P22394_v6	3.244E-01	1.803E-01	3.253E-01	0.106	32
afdb_P35049_v6	afdb_P08373_v6	2.814E-01	2.218E-01	3.229E-01	0.076	28
afdb_P35049_v6	afdb_P77444_v6	2.956E-01	2.080E-01	3.285E-01	0.082	29
afdb_P35049_v6	afdb_P43099_v6	3.481E-01	1.500E-01	3.757E-01	0.126	34
afdb_P35049_v6	afdb_P21179_v6	3.457E-01	1.478E-01	3.515E-01	0.126	34
afdb_P35049_v6	afdb_P00800_v6	3.200E-01	1.731E-01	3.413E-01	0.106	32
afdb_P35049_v6	afdb_P06621_v6	2.890E-01	2.017E-01	3.207E-01	0.076	28
afdb_P35049_v6	afdb_P00455_v6	2.770E-01	2.118E-01	2.973E-01	0.069	27
afdb_P35049_v6	afdb_Q945K2_v6	3.124E-01	1.728E-01	3.305E-01	0.098	31
afdb_P35049_v6	afdb_P08148_v6	3.134E-01	1.727E-01	3.141E-01	0.098	31
afdb_P35049_v6	afdb_P09960_v6	3.182E-01	1.626E-01	3.576E-01	0.098	31
afdb_P35049_v6	afdb_P24474_v6	3.112E-01	1.656E-01	3.463E-01	0.098	31
afdb_P35049_v6	afdb_P81054_v6	2.635E-01	2.071E-01	2.755E-01	0.063	26
afdb_P35049_v6	afdb_P30122_v6	3.063E-01	1.614E-01	3.157E-01	0.090	30
afdb_P35049_v6	afdb_Q6YBS3_v6	3.060E-01	1.569E-01	3.426E-01	0.090	30
afdb_P35049_v6	afdb_Q01693_v6	2.894E-01	1.725E-01	3.121E-01	0.076	28
afdb_P35049_v6	afdb_P96086_v6	3.436E-01	1.119E-01	3.502E-01	0.126	34
afdb_P35049_v6	afdb_P14779_v6	3.258E-01	1.103E-01	3.394E-01	0.106	32
afdb_P35049_v6	afdb_P00860_v6	2.641E-01	1.715E-01	2.913E-01	0.063	26
afdb_P35049_v6	afdb_P55038_v6	3.500E-01	8.130E-02	3.561E-01	0.138	35
afdb_P35049_v6	afdb_P00388_v6	2.951E-01	1.353E-01	3.093E-01	0.082	29
afdb_P35049_v6	afdb_P00489_v6	3.063E-01	1.220E-01	3.286E-01	0.090	30
afdb_P35049_v6	afdb_P15034_v6	2.552E-01	1.719E-01	2.822E-01	0.057	25
afdb_P35049_v6	afdb_A5JUY8_v6	2.895E-01	1.322E-01	3.133E-01	0.076	28
afdb_P35049_v6	afdb_P10688_v6	2.920E-01	1.266E-01	3.077E-01	0.082	29
afdb_P35049_v6	afdb_O13297_v6	2.598E-01	1.486E-01	2.612E-01	0.057	25
afdb_P35049_v6	afdb_P09883_v6	2.471E-01	1.361E-01	2.655E-01	0.051	24
afdb_P35049_v6	afdb_P10844_v6	3.016E-01	7.978E-02	3.031E-01	0.090	30
afdb_P05020_v6	afdb_P39377_v6	6.489E-01	5.872E-01	6.905E-01	0.855	64
afdb_P05020_v6	afdb_P03958_v6	5.894E-01	5.836E-01	6.505E-01	0.720	58
afdb_P05020_v6	afdb_P16444_v6	5.940E-01	5.148E-01	6.640E-01	0.747	59
afdb_P05020_v6	afdb_P0AEZ1_v6	5.034E-01	5.737E-01	6.011E-01	0.473	50
afdb_P05020_v6	afdb_P0A6C1_v6	4.705E-01	5.485E-01	5.604E-01	0.353	46
afdb_P05020_v6	afdb_Q9FEW9_v6	5.144E-01	4.641E-01	5.168E-01	0.505	51
afdb_P05020_v6	afdb_Q8RB32_v6	3.975E-01	5.313E-01	5.330E-01	0.196	39
afdb_P05020_v6	afdb_P05414_v6	4.348E-01	4.161E-01	5.019E-01	0.277	43
afdb_P05020_v6	afdb_Q29460_v6	3.412E-01	4.713E-01	5.175E-01	0.126	34
afdb_P05020_v6	afdb_Q9XBQ8_v6	4.320E-01	3.774E-01	4.737E-01	0.277	43
afdb_P05020_v6	afdb_P42593_v6	5.072E-01	2.947E-01	5.154E-01	0.473	50
afdb_P05020_v6	afdb_P00860_v6	4.448E-01	3.535E-01	4.908E-01	0.301	44
afdb_P05020_v6	afdb_P05521_v6	3.780E-01	4.176E-01	4.706E-01	0.164	37
afdb_P05020_v6	afdb_Q00017_v6	3.382E-01	4.326E-01	4.642E-01	0.116	33
afdb_P05020_v6	afdb_P53608_v6	3.651E-01	4.051E-01	4.249E-01	0.150	36
afdb_P05020_v6	afdb_Q75WN8_v6	3.527E-01	4.102E-01	4.461E-01	0.138	35
afdb_P05020_v6	afdb_P16099_v6	4.931E-01	2.693E-01	5.020E-01	0.442	49
afdb_P05020_v6	afdb_P52279_v6	3.640E-01	3.940E-01	4.809E-01	0.150	36
afdb_P05020_v6	afdb_Q12178_v6	2.636E-01	4.804E-01	5.177E-01	0.063	26
afdb_P05020_v6	afdb_Q3HWU8_v6	3.382E-01	4.025E-01	4.638E-01	0.116	33
afdb_P05020_v6	afdb_P08819_v6	4.048E-01	3.336E-01	4.976E-01	0.214	40
afdb_P05020_v6	afdb_P96965_v6	3.370E-01	3.927E-01	4.142E-01	0.116	33
afdb_P05020_v6	afdb_Q9UMR5_v6	3.451E-01	3.831E-01	4.549E-01	0.126	34
afdb_P05020_v6	afdb_P45478_v6	3.435E-01	3.792E-01	4.120E-01	0.126	34
afdb_P05020_v6	afdb_P00590_v6	3.020E-01	4.155E-01	4.594E-01	0.090	30
afdb_P05020_v6	afdb_P22394_v6	4.229E-01	2.929E-01	4.462E-01	0.254	42
afdb_P05020_v6	afdb_P25910_v6	3.137E-01	3.963E-01	4.194E-01	0.098	31
afdb_P05020_v6	afdb_Q9L9D7_v6	4.194E-01	2.827E-01	4.734E-01	0.233	41
afdb_P05020_v6	afdb_P29183_v6	3.881E-01	3.124E-01	4.329E-01	0.179	38
afdb_P05020_v6	afdb_P10688_v6	4.495E-01	2.440E-01	4.549E-01	0.301	44
afdb_P05020_v6	afdb_P04190_v6	3.100E-01	3.816E-01	4.195E-01	0.090	30
afdb_P05020_v6	afdb_Q6YBS3_v6	4.237E-01	2.631E-01	4.761E-01	0.254	42
afdb_P05020_v6	afdb_P15289_v6	3.908E-01	2.944E-01	4.171E-01	0.196	39
afdb_P05020_v6	afdb_P30122_v6	4.129E-01	2.714E-01	4.324E-01	0.233	41
afdb_P05020_v6	afdb_Q16775_v6	3.191E-01	3.475E-01	3.724E-01	0.098	31
afdb_P05020_v6	afdb_O58727_v6	2.556E-01	4.080E-01	4.198E-01	0.057	25
afdb_P05020_v6	afdb_Q6LZM9_v6	3.595E-01	3.025E-01	3.656E-01	0.138	35
afdb_P05020_v6	afdb_P52700_v6	3.067E-01	3.486E-01	3.907E-01	0.090	30
afdb_P05020_v6	afdb_P95468_v6	3.399E-01	3.094E-01	4.626E-01	0.116	33
afdb_P05020_v6	afdb_P0CE47_v6	3.367E-01	3.054E-01	5.080E-01	0.116	33
afdb_P05020_v6	afdb_P12995_v6	3.410E-01	2.912E-01	3.477E-01	0.126	34
afdb_P05020_v6	afdb_P00935_v6	3.260E-01	3.022E-01	3.493E-01	0.106	32
afdb_P05020_v6	afdb_P0AB77_v6	3.288E-01	2.976E-01	3.538E-01	0.106	32
afdb_P05020_v6	afdb_P53041_v6	3.563E-01	2.700E-01	4.474E-01	0.138	35
afdb_P05020_v6	afdb_P06721_v6	3.262E-01	2.960E-01	3.335E-01	0.106	32
afdb_P05020_v6	afdb_P04042_v6	3.111E-01	3.106E-01	3.633E-01	0.098	31
afdb_P05020_v6	afdb_P00489_v6	4.135E-01	2.071E-01	4.634E-01	0.233	41
afdb_P05020_v6	afdb_P77444_v6	3.264E-01	2.915E-01	4.360E-01	0.106	32
afdb_P05020_v6	afdb_P07003_v6	3.635E-01	2.524E-01	3.815E-01	0.150	36
afdb_P05020_v6	afdb_P24630_v6	3.282E-01	2.768E-01	3.487E-01	0.106	32
afdb_P05020_v6	afdb_P12998_v6	3.101E-01	2.879E-01	3.389E-01	0.098	31
afdb_P05020_v6	afdb_P07511_v6	3.340E-01	2.600E-01	3.544E-01	0.116	33
afdb_P05020_v6	afdb_O59791_v6	2.888E-01	3.035E-01	3.208E-01	0.076	28
afdb_P05020_v6	afdb_P00800_v6	3.417E-01	2.452E-01	3.557E-01	0.126	34
afdb_P05020_v6	afdb_O31156_v6	2.630E-01	3.241E-01	3.350E-01	0.063	26
afdb_P05020_v6	afdb_P55931_v6	3.504E-01	2.296E-01	3.966E-01	0.138	35
afdb_P05020_v6	afdb_Q01693_v6	3.295E-01	2.488E-01	3.587E-01	0.106	32
afdb_P05020_v6	afdb_Q58989_v6	2.396E-01	3.353E-01	3.522E-01	0.045	23
afdb_P05020_v6	afdb_P09367_v6	2.916E-01	2.831E-01	2.998E-01	0.082	29
afdb_P05020_v6	afdb_P55038_v6	4.453E-01	1.283E-01	4.920E-01	0.301	44
afdb_P05020_v6	afdb_P27487_v6	3.737E-01	1.995E-01	4.324E-01	0.164	37
afdb_P05020_v6	afdb_P46076_v6	2.874E-01	2.851E-01	3.032E-01	0.076	28
afdb_P05020_v6	afdb_P00455_v6	2.924E-01	2.804E-01	3.644E-01	0.082	29
afdb_P05020_v6	afdb_Q9HXE3_v6	2.898E-01	2.750E-01	3.066E-01	0.076	28
afdb_P05020_v6	afdb_P83788_v6	3.005E-01	2.639E-01	4.041E-01	0.090	30
afdb_P05020_v6	afdb_A5JUY8_v6	3.544E-01	2.049E-01	3.690E-01	0.138	35
afdb_P05020_v6	afdb_Q05755_v6	4.271E-01	1.246E-01	4.311E-01	0.254	42
afdb_P05020_v6	afdb_P43099_v6	3.529E-01	1.978E-01	3.587E-01	0.138	35
afdb_P05020_v6	afdb_F8W4B7_v6	3.850E-01	1.637E-01	4.257E-01	0.179	38
afdb_P05020_v6	afdb_P08165_v6	3.074E-01	2.398E-01	3.175E-01	0.090	30
afdb_P05020_v6	afdb_Q56839_v6	3.146E-01	2.325E-01	3.248E-01	0.098	31
afdb_P05020_v6	afdb_P00388_v6	3.421E-01	2.039E-01	3.908E-01	0.126	34
afdb_P05020_v6	afdb_P0A9P4_v6	2.654E-01	2.794E-01	2.820E-01	0.063	26
afdb_P05020_v6	afdb_P09960_v6	3.270E-01	2.157E-01	3.392E-01	0.106	32
afdb_P05020_v6	afdb_P00183_v6	2.871E-01	2.526E-01	2.891E-01	0.076	28
afdb_P05020_v6	afdb_P19938_v6	2.508E-01	2.879E-01	3.100E-01	0.051	24
afdb_P05020_v6	afdb_Q9NPB1_v6	2.256E-01	3.038E-01	3.439E-01	0.040	22
afdb_P05020_v6	afdb_P83686_v6	2.407E-01	2.851E-01	2.990E-01	0.051	24
afdb_P05020_v6	afdb_P00592_v6	1.793E-01	3.262E-01	3.702E-01	0.016	17
afdb_P05020_v6	afdb_P00914_v6	2.805E-01	2.236E-01	2.942E-01	0.076	28
afdb_P05020_v6	afdb_Q945K2_v6	2.930E-01	2.058E-01	3.035E-01	0.082	29
afdb_P05020_v6	afdb_P00390_v6	2.781E-01	2.043E-01	2.910E-01	0.069	27
afdb_P05020_v6	afdb_P96086_v6	3.372E-01	1.446E-01	3.453E-01	0.116	33
afdb_P05020_v6	afdb_P15917_v6	3.084E-01	1.646E-01	3.276E-01	0.090	30
afdb_P05020_v6	afdb_P37062_v6	2.530E-01	2.132E-01	2.638E-01	0.057	25
afdb_P05020_v6	afdb_P00777_v6	2.148E-01	2.391E-01	2.808E-01	0.034	21
afdb_P05020_v6	afdb_P29474_v6	3.191E-01	1.207E-01	3.325E-01	0.098	31
afdb_P05020_v6	afdb_P12821_v6	3.206E-01	1.177E-01	3.341E-01	0.106	32
afdb_P05020_v6	afdb_P14779_v6	2.943E-01	1.312E-01	3.201E-01	0.082	29
afdb_P05020_v6	afdb_P21179_v6	2.720E-01	1.523E-01	2.942E-01	0.069	27
afdb_P05725_v6	afdb_Q6UV28_v6	3.492E-01	3.704E-01	4.501E-01	0.126	34
afdb_P05725_v6	afdb_P25910_v6	3.868E-01	2.835E-01	4.205E-01	0.179	38
afdb_P05725_v6	afdb_P52700_v6	3.825E-01	2.520E-01	4.112E-01	0.179	38
afdb_P05725_v6	afdb_Q29460_v6	3.480E-01	2.758E-01	3.765E-01	0.126	34
afdb_P05725_v6	afdb_O59791_v6	3.792E-01	2.363E-01	3.901E-01	0.164	37
afdb_P05725_v6	afdb_P04190_v6	3.529E-01	2.536E-01	4.032E-01	0.138	35
afdb_P05725_v6	afdb_Q16775_v6	3.575E-01	2.271E-01	3.897E-01	0.138	35
afdb_P05725_v6	afdb_Q00017_v6	3.347E-01	2.481E-01	4.025E-01	0.116	33
afdb_P05725_v6	afdb_P0A6K3_v6	2.944E-01	2.874E-01	4.108E-01	0.082	29
afdb_P05725_v6	afdb_P00914_v6	3.850E-01	1.812E-01	3.864E-01	0.179	38
afdb_P05725_v6	afdb_Q9HXE3_v6	3.608E-01	1.976E-01	3.982E-01	0.150	36
afdb_P05725_v6	afdb_Q8RB32_v6	3.178E-01	2.400E-01	3.596E-01	0.098	31
afdb_P05725_v6	afdb_P96965_v6	3.326E-01	2.235E-01	3.577E-01	0.116	33
afdb_P05725_v6	afdb_P56200_v6	3.321E-01	2.229E-01	3.421E-01	0.116	33
afdb_P05725_v6	afdb_P55931_v6	4.003E-01	1.465E-01	4.019E-01	0.214	40
afdb_P05725_v6	afdb_P00860_v6	3.763E-01	1.686E-01	4.092E-01	0.164	37
afdb_P05725_v6	afdb_P52279_v6	3.327E-01	2.074E-01	3.873E-01	0.116	33
afdb_P05725_v6	afdb_P05414_v6	3.413E-01	1.958E-01	3.475E-01	0.126	34
afdb_P05725_v6	afdb_Q945K2_v6	3.828E-01	1.477E-01	4.167E-01	0.179	38
afdb_P05725_v6	afdb_Q56839_v6	3.763E-01	1.514E-01	3.911E-01	0.164	37
afdb_P05725_v6	afdb_P08148_v6	3.800E-01	1.453E-01	3.921E-01	0.179	38
afdb_P05725_v6	afdb_P00777_v6	3.188E-01	2.047E-01	3.484E-01	0.098	31
afdb_P05725_v6	afdb_Q9X9P9_v6	3.416E-01	1.827E-01	3.824E-01	0.126	34
afdb_P05725_v6	afdb_P29183_v6	3.551E-01	1.662E-01	3.579E-01	0.138	35
afdb_P05725_v6	afdb_P08819_v6	3.517E-01	1.685E-01	3.746E-01	0.138	35
afdb_P05725_v6	afdb_Q3HWU8_v6	3.118E-01	2.086E-01	4.001E-01	0.098	31
afdb_P05725_v6	afdb_P77444_v6	3.427E-01	1.761E-01	3.729E-01	0.126	34
afdb_P05725_v6	afdb_P09184_v6	2.555E-01	2.633E-01	3.002E-01	0.057	25
afdb_P05725_v6	afdb_P40859_v6	3.402E-01	1.773E-01	3.635E-01	0.126	34
afdb_P05725_v6	afdb_Q01693_v6	3.603E-01	1.571E-01	3.675E-01	0.150	36
afdb_P05725_v6	afdb_P06621_v6	3.419E-01	1.691E-01	3.621E-01	0.126	34
afdb_P05725_v6	afdb_Q50925_v6	3.671E-01	1.417E-01	3.701E-01	0.150	36
afdb_P05725_v6	afdb_P83788_v6	3.381E-01	1.694E-01	3.704E-01	0.116	33
afdb_P05725_v6	afdb_Q6YBS3_v6	3.695E-01	1.376E-01	3.793E-01	0.150	36
afdb_P05725_v6	afdb_P0AB77_v6	3.365E-01	1.706E-01	3.797E-01	0.116	33
afdb_P05725_v6	afdb_P00489_v6	3.961E-01	1.108E-01	3.986E-01	0.196	39
afdb_P05725_v6	afdb_P10688_v6	3.882E-01	1.154E-01	3.918E-01	0.179	38
afdb_P05725_v6	afdb_P30122_v6	3.662E-01	1.342E-01	3.967E-01	0.150	36
afdb_P05725_v6	afdb_P00183_v6	3.389E-01	1.615E-01	4.189E-01	0.116	33
afdb_P05725_v6	afdb_P04042_v6	3.152E-01	1.800E-01	3.538E-01	0.098	31
afdb_P05725_v6	afdb_P0CE47_v6	3.233E-01	1.710E-01	3.391E-01	0.106	32
afdb_P05725_v6	afdb_P08473_v6	3.780E-01	1.124E-01	4.235E-01	0.164	37
afdb_P05725_v6	afdb_Q9FEW9_v6	3.161E-01	1.713E-01	3.407E-01	0.098	31
afdb_P05725_v6	afdb_Q75WN8_v6	2.899E-01	1.951E-01	3.294E-01	0.076	28
afdb_P05725_v6	afdb_Q6LZM9_v6	3.215E-01	1.609E-01	3.667E-01	0.106	32
afdb_P05725_v6	afdb_P53041_v6	3.354E-01	1.461E-01	3.722E-01	0.116	33
afdb_P05725_v6	afdb_P80324_v6	3.098E-01	1.701E-01	3.377E-01	0.090	30
afdb_P05725_v6	afdb_P10844_v6	3.970E-01	8.106E-02	3.987E-01	0.196	39
afdb_P05725_v6	afdb_Q9L9D7_v6	3.421E-01	1.334E-01	3.588E-01	0.126	34
afdb_P05725_v6	afdb_P24289_v6	2.776E-01	1.977E-01	2.976E-01	0.069	27
afdb_P05725_v6	afdb_P21327_v6	3.110E-01	1.621E-01	3.332E-01	0.098	31
afdb_P05725_v6	afdb_O13297_v6	3.367E-01	1.339E-01	3.744E-01	0.116	33
afdb_P05725_v6	afdb_P37062_v6	3.188E-01	1.520E-01	3.351E-01	0.098	31
afdb_P05725_v6	afdb_P81054_v6	2.982E-01	1.704E-01	3.278E-01	0.082	29
afdb_P05725_v6	afdb_P95468_v6	3.024E-01	1.639E-01	3.449E-01	0.090	30
afdb_P05725_v6	afdb_P07511_v6	3.252E-01	1.393E-01	4.116E-01	0.106	32
afdb_P05725_v6	afdb_P00390_v6	3.288E-01	1.356E-01	3.366E-01	0.106	32
afdb_P05725_v6	afdb_Q9XBQ8_v6	3.071E-01	1.549E-01	3.595E-01	0.090	30
afdb_P05725_v6	afdb_P12998_v6	2.967E-01	1.648E-01	3.437E-01	0.082	29
afdb_P05725_v6	afdb_P23687_v6	3.491E-01	1.050E-01	3.934E-01	0.126	34
afdb_P05725_v6	afdb_P96086_v6	3.445E-01	7.573E-02	3.659E-01	0.126	34
afdb_P05725_v6	afdb_P56216_v6	2.918E-01	1.207E-01	3.351E-01	0.082	29
afdb_P05725_v6	afdb_P00747_v6	2.861E-01	8.538E-02	2.905E-01	0.076	28
afdb_P09030_v6	afdb_Q9FEW9_v6	4.651E-01	3.491E-01	4.759E-01	0.353	46
afdb_P09030_v6	afdb_P05521_v6	4.174E-01	3.802E-01	4.322E-01	0.233	41
afdb_P09030_v6	afdb_Q29460_v6	3.776E-01	4.180E-01	4.798E-01	0.164	37
afdb_P09030_v6	afdb_Q16775_v6	4.127E-01	3.728E-01	4.762E-01	0.233	41
afdb_P09030_v6	afdb_P16444_v6	4.554E-01	3.286E-01	4.567E-01	0.326	45
afdb_P09030_v6	afdb_P0A6C1_v6	3.980E-01	3.818E-01	4.076E-01	0.196	39
afdb_P09030_v6	afdb_Q9UMR5_v6	3.913E-01	3.597E-01	3.934E-01	0.196	39
afdb_P09030_v6	afdb_P09184_v6	2.919E-01	4.559E-01	5.447E-01	0.082	29
afdb_P09030_v6	afdb_Q12178_v6	2.935E-01	4.371E-01	4.969E-01	0.082	29
afdb_P09030_v6	afdb_P45478_v6	3.818E-01	3.491E-01	3.859E-01	0.179	38
afdb_P09030_v6	afdb_P52700_v6	3.697E-01	3.484E-01	4.265E-01	0.150	36
afdb_P09030_v6	afdb_P25910_v6	3.464E-01	3.649E-01	4.375E-01	0.126	34
afdb_P09030_v6	afdb_Q75WN8_v6	3.612E-01	3.462E-01	3.735E-01	0.150	36
afdb_P09030_v6	afdb_P15289_v6	4.369E-01	2.703E-01	4.511E-01	0.277	43
afdb_P09030_v6	afdb_P04190_v6	3.463E-01	3.572E-01	4.370E-01	0.126	34
afdb_P09030_v6	afdb_P53608_v6	3.612E-01	3.358E-01	3.631E-01	0.150	36
afdb_P09030_v6	afdb_P24474_v6	4.377E-01	2.479E-01	4.400E-01	0.277	43
afdb_P09030_v6	afdb_P52279_v6	3.597E-01	3.233E-01	3.837E-01	0.138	35
afdb_P09030_v6	afdb_P40859_v6	3.853E-01	2.927E-01	3.983E-01	0.179	38
afdb_P09030_v6	afdb_P22394_v6	4.288E-01	2.450E-01	4.390E-01	0.254	42
afdb_P09030_v6	afdb_P83772_v6	3.277E-01	3.349E-01	3.557E-01	0.106	32
afdb_P09030_v6	afdb_P42593_v6	4.225E-01	2.104E-01	4.348E-01	0.254	42
afdb_P09030_v6	afdb_Q9HXE3_v6	3.530E-01	2.786E-01	3.650E-01	0.138	35
afdb_P09030_v6	afdb_P55931_v6	4.057E-01	2.156E-01	4.193E-01	0.214	40
afdb_P09030_v6	afdb_P53041_v6	3.820E-01	2.382E-01	4.339E-01	0.179	38
afdb_P09030_v6	afdb_P00489_v6	4.377E-01	1.767E-01	4.389E-01	0.277	43
afdb_P09030_v6	afdb_P24630_v6	3.618E-01	2.509E-01	3.888E-01	0.150	36
afdb_P09030_v6	afdb_P12995_v6	3.521E-01	2.476E-01	3.772E-01	0.138	35
afdb_P09030_v6	afdb_P83686_v6	3.000E-01	2.970E-01	3.194E-01	0.090	30
afdb_P09030_v6	afdb_P80324_v6	3.318E-01	2.634E-01	3.464E-01	0.116	33
afdb_P09030_v6	afdb_Q06241_v6	2.669E-01	3.246E-01	3.323E-01	0.063	26
afdb_P09030_v6	afdb_Q9X9P9_v6	3.313E-01	2.532E-01	3.713E-01	0.116	33
afdb_P09030_v6	afdb_P29183_v6	3.485E-01	2.336E-01	4.378E-01	0.126	34
afdb_P09030_v6	afdb_P27487_v6	3.926E-01	1.751E-01	3.967E-01	0.196	39
afdb_P09030_v6	afdb_P10902_v6	3.549E-01	2.117E-01	3.614E-01	0.138	35
afdb_P09030_v6	afdb_P00636_v6	3.039E-01	2.592E-01	3.423E-01	0.090	30
afdb_P09030_v6	afdb_F8W4B7_v6	4.174E-01	1.399E-01	4.185E-01	0.233	41
afdb_P09030_v6	afdb_P07511_v6	3.413E-01	2.165E-01	3.552E-01	0.126	34
afdb_P09030_v6	afdb_Q9YHT1_v6	3.696E-01	1.845E-01	3.747E-01	0.150	36
afdb_P09030_v6	afdb_P09960_v6	3.565E-01	1.964E-01	3.671E-01	0.138	35
afdb_P09030_v6	afdb_P43099_v6	3.752E-01	1.751E-01	4.374E-01	0.164	37
afdb_P09030_v6	afdb_P0A6K3_v6	2.310E-01	3.162E-01	3.222E-01	0.045	23
afdb_P09030_v6	afdb_P81054_v6	2.978E-01	2.451E-01	3.245E-01	0.082	29
afdb_P09030_v6	afdb_P08165_v6	3.269E-01	2.105E-01	3.474E-01	0.106	32
afdb_P09030_v6	afdb_P00935_v6	3.023E-01	2.308E-01	3.129E-01	0.090	30
afdb_P09030_v6	afdb_P10688_v6	3.649E-01	1.649E-01	3.660E-01	0.150	36
afdb_P09030_v6	afdb_Q945K2_v6	3.330E-01	1.936E-01	3.355E-01	0.116	33
afdb_P09030_v6	afdb_Q56839_v6	3.248E-01	1.988E-01	3.256E-01	0.106	32
afdb_P09030_v6	afdb_P77444_v6	3.010E-01	2.224E-01	3.694E-01	0.090	30
afdb_P09030_v6	afdb_Q6LZM9_v6	3.039E-01	2.138E-01	3.865E-01	0.090	30
afdb_P09030_v6	afdb_P15034_v6	3.022E-01	2.133E-01	3.093E-01	0.090	30
afdb_P09030_v6	afdb_P00183_v6	2.968E-01	2.162E-01	3.056E-01	0.082	29
afdb_P09030_v6	afdb_O33199_v6	2.250E-01	2.703E-01	2.836E-01	0.040	22
afdb_P09030_v6	afdb_P00388_v6	3.295E-01	1.656E-01	3.736E-01	0.106	32
afdb_P09030_v6	afdb_P83788_v6	2.842E-01	2.100E-01	3.568E-01	0.076	28
afdb_P09030_v6	afdb_O16025_v6	3.534E-01	1.236E-01	3.599E-01	0.138	35
afdb_P09030_v6	afdb_P21179_v6	3.224E-01	1.455E-01	3.603E-01	0.106	32
afdb_P09030_v6	afdb_Q05769_v6	3.000E-01	1.647E-01	3.070E-01	0.082	29
afdb_P09030_v6	afdb_P29474_v6	3.372E-01	9.909E-02	3.382E-01	0.116	33
afdb_P09598_v6	afdb_P24289_v6	6.501E-01	6.774E-01	7.399E-01	0.872	65
afdb_P09598_v6	afdb_P00592_v6	2.889E-01	4.758E-01	5.472E-01	0.076	28
afdb_P09598_v6	afdb_P71119_v6	3.163E-01	3.918E-01	3.932E-01	0.098	31
afdb_P09598_v6	afdb_P00590_v6	3.196E-01	3.717E-01	4.494E-01	0.098	31
afdb_P09598_v6	afdb_P83772_v6	3.194E-01	3.398E-01	3.815E-01	0.098	31
afdb_P09598_v6	afdb_Q00017_v6	3.032E-01	3.311E-01	3.686E-01	0.090	30
afdb_P09598_v6	afdb_P96965_v6	3.082E-01	3.090E-01	3.409E-01	0.090	30
afdb_P09598_v6	afdb_P16444_v6	3.474E-01	2.665E-01	3.599E-01	0.126	34
afdb_P09598_v6	afdb_Q75WN8_v6	3.039E-01	3.025E-01	3.373E-01	0.090	30
afdb_P09598_v6	afdb_Q01693_v6	3.677E-01	2.380E-01	3.831E-01	0.150	36
afdb_P09598_v6	afdb_P00183_v6	3.424E-01	2.600E-01	3.639E-01	0.126	34
afdb_P09598_v6	afdb_P0AEZ1_v6	3.044E-01	2.950E-01	3.233E-01	0.090	30
afdb_P09598_v6	afdb_P45478_v6	3.068E-01	2.900E-01	3.478E-01	0.090	30
afdb_P09598_v6	afdb_P00396_v6	3.600E-01	2.282E-01	4.008E-01	0.150	36
afdb_P09598_v6	afdb_Q05769_v6	3.742E-01	2.105E-01	3.998E-01	0.164	37
afdb_P09598_v6	afdb_Q9UMR5_v6	2.975E-01	2.831E-01	3.376E-01	0.082	29
afdb_P09598_v6	afdb_P56200_v6	2.858E-01	2.843E-01	3.707E-01	0.076	28
afdb_P09598_v6	afdb_P04190_v6	2.728E-01	2.920E-01	3.140E-01	0.069	27
afdb_P09598_v6	afdb_P53608_v6	2.872E-01	2.769E-01	3.062E-01	0.076	28
afdb_P09598_v6	afdb_P0AB77_v6	3.165E-01	2.478E-01	3.497E-01	0.098	31
afdb_P09598_v6	afdb_A5JUY8_v6	3.767E-01	1.859E-01	4.270E-01	0.164	37
afdb_P09598_v6	afdb_P22637_v6	3.513E-01	2.115E-01	3.707E-01	0.138	35
afdb_P09598_v6	afdb_Q6YBS3_v6	3.643E-01	1.958E-01	4.003E-01	0.150	36
afdb_P09598_v6	afdb_P24474_v6	3.506E-01	2.076E-01	3.780E-01	0.138	35
afdb_P09598_v6	afdb_O59791_v6	2.897E-01	2.650E-01	3.120E-01	0.076	28
afdb_P09598_v6	afdb_Q6UV28_v6	2.111E-01	3.401E-01	4.132E-01	0.034	21
afdb_P09598_v6	afdb_P25910_v6	2.600E-01	2.825E-01	2.984E-01	0.057	25
afdb_P09598_v6	afdb_P00800_v6	3.291E-01	2.063E-01	3.404E-01	0.106	32
afdb_P09598_v6	afdb_O31156_v6	2.606E-01	2.729E-01	2.991E-01	0.057	25
afdb_P09598_v6	afdb_P21327_v6	2.997E-01	2.342E-01	3.128E-01	0.082	29
afdb_P09598_v6	afdb_Q9L9D7_v6	3.242E-01	1.934E-01	3.442E-01	0.106	32
afdb_P09598_v6	afdb_P21179_v6	3.454E-01	1.678E-01	3.765E-01	0.126	34
afdb_P09598_v6	afdb_P27487_v6	3.497E-01	1.633E-01	3.610E-01	0.126	34
afdb_P09598_v6	afdb_P06621_v6	2.883E-01	2.190E-01	3.444E-01	0.076	28
afdb_P09598_v6	afdb_P13717_v6	2.481E-01	2.578E-01	2.927E-01	0.051	24
afdb_P09598_v6	afdb_P08148_v6	3.204E-01	1.819E-01	3.643E-01	0.106	32
afdb_P09598_v6	afdb_Q9NPB1_v6	2.307E-01	2.694E-01	3.453E-01	0.045	23
afdb_P09598_v6	afdb_P09960_v6	3.209E-01	1.747E-01	3.915E-01	0.106	32
afdb_P09598_v6	afdb_P0CE47_v6	2.758E-01	2.157E-01	3.001E-01	0.069	27
afdb_P09598_v6	afdb_P37063_v6	3.152E-01	1.751E-01	3.317E-01	0.098	31
afdb_P09598_v6	afdb_P22394_v6	3.075E-01	1.814E-01	3.367E-01	0.090	30
afdb_P09598_v6	afdb_P03958_v6	2.620E-01	2.222E-01	3.108E-01	0.063	26
afdb_P09598_v6	afdb_P95468_v6	2.688E-01	2.148E-01	2.945E-01	0.063	26
afdb_P09598_v6	afdb_P15917_v6	3.296E-01	1.505E-01	3.562E-01	0.106	32
afdb_P09598_v6	afdb_P15034_v6	2.788E-01	2.007E-01	2.870E-01	0.069	27
afdb_P09598_v6	afdb_P14779_v6	3.525E-01	1.255E-01	4.003E-01	0.138	35
afdb_P09598_v6	afdb_P16099_v6	3.167E-01	1.587E-01	3.636E-01	0.098	31
afdb_P09598_v6	afdb_P08473_v6	3.191E-01	1.554E-01	3.475E-01	0.098	31
afdb_P09598_v6	afdb_O16025_v6	3.411E-01	1.299E-01	3.429E-01	0.126	34
afdb_P09598_v6	afdb_Q56839_v6	2.908E-01	1.797E-01	3.245E-01	0.082	29
afdb_P09598_v6	afdb_P55931_v6	3.000E-01	1.704E-01	3.158E-01	0.082	29
afdb_P09598_v6	afdb_P81054_v6	2.500E-01	2.163E-01	3.508E-01	0.051	24
afdb_P09598_v6	afdb_P00914_v6	2.788E-01	1.868E-01	3.105E-01	0.069	27
afdb_P09598_v6	afdb_P08165_v6	2.770E-01	1.865E-01	3.058E-01	0.069	27
afdb_P09598_v6	afdb_Q16775_v6	2.371E-01	2.244E-01	2.661E-01	0.045	23
afdb_P09598_v6	afdb_P00388_v6	3.024E-01	1.568E-01	3.735E-01	0.090	30
afdb_P09598_v6	afdb_P42593_v6	3.015E-01	1.541E-01	3.671E-01	0.090	30
afdb_P09598_v6	afdb_P00390_v6	2.768E-01	1.780E-01	3.331E-01	0.069	27
afdb_P09598_v6	afdb_P55038_v6	3.584E-01	8.744E-02	3.716E-01	0.138	35
afdb_P09598_v6	afdb_P10844_v6	3.312E-01	9.996E-02	3.582E-01	0.116	33
afdb_P09598_v6	afdb_P00777_v6	2.199E-01	2.116E-01	2.419E-01	0.034	21
afdb_P09598_v6	afdb_Q05755_v6	3.371E-01	9.076E-02	3.395E-01	0.116	33
afdb_P09598_v6	afdb_P00750_v6	2.660E-01	1.601E-01	3.236E-01	0.063	26
afdb_P09598_v6	afdb_P00489_v6	3.014E-01	1.248E-01	3.290E-01	0.090	30
afdb_P09598_v6	afdb_P96086_v6	3.031E-01	1.091E-01	3.315E-01	0.090	30
afdb_P09598_v6	afdb_F8W4B7_v6	2.889E-01	1.068E-01	2.928E-01	0.076	28
afdb_P09598_v6	afdb_P29474_v6	2.801E-01	9.106E-02	2.822E-01	0.076	28
afdb_P0A1E3_v6	afdb_O59791_v6	8.341E-01	8.341E-01	8.851E-01	0.990	83
afdb_P0A1E3_v6	afdb_P09367_v6	8.394E-01	7.536E-01	8.668E-01	0.990	83
afdb_P0A1E3_v6	afdb_P83686_v6	3.499E-01	3.959E-01	4.283E-01	0.126	34
afdb_P0A1E3_v6	afdb_Q29460_v6	3.244E-01	4.180E-01	4.603E-01	0.106	32
afdb_P0A1E3_v6	afdb_O31156_v6	3.413E-01	3.959E-01	4.922E-01	0.126	34
afdb_P0A1E3_v6	afdb_P00590_v6	3.193E-01	4.165E-01	4.692E-01	0.098	31
afdb_P0A1E3_v6	afdb_Q3HWU8_v6	3.447E-01	3.902E-01	3.956E-01	0.126	34
afdb_P0A1E3_v6	afdb_P12995_v6	4.050E-01	3.289E-01	4.251E-01	0.214	40
afdb_P0A1E3_v6	afdb_P07511_v6	4.171E-01	3.025E-01	4.333E-01	0.233	41
afdb_P0A1E3_v6	afdb_Q58989_v6	3.033E-01	4.158E-01	4.761E-01	0.090	30
afdb_P0A1E3_v6	afdb_P24630_v6	3.961E-01	3.176E-01	4.133E-01	0.196	39
afdb_P0A1E3_v6	afdb_P53608_v6	3.459E-01	3.663E-01	3.854E-01	0.126	34
afdb_P0A1E3_v6	afdb_P95468_v6	3.790E-01	3.272E-01	3.844E-01	0.164	37
afdb_P0A1E3_v6	afdb_P03958_v6	3.641E-01	3.423E-01	3.873E-01	0.150	36
afdb_P0A1E3_v6	afdb_P37062_v6	3.993E-01	3.062E-01	4.064E-01	0.196	39
afdb_P0A1E3_v6	afdb_P77444_v6	3.820E-01	3.214E-01	4.028E-01	0.179	38
afdb_P0A1E3_v6	afdb_O58727_v6	2.706E-01	4.281E-01	5.043E-01	0.069	27
afdb_P0A1E3_v6	afdb_P25910_v6	3.142E-01	3.795E-01	4.097E-01	0.098	31
afdb_P0A1E3_v6	afdb_P37957_v6	2.915E-01	3.979E-01	4.761E-01	0.082	29
afdb_P0A1E3_v6	afdb_Q8RB32_v6	3.025E-01	3.750E-01	3.903E-01	0.090	30
afdb_P0A1E3_v6	afdb_P04190_v6	3.081E-01	3.685E-01	4.222E-01	0.090	30
afdb_P0A1E3_v6	afdb_P83772_v6	3.094E-01	3.674E-01	3.763E-01	0.090	30
afdb_P0A1E3_v6	afdb_P06721_v6	3.637E-01	3.115E-01	4.142E-01	0.150	36
afdb_P0A1E3_v6	afdb_P0A9P4_v6	3.352E-01	3.368E-01	3.681E-01	0.116	33
afdb_P0A1E3_v6	afdb_P00935_v6	3.545E-01	3.137E-01	3.612E-01	0.138	35
afdb_P0A1E3_v6	afdb_P00860_v6	3.724E-01	2.862E-01	3.799E-01	0.164	37
afdb_P0A1E3_v6	afdb_Q9FEW9_v6	3.528E-01	3.039E-01	3.664E-01	0.138	35
afdb_P0A1E3_v6	afdb_P08819_v6	3.690E-01	2.855E-01	4.022E-01	0.150	36
afdb_P0A1E3_v6	afdb_P12998_v6	3.470E-01	3.058E-01	3.647E-01	0.126	34
afdb_P0A1E3_v6	afdb_Q9NPB1_v6	2.843E-01	3.605E-01	4.014E-01	0.076	28
afdb_P0A1E3_v6	afdb_P83788_v6	3.513E-01	2.931E-01	3.654E-01	0.138	35
afdb_P0A1E3_v6	afdb_P43099_v6	4.187E-01	2.233E-01	4.196E-01	0.233	41
afdb_P0A1E3_v6	afdb_Q12178_v6	2.368E-01	4.045E-01	4.413E-01	0.045	23
afdb_P0A1E3_v6	afdb_Q00017_v6	2.900E-01	3.486E-01	3.814E-01	0.076	28
afdb_P0A1E3_v6	afdb_P04042_v6	3.270E-01	3.077E-01	4.218E-01	0.106	32
afdb_P0A1E3_v6	afdb_P00390_v6	3.773E-01	2.559E-01	3.896E-01	0.164	37
afdb_P0A1E3_v6	afdb_P00455_v6	3.298E-01	2.995E-01	4.010E-01	0.106	32
afdb_P0A1E3_v6	afdb_P0AB77_v6	3.364E-01	2.897E-01	3.388E-01	0.116	33
afdb_P0A1E3_v6	afdb_P52700_v6	2.985E-01	3.235E-01	3.524E-01	0.082	29
afdb_P0A1E3_v6	afdb_Q6LZM9_v6	3.404E-01	2.718E-01	3.822E-01	0.126	34
afdb_P0A1E3_v6	afdb_P0A6C1_v6	2.931E-01	3.186E-01	3.469E-01	0.082	29
afdb_P0A1E3_v6	afdb_P08165_v6	3.437E-01	2.540E-01	3.552E-01	0.126	34
afdb_P0A1E3_v6	afdb_Q56839_v6	3.508E-01	2.442E-01	3.615E-01	0.138	35
afdb_P0A1E3_v6	afdb_P40859_v6	3.158E-01	2.764E-01	3.277E-01	0.098	31
afdb_P0A1E3_v6	afdb_P52279_v6	2.930E-01	2.993E-01	3.620E-01	0.082	29
afdb_P0A1E3_v6	afdb_P42593_v6	3.730E-01	2.122E-01	3.842E-01	0.164	37
afdb_P0A1E3_v6	afdb_P07003_v6	3.542E-01	2.300E-01	4.072E-01	0.138	35
afdb_P0A1E3_v6	afdb_P0AEZ1_v6	2.836E-01	3.002E-01	3.114E-01	0.076	28
afdb_P0A1E3_v6	afdb_P37063_v6	3.583E-01	2.229E-01	4.058E-01	0.138	35
afdb_P0A1E3_v6	afdb_P00388_v6	3.688E-01	2.090E-01	3.832E-01	0.150	36
afdb_P0A1E3_v6	afdb_P00914_v6	3.250E-01	2.471E-01	3.359E-01	0.106	32
afdb_P0A1E3_v6	afdb_P16444_v6	3.107E-01	2.607E-01	3.571E-01	0.098	31
afdb_P0A1E3_v6	afdb_P22637_v6	3.398E-01	2.313E-01	3.480E-01	0.116	33
afdb_P0A1E3_v6	afdb_P16099_v6	3.744E-01	1.960E-01	3.842E-01	0.164	37
afdb_P0A1E3_v6	afdb_P00489_v6	3.861E-01	1.829E-01	4.148E-01	0.179	38
afdb_P0A1E3_v6	afdb_P05414_v6	2.970E-01	2.710E-01	3.426E-01	0.082	29
afdb_P0A1E3_v6	afdb_Q9HXE3_v6	2.956E-01	2.682E-01	3.105E-01	0.082	29
afdb_P0A1E3_v6	afdb_P10902_v6	3.313E-01	2.313E-01	3.525E-01	0.116	33
afdb_P0A1E3_v6	afdb_Q9X9P9_v6	2.964E-01	2.608E-01	3.102E-01	0.082	29
afdb_P0A1E3_v6	afdb_P09184_v6	2.068E-01	3.478E-01	3.759E-01	0.029	20
afdb_P0A1E3_v6	afdb_P15289_v6	3.224E-01	2.324E-01	3.324E-01	0.106	32
afdb_P0A1E3_v6	afdb_P29183_v6	3.145E-01	2.396E-01	3.282E-01	0.098	31
afdb_P0A1E3_v6	afdb_P29474_v6	4.041E-01	1.445E-01	4.048E-01	0.214	40
afdb_P0A1E3_v6	afdb_P53041_v6	3.153E-01	2.302E-01	3.573E-01	0.098	31
afdb_P0A1E3_v6	afdb_P08473_v6	3.547E-01	1.911E-01	3.740E-01	0.138	35
afdb_P0A1E3_v6	afdb_P71119_v6	2.340E-01	3.103E-01	3.286E-01	0.045	23
afdb_P0A1E3_v6	afdb_P21327_v6	2.909E-01	2.498E-01	2.986E-01	0.082	29
afdb_P0A1E3_v6	afdb_P81054_v6	2.769E-01	2.629E-01	2.969E-01	0.069	27
afdb_P0A1E3_v6	afdb_P0CE47_v6	2.887E-01	2.500E-01	3.032E-01	0.076	28
afdb_P0A1E3_v6	afdb_P39377_v6	2.871E-01	2.519E-01	3.145E-01	0.076	28
afdb_P0A1E3_v6	afdb_Q6YBS3_v6	3.366E-01	2.000E-01	3.918E-01	0.116	33
afdb_P0A1E3_v6	afdb_Q9L9D7_v6	3.137E-01	2.077E-01	3.680E-01	0.098	31
afdb_P0A1E3_v6	afdb_F8W4B7_v6	3.699E-01	1.426E-01	3.878E-01	0.150	36
afdb_P0A1E3_v6	afdb_P00777_v6	2.487E-01	2.627E-01	3.082E-01	0.051	24
afdb_P0A1E3_v6	afdb_P09960_v6	3.111E-01	1.960E-01	3.610E-01	0.098	31
afdb_P0A1E3_v6	afdb_Q01693_v6	2.929E-01	2.127E-01	3.329E-01	0.082	29
afdb_P0A1E3_v6	afdb_P27487_v6	3.345E-01	1.700E-01	3.743E-01	0.116	33
afdb_P0A1E3_v6	afdb_P00800_v6	2.990E-01	2.030E-01	3.268E-01	0.082	29
afdb_P0A1E3_v6	afdb_P55931_v6	3.049E-01	1.874E-01	3.412E-01	0.090	30
afdb_P0A1E3_v6	afdb_P96086_v6	3.429E-01	1.370E-01	4.159E-01	0.126	34
afdb_P0A1E3_v6	afdb_P15917_v6	3.197E-01	1.581E-01	3.458E-01	0.098	31
afdb_P0A1E3_v6	afdb_P14779_v6	3.332E-01	1.293E-01	3.736E-01	0.116	33
afdb_P0A1E3_v6	afdb_Q05755_v6	3.460E-01	9.826E-02	3.487E-01	0.126	34
afdb_P0A1E3_v6	afdb_P55038_v6	3.396E-01	9.622E-02	3.403E-01	0.116	33
afdb_P0A1E3_v6	afdb_P09883_v6	2.438E-01	1.568E-01	3.375E-01	0.051	24
afdb_P0A1E3_v6	afdb_P12821_v6	2.971E-01	1.020E-01	3.213E-01	0.082	29
afdb_P0A6G7_v6	afdb_Q8RB32_v6	4.116E-01	3.633E-01	4.410E-01	0.233	41
afdb_P0A6G7_v6	afdb_P00590_v6	4.002E-01	3.676E-01	4.250E-01	0.214	40
afdb_P0A6G7_v6	afdb_P37957_v6	3.807E-01	3.737E-01	4.726E-01	0.179	38
afdb_P0A6G7_v6	afdb_P0A6C1_v6	4.175E-01	3.256E-01	4.481E-01	0.233	41
afdb_P0A6G7_v6	afdb_Q29460_v6	3.802E-01	3.505E-01	3.993E-01	0.179	38
afdb_P0A6G7_v6	afdb_P05521_v6	4.134E-01	3.094E-01	4.401E-01	0.233	41
afdb_P0A6G7_v6	afdb_P0AEZ1_v6	4.077E-01	3.070E-01	4.352E-01	0.214	40
afdb_P0A6G7_v6	afdb_Q9XBQ8_v6	4.500E-01	2.580E-01	4.517E-01	0.326	45
afdb_P0A6G7_v6	afdb_Q9UMR5_v6	4.016E-01	2.985E-01	4.202E-01	0.214	40
afdb_P0A6G7_v6	afdb_Q75WN8_v6	3.907E-01	3.063E-01	4.242E-01	0.196	39
afdb_P0A6G7_v6	afdb_P03958_v6	4.155E-01	2.791E-01	4.333E-01	0.233	41
afdb_P0A6G7_v6	afdb_P96086_v6	5.604E-01	1.315E-01	5.625E-01	0.663	56
afdb_P0A6G7_v6	afdb_P96965_v6	3.850E-01	3.042E-01	4.083E-01	0.179	38
afdb_P0A6G7_v6	afdb_Q12178_v6	3.053E-01	3.684E-01	4.148E-01	0.090	30
afdb_P0A6G7_v6	afdb_P09184_v6	2.979E-01	3.701E-01	3.773E-01	0.082	29
afdb_P0A6G7_v6	afdb_P05414_v6	4.006E-01	2.681E-01	4.069E-01	0.214	40
afdb_P0A6G7_v6	afdb_P30122_v6	4.644E-01	2.016E-01	4.985E-01	0.353	46
afdb_P0A6G7_v6	afdb_Q58989_v6	3.339E-01	3.292E-01	3.772E-01	0.116	33
afdb_P0A6G7_v6	afdb_Q3HWU8_v6	3.650E-01	2.945E-01	3.916E-01	0.150	36
afdb_P0A6G7_v6	afdb_Q6UV28_v6	2.907E-01	3.683E-01	4.262E-01	0.082	29
afdb_P0A6G7_v6	afdb_P45478_v6	3.738E-01	2.823E-01	3.872E-01	0.164	37
afdb_P0A6G7_v6	afdb_O58727_v6	3.108E-01	3.436E-01	3.714E-01	0.098	31
afdb_P0A6G7_v6	afdb_P04190_v6	3.488E-01	2.974E-01	4.652E-01	0.126	34
afdb_P0A6G7_v6	afdb_P16444_v6	4.110E-01	2.326E-01	4.408E-01	0.233	41
afdb_P0A6G7_v6	afdb_P04042_v6	3.793E-01	2.609E-01	3.914E-01	0.164	37
afdb_P0A6G7_v6	afdb_P83686_v6	3.460E-01	2.858E-01	3.527E-01	0.126	34
afdb_P0A6G7_v6	afdb_P23687_v6	4.616E-01	1.675E-01	4.633E-01	0.353	46
afdb_P0A6G7_v6	afdb_P29183_v6	4.040E-01	2.218E-01	4.297E-01	0.214	40
afdb_P0A6G7_v6	afdb_Q00017_v6	3.312E-01	2.901E-01	3.458E-01	0.116	33
afdb_P0A6G7_v6	afdb_P08819_v6	3.978E-01	2.214E-01	4.249E-01	0.196	39
afdb_P0A6G7_v6	afdb_O31156_v6	3.360E-01	2.813E-01	3.372E-01	0.116	33
afdb_P0A6G7_v6	afdb_Q9FEW9_v6	3.785E-01	2.372E-01	4.112E-01	0.164	37
afdb_P0A6G7_v6	afdb_Q9L9D7_v6	4.228E-01	1.888E-01	4.545E-01	0.254	42
afdb_P0A6G7_v6	afdb_Q16775_v6	3.470E-01	2.595E-01	3.835E-01	0.126	34
afdb_P0A6G7_v6	afdb_P53608_v6	3.420E-01	2.621E-01	3.502E-01	0.126	34
afdb_P0A6G7_v6	afdb_P52700_v6	3.374E-01	2.672E-01	3.645E-01	0.116	33
afdb_P0A6G7_v6	afdb_P06621_v6	3.771E-01	2.255E-01	3.884E-01	0.164	37
afdb_P0A6G7_v6	afdb_P83772_v6	3.278E-01	2.745E-01	3.498E-01	0.106	32
afdb_P0A6G7_v6	afdb_P00489_v6	4.501E-01	1.494E-01	4.517E-01	0.326	45
afdb_P0A6G7_v6	afdb_P27487_v6	4.366E-01	1.540E-01	4.381E-01	0.277	43
afdb_P0A6G7_v6	afdb_P42593_v6	4.236E-01	1.612E-01	4.447E-01	0.254	42
afdb_P0A6G7_v6	afdb_P95468_v6	3.610E-01	2.232E-01	3.909E-01	0.150	36
afdb_P0A6G7_v6	afdb_P16099_v6	4.207E-01	1.448E-01	4.476E-01	0.254	42
afdb_P0A6G7_v6	afdb_P00860_v6	3.714E-01	1.920E-01	4.052E-01	0.164	37
afdb_P0A6G7_v6	afdb_Q6YBS3_v6	3.929E-01	1.680E-01	4.112E-01	0.196	39
afdb_P0A6G7_v6	afdb_P12995_v6	3.536E-01	2.070E-01	4.141E-01	0.138	35
afdb_P0A6G7_v6	afdb_P25910_v6	2.984E-01	2.613E-01	3.399E-01	0.082	29
afdb_P0A6G7_v6	afdb_P0AB77_v6	3.468E-01	2.096E-01	4.481E-01	0.126	34
afdb_P0A6G7_v6	afdb_P0A9P4_v6	3.251E-01	2.285E-01	4.733E-01	0.106	32
afdb_P0A6G7_v6	afdb_P12998_v6	3.372E-01	2.139E-01	4.035E-01	0.116	33
afdb_P0A6G7_v6	afdb_P24630_v6	3.500E-01	1.996E-01	4.108E-01	0.138	35
afdb_P0A6G7_v6	afdb_P00935_v6	3.352E-01	2.145E-01	4.036E-01	0.116	33
afdb_P0A6G7_v6	afdb_Q6LZM9_v6	3.535E-01	1.936E-01	4.035E-01	0.138	35
afdb_P0A6G7_v6	afdb_P08165_v6	3.620E-01	1.831E-01	3.755E-01	0.150	36
afdb_P0A6G7_v6	afdb_Q7SID9_v6	3.673E-01	1.771E-01	3.887E-01	0.150	36
afdb_P0A6G7_v6	afdb_P10688_v6	4.039E-01	1.332E-01	4.462E-01	0.214	40
afdb_P0A6G7_v6	afdb_P53041_v6	3.518E-01	1.827E-01	3.530E-01	0.138	35
afdb_P0A6G7_v6	afdb_Q9NPB1_v6	2.756E-01	2.588E-01	3.536E-01	0.069	27
afdb_P0A6G7_v6	afdb_P00636_v6	3.119E-01	2.229E-01	3.227E-01	0.098	31
afdb_P0A6G7_v6	afdb_Q9YHT1_v6	3.777E-01	1.545E-01	3.900E-01	0.164	37
afdb_P0A6G7_v6	afdb_P09960_v6	3.636E-01	1.627E-01	3.695E-01	0.150	36
afdb_P0A6G7_v6	afdb_P80324_v6	3.144E-01	2.100E-01	3.321E-01	0.098	31
afdb_P0A6G7_v6	afdb_P00914_v6	3.380E-01	1.754E-01	4.757E-01	0.116	33
afdb_P0A6G7_v6	afdb_P06721_v6	3.138E-01	1.917E-01	3.925E-01	0.098	31
afdb_P0A6G7_v6	afdb_P00390_v6	3.349E-01	1.679E-01	3.433E-01	0.116	33
afdb_P0A6G7_v6	afdb_P00388_v6	3.603E-01	1.388E-01	3.641E-01	0.150	36
afdb_P0A6G7_v6	afdb_P08373_v6	2.925E-01	2.066E-01	3.069E-01	0.082	29
afdb_P0A6G7_v6	afdb_P56218_v6	2.751E-01	2.161E-01	3.182E-01	0.069	27
afdb_P0A6G7_v6	afdb_P83788_v6	3.130E-01	1.781E-01	3.980E-01	0.098	31
afdb_P0A6G7_v6	afdb_P81054_v6	2.879E-01	2.029E-01	2.957E-01	0.076	28
afdb_P0A6G7_v6	afdb_P55038_v6	4.048E-01	8.054E-02	4.061E-01	0.214	40
afdb_P0A6G7_v6	afdb_P77444_v6	3.054E-01	1.780E-01	3.920E-01	0.090	30
afdb_P0A6G7_v6	afdb_Q9X9P9_v6	2.908E-01	1.840E-01	3.195E-01	0.082	29
afdb_P0A6G7_v6	afdb_Q05755_v6	3.949E-01	7.817E-02	4.006E-01	0.196	39
afdb_P0A6G7_v6	afdb_P55931_v6	3.218E-01	1.505E-01	3.384E-01	0.106	32
afdb_P0A6G7_v6	afdb_P40859_v6	2.899E-01	1.816E-01	3.134E-01	0.076	28
afdb_P0A6G7_v6	afdb_P56216_v6	3.138E-01	1.520E-01	3.330E-01	0.098	31
afdb_P0A6G7_v6	afdb_P43099_v6	3.324E-01	1.228E-01	3.464E-01	0.116	33
afdb_P0A6G7_v6	afdb_P00777_v6	2.555E-01	1.998E-01	2.637E-01	0.057	25
afdb_P0A6G7_v6	afdb_P07511_v6	2.951E-01	1.592E-01	3.264E-01	0.082	29
afdb_P0A6G7_v6	afdb_P14779_v6	3.581E-01	9.452E-02	3.670E-01	0.138	35
afdb_P0A6G7_v6	afdb_P29474_v6	3.616E-01	8.577E-02	4.246E-01	0.150	36
afdb_P0A6G7_v6	afdb_P15917_v6	3.036E-01	1.064E-01	3.144E-01	0.090	30
afdb_P0A6G7_v6	afdb_P22637_v6	2.703E-01	1.338E-01	2.866E-01	0.069	27
afdb_P0A6T5_v6	afdb_P0A6K3_v6	2.892E-01	3.472E-01	3.718E-01	0.076	28
afdb_P0A6T5_v6	afdb_Q6UV28_v6	2.601E-01	3.467E-01	3.882E-01	0.057	25
afdb_P0A6T5_v6	afdb_P83772_v6	3.136E-01	2.797E-01	3.621E-01	0.098	31
afdb_P0A6T5_v6	afdb_Q06241_v6	2.818E-01	3.011E-01	3.343E-01	0.076	28
afdb_P0A6T5_v6	afdb_Q75WN8_v6	3.142E-01	2.621E-01	3.193E-01	0.098	31
afdb_P0A6T5_v6	afdb_P21327_v6	3.455E-01	2.291E-01	3.528E-01	0.126	34
afdb_P0A6T5_v6	afdb_P56200_v6	3.114E-01	2.619E-01	3.335E-01	0.098	31
afdb_P0A6T5_v6	afdb_O33199_v6	2.755E-01	2.885E-01	3.255E-01	0.069	27
afdb_P0A6T5_v6	afdb_Q945K2_v6	3.770E-01	1.867E-01	3.782E-01	0.164	37
afdb_P0A6T5_v6	afdb_P04190_v6	2.952E-01	2.675E-01	3.225E-01	0.082	29
afdb_P0A6T5_v6	afdb_Q01693_v6	3.649E-01	1.977E-01	3.661E-01	0.150	36
afdb_P0A6T5_v6	afdb_P15034_v6	3.485E-01	2.092E-01	3.927E-01	0.126	34
afdb_P0A6T5_v6	afdb_P52700_v6	3.048E-01	2.524E-01	3.222E-01	0.090	30
afdb_P0A6T5_v6	afdb_P09367_v6	3.246E-01	2.292E-01	3.304E-01	0.106	32
afdb_P0A6T5_v6	afdb_O59791_v6	3.085E-01	2.369E-01	3.165E-01	0.090	30
afdb_P0A6T5_v6	afdb_O31156_v6	2.886E-01	2.551E-01	3.101E-01	0.076	28
afdb_P0A6T5_v6	afdb_P00800_v6	3.559E-01	1.824E-01	3.891E-01	0.138	35
afdb_P0A6T5_v6	afdb_P27170_v6	3.143E-01	2.232E-01	3.338E-01	0.098	31
afdb_P0A6T5_v6	afdb_P30122_v6	3.637E-01	1.718E-01	3.682E-01	0.150	36
afdb_P0A6T5_v6	afdb_Q9L9D7_v6	3.565E-01	1.777E-01	3.648E-01	0.138	35
afdb_P0A6T5_v6	afdb_P19938_v6	2.874E-01	2.451E-01	2.899E-01	0.076	28
afdb_P0A6T5_v6	afdb_P09184_v6	2.374E-01	2.963E-01	3.097E-01	0.045	23
afdb_P0A6T5_v6	afdb_P37062_v6	3.295E-01	1.993E-01	3.366E-01	0.106	32
afdb_P0A6T5_v6	afdb_Q16775_v6	2.935E-01	2.334E-01	3.198E-01	0.082	29
afdb_P0A6T5_v6	afdb_A5JUY8_v6	3.677E-01	1.541E-01	3.688E-01	0.150	36
afdb_P0A6T5_v6	afdb_P08473_v6	3.759E-01	1.425E-01	3.820E-01	0.164	37
afdb_P0A6T5_v6	afdb_Q9UMR5_v6	2.882E-01	2.284E-01	2.960E-01	0.076	28
afdb_P0A6T5_v6	afdb_P00636_v6	2.956E-01	2.193E-01	2.998E-01	0.082	29
afdb_P0A6T5_v6	afdb_P53608_v6	2.809E-01	2.290E-01	2.898E-01	0.076	28
afdb_P0A6T5_v6	afdb_P23687_v6	3.607E-01	1.481E-01	4.166E-01	0.150	36
afdb_P0A6T5_v6	afdb_P27487_v6	3.685E-01	1.395E-01	4.325E-01	0.150	36
afdb_P0A6T5_v6	afdb_O68557_v6	2.780E-01	2.267E-01	3.204E-01	0.069	27
afdb_P0A6T5_v6	afdb_P95468_v6	2.984E-01	1.997E-01	3.055E-01	0.082	29
afdb_P0A6T5_v6	afdb_Q58989_v6	2.416E-01	2.510E-01	3.352E-01	0.051	24
afdb_P0A6T5_v6	afdb_P22637_v6	3.182E-01	1.689E-01	3.241E-01	0.098	31
afdb_P0A6T5_v6	afdb_P07511_v6	3.062E-01	1.737E-01	3.257E-01	0.090	30
afdb_P0A6T5_v6	afdb_P06621_v6	2.917E-01	1.861E-01	3.379E-01	0.082	29
afdb_P0A6T5_v6	afdb_P10688_v6	3.415E-01	1.316E-01	3.425E-01	0.126	34
afdb_P0A6T5_v6	afdb_Q7SID9_v6	3.126E-01	1.615E-01	3.260E-01	0.098	31
afdb_P0A6T5_v6	afdb_P00860_v6	2.963E-01	1.753E-01	3.123E-01	0.082	29
afdb_P0A6T5_v6	afdb_P00489_v6	3.467E-01	1.245E-01	3.563E-01	0.126	34
afdb_P0A6T5_v6	afdb_Q6YBS3_v6	3.216E-01	1.494E-01	3.329E-01	0.106	32
afdb_P0A6T5_v6	afdb_P43099_v6	3.314E-01	1.378E-01	3.405E-01	0.116	33
afdb_P0A6T5_v6	afdb_P08819_v6	2.918E-01	1.768E-01	3.000E-01	0.082	29
afdb_P0A6T5_v6	afdb_P14779_v6	3.562E-01	1.050E-01	3.614E-01	0.138	35
afdb_P0A6T5_v6	afdb_P10844_v6	3.649E-01	9.141E-02	3.975E-01	0.150	36
afdb_P0A6T5_v6	afdb_Q9NPB1_v6	2.292E-01	2.251E-01	2.587E-01	0.040	22
afdb_P0A6T5_v6	afdb_Q9X9P9_v6	2.717E-01	1.820E-01	2.887E-01	0.069	27
afdb_P0A6T5_v6	afdb_P08165_v6	2.863E-01	1.675E-01	2.879E-01	0.076	28
afdb_P0A6T5_v6	afdb_P24474_v6	2.973E-01	1.552E-01	3.006E-01	0.082	29
afdb_P0A6T5_v6	afdb_P0CE47_v6	2.701E-01	1.824E-01	2.717E-01	0.069	27
afdb_P0A6T5_v6	afdb_P24630_v6	2.793E-01	1.715E-01	2.853E-01	0.069	27
afdb_P0A6T5_v6	afdb_O13297_v6	2.959E-01	1.489E-01	3.023E-01	0.082	29
afdb_P0A6T5_v6	afdb_P00747_v6	3.182E-01	1.164E-01	3.295E-01	0.098	31
afdb_P0A6T5_v6	afdb_P40859_v6	2.587E-01	1.744E-01	2.824E-01	0.057	25
afdb_P0A6T5_v6	afdb_O16025_v6	3.247E-01	9.704E-02	3.352E-01	0.106	32
afdb_P0A6T5_v6	afdb_P21179_v6	2.910E-01	1.183E-01	2.985E-01	0.082	29
afdb_P0A6T5_v6	afdb_P29474_v6	3.194E-01	8.310E-02	3.202E-01	0.098	31
afdb_P16932_v6	afdb_P12995_v6	8.712E-01	8.788E-01	8.885E-01	0.994	87
afdb_P16932_v6	afdb_P24630_v6	8.555E-01	8.555E-01	8.669E-01	0.992	85
afdb_P16932_v6	afdb_P12998_v6	7.212E-01	8.038E-01	8.330E-01	0.949	72
afdb_P16932_v6	afdb_P0AB77_v6	7.323E-01	7.903E-01	8.201E-01	0.956	73
afdb_P16932_v6	afdb_P77444_v6	6.886E-01	7.286E-01	7.480E-01	0.912	68
afdb_P16932_v6	afdb_P95468_v6	6.503E-01	7.045E-01	7.183E-01	0.872	65
afdb_P16932_v6	afdb_P07511_v6	6.954E-01	6.295E-01	7.510E-01	0.923	69
afdb_P16932_v6	afdb_P83788_v6	6.477E-01	6.711E-01	7.266E-01	0.855	64
afdb_P16932_v6	afdb_Q6LZM9_v6	6.457E-01	6.417E-01	7.465E-01	0.855	64
afdb_P16932_v6	afdb_P00935_v6	6.062E-01	6.731E-01	7.151E-01	0.772	60
afdb_P16932_v6	afdb_P06721_v6	6.096E-01	6.629E-01	7.100E-01	0.772	60
afdb_P16932_v6	afdb_P43099_v6	6.376E-01	4.006E-01	7.277E-01	0.837	63
afdb_P16932_v6	afdb_P53608_v6	3.097E-01	4.189E-01	5.371E-01	0.090	30
afdb_P16932_v6	afdb_O59791_v6	3.120E-01	3.897E-01	4.165E-01	0.098	31
afdb_P16932_v6	afdb_P05414_v6	3.176E-01	3.582E-01	4.011E-01	0.098	31
afdb_P16932_v6	afdb_Q00017_v6	2.646E-01	4.094E-01	5.034E-01	0.063	26
afdb_P16932_v6	afdb_P0A6C1_v6	2.837E-01	3.902E-01	4.691E-01	0.076	28
afdb_P16932_v6	afdb_O58727_v6	2.257E-01	4.419E-01	4.644E-01	0.040	22
afdb_P16932_v6	afdb_P37957_v6	2.385E-01	4.232E-01	4.993E-01	0.045	23
afdb_P16932_v6	afdb_P09367_v6	3.063E-01	3.508E-01	3.607E-01	0.090	30
afdb_P16932_v6	afdb_Q9FEW9_v6	3.150E-01	3.372E-01	4.808E-01	0.098	31
afdb_P16932_v6	afdb_P0AEZ1_v6	2.776E-01	3.730E-01	4.495E-01	0.069	27
afdb_P16932_v6	afdb_P00860_v6	3.291E-01	3.145E-01	3.501E-01	0.106	32
afdb_P16932_v6	afdb_P00800_v6	3.476E-01	2.923E-01	3.482E-01	0.126	34
afdb_P16932_v6	afdb_Q16775_v6	2.799E-01	3.583E-01	3.898E-01	0.069	27
afdb_P16932_v6	afdb_P42593_v6	3.696E-01	2.612E-01	4.362E-01	0.150	36
afdb_P16932_v6	afdb_P00590_v6	2.388E-01	3.914E-01	5.066E-01	0.045	23
afdb_P16932_v6	afdb_P52700_v6	2.705E-01	3.575E-01	3.771E-01	0.069	27
afdb_P16932_v6	afdb_Q29460_v6	2.368E-01	3.898E-01	5.190E-01	0.045	23
afdb_P16932_v6	afdb_P00914_v6	3.178E-01	2.988E-01	3.856E-01	0.098	31
afdb_P16932_v6	afdb_P37062_v6	3.103E-01	3.034E-01	3.396E-01	0.098	31
afdb_P16932_v6	afdb_P39377_v6	2.927E-01	3.176E-01	4.521E-01	0.082	29
afdb_P16932_v6	afdb_P24289_v6	2.501E-01	3.552E-01	3.764E-01	0.057	25
afdb_P16932_v6	afdb_P37063_v6	3.375E-01	2.654E-01	3.402E-01	0.116	33
afdb_P16932_v6	afdb_Q56839_v6	3.209E-01	2.785E-01	3.527E-01	0.106	32
afdb_P16932_v6	afdb_P04042_v6	2.739E-01	3.206E-01	3.610E-01	0.069	27
afdb_P16932_v6	afdb_P15289_v6	3.141E-01	2.791E-01	3.664E-01	0.098	31
afdb_P16932_v6	afdb_P83772_v6	2.367E-01	3.555E-01	4.089E-01	0.045	23
afdb_P16932_v6	afdb_P53041_v6	3.114E-01	2.799E-01	3.175E-01	0.098	31
afdb_P16932_v6	afdb_P03958_v6	2.730E-01	3.188E-01	3.856E-01	0.069	27
afdb_P16932_v6	afdb_P08473_v6	3.552E-01	2.347E-01	3.559E-01	0.138	35
afdb_P16932_v6	afdb_P16099_v6	3.530E-01	2.363E-01	3.912E-01	0.138	35
afdb_P16932_v6	afdb_Q6YBS3_v6	3.361E-01	2.500E-01	3.836E-01	0.116	33
afdb_P16932_v6	afdb_P25910_v6	2.294E-01	3.535E-01	3.973E-01	0.040	22
afdb_P16932_v6	afdb_Q8RB32_v6	2.207E-01	3.475E-01	4.000E-01	0.040	22
afdb_P16932_v6	afdb_P07003_v6	3.126E-01	2.532E-01	3.304E-01	0.098	31
afdb_P16932_v6	afdb_P00390_v6	3.001E-01	2.616E-01	3.266E-01	0.090	30
afdb_P16932_v6	afdb_P04190_v6	2.255E-01	3.355E-01	3.947E-01	0.040	22
afdb_P16932_v6	afdb_P83686_v6	2.309E-01	3.277E-01	3.423E-01	0.045	23
afdb_P16932_v6	afdb_P40859_v6	2.684E-01	2.882E-01	2.895E-01	0.063	26
afdb_P16932_v6	afdb_Q3HWU8_v6	2.327E-01	3.235E-01	3.242E-01	0.045	23
afdb_P16932_v6	afdb_P0A9P4_v6	2.486E-01	3.045E-01	3.107E-01	0.051	24
afdb_P16932_v6	afdb_P22394_v6	3.014E-01	2.471E-01	3.051E-01	0.090	30
afdb_P16932_v6	afdb_P0CE47_v6	2.643E-01	2.828E-01	2.998E-01	0.063	26
afdb_P16932_v6	afdb_Q9XBQ8_v6	2.701E-01	2.771E-01	3.461E-01	0.063	26
afdb_P16932_v6	afdb_P56216_v6	2.984E-01	2.478E-01	3.171E-01	0.082	29
afdb_P16932_v6	afdb_P21327_v6	2.645E-01	2.795E-01	2.940E-01	0.063	26
afdb_P16932_v6	afdb_Q05769_v6	3.035E-01	2.379E-01	3.353E-01	0.090	30
afdb_P16932_v6	afdb_P06621_v6	2.656E-01	2.745E-01	3.618E-01	0.063	26
afdb_P16932_v6	afdb_Q9HXE3_v6	2.569E-01	2.834E-01	2.838E-01	0.057	25
afdb_P16932_v6	afdb_P16444_v6	2.641E-01	2.747E-01	3.177E-01	0.063	26
afdb_P16932_v6	afdb_P05521_v6	2.354E-01	3.014E-01	3.136E-01	0.045	23
afdb_P16932_v6	afdb_P08373_v6	2.457E-01	2.908E-01	2.914E-01	0.051	24
afdb_P16932_v6	afdb_P27170_v6	2.480E-01	2.828E-01	2.983E-01	0.051	24
afdb_P16932_v6	afdb_P45478_v6	2.293E-01	2.995E-01	3.356E-01	0.040	22
afdb_P16932_v6	afdb_P00455_v6	2.482E-01	2.789E-01	3.450E-01	0.051	24
afdb_P16932_v6	afdb_P08148_v6	2.947E-01	2.316E-01	3.052E-01	0.082	29
afdb_P16932_v6	afdb_A5JUY8_v6	3.096E-01	2.136E-01	3.568E-01	0.090	30
afdb_P16932_v6	afdb_P08819_v6	2.617E-01	2.574E-01	2.747E-01	0.063	26
afdb_P16932_v6	afdb_P09184_v6	1.590E-01	3.571E-01	3.671E-01	0.011	15
afdb_P16932_v6	afdb_P15917_v6	3.155E-01	1.961E-01	3.163E-01	0.098	31
afdb_P16932_v6	afdb_P55038_v6	3.680E-01	1.372E-01	3.686E-01	0.150	36
afdb_P16932_v6	afdb_P81054_v6	2.322E-01	2.727E-01	2.903E-01	0.045	23
afdb_P16932_v6	afdb_P46076_v6	2.334E-01	2.703E-01	2.819E-01	0.045	23
afdb_P16932_v6	afdb_P00489_v6	3.116E-01	1.895E-01	3.146E-01	0.098	31
afdb_P16932_v6	afdb_P96086_v6	3.314E-01	1.672E-01	3.487E-01	0.116	33
afdb_P16932_v6	afdb_P09960_v6	2.787E-01	2.156E-01	2.947E-01	0.069	27
afdb_P16932_v6	afdb_Q05755_v6	3.592E-01	1.290E-01	4.180E-01	0.138	35
afdb_P16932_v6	afdb_Q01693_v6	2.554E-01	2.282E-01	2.839E-01	0.057	25
afdb_P16932_v6	afdb_O68557_v6	2.071E-01	2.749E-01	2.855E-01	0.029	20
afdb_P16932_v6	afdb_P14779_v6	3.194E-01	1.627E-01	3.631E-01	0.098	31
afdb_P16932_v6	afdb_F8W4B7_v6	3.237E-01	1.531E-01	3.473E-01	0.106	32
afdb_P16932_v6	afdb_O16025_v6	3.155E-01	1.570E-01	3.326E-01	0.098	31
afdb_P16932_v6	afdb_P29183_v6	2.409E-01	2.313E-01	2.747E-01	0.051	24
afdb_P16932_v6	afdb_P12821_v6	3.261E-01	1.419E-01	3.321E-01	0.106	32
afdb_P16932_v6	afdb_P29474_v6	3.217E-01	1.402E-01	4.130E-01	0.106	32
afdb_P16932_v6	afdb_P0A6K3_v6	1.502E-01	2.987E-01	2.999E-01	0.011	15
afdb_P16932_v6	afdb_P09883_v6	2.389E-01	1.927E-01	2.505E-01	0.045	23
afdb_P16932_v6	afdb_P10844_v6	2.991E-01	1.293E-01	3.092E-01	0.082	29
afdb_P16932_v6	afdb_O13297_v6	2.190E-01	1.838E-01	2.526E-01	0.034	21
afdb_P18314_v6	afdb_P39377_v6	5.216E-01	7.327E-01	7.412E-01	0.537	52
afdb_P18314_v6	afdb_P03958_v6	3.671E-01	5.539E-01	5.593E-01	0.150	36
afdb_P18314_v6	afdb_P0AEZ1_v6	3.276E-01	5.619E-01	5.822E-01	0.106	32
afdb_P18314_v6	afdb_P16444_v6	3.796E-01	5.039E-01	5.893E-01	0.164	37
afdb_P18314_v6	afdb_P0A6C1_v6	3.085E-01	5.383E-01	5.397E-01	0.090	30
afdb_P18314_v6	afdb_Q8RB32_v6	2.598E-01	5.182E-01	5.198E-01	0.057	25
afdb_P18314_v6	afdb_Q9FEW9_v6	3.310E-01	4.471E-01	4.480E-01	0.116	33
afdb_P18314_v6	afdb_P05414_v6	2.960E-01	4.183E-01	4.664E-01	0.082	29
afdb_P18314_v6	afdb_P37957_v6	2.253E-01	4.785E-01	4.964E-01	0.040	22
afdb_P18314_v6	afdb_P05521_v6	2.531E-01	4.078E-01	4.353E-01	0.057	25
afdb_P18314_v6	afdb_P25910_v6	2.309E-01	4.237E-01	4.394E-01	0.045	23
afdb_P18314_v6	afdb_Q6LZM9_v6	2.918E-01	3.562E-01	3.650E-01	0.082	29
afdb_P18314_v6	afdb_Q75WN8_v6	2.391E-01	4.069E-01	4.079E-01	0.045	23
afdb_P18314_v6	afdb_Q9XBQ8_v6	2.821E-01	3.617E-01	4.474E-01	0.076	28
afdb_P18314_v6	afdb_Q00017_v6	2.268E-01	4.128E-01	4.223E-01	0.040	22
afdb_P18314_v6	afdb_P96965_v6	2.327E-01	3.996E-01	4.096E-01	0.045	23
afdb_P18314_v6	afdb_P42593_v6	3.367E-01	2.942E-01	3.525E-01	0.116	33
afdb_P18314_v6	afdb_P52279_v6	2.416E-01	3.846E-01	3.851E-01	0.051	24
afdb_P18314_v6	afdb_Q3HWU8_v6	2.301E-01	3.957E-01	4.091E-01	0.045	23
afdb_P18314_v6	afdb_Q29460_v6	2.100E-01	4.156E-01	4.788E-01	0.034	21
afdb_P18314_v6	afdb_P06721_v6	2.695E-01	3.551E-01	3.703E-01	0.063	26
afdb_P18314_v6	afdb_Q9UMR5_v6	2.341E-01	3.825E-01	4.040E-01	0.045	23
afdb_P18314_v6	afdb_P00860_v6	2.812E-01	3.346E-01	4.308E-01	0.076	28
afdb_P18314_v6	afdb_P29183_v6	2.810E-01	3.305E-01	4.024E-01	0.076	28
afdb_P18314_v6	afdb_Q16775_v6	2.320E-01	3.695E-01	4.063E-01	0.045	23
afdb_P18314_v6	afdb_P00590_v6	1.971E-01	4.015E-01	4.479E-01	0.024	19
afdb_P18314_v6	afdb_P0CE47_v6	2.555E-01	3.379E-01	3.516E-01	0.057	25
afdb_P18314_v6	afdb_P45478_v6	2.282E-01	3.645E-01	3.813E-01	0.040	22
afdb_P18314_v6	afdb_P30122_v6	3.004E-01	2.889E-01	3.168E-01	0.090	30
afdb_P18314_v6	afdb_P83772_v6	2.128E-01	3.748E-01	4.140E-01	0.034	21
afdb_P18314_v6	afdb_P07003_v6	2.944E-01	2.926E-01	3.120E-01	0.082	29
afdb_P18314_v6	afdb_P16099_v6	3.222E-01	2.648E-01	3.551E-01	0.106	32
afdb_P18314_v6	afdb_P10688_v6	3.263E-01	2.612E-01	3.913E-01	0.106	32
afdb_P18314_v6	afdb_Q58989_v6	1.884E-01	3.965E-01	4.058E-01	0.020	18
afdb_P18314_v6	afdb_P53608_v6	2.228E-01	3.536E-01	3.544E-01	0.040	22
afdb_P18314_v6	afdb_P22394_v6	2.872E-01	2.887E-01	3.640E-01	0.076	28
afdb_P18314_v6	afdb_Q9L9D7_v6	2.837E-01	2.811E-01	3.737E-01	0.076	28
afdb_P18314_v6	afdb_Q05755_v6	3.847E-01	1.756E-01	3.872E-01	0.179	38
afdb_P18314_v6	afdb_P08819_v6	2.527E-01	3.020E-01	3.117E-01	0.057	25
afdb_P18314_v6	afdb_P07511_v6	2.606E-01	2.935E-01	3.775E-01	0.063	26
afdb_P18314_v6	afdb_P77444_v6	2.422E-01	3.098E-01	3.439E-01	0.051	24
afdb_P18314_v6	afdb_P55038_v6	3.734E-01	1.714E-01	3.739E-01	0.164	37
afdb_P18314_v6	afdb_Q9NPB1_v6	1.811E-01	3.609E-01	3.943E-01	0.020	18
afdb_P18314_v6	afdb_P12998_v6	2.302E-01	3.083E-01	3.510E-01	0.040	22
afdb_P18314_v6	afdb_P0AB77_v6	2.332E-01	3.047E-01	3.526E-01	0.045	23
afdb_P18314_v6	afdb_Q56839_v6	2.614E-01	2.769E-01	2.957E-01	0.063	26
afdb_P18314_v6	afdb_P00388_v6	2.863E-01	2.504E-01	3.359E-01	0.076	28
afdb_P18314_v6	afdb_P00935_v6	2.296E-01	3.058E-01	3.203E-01	0.040	22
afdb_P18314_v6	afdb_P09367_v6	2.252E-01	3.097E-01	3.188E-01	0.040	22
afdb_P18314_v6	afdb_O58727_v6	1.597E-01	3.730E-01	3.824E-01	0.011	15
afdb_P18314_v6	afdb_Q9YHT1_v6	2.814E-01	2.503E-01	3.015E-01	0.076	28
afdb_P18314_v6	afdb_P00800_v6	2.623E-01	2.688E-01	3.163E-01	0.063	26
afdb_P18314_v6	afdb_P27170_v6	2.226E-01	3.051E-01	3.188E-01	0.040	22
afdb_P18314_v6	afdb_P12995_v6	2.360E-01	2.906E-01	3.367E-01	0.045	23
afdb_P18314_v6	afdb_P00396_v6	2.526E-01	2.713E-01	3.381E-01	0.057	25
afdb_P18314_v6	afdb_P24630_v6	2.340E-01	2.888E-01	3.558E-01	0.045	23
afdb_P18314_v6	afdb_P04042_v6	2.086E-01	3.120E-01	3.467E-01	0.029	20
afdb_P18314_v6	afdb_P53041_v6	2.486E-01	2.716E-01	2.869E-01	0.051	24
afdb_P18314_v6	afdb_P00489_v6	2.982E-01	2.214E-01	3.499E-01	0.082	29
afdb_P18314_v6	afdb_P27487_v6	2.884E-01	2.299E-01	3.018E-01	0.076	28
afdb_P18314_v6	afdb_Q6YBS3_v6	2.702E-01	2.459E-01	3.419E-01	0.069	27
afdb_P18314_v6	afdb_P15034_v6	2.374E-01	2.809E-01	2.966E-01	0.045	23
afdb_P18314_v6	afdb_P08165_v6	2.446E-01	2.703E-01	2.863E-01	0.051	24
afdb_P18314_v6	afdb_P22637_v6	2.548E-01	2.595E-01	3.147E-01	0.057	25
afdb_P18314_v6	afdb_P55931_v6	2.650E-01	2.498E-01	2.744E-01	0.063	26
afdb_P18314_v6	afdb_P83788_v6	2.258E-01	2.884E-01	3.342E-01	0.040	22
afdb_P18314_v6	afdb_P83686_v6	1.854E-01	3.256E-01	3.325E-01	0.020	18
afdb_P18314_v6	afdb_P14779_v6	3.153E-01	1.944E-01	3.298E-01	0.098	31
afdb_P18314_v6	afdb_P12821_v6	3.321E-01	1.740E-01	3.446E-01	0.116	33
afdb_P18314_v6	afdb_P80324_v6	2.124E-01	2.924E-01	3.019E-01	0.034	21
afdb_P18314_v6	afdb_Q05769_v6	2.570E-01	2.465E-01	2.775E-01	0.057	25
afdb_P18314_v6	afdb_P40881_v6	1.777E-01	3.257E-01	3.410E-01	0.016	17
afdb_P18314_v6	afdb_O31156_v6	1.823E-01	3.167E-01	3.292E-01	0.020	18
afdb_P18314_v6	afdb_F8W4B7_v6	3.101E-01	1.888E-01	3.146E-01	0.098	31
afdb_P18314_v6	afdb_P95468_v6	2.143E-01	2.851E-01	4.059E-01	0.034	21
afdb_P18314_v6	afdb_O68557_v6	1.903E-01	3.060E-01	3.655E-01	0.020	18
afdb_P18314_v6	afdb_P13717_v6	1.790E-01	3.152E-01	3.512E-01	0.016	17
afdb_P18314_v6	afdb_P21179_v6	2.720E-01	2.207E-01	2.842E-01	0.069	27
afdb_P18314_v6	afdb_P81054_v6	2.019E-01	2.888E-01	3.158E-01	0.029	20
afdb_P18314_v6	afdb_P24289_v6	1.822E-01	3.084E-01	3.340E-01	0.020	18
afdb_P18314_v6	afdb_P0A9P4_v6	1.931E-01	2.960E-01	3.127E-01	0.024	19
afdb_P18314_v6	afdb_P37063_v6	2.485E-01	2.385E-01	2.634E-01	0.051	24
afdb_P18314_v6	afdb_P21327_v6	2.143E-01	2.734E-01	3.034E-01	0.034	21
afdb_P18314_v6	afdb_P96086_v6	2.964E-01	1.828E-01	3.112E-01	0.082	29
afdb_P18314_v6	afdb_Q01693_v6	2.283E-01	2.493E-01	2.914E-01	0.040	22
afdb_P18314_v6	afdb_P43099_v6	2.561E-01	2.122E-01	2.697E-01	0.057	25
afdb_P18314_v6	afdb_P00183_v6	2.065E-01	2.581E-01	2.594E-01	0.029	20
afdb_P18314_v6	afdb_P00914_v6	2.174E-01	2.451E-01	2.557E-01	0.034	21
afdb_P18314_v6	afdb_P29474_v6	2.966E-01	1.628E-01	3.554E-01	0.082	29
afdb_P18314_v6	afdb_Q6UV28_v6	1.180E-01	3.361E-01	4.105E-01	0.007	11
afdb_P18314_v6	afdb_P00390_v6	2.155E-01	2.286E-01	2.406E-01	0.034	21
afdb_P18314_v6	afdb_O16025_v6	2.694E-01	1.673E-01	2.698E-01	0.063	26
afdb_P18314_v6	afdb_P10844_v6	2.770E-01	1.484E-01	2.831E-01	0.069	27
afdb_P18314_v6	afdb_P09883_v6	2.040E-01	2.005E-01	2.339E-01	0.029	20
afdb_P18314_v6	afdb_P00747_v6	2.234E-01	1.726E-01	2.277E-01	0.040	22
afdb_Q9AGP8_v6	afdb_P40859_v6	4.236E-01	8.621E-01	8.725E-01	0.254	42
afdb_Q9AGP8_v6	afdb_Q9HXE3_v6	4.081E-01	8.630E-01	8.716E-01	0.214	40
afdb_Q9AGP8_v6	afdb_Q9X9P9_v6	4.032E-01	8.125E-01	8.220E-01	0.214	40
afdb_Q9AGP8_v6	afdb_P80324_v6	3.466E-01	7.352E-01	7.536E-01	0.126	34
afdb_Q9AGP8_v6	afdb_Q945K2_v6	3.321E-01	4.634E-01	5.072E-01	0.116	33
afdb_Q9AGP8_v6	afdb_P22637_v6	3.274E-01	4.677E-01	5.004E-01	0.106	32
afdb_Q9AGP8_v6	afdb_P55931_v6	3.394E-01	4.430E-01	6.146E-01	0.116	33
afdb_Q9AGP8_v6	afdb_Q9YHT1_v6	3.492E-01	4.236E-01	4.502E-01	0.126	34
afdb_Q9AGP8_v6	afdb_P10902_v6	3.096E-01	4.552E-01	4.681E-01	0.090	30
afdb_Q9AGP8_v6	afdb_P0A9P4_v6	2.133E-01	4.871E-01	4.974E-01	0.034	21
afdb_Q9AGP8_v6	afdb_P37062_v6	2.614E-01	4.305E-01	4.313E-01	0.063	26
afdb_Q9AGP8_v6	afdb_P00390_v6	2.741E-01	3.930E-01	4.222E-01	0.069	27
afdb_Q9AGP8_v6	afdb_Q56839_v6	2.701E-01	3.795E-01	4.031E-01	0.063	26
afdb_Q9AGP8_v6	afdb_P16099_v6	2.903E-01	3.196E-01	3.249E-01	0.076	28
afdb_Q9AGP8_v6	afdb_P43099_v6	2.889E-01	3.157E-01	3.551E-01	0.076	28
afdb_Q9AGP8_v6	afdb_P15034_v6	2.298E-01	3.694E-01	3.805E-01	0.040	22
afdb_Q9AGP8_v6	afdb_P42593_v6	2.696E-01	3.150E-01	3.385E-01	0.063	26
afdb_Q9AGP8_v6	afdb_P30122_v6	2.548E-01	3.272E-01	3.549E-01	0.057	25
afdb_Q9AGP8_v6	afdb_P23687_v6	2.698E-01	3.026E-01	3.275E-01	0.063	26
afdb_Q9AGP8_v6	afdb_P27487_v6	2.745E-01	2.910E-01	3.073E-01	0.069	27
afdb_Q9AGP8_v6	afdb_P00914_v6	2.204E-01	3.404E-01	3.500E-01	0.040	22
afdb_Q9AGP8_v6	afdb_P00800_v6	2.330E-01	3.155E-01	3.408E-01	0.045	23
afdb_Q9AGP8_v6	afdb_P06721_v6	1.991E-01	3.477E-01	3.666E-01	0.024	19
afdb_Q9AGP8_v6	afdb_P00935_v6	1.976E-01	3.479E-01	3.824E-01	0.024	19
afdb_Q9AGP8_v6	afdb_Q6LZM9_v6	2.087E-01	3.363E-01	3.981E-01	0.029	20
afdb_Q9AGP8_v6	afdb_P09960_v6	2.428E-01	3.019E-01	3.088E-01	0.051	24
afdb_Q9AGP8_v6	afdb_P21327_v6	1.974E-01	3.459E-01	3.709E-01	0.024	19
afdb_Q9AGP8_v6	afdb_P00860_v6	2.097E-01	3.303E-01	3.725E-01	0.029	20
afdb_Q9AGP8_v6	afdb_P0AEZ1_v6	1.683E-01	3.666E-01	3.867E-01	0.014	16
afdb_Q9AGP8_v6	afdb_P08373_v6	1.814E-01	3.514E-01	3.563E-01	0.020	18
afdb_Q9AGP8_v6	afdb_P0AB77_v6	1.960E-01	3.345E-01	3.767E-01	0.024	19
afdb_Q9AGP8_v6	afdb_P37063_v6	2.338E-01	2.942E-01	3.102E-01	0.045	23
afdb_Q9AGP8_v6	afdb_P45478_v6	1.676E-01	3.579E-01	4.008E-01	0.014	16
afdb_Q9AGP8_v6	afdb_P96086_v6	2.863E-01	2.361E-01	2.865E-01	0.076	28
afdb_Q9AGP8_v6	afdb_Q05755_v6	3.197E-01	2.028E-01	3.227E-01	0.098	31
afdb_Q9AGP8_v6	afdb_P0CE47_v6	1.892E-01	3.309E-01	3.414E-01	0.020	18
afdb_Q9AGP8_v6	afdb_P21179_v6	2.510E-01	2.691E-01	2.785E-01	0.057	25
afdb_Q9AGP8_v6	afdb_P14779_v6	2.824E-01	2.371E-01	2.901E-01	0.076	28
afdb_Q9AGP8_v6	afdb_P12998_v6	1.870E-01	3.290E-01	3.716E-01	0.020	18
afdb_Q9AGP8_v6	afdb_P08148_v6	2.256E-01	2.874E-01	3.115E-01	0.040	22
afdb_Q9AGP8_v6	afdb_P24474_v6	2.178E-01	2.893E-01	2.963E-01	0.034	21
afdb_Q9AGP8_v6	afdb_P08819_v6	1.957E-01	3.108E-01	3.232E-01	0.024	19
afdb_Q9AGP8_v6	afdb_P52700_v6	1.541E-01	3.456E-01	3.852E-01	0.011	15
afdb_Q9AGP8_v6	afdb_P08165_v6	1.998E-01	2.981E-01	3.227E-01	0.024	19
afdb_Q9AGP8_v6	afdb_P27170_v6	1.746E-01	3.231E-01	3.560E-01	0.016	17
afdb_Q9AGP8_v6	afdb_O16025_v6	2.710E-01	2.264E-01	2.783E-01	0.069	27
afdb_Q9AGP8_v6	afdb_P29183_v6	1.955E-01	3.001E-01	3.221E-01	0.024	19
afdb_Q9AGP8_v6	afdb_P05414_v6	1.733E-01	3.207E-01	3.225E-01	0.016	17
afdb_Q9AGP8_v6	afdb_P00636_v6	1.655E-01	3.279E-01	3.374E-01	0.014	16
afdb_Q9AGP8_v6	afdb_P25910_v6	1.353E-01	3.573E-01	4.270E-01	0.009	13
afdb_Q9AGP8_v6	afdb_P52279_v6	1.578E-01	3.327E-01	3.404E-01	0.011	15
afdb_Q9AGP8_v6	afdb_O58727_v6	1.177E-01	3.713E-01	3.824E-01	0.007	11
afdb_Q9AGP8_v6	afdb_Q16775_v6	1.556E-01	3.326E-01	3.627E-01	0.011	15
afdb_Q9AGP8_v6	afdb_P10844_v6	2.840E-01	2.029E-01	2.941E-01	0.076	28
afdb_Q9AGP8_v6	afdb_P77444_v6	1.793E-01	3.075E-01	3.104E-01	0.016	17
afdb_Q9AGP8_v6	afdb_Q9NPB1_v6	1.323E-01	3.527E-01	3.940E-01	0.009	13
afdb_Q9AGP8_v6	afdb_P00455_v6	1.713E-01	3.136E-01	3.328E-01	0.016	17
afdb_Q9AGP8_v6	afdb_P56216_v6	2.057E-01	2.757E-01	3.466E-01	0.029	20
afdb_Q9AGP8_v6	afdb_P29474_v6	2.743E-01	2.064E-01	2.756E-01	0.069	27
afdb_Q9AGP8_v6	afdb_P83772_v6	1.409E-01	3.328E-01	3.549E-01	0.010	14
afdb_Q9AGP8_v6	afdb_Q9XBQ8_v6	1.760E-01	2.972E-01	3.438E-01	0.016	17
afdb_Q9AGP8_v6	afdb_P10688_v6	2.279E-01	2.436E-01	2.467E-01	0.040	22
afdb_Q9AGP8_v6	afdb_P09883_v6	2.033E-01	2.673E-01	2.994E-01	0.029	20
afdb_Q9AGP8_v6	afdb_Q00017_v6	1.332E-01	3.338E-01	3.366E-01	0.009	13
afdb_Q9AGP8_v6	afdb_P0A6K3_v6	1.106E-01	3.537E-01	3.626E-01	0.007	11
afdb_Q9AGP8_v6	afdb_Q01693_v6	1.894E-01	2.743E-01	2.833E-01	0.020	18
afdb_Q9AGP8_v6	afdb_P06621_v6	1.709E-01	2.890E-01	3.021E-01	0.016	17
afdb_Q9AGP8_v6	afdb_P83686_v6	1.373E-01	3.220E-01	3.226E-01	0.009	13
afdb_Q9AGP8_v6	afdb_Q9FEW9_v6	1.693E-01	2.889E-01	3.143E-01	0.014	16
afdb_Q9AGP8_v6	afdb_P04190_v6	1.331E-01	3.247E-01	3.406E-01	0.009	13
afdb_Q9AGP8_v6	afdb_P15917_v6	2.245E-01	2.282E-01	2.511E-01	0.040	22
afdb_Q9AGP8_v6	afdb_P00777_v6	1.467E-01	3.060E-01	3.376E-01	0.010	14
afdb_Q9AGP8_v6	afdb_P00747_v6	2.223E-01	2.264E-01	2.332E-01	0.040	22
afdb_Q9AGP8_v6	afdb_P12821_v6	2.616E-01	1.859E-01	2.635E-01	0.063	26
afdb_Q9AGP8_v6	afdb_P0A6C1_v6	1.370E-01	3.056E-01	3.101E-01	0.009	13
afdb_Q9AGP8_v6	afdb_Q75WN8_v6	1.346E-01	3.024E-01	3.075E-01	0.009	13
afdb_Q9AGP8_v6	afdb_P37957_v6	1.160E-01	3.173E-01	3.310E-01	0.007	11
afdb_Q9AGP8_v6	afdb_O13297_v6	1.741E-01	2.390E-01	2.748E-01	0.016	17
afdb_P21836_v6	afdb_P30122_v6	7.894E-01	8.108E-01	8.951E-01	0.978	78
afdb_P21836_v6	afdb_P22394_v6	7.465E-01	8.100E-01	8.365E-01	0.961	74
afdb_P21836_v6	afdb_P05521_v6	3.524E-01	6.548E-01	7.221E-01	0.138	35
afdb_P21836_v6	afdb_Q75WN8_v6	3.290E-01	6.508E-01	6.529E-01	0.106	32
afdb_P21836_v6	afdb_P52279_v6	3.398E-01	6.103E-01	6.187E-01	0.116	33
afdb_P21836_v6	afdb_P96965_v6	3.134E-01	6.288E-01	6.529E-01	0.098	31
afdb_P21836_v6	afdb_Q3HWU8_v6	3.094E-01	6.311E-01	6.331E-01	0.090	30
afdb_P21836_v6	afdb_P37957_v6	2.594E-01	6.773E-01	7.719E-01	0.057	25
afdb_P21836_v6	afdb_P45478_v6	3.013E-01	5.543E-01	6.003E-01	0.090	30
afdb_P21836_v6	afdb_P08819_v6	3.683E-01	4.863E-01	4.882E-01	0.150	36
afdb_P21836_v6	afdb_Q9L9D7_v6	4.099E-01	4.334E-01	4.485E-01	0.214	40
afdb_P21836_v6	afdb_Q9UMR5_v6	2.978E-01	5.461E-01	5.951E-01	0.082	29
afdb_P21836_v6	afdb_Q6YBS3_v6	4.047E-01	3.927E-01	4.261E-01	0.214	40
afdb_P21836_v6	afdb_P00590_v6	2.413E-01	5.510E-01	5.662E-01	0.051	24
afdb_P21836_v6	afdb_Q29460_v6	2.416E-01	5.293E-01	5.517E-01	0.051	24
afdb_P21836_v6	afdb_Q00017_v6	2.441E-01	4.929E-01	5.134E-01	0.051	24
afdb_P21836_v6	afdb_P29183_v6	3.167E-01	4.042E-01	5.173E-01	0.098	31
afdb_P21836_v6	afdb_P53608_v6	2.591E-01	4.479E-01	4.501E-01	0.057	25
afdb_P21836_v6	afdb_P83772_v6	2.330E-01	4.621E-01	4.648E-01	0.045	23
afdb_P21836_v6	afdb_P23687_v6	3.629E-01	3.193E-01	5.654E-01	0.150	36
afdb_P21836_v6	afdb_P03958_v6	2.669E-01	4.127E-01	4.263E-01	0.063	26
afdb_P21836_v6	afdb_P0A6C1_v6	2.399E-01	4.382E-01	4.759E-01	0.045	23
afdb_P21836_v6	afdb_P16444_v6	2.863E-01	3.908E-01	4.355E-01	0.076	28
afdb_P21836_v6	afdb_P0AEZ1_v6	2.305E-01	4.117E-01	4.725E-01	0.045	23
afdb_P21836_v6	afdb_Q9FEW9_v6	2.653E-01	3.741E-01	4.041E-01	0.063	26
afdb_P21836_v6	afdb_P39377_v6	2.600E-01	3.720E-01	4.590E-01	0.057	25
afdb_P21836_v6	afdb_P05414_v6	2.542E-01	3.730E-01	3.926E-01	0.057	25
afdb_P21836_v6	afdb_P27487_v6	3.405E-01	2.801E-01	4.273E-01	0.126	34
afdb_P21836_v6	afdb_P83686_v6	2.103E-01	3.924E-01	4.016E-01	0.034	21
afdb_P21836_v6	afdb_P52700_v6	2.174E-01	3.842E-01	4.326E-01	0.034	21
afdb_P21836_v6	afdb_Q16775_v6	2.233E-01	3.760E-01	4.234E-01	0.040	22
afdb_P21836_v6	afdb_Q50925_v6	2.910E-01	3.076E-01	3.239E-01	0.082	29
afdb_P21836_v6	afdb_Q9XBQ8_v6	2.538E-01	3.449E-01	4.338E-01	0.057	25
afdb_P21836_v6	afdb_P25910_v6	1.959E-01	3.918E-01	4.239E-01	0.024	19
afdb_P21836_v6	afdb_P04190_v6	1.974E-01	3.847E-01	4.280E-01	0.024	19
afdb_P21836_v6	afdb_Q9YHT1_v6	2.951E-01	2.790E-01	3.557E-01	0.082	29
afdb_P21836_v6	afdb_P00489_v6	3.196E-01	2.526E-01	3.629E-01	0.098	31
afdb_P21836_v6	afdb_P24474_v6	2.753E-01	2.912E-01	3.009E-01	0.069	27
afdb_P21836_v6	afdb_P09960_v6	2.791E-01	2.801E-01	3.083E-01	0.069	27
afdb_P21836_v6	afdb_P00800_v6	2.685E-01	2.908E-01	3.137E-01	0.063	26
afdb_P21836_v6	afdb_P00396_v6	2.605E-01	2.973E-01	3.122E-01	0.063	26
afdb_P21836_v6	afdb_P15289_v6	2.584E-01	2.988E-01	3.854E-01	0.057	25
afdb_P21836_v6	afdb_P95468_v6	2.294E-01	3.240E-01	3.899E-01	0.040	22
afdb_P21836_v6	afdb_P56200_v6	1.927E-01	3.609E-01	3.772E-01	0.024	19
afdb_P21836_v6	afdb_P13717_v6	1.887E-01	3.609E-01	3.837E-01	0.020	18
afdb_P21836_v6	afdb_P55931_v6	2.733E-01	2.723E-01	3.079E-01	0.069	27
afdb_P21836_v6	afdb_P27170_v6	2.170E-01	3.242E-01	3.500E-01	0.034	21
afdb_P21836_v6	afdb_P08148_v6	2.685E-01	2.722E-01	2.828E-01	0.063	26
afdb_P21836_v6	afdb_P21179_v6	2.884E-01	2.492E-01	3.162E-01	0.076	28
afdb_P21836_v6	afdb_P42593_v6	2.767E-01	2.591E-01	3.101E-01	0.069	27
afdb_P21836_v6	afdb_P0CE47_v6	2.177E-01	3.147E-01	5.270E-01	0.034	21
afdb_P21836_v6	afdb_P12821_v6	3.421E-01	1.900E-01	3.588E-01	0.126	34
afdb_P21836_v6	afdb_P12998_v6	2.162E-01	3.149E-01	3.875E-01	0.034	21
afdb_P21836_v6	afdb_Q56839_v6	2.491E-01	2.802E-01	2.813E-01	0.051	24
afdb_P21836_v6	afdb_P77444_v6	2.200E-01	3.081E-01	4.116E-01	0.040	22
afdb_P21836_v6	afdb_P0AB77_v6	2.200E-01	3.041E-01	3.067E-01	0.034	21
afdb_P21836_v6	afdb_P43099_v6	2.786E-01	2.450E-01	3.245E-01	0.069	27
afdb_P21836_v6	afdb_Q945K2_v6	2.523E-01	2.675E-01	2.927E-01	0.057	25
afdb_P21836_v6	afdb_P46076_v6	2.062E-01	3.124E-01	3.130E-01	0.029	20
afdb_P21836_v6	afdb_P0A6K3_v6	1.421E-01	3.762E-01	3.852E-01	0.010	14
afdb_P21836_v6	afdb_P22637_v6	2.488E-01	2.678E-01	2.820E-01	0.051	24
afdb_P21836_v6	afdb_P06621_v6	2.213E-01	2.945E-01	3.127E-01	0.040	22
afdb_P21836_v6	afdb_Q9HXE3_v6	2.135E-01	3.024E-01	3.038E-01	0.034	21
afdb_P21836_v6	afdb_P81054_v6	2.043E-01	3.043E-01	3.059E-01	0.029	20
afdb_P21836_v6	afdb_P00390_v6	2.386E-01	2.685E-01	3.065E-01	0.045	23
afdb_P21836_v6	afdb_P10902_v6	2.405E-01	2.638E-01	2.856E-01	0.051	24
afdb_P21836_v6	afdb_P12995_v6	2.185E-01	2.826E-01	2.880E-01	0.034	21
afdb_P21836_v6	afdb_P00777_v6	1.852E-01	3.125E-01	3.464E-01	0.020	18
afdb_P21836_v6	afdb_P08165_v6	2.291E-01	2.682E-01	3.118E-01	0.040	22
afdb_P21836_v6	afdb_P00750_v6	2.414E-01	2.556E-01	2.666E-01	0.051	24
afdb_P21836_v6	afdb_P00860_v6	2.195E-01	2.762E-01	3.464E-01	0.034	21
afdb_P21836_v6	afdb_P96086_v6	2.986E-01	1.960E-01	3.236E-01	0.082	29
afdb_P21836_v6	afdb_P40881_v6	1.673E-01	3.266E-01	3.581E-01	0.014	16
afdb_P21836_v6	afdb_Q05755_v6	3.299E-01	1.618E-01	3.607E-01	0.106	32
afdb_P21836_v6	afdb_P00455_v6	1.997E-01	2.917E-01	3.368E-01	0.024	19
afdb_P21836_v6	afdb_P00388_v6	2.516E-01	2.345E-01	2.804E-01	0.057	25
afdb_P21836_v6	afdb_Q01693_v6	2.252E-01	2.597E-01	2.796E-01	0.040	22
afdb_P21836_v6	afdb_P10688_v6	2.596E-01	2.222E-01	2.891E-01	0.057	25
afdb_P21836_v6	afdb_O16025_v6	2.901E-01	1.910E-01	3.184E-01	0.082	29
afdb_P21836_v6	afdb_P07511_v6	2.153E-01	2.581E-01	2.686E-01	0.034	21
afdb_P21836_v6	afdb_P24289_v6	1.659E-01	3.062E-01	3.068E-01	0.014	16
afdb_P21836_v6	afdb_P15034_v6	2.067E-01	2.641E-01	2.862E-01	0.029	20
afdb_P21836_v6	afdb_P19938_v6	1.708E-01	2.979E-01	3.064E-01	0.016	17
afdb_P21836_v6	afdb_P00935_v6	1.931E-01	2.694E-01	2.760E-01	0.024	19
afdb_P21836_v6	afdb_O33199_v6	1.432E-01	3.072E-01	3.150E-01	0.010	14
afdb_P21836_v6	afdb_P10844_v6	2.828E-01	1.603E-01	3.102E-01	0.076	28
afdb_P21836_v6	afdb_P80324_v6	1.806E-01	2.617E-01	2.668E-01	0.020	18
afdb_P21836_v6	afdb_P55038_v6	2.940E-01	1.435E-01	3.095E-01	0.082	29
afdb_P22266_v6	afdb_Q00017_v6	4.696E-01	6.200E-01	6.830E-01	0.353	46
afdb_P22266_v6	afdb_Q29460_v6	4.478E-01	6.390E-01	7.970E-01	0.301	44
afdb_P22266_v6	afdb_Q9UMR5_v6	4.096E-01	4.532E-01	4.845E-01	0.214	40
afdb_P22266_v6	afdb_P45478_v6	4.024E-01	4.407E-01	4.675E-01	0.214	40
afdb_P22266_v6	afdb_P00590_v6	3.445E-01	4.759E-01	5.672E-01	0.126	34
afdb_P22266_v6	afdb_P83772_v6	3.617E-01	4.532E-01	4.546E-01	0.150	36
afdb_P22266_v6	afdb_P96965_v6	3.727E-01	4.373E-01	4.771E-01	0.164	37
afdb_P22266_v6	afdb_Q3HWU8_v6	3.675E-01	4.395E-01	4.643E-01	0.150	36
afdb_P22266_v6	afdb_P52279_v6	3.735E-01	4.043E-01	4.390E-01	0.164	37
afdb_P22266_v6	afdb_Q9FEW9_v6	3.810E-01	3.433E-01	4.215E-01	0.179	38
afdb_P22266_v6	afdb_P09367_v6	3.686E-01	3.550E-01	4.165E-01	0.150	36
afdb_P22266_v6	afdb_P09184_v6	2.512E-01	4.682E-01	5.538E-01	0.057	25
afdb_P22266_v6	afdb_P53608_v6	3.407E-01	3.775E-01	3.812E-01	0.126	34
afdb_P22266_v6	afdb_P22394_v6	4.269E-01	2.874E-01	4.743E-01	0.254	42
afdb_P22266_v6	afdb_P03958_v6	3.590E-01	3.533E-01	3.951E-01	0.138	35
afdb_P22266_v6	afdb_P05521_v6	3.401E-01	3.728E-01	4.396E-01	0.116	33
afdb_P22266_v6	afdb_O31156_v6	3.125E-01	3.875E-01	3.887E-01	0.098	31
afdb_P22266_v6	afdb_P08819_v6	3.819E-01	3.143E-01	4.182E-01	0.179	38
afdb_P22266_v6	afdb_P0CE47_v6	3.655E-01	3.286E-01	5.610E-01	0.150	36
afdb_P22266_v6	afdb_Q8RB32_v6	2.986E-01	3.917E-01	4.148E-01	0.082	29
afdb_P22266_v6	afdb_O58727_v6	2.566E-01	4.325E-01	4.342E-01	0.057	25
afdb_P22266_v6	afdb_P25910_v6	3.025E-01	3.837E-01	3.936E-01	0.090	30
afdb_P22266_v6	afdb_P04190_v6	3.060E-01	3.793E-01	3.973E-01	0.090	30
afdb_P22266_v6	afdb_Q58989_v6	2.690E-01	3.896E-01	4.792E-01	0.063	26
afdb_P22266_v6	afdb_P0AEZ1_v6	3.101E-01	3.485E-01	3.871E-01	0.098	31
afdb_P22266_v6	afdb_P15289_v6	3.760E-01	2.803E-01	4.101E-01	0.164	37
afdb_P22266_v6	afdb_P39377_v6	3.408E-01	3.118E-01	3.674E-01	0.126	34
afdb_P22266_v6	afdb_Q9L9D7_v6	3.912E-01	2.592E-01	4.374E-01	0.196	39
afdb_P22266_v6	afdb_P22637_v6	3.796E-01	2.669E-01	4.039E-01	0.164	37
afdb_P22266_v6	afdb_P95468_v6	3.367E-01	3.010E-01	4.174E-01	0.116	33
afdb_P22266_v6	afdb_P00592_v6	2.157E-01	4.210E-01	4.835E-01	0.034	21
afdb_P22266_v6	afdb_P71119_v6	2.588E-01	3.727E-01	3.885E-01	0.057	25
afdb_P22266_v6	afdb_P42593_v6	3.959E-01	2.294E-01	4.432E-01	0.196	39
afdb_P22266_v6	afdb_P81054_v6	3.131E-01	3.111E-01	3.401E-01	0.098	31
afdb_P22266_v6	afdb_P16099_v6	4.046E-01	2.188E-01	4.501E-01	0.214	40
afdb_P22266_v6	afdb_P05414_v6	3.181E-01	3.040E-01	3.594E-01	0.098	31
afdb_P22266_v6	afdb_P06721_v6	3.253E-01	2.903E-01	3.915E-01	0.106	32
afdb_P22266_v6	afdb_P24289_v6	2.797E-01	3.324E-01	3.341E-01	0.069	27
afdb_P22266_v6	afdb_Q9NPB1_v6	2.595E-01	3.505E-01	4.457E-01	0.057	25
afdb_P22266_v6	afdb_P52700_v6	2.849E-01	3.206E-01	3.676E-01	0.076	28
afdb_P22266_v6	afdb_P08165_v6	3.441E-01	2.603E-01	3.767E-01	0.126	34
afdb_P22266_v6	afdb_Q6YBS3_v6	3.709E-01	2.281E-01	4.091E-01	0.164	37
afdb_P22266_v6	afdb_P29183_v6	3.312E-01	2.668E-01	3.953E-01	0.116	33
afdb_P22266_v6	afdb_P00935_v6	3.099E-01	2.861E-01	3.445E-01	0.090	30
afdb_P22266_v6	afdb_P0AB77_v6	3.119E-01	2.781E-01	4.028E-01	0.098	31
afdb_P22266_v6	afdb_P77444_v6	3.123E-01	2.729E-01	3.769E-01	0.098	31
afdb_P22266_v6	afdb_P80324_v6	2.980E-01	2.836E-01	3.278E-01	0.082	29
afdb_P22266_v6	afdb_P06621_v6	3.104E-01	2.705E-01	3.392E-01	0.098	31
afdb_P22266_v6	afdb_P12998_v6	3.020E-01	2.768E-01	3.956E-01	0.090	30
afdb_P22266_v6	afdb_P83686_v6	2.636E-01	3.125E-01	3.523E-01	0.063	26
afdb_P22266_v6	afdb_P13717_v6	2.613E-01	3.140E-01	3.165E-01	0.063	26
afdb_P22266_v6	afdb_P00860_v6	3.175E-01	2.534E-01	3.888E-01	0.098	31
afdb_P22266_v6	afdb_P46076_v6	2.874E-01	2.834E-01	3.368E-01	0.076	28
afdb_P22266_v6	afdb_P24630_v6	3.075E-01	2.612E-01	3.574E-01	0.090	30
afdb_P22266_v6	afdb_P00777_v6	2.691E-01	2.979E-01	3.170E-01	0.063	26
afdb_P22266_v6	afdb_P83788_v6	3.016E-01	2.578E-01	3.523E-01	0.090	30
afdb_P22266_v6	afdb_P12995_v6	3.021E-01	2.536E-01	3.610E-01	0.090	30
afdb_P22266_v6	afdb_Q01693_v6	3.177E-01	2.375E-01	3.597E-01	0.098	31
afdb_P22266_v6	afdb_P55931_v6	3.295E-01	2.190E-01	3.324E-01	0.106	32
afdb_P22266_v6	afdb_P00914_v6	3.090E-01	2.387E-01	3.957E-01	0.090	30
afdb_P22266_v6	afdb_Q16775_v6	2.617E-01	2.838E-01	3.502E-01	0.063	26
afdb_P22266_v6	afdb_P00636_v6	2.696E-01	2.727E-01	3.142E-01	0.063	26
afdb_P22266_v6	afdb_P00800_v6	3.131E-01	2.250E-01	3.414E-01	0.098	31
afdb_P22266_v6	afdb_Q56839_v6	3.074E-01	2.266E-01	3.683E-01	0.090	30
afdb_P22266_v6	afdb_Q9XBQ8_v6	2.844E-01	2.473E-01	3.331E-01	0.076	28
afdb_P22266_v6	afdb_Q6LZM9_v6	2.873E-01	2.429E-01	3.410E-01	0.076	28
afdb_P22266_v6	afdb_Q9HXE3_v6	2.724E-01	2.570E-01	3.119E-01	0.069	27
afdb_P22266_v6	afdb_P00390_v6	3.042E-01	2.255E-01	3.594E-01	0.090	30
afdb_P22266_v6	afdb_P07511_v6	2.948E-01	2.318E-01	3.158E-01	0.082	29
afdb_P22266_v6	afdb_Q06241_v6	2.072E-01	3.160E-01	3.263E-01	0.029	20
afdb_P22266_v6	afdb_P00396_v6	2.998E-01	2.219E-01	3.499E-01	0.082	29
afdb_P22266_v6	afdb_P19938_v6	2.425E-01	2.765E-01	2.783E-01	0.051	24
afdb_P22266_v6	afdb_P24474_v6	3.063E-01	2.122E-01	3.329E-01	0.090	30
afdb_P22266_v6	afdb_P27487_v6	3.401E-01	1.753E-01	3.771E-01	0.126	34
afdb_P22266_v6	afdb_P21327_v6	2.702E-01	2.424E-01	3.253E-01	0.069	27
afdb_P22266_v6	afdb_P00183_v6	2.684E-01	2.366E-01	2.907E-01	0.063	26
afdb_P22266_v6	afdb_P23687_v6	3.200E-01	1.817E-01	3.480E-01	0.106	32
afdb_P22266_v6	afdb_F8W4B7_v6	3.525E-01	1.429E-01	3.537E-01	0.138	35
afdb_P22266_v6	afdb_P12821_v6	3.605E-01	1.261E-01	3.856E-01	0.150	36
afdb_P22266_v6	afdb_P09960_v6	2.958E-01	1.896E-01	3.402E-01	0.082	29
afdb_P22266_v6	afdb_Q6UV28_v6	1.723E-01	3.130E-01	3.591E-01	0.016	17
afdb_P22266_v6	afdb_P10902_v6	2.799E-01	2.040E-01	3.087E-01	0.069	27
afdb_P22266_v6	afdb_Q9YHT1_v6	2.974E-01	1.856E-01	3.321E-01	0.082	29
afdb_P22266_v6	afdb_A5JUY8_v6	3.025E-01	1.771E-01	3.463E-01	0.090	30
afdb_P22266_v6	afdb_O16025_v6	3.298E-01	1.375E-01	3.403E-01	0.106	32
afdb_P22266_v6	afdb_P37063_v6	2.805E-01	1.810E-01	4.591E-01	0.076	28
afdb_P22266_v6	afdb_Q05755_v6	3.505E-01	1.101E-01	3.785E-01	0.138	35
afdb_P22266_v6	afdb_P55038_v6	3.526E-01	1.079E-01	3.791E-01	0.138	35
afdb_P22266_v6	afdb_P14779_v6	3.319E-01	1.262E-01	6.088E-01	0.116	33
afdb_P22266_v6	afdb_P29474_v6	3.273E-01	1.215E-01	3.758E-01	0.106	32
afdb_P22266_v6	afdb_Q50925_v6	2.633E-01	1.847E-01	2.941E-01	0.063	26
afdb_P22266_v6	afdb_P08148_v6	2.654E-01	1.794E-01	2.959E-01	0.063	26
afdb_P22266_v6	afdb_P00750_v6	2.584E-01	1.789E-01	3.000E-01	0.057	25
afdb_P22266_v6	afdb_P15917_v6	2.840E-01	1.474E-01	3.315E-01	0.076	28
afdb_P22266_v6	afdb_P07003_v6	2.550E-01	1.757E-01	2.925E-01	0.057	25
afdb_P22266_v6	afdb_P00388_v6	2.658E-01	1.601E-01	2.889E-01	0.063	26
afdb_P22266_v6	afdb_P21179_v6	2.511E-01	1.457E-01	2.938E-01	0.057	25
afdb_P22266_v6	afdb_P96086_v6	2.741E-01	1.152E-01	2.779E-01	0.069	27
afdb_P22266_v6	afdb_P00747_v6	2.499E-01	1.338E-01	2.504E-01	0.051	24
afdb_P22266_v6	afdb_P09883_v6	2.181E-01	1.498E-01	2.545E-01	0.034	21
afdb_P23295_v6	afdb_P00183_v6	8.371E-01	8.148E-01	8.628E-01	0.990	83
afdb_P23295_v6	afdb_P14779_v6	8.278E-01	3.393E-01	8.297E-01	0.988	82
afdb_P23295_v6	afdb_O59791_v6	2.903E-01	3.403E-01	3.547E-01	0.076	28
afdb_P23295_v6	afdb_Q05769_v6	3.599E-01	2.653E-01	3.625E-01	0.138	35
afdb_P23295_v6	afdb_P24289_v6	2.598E-01	3.489E-01	3.764E-01	0.057	25
afdb_P23295_v6	afdb_P77444_v6	2.981E-01	2.971E-01	3.088E-01	0.082	29
afdb_P23295_v6	afdb_P83788_v6	2.953E-01	2.889E-01	3.215E-01	0.082	29
afdb_P23295_v6	afdb_P24630_v6	2.966E-01	2.813E-01	3.072E-01	0.082	29
afdb_P23295_v6	afdb_P83772_v6	2.406E-01	3.352E-01	3.922E-01	0.051	24
afdb_P23295_v6	afdb_P00396_v6	3.122E-01	2.608E-01	3.332E-01	0.098	31
afdb_P23295_v6	afdb_P08373_v6	2.660E-01	2.977E-01	3.001E-01	0.063	26
afdb_P23295_v6	afdb_Q6LZM9_v6	2.876E-01	2.714E-01	2.880E-01	0.076	28
afdb_P23295_v6	afdb_P53608_v6	2.498E-01	3.087E-01	3.119E-01	0.051	24
afdb_P23295_v6	afdb_P95468_v6	2.759E-01	2.795E-01	2.962E-01	0.069	27
afdb_P23295_v6	afdb_P46076_v6	2.627E-01	2.885E-01	3.106E-01	0.063	26
afdb_P23295_v6	afdb_P71119_v6	2.104E-01	3.347E-01	3.854E-01	0.034	21
afdb_P23295_v6	afdb_Q01693_v6	2.930E-01	2.494E-01	3.222E-01	0.082	29
afdb_P23295_v6	afdb_P52279_v6	2.459E-01	2.929E-01	3.283E-01	0.051	24
afdb_P23295_v6	afdb_P07511_v6	2.839E-01	2.480E-01	2.901E-01	0.076	28
afdb_P23295_v6	afdb_P12995_v6	2.710E-01	2.594E-01	2.813E-01	0.069	27
afdb_P23295_v6	afdb_P22637_v6	2.946E-01	2.330E-01	3.397E-01	0.082	29
afdb_P23295_v6	afdb_Q56839_v6	2.884E-01	2.374E-01	3.175E-01	0.076	28
afdb_P23295_v6	afdb_P12998_v6	2.581E-01	2.671E-01	2.871E-01	0.057	25
afdb_P23295_v6	afdb_P00860_v6	2.755E-01	2.492E-01	2.765E-01	0.069	27
afdb_P23295_v6	afdb_P06721_v6	2.556E-01	2.594E-01	2.735E-01	0.057	25
afdb_P23295_v6	afdb_Q3HWU8_v6	2.231E-01	2.911E-01	3.146E-01	0.040	22
afdb_P23295_v6	afdb_P08473_v6	3.160E-01	1.932E-01	3.523E-01	0.098	31
afdb_P23295_v6	afdb_O16025_v6	3.522E-01	1.561E-01	3.652E-01	0.138	35
afdb_P23295_v6	afdb_P00590_v6	2.017E-01	3.072E-01	3.701E-01	0.029	20
afdb_P23295_v6	afdb_P0AB77_v6	2.529E-01	2.551E-01	2.709E-01	0.057	25
afdb_P23295_v6	afdb_P21327_v6	2.530E-01	2.540E-01	2.849E-01	0.057	25
afdb_P23295_v6	afdb_P13717_v6	2.162E-01	2.905E-01	3.093E-01	0.034	21
afdb_P23295_v6	afdb_Q29460_v6	2.015E-01	3.035E-01	3.385E-01	0.029	20
afdb_P23295_v6	afdb_Q6UV28_v6	1.662E-01	3.380E-01	3.825E-01	0.014	16
afdb_P23295_v6	afdb_P00489_v6	3.189E-01	1.843E-01	3.357E-01	0.098	31
afdb_P23295_v6	afdb_P81054_v6	2.383E-01	2.632E-01	2.783E-01	0.045	23
afdb_P23295_v6	afdb_Q9HXE3_v6	2.438E-01	2.568E-01	2.817E-01	0.051	24
afdb_P23295_v6	afdb_Q9XBQ8_v6	2.526E-01	2.468E-01	3.038E-01	0.057	25
afdb_P23295_v6	afdb_P08819_v6	2.586E-01	2.407E-01	2.912E-01	0.057	25
afdb_P23295_v6	afdb_Q06241_v6	1.866E-01	3.127E-01	3.322E-01	0.020	18
afdb_P23295_v6	afdb_P16444_v6	2.440E-01	2.407E-01	2.790E-01	0.051	24
afdb_P23295_v6	afdb_P08165_v6	2.565E-01	2.226E-01	2.850E-01	0.057	25
afdb_P23295_v6	afdb_P09960_v6	2.751E-01	2.023E-01	3.011E-01	0.069	27
afdb_P23295_v6	afdb_P04190_v6	2.025E-01	2.742E-01	3.063E-01	0.029	20
afdb_P23295_v6	afdb_P0A9P4_v6	2.103E-01	2.478E-01	2.620E-01	0.034	21
afdb_P23295_v6	afdb_P00777_v6	2.022E-01	2.492E-01	2.907E-01	0.029	20
afdb_P23295_v6	afdb_Q9UMR5_v6	2.003E-01	2.491E-01	3.309E-01	0.029	20
afdb_P23295_v6	afdb_P42593_v6	2.649E-01	1.831E-01	2.828E-01	0.063	26
afdb_P23295_v6	afdb_P10844_v6	3.058E-01	1.187E-01	3.247E-01	0.090	30
afdb_P23295_v6	afdb_P09883_v6	2.196E-01	1.684E-01	2.210E-01	0.034	21
afdb_P28305_v6	afdb_P19938_v6	9.068E-01	8.646E-01	9.100E-01	0.996	90
afdb_P28305_v6	afdb_P45478_v6	3.148E-01	2.880E-01	3.337E-01	0.098	31
afdb_P28305_v6	afdb_P25910_v6	2.820E-01	2.971E-01	3.592E-01	0.076	28
afdb_P28305_v6	afdb_P15289_v6	3.537E-01	2.193E-01	3.741E-01	0.138	35
afdb_P28305_v6	afdb_O58727_v6	2.391E-01	3.167E-01	3.320E-01	0.045	23
afdb_P28305_v6	afdb_P00455_v6	3.088E-01	2.466E-01	3.306E-01	0.090	30
afdb_P28305_v6	afdb_P83772_v6	2.690E-01	2.754E-01	2.969E-01	0.063	26
afdb_P28305_v6	afdb_P15034_v6	3.202E-01	2.232E-01	3.378E-01	0.106	32
afdb_P28305_v6	afdb_P21327_v6	3.091E-01	2.334E-01	3.240E-01	0.090	30
afdb_P28305_v6	afdb_P42593_v6	3.578E-01	1.782E-01	3.826E-01	0.138	35
afdb_P28305_v6	afdb_Q58989_v6	2.450E-01	2.900E-01	3.157E-01	0.051	24
afdb_P28305_v6	afdb_P00777_v6	2.760E-01	2.562E-01	2.849E-01	0.069	27
afdb_P28305_v6	afdb_P56216_v6	3.315E-01	1.933E-01	3.347E-01	0.116	33
afdb_P28305_v6	afdb_P07511_v6	3.140E-01	2.069E-01	3.158E-01	0.098	31
afdb_P28305_v6	afdb_Q7SID9_v6	3.287E-01	1.907E-01	3.295E-01	0.106	32
afdb_P28305_v6	afdb_P16099_v6	3.491E-01	1.654E-01	3.605E-01	0.126	34
afdb_P28305_v6	afdb_P56218_v6	2.641E-01	2.496E-01	2.710E-01	0.063	26
afdb_P28305_v6	afdb_Q01693_v6	3.114E-01	1.932E-01	3.192E-01	0.098	31
afdb_P28305_v6	afdb_P04190_v6	2.455E-01	2.534E-01	2.965E-01	0.051	24
afdb_P28305_v6	afdb_P21179_v6	3.431E-01	1.562E-01	3.440E-01	0.126	34
afdb_P28305_v6	afdb_Q945K2_v6	3.096E-01	1.856E-01	3.128E-01	0.090	30
afdb_P28305_v6	afdb_P00800_v6	3.108E-01	1.824E-01	3.499E-01	0.098	31
afdb_P28305_v6	afdb_P0A9P4_v6	2.605E-01	2.307E-01	2.876E-01	0.063	26
afdb_P28305_v6	afdb_Q9XBQ8_v6	2.798E-01	2.057E-01	2.805E-01	0.069	27
afdb_P28305_v6	afdb_P06621_v6	2.767E-01	2.033E-01	2.960E-01	0.069	27
afdb_P28305_v6	afdb_Q56839_v6	2.963E-01	1.814E-01	3.054E-01	0.082	29
afdb_P28305_v6	afdb_P22394_v6	2.979E-01	1.756E-01	3.125E-01	0.082	29
afdb_P28305_v6	afdb_Q9YHT1_v6	3.134E-01	1.569E-01	3.333E-01	0.098	31
afdb_P28305_v6	afdb_P07003_v6	2.955E-01	1.724E-01	3.051E-01	0.082	29
afdb_P28305_v6	afdb_P00388_v6	2.973E-01	1.501E-01	2.980E-01	0.082	29
afdb_P28305_v6	afdb_P96086_v6	3.223E-01	1.118E-01	3.524E-01	0.106	32
afdb_P28305_v6	afdb_P08473_v6	2.945E-01	1.388E-01	3.117E-01	0.082	29
afdb_P28305_v6	afdb_P00860_v6	2.503E-01	1.726E-01	2.654E-01	0.057	25
afdb_P28305_v6	afdb_P14779_v6	3.056E-01	1.117E-01	3.428E-01	0.090	30
afdb_P28305_v6	afdb_P09883_v6	2.641E-01	1.459E-01	2.997E-01	0.063	26
afdb_P28305_v6	afdb_P29474_v6	3.066E-01	9.222E-02	3.098E-01	0.090	30
afdb_P28796_v6	afdb_P12998_v6	6.378E-01	7.613E-01	7.947E-01	0.837	63
afdb_P28796_v6	afdb_P0AB77_v6	6.463E-01	7.463E-01	7.777E-01	0.855	64
afdb_P28796_v6	afdb_P77444_v6	6.517E-01	7.372E-01	7.420E-01	0.872	65
afdb_P28796_v6	afdb_P95468_v6	6.178E-01	7.184E-01	7.377E-01	0.795	61
afdb_P28796_v6	afdb_P12995_v6	6.390E-01	6.881E-01	7.138E-01	0.837	63
afdb_P28796_v6	afdb_P24630_v6	6.295E-01	6.725E-01	6.862E-01	0.817	62
afdb_P28796_v6	afdb_P83788_v6	6.059E-01	6.684E-01	6.697E-01	0.772	60
afdb_P28796_v6	afdb_P07511_v6	6.462E-01	6.259E-01	7.160E-01	0.855	64
afdb_P28796_v6	afdb_P00935_v6	5.753E-01	6.818E-01	6.963E-01	0.692	57
afdb_P28796_v6	afdb_P06721_v6	5.730E-01	6.676E-01	6.784E-01	0.692	57
afdb_P28796_v6	afdb_Q6LZM9_v6	5.878E-01	6.243E-01	7.018E-01	0.720	58
afdb_P28796_v6	afdb_P43099_v6	6.155E-01	4.146E-01	6.236E-01	0.795	61
afdb_P28796_v6	afdb_Q12178_v6	2.141E-01	4.992E-01	5.128E-01	0.034	21
afdb_P28796_v6	afdb_O58727_v6	2.244E-01	4.851E-01	5.217E-01	0.040	22
afdb_P28796_v6	afdb_P00590_v6	2.450E-01	4.468E-01	5.949E-01	0.051	24
afdb_P28796_v6	afdb_P05521_v6	2.854E-01	4.064E-01	4.510E-01	0.076	28
afdb_P28796_v6	afdb_P53608_v6	2.790E-01	4.078E-01	5.076E-01	0.069	27
afdb_P28796_v6	afdb_P37957_v6	2.332E-01	4.464E-01	5.232E-01	0.045	23
afdb_P28796_v6	afdb_P0AEZ1_v6	2.684E-01	3.816E-01	4.036E-01	0.063	26
afdb_P28796_v6	afdb_Q29460_v6	2.334E-01	4.148E-01	5.327E-01	0.045	23
afdb_P28796_v6	afdb_P0A6C1_v6	2.639E-01	3.844E-01	4.592E-01	0.063	26
afdb_P28796_v6	afdb_P05414_v6	2.924E-01	3.497E-01	3.774E-01	0.082	29
afdb_P28796_v6	afdb_P37062_v6	3.159E-01	3.255E-01	3.419E-01	0.098	31
afdb_P28796_v6	afdb_P00860_v6	3.189E-01	3.220E-01	3.665E-01	0.098	31
afdb_P28796_v6	afdb_O59791_v6	2.762E-01	3.640E-01	3.860E-01	0.069	27
afdb_P28796_v6	afdb_P15289_v6	3.297E-01	3.095E-01	3.633E-01	0.106	32
afdb_P28796_v6	afdb_P00183_v6	3.052E-01	3.311E-01	3.842E-01	0.090	30
afdb_P28796_v6	afdb_Q16775_v6	2.663E-01	3.637E-01	3.893E-01	0.063	26
afdb_P28796_v6	afdb_P53041_v6	3.227E-01	3.075E-01	3.537E-01	0.106	32
afdb_P28796_v6	afdb_Q56839_v6	3.268E-01	3.003E-01	3.684E-01	0.106	32
afdb_P28796_v6	afdb_P09367_v6	2.826E-01	3.428E-01	3.529E-01	0.076	28
afdb_P28796_v6	afdb_P22394_v6	3.357E-01	2.890E-01	4.601E-01	0.116	33
afdb_P28796_v6	afdb_P04042_v6	2.764E-01	3.444E-01	3.816E-01	0.069	27
afdb_P28796_v6	afdb_P00636_v6	2.734E-01	3.434E-01	3.448E-01	0.069	27
afdb_P28796_v6	afdb_P30122_v6	3.361E-01	2.780E-01	3.605E-01	0.116	33
afdb_P28796_v6	afdb_Q9FEW9_v6	2.858E-01	3.241E-01	3.350E-01	0.076	28
afdb_P28796_v6	afdb_P08473_v6	3.579E-01	2.518E-01	3.665E-01	0.138	35
afdb_P28796_v6	afdb_P00914_v6	3.048E-01	3.028E-01	3.561E-01	0.090	30
afdb_P28796_v6	afdb_P42593_v6	3.446E-01	2.614E-01	3.966E-01	0.126	34
afdb_P28796_v6	afdb_Q9UMR5_v6	2.493E-01	3.545E-01	3.996E-01	0.051	24
afdb_P28796_v6	afdb_P45478_v6	2.490E-01	3.520E-01	3.902E-01	0.051	24
afdb_P28796_v6	afdb_Q6YBS3_v6	3.363E-01	2.646E-01	3.773E-01	0.116	33
afdb_P28796_v6	afdb_P52279_v6	2.530E-01	3.467E-01	3.908E-01	0.057	25
afdb_P28796_v6	afdb_P25910_v6	2.316E-01	3.649E-01	3.965E-01	0.045	23
afdb_P28796_v6	afdb_Q8RB32_v6	2.342E-01	3.628E-01	3.637E-01	0.045	23
afdb_P28796_v6	afdb_Q58989_v6	2.067E-01	3.870E-01	4.287E-01	0.029	20
afdb_P28796_v6	afdb_O31156_v6	2.326E-01	3.599E-01	4.172E-01	0.045	23
afdb_P28796_v6	afdb_P16099_v6	3.452E-01	2.456E-01	3.949E-01	0.126	34
afdb_P28796_v6	afdb_Q75WN8_v6	2.368E-01	3.514E-01	3.947E-01	0.045	23
afdb_P28796_v6	afdb_P24289_v6	2.358E-01	3.523E-01	3.764E-01	0.045	23
afdb_P28796_v6	afdb_P96965_v6	2.355E-01	3.501E-01	4.050E-01	0.045	23
afdb_P28796_v6	afdb_Q9XBQ8_v6	2.778E-01	3.034E-01	3.940E-01	0.069	27
afdb_P28796_v6	afdb_P07003_v6	3.096E-01	2.670E-01	3.267E-01	0.090	30
afdb_P28796_v6	afdb_P37063_v6	3.152E-01	2.598E-01	3.241E-01	0.098	31
afdb_P28796_v6	afdb_P03958_v6	2.595E-01	3.138E-01	3.242E-01	0.057	25
afdb_P28796_v6	afdb_Q3HWU8_v6	2.260E-01	3.443E-01	5.002E-01	0.040	22
afdb_P28796_v6	afdb_Q9L9D7_v6	3.068E-01	2.632E-01	3.460E-01	0.090	30
afdb_P28796_v6	afdb_Q00017_v6	2.198E-01	3.493E-01	3.643E-01	0.034	21
afdb_P28796_v6	afdb_P00390_v6	2.960E-01	2.723E-01	3.206E-01	0.082	29
afdb_P28796_v6	afdb_P09184_v6	1.602E-01	4.056E-01	4.097E-01	0.014	16
afdb_P28796_v6	afdb_P23687_v6	3.214E-01	2.395E-01	3.282E-01	0.106	32
afdb_P28796_v6	afdb_P27487_v6	3.288E-01	2.284E-01	3.337E-01	0.106	32
afdb_P28796_v6	afdb_P08373_v6	2.458E-01	3.067E-01	3.375E-01	0.051	24
afdb_P28796_v6	afdb_P71119_v6	2.000E-01	3.512E-01	3.801E-01	0.029	20
afdb_P28796_v6	afdb_P00396_v6	2.826E-01	2.638E-01	2.848E-01	0.076	28
afdb_P28796_v6	afdb_P16444_v6	2.583E-01	2.842E-01	3.291E-01	0.057	25
afdb_P28796_v6	afdb_P21179_v6	3.178E-01	2.246E-01	3.365E-01	0.098	31
afdb_P28796_v6	afdb_P55931_v6	2.985E-01	2.426E-01	3.554E-01	0.082	29
afdb_P28796_v6	afdb_P00388_v6	3.086E-01	2.312E-01	3.649E-01	0.090	30
afdb_P28796_v6	afdb_P13717_v6	2.126E-01	3.198E-01	3.402E-01	0.034	21
afdb_P28796_v6	afdb_P08165_v6	2.708E-01	2.614E-01	2.793E-01	0.069	27
afdb_P28796_v6	afdb_P08148_v6	2.845E-01	2.381E-01	3.046E-01	0.076	28
afdb_P28796_v6	afdb_P56216_v6	2.782E-01	2.436E-01	3.234E-01	0.069	27
afdb_P28796_v6	afdb_P0CE47_v6	2.448E-01	2.756E-01	2.775E-01	0.051	24
afdb_P28796_v6	afdb_P39377_v6	2.424E-01	2.753E-01	3.154E-01	0.051	24
afdb_P28796_v6	afdb_P22637_v6	2.738E-01	2.422E-01	3.001E-01	0.069	27
afdb_P28796_v6	afdb_P56200_v6	2.118E-01	3.036E-01	3.282E-01	0.034	21
afdb_P28796_v6	afdb_Q9HXE3_v6	2.363E-01	2.787E-01	2.815E-01	0.045	23
afdb_P28796_v6	afdb_P29183_v6	2.546E-01	2.568E-01	2.818E-01	0.057	25
afdb_P28796_v6	afdb_P83686_v6	2.045E-01	3.062E-01	3.284E-01	0.029	20
afdb_P28796_v6	afdb_P06621_v6	2.450E-01	2.657E-01	2.782E-01	0.051	24
afdb_P28796_v6	afdb_Q9YHT1_v6	2.865E-01	2.226E-01	3.162E-01	0.076	28
afdb_P28796_v6	afdb_P21327_v6	2.401E-01	2.675E-01	2.853E-01	0.045	23
afdb_P28796_v6	afdb_Q9NPB1_v6	1.880E-01	3.163E-01	3.595E-01	0.020	18
afdb_P28796_v6	afdb_P83772_v6	2.007E-01	2.974E-01	3.063E-01	0.024	19
afdb_P28796_v6	afdb_P00455_v6	2.269E-01	2.692E-01	3.113E-01	0.040	22
afdb_P28796_v6	afdb_P15917_v6	2.981E-01	1.970E-01	3.062E-01	0.082	29
afdb_P28796_v6	afdb_P14779_v6	3.199E-01	1.721E-01	3.688E-01	0.098	31
afdb_P28796_v6	afdb_P55038_v6	3.520E-01	1.387E-01	3.536E-01	0.138	35
afdb_P28796_v6	afdb_P0A6K3_v6	1.573E-01	3.286E-01	3.298E-01	0.011	15
afdb_P28796_v6	afdb_Q6UV28_v6	1.484E-01	3.367E-01	3.824E-01	0.010	14
afdb_P28796_v6	afdb_P10688_v6	2.825E-01	2.017E-01	2.918E-01	0.076	28
afdb_P28796_v6	afdb_P00592_v6	1.417E-01	3.391E-01	3.509E-01	0.010	14
afdb_P28796_v6	afdb_F8W4B7_v6	3.111E-01	1.626E-01	3.336E-01	0.098	31
afdb_P28796_v6	afdb_Q05755_v6	3.359E-01	1.347E-01	3.395E-01	0.116	33
afdb_P28796_v6	afdb_Q01693_v6	2.380E-01	2.270E-01	2.621E-01	0.045	23
afdb_P28796_v6	afdb_P12821_v6	2.977E-01	1.388E-01	2.994E-01	0.082	29
afdb_P28796_v6	afdb_P29474_v6	2.909E-01	1.381E-01	3.665E-01	0.082	29
afdb_P28796_v6	afdb_P10844_v6	2.812E-01	1.301E-01	3.176E-01	0.076	28
afdb_P28796_v6	afdb_O13297_v6	2.152E-01	1.915E-01	2.189E-01	0.034	21
afdb_P28796_v6	afdb_P00777_v6	1.699E-01	2.325E-01	2.848E-01	0.014	16
afdb_P30850_v6	afdb_P07003_v6	2.694E-01	2.940E-01	3.206E-01	0.063	26
afdb_P30850_v6	afdb_P83788_v6	2.328E-01	3.169E-01	3.299E-01	0.045	23
afdb_P30850_v6	afdb_P04042_v6	2.136E-01	3.339E-01	3.385E-01	0.034	21
afdb_P30850_v6	afdb_Q05769_v6	2.644E-01	2.770E-01	3.160E-01	0.063	26
afdb_P30850_v6	afdb_P77444_v6	2.259E-01	3.142E-01	3.190E-01	0.040	22
afdb_P30850_v6	afdb_P53041_v6	2.451E-01	2.946E-01	3.406E-01	0.051	24
afdb_P30850_v6	afdb_P12995_v6	2.304E-01	3.091E-01	3.095E-01	0.045	23
afdb_P30850_v6	afdb_P00800_v6	2.529E-01	2.834E-01	2.952E-01	0.057	25
afdb_P30850_v6	afdb_P15917_v6	2.891E-01	2.455E-01	3.165E-01	0.076	28
afdb_P30850_v6	afdb_P55038_v6	3.548E-01	1.781E-01	3.577E-01	0.138	35
afdb_P30850_v6	afdb_P24630_v6	2.284E-01	3.031E-01	3.297E-01	0.040	22
afdb_P30850_v6	afdb_P12998_v6	2.132E-01	3.081E-01	3.253E-01	0.034	21
afdb_P30850_v6	afdb_P0AB77_v6	2.151E-01	3.061E-01	3.071E-01	0.034	21
afdb_P30850_v6	afdb_P15034_v6	2.221E-01	2.964E-01	2.980E-01	0.040	22
afdb_P30850_v6	afdb_P08473_v6	2.733E-01	2.450E-01	2.743E-01	0.069	27
afdb_P30850_v6	afdb_Q56839_v6	2.382E-01	2.768E-01	3.027E-01	0.045	23
afdb_P30850_v6	afdb_P52700_v6	1.868E-01	3.275E-01	3.451E-01	0.020	18
afdb_P30850_v6	afdb_Q6LZM9_v6	2.212E-01	2.932E-01	2.941E-01	0.034	21
afdb_P30850_v6	afdb_P96086_v6	3.038E-01	2.092E-01	3.075E-01	0.090	30
afdb_P30850_v6	afdb_O16025_v6	3.039E-01	2.068E-01	3.476E-01	0.090	30
afdb_P30850_v6	afdb_P42593_v6	2.584E-01	2.506E-01	3.048E-01	0.057	25
afdb_P30850_v6	afdb_Q01693_v6	2.314E-01	2.760E-01	2.922E-01	0.045	23
afdb_P30850_v6	afdb_P43099_v6	2.644E-01	2.416E-01	2.911E-01	0.063	26
afdb_P30850_v6	afdb_P00396_v6	2.321E-01	2.725E-01	3.238E-01	0.045	23
afdb_P30850_v6	afdb_P27170_v6	2.018E-01	3.030E-01	3.053E-01	0.029	20
afdb_P30850_v6	afdb_P83772_v6	1.719E-01	3.323E-01	3.570E-01	0.016	17
afdb_P30850_v6	afdb_P25910_v6	1.613E-01	3.351E-01	3.557E-01	0.014	16
afdb_P30850_v6	afdb_P07511_v6	2.219E-01	2.738E-01	2.900E-01	0.040	22
afdb_P30850_v6	afdb_P83686_v6	1.732E-01	3.218E-01	3.294E-01	0.016	17
afdb_P30850_v6	afdb_Q945K2_v6	2.341E-01	2.586E-01	3.006E-01	0.045	23
afdb_P30850_v6	afdb_P00183_v6	2.063E-01	2.863E-01	2.930E-01	0.029	20
afdb_P30850_v6	afdb_P08373_v6	1.898E-01	2.979E-01	3.118E-01	0.020	18
afdb_P30850_v6	afdb_P21179_v6	2.556E-01	2.294E-01	2.891E-01	0.057	25
afdb_P30850_v6	afdb_P10688_v6	2.563E-01	2.278E-01	2.885E-01	0.057	25
afdb_P30850_v6	afdb_O68557_v6	1.733E-01	3.088E-01	3.185E-01	0.016	17
afdb_P30850_v6	afdb_P00935_v6	1.988E-01	2.817E-01	2.828E-01	0.024	19
afdb_P30850_v6	afdb_P55931_v6	2.371E-01	2.439E-01	2.552E-01	0.045	23
afdb_P30850_v6	afdb_P27487_v6	2.546E-01	2.263E-01	2.550E-01	0.057	25
afdb_P30850_v6	afdb_P00390_v6	2.219E-01	2.567E-01	2.634E-01	0.040	22
afdb_P30850_v6	afdb_P06621_v6	2.004E-01	2.780E-01	2.972E-01	0.029	20
afdb_P30850_v6	afdb_O33199_v6	1.387E-01	3.386E-01	3.408E-01	0.009	13
afdb_P30850_v6	afdb_P14779_v6	2.816E-01	1.954E-01	2.929E-01	0.076	28
afdb_P30850_v6	afdb_P23687_v6	2.460E-01	2.294E-01	2.600E-01	0.051	24
afdb_P30850_v6	afdb_P0A9P4_v6	1.773E-01	2.961E-01	3.156E-01	0.016	17
afdb_P30850_v6	afdb_Q9UMR5_v6	1.737E-01	2.991E-01	3.082E-01	0.016	17
afdb_P30850_v6	afdb_P03958_v6	1.837E-01	2.883E-01	3.208E-01	0.020	18
afdb_P30850_v6	afdb_P39377_v6	1.943E-01	2.760E-01	2.765E-01	0.024	19
afdb_P30850_v6	afdb_P00489_v6	2.570E-01	2.122E-01	2.597E-01	0.057	25
afdb_P30850_v6	afdb_P08148_v6	2.286E-01	2.394E-01	2.890E-01	0.040	22
afdb_P30850_v6	afdb_Q06241_v6	1.396E-01	3.271E-01	3.359E-01	0.009	13
afdb_P30850_v6	afdb_P04190_v6	1.568E-01	3.102E-01	3.173E-01	0.011	15
afdb_P30850_v6	afdb_P81054_v6	1.859E-01	2.807E-01	2.985E-01	0.020	18
afdb_P30850_v6	afdb_Q9X9P9_v6	1.897E-01	2.745E-01	2.760E-01	0.020	18
afdb_P30850_v6	afdb_P00747_v6	2.513E-01	2.117E-01	2.530E-01	0.057	25
afdb_P30850_v6	afdb_Q9HXE3_v6	1.840E-01	2.747E-01	3.321E-01	0.020	18
afdb_P30850_v6	afdb_P46076_v6	1.789E-01	2.799E-01	3.037E-01	0.016	17
afdb_P30850_v6	afdb_P00455_v6	1.826E-01	2.759E-01	2.962E-01	0.020	18
afdb_P30850_v6	afdb_Q9YHT1_v6	2.310E-01	2.260E-01	2.604E-01	0.045	23
afdb_P30850_v6	afdb_P80324_v6	1.806E-01	2.744E-01	2.975E-01	0.020	18
afdb_P30850_v6	afdb_P24474_v6	2.168E-01	2.376E-01	2.978E-01	0.034	21
afdb_P30850_v6	afdb_Q9NPB1_v6	1.410E-01	3.106E-01	3.672E-01	0.010	14
afdb_P30850_v6	afdb_Q00017_v6	1.483E-01	3.020E-01	3.407E-01	0.010	14
afdb_P30850_v6	afdb_Q16775_v6	1.654E-01	2.821E-01	3.148E-01	0.014	16
afdb_P30850_v6	afdb_P56200_v6	1.553E-01	2.917E-01	3.175E-01	0.011	15
afdb_P30850_v6	afdb_P13717_v6	1.522E-01	2.921E-01	3.117E-01	0.011	15
afdb_P30850_v6	afdb_P00592_v6	1.033E-01	3.392E-01	3.600E-01	0.000	10
afdb_P30850_v6	afdb_P24289_v6	1.556E-01	2.863E-01	2.896E-01	0.011	15
afdb_P30850_v6	afdb_P0A6C1_v6	1.573E-01	2.840E-01	2.968E-01	0.011	15
afdb_P30850_v6	afdb_P08819_v6	1.926E-01	2.488E-01	2.763E-01	0.024	19
afdb_P30850_v6	afdb_P09883_v6	2.126E-01	2.283E-01	2.419E-01	0.034	21
afdb_P30850_v6	afdb_P10902_v6	2.056E-01	2.339E-01	2.632E-01	0.029	20
afdb_P30850_v6	afdb_P0CE47_v6	1.797E-01	2.574E-01	2.733E-01	0.016	17
afdb_P30850_v6	afdb_P12821_v6	2.761E-01	1.606E-01	3.285E-01	0.069	27
afdb_P30850_v6	afdb_P19938_v6	1.535E-01	2.817E-01	2.918E-01	0.011	15
afdb_P30850_v6	afdb_P22637_v6	1.983E-01	2.214E-01	2.906E-01	0.024	19
afdb_P30850_v6	afdb_Q12178_v6	1.126E-01	3.062E-01	3.162E-01	0.007	11
afdb_P30850_v6	afdb_P16444_v6	1.774E-01	2.406E-01	2.735E-01	0.016	17
afdb_P30850_v6	afdb_Q50925_v6	1.983E-01	2.169E-01	2.577E-01	0.024	19
afdb_P30850_v6	afdb_O13297_v6	1.828E-01	2.026E-01	2.653E-01	0.020	18
afdb_P31013_v6	afdb_P12998_v6	6.455E-01	7.526E-01	7.797E-01	0.855	64
afdb_P31013_v6	afdb_P0AB77_v6	6.549E-01	7.393E-01	7.703E-01	0.872	65
afdb_P31013_v6	afdb_P77444_v6	6.583E-01	7.292E-01	7.308E-01	0.872	65
afdb_P31013_v6	afdb_P95468_v6	6.229E-01	7.091E-01	7.286E-01	0.817	62
afdb_P31013_v6	afdb_P12995_v6	6.414E-01	6.763E-01	7.051E-01	0.855	64
afdb_P31013_v6	afdb_P24630_v6	6.370E-01	6.660E-01	6.911E-01	0.837	63
afdb_P31013_v6	afdb_P07511_v6	6.523E-01	6.186E-01	7.120E-01	0.872	65
afdb_P31013_v6	afdb_P00935_v6	5.876E-01	6.805E-01	6.899E-01	0.720	58
afdb_P31013_v6	afdb_P83788_v6	6.033E-01	6.525E-01	6.646E-01	0.772	60
afdb_P31013_v6	afdb_P06721_v6	5.802E-01	6.609E-01	6.716E-01	0.720	58
afdb_P31013_v6	afdb_Q6LZM9_v6	5.884E-01	6.119E-01	7.009E-01	0.720	58
afdb_P31013_v6	afdb_P43099_v6	6.197E-01	4.108E-01	6.267E-01	0.795	61
afdb_P31013_v6	afdb_P00590_v6	2.487E-01	4.459E-01	5.803E-01	0.051	24
afdb_P31013_v6	afdb_Q00017_v6	2.581E-01	4.219E-01	5.154E-01	0.057	25
afdb_P31013_v6	afdb_O58727_v6	2.122E-01	4.612E-01	5.200E-01	0.034	21
afdb_P31013_v6	afdb_P05521_v6	2.821E-01	3.914E-01	4.382E-01	0.076	28
afdb_P31013_v6	afdb_P37957_v6	2.322E-01	4.368E-01	5.209E-01	0.045	23
afdb_P31013_v6	afdb_P0AEZ1_v6	2.760E-01	3.826E-01	4.033E-01	0.069	27
afdb_P31013_v6	afdb_P15289_v6	3.403E-01	3.143E-01	4.433E-01	0.126	34
afdb_P31013_v6	afdb_P0A6C1_v6	2.672E-01	3.837E-01	4.677E-01	0.063	26
afdb_P31013_v6	afdb_Q29460_v6	2.367E-01	4.083E-01	5.279E-01	0.045	23
afdb_P31013_v6	afdb_Q3HWU8_v6	2.570E-01	3.817E-01	4.178E-01	0.057	25
afdb_P31013_v6	afdb_P53041_v6	3.290E-01	3.074E-01	3.597E-01	0.106	32
afdb_P31013_v6	afdb_Q16775_v6	2.720E-01	3.618E-01	3.867E-01	0.069	27
afdb_P31013_v6	afdb_P00860_v6	3.176E-01	3.152E-01	3.610E-01	0.098	31
afdb_P31013_v6	afdb_P05414_v6	2.913E-01	3.406E-01	4.032E-01	0.082	29
afdb_P31013_v6	afdb_P37062_v6	3.122E-01	3.167E-01	3.516E-01	0.098	31
afdb_P31013_v6	afdb_P53608_v6	2.608E-01	3.654E-01	4.035E-01	0.063	26
afdb_P31013_v6	afdb_P22394_v6	3.364E-01	2.847E-01	4.639E-01	0.116	33
afdb_P31013_v6	afdb_Q56839_v6	3.247E-01	2.932E-01	3.681E-01	0.106	32
afdb_P31013_v6	afdb_P09367_v6	2.804E-01	3.331E-01	3.423E-01	0.076	28
afdb_P31013_v6	afdb_O59791_v6	2.690E-01	3.432E-01	3.498E-01	0.063	26
afdb_P31013_v6	afdb_Q9UMR5_v6	2.561E-01	3.567E-01	4.008E-01	0.057	25
afdb_P31013_v6	afdb_P08473_v6	3.614E-01	2.502E-01	3.704E-01	0.150	36
afdb_P31013_v6	afdb_Q58989_v6	2.149E-01	3.954E-01	4.460E-01	0.034	21
afdb_P31013_v6	afdb_P52700_v6	2.556E-01	3.538E-01	3.852E-01	0.057	25
afdb_P31013_v6	afdb_P25910_v6	2.360E-01	3.695E-01	4.029E-01	0.045	23
afdb_P31013_v6	afdb_P00183_v6	2.928E-01	3.120E-01	3.614E-01	0.082	29
afdb_P31013_v6	afdb_P30122_v6	3.297E-01	2.659E-01	4.563E-01	0.106	32
afdb_P31013_v6	afdb_P83772_v6	2.316E-01	3.644E-01	4.195E-01	0.045	23
afdb_P31013_v6	afdb_P04042_v6	2.677E-01	3.270E-01	3.843E-01	0.063	26
afdb_P31013_v6	afdb_P08373_v6	2.678E-01	3.271E-01	3.437E-01	0.063	26
afdb_P31013_v6	afdb_P37063_v6	3.287E-01	2.649E-01	3.337E-01	0.106	32
afdb_P31013_v6	afdb_P00914_v6	2.999E-01	2.929E-01	3.508E-01	0.082	29
afdb_P31013_v6	afdb_Q6YBS3_v6	3.338E-01	2.581E-01	3.734E-01	0.116	33
afdb_P31013_v6	afdb_P08819_v6	2.907E-01	2.963E-01	3.371E-01	0.082	29
afdb_P31013_v6	afdb_P52279_v6	2.557E-01	3.317E-01	3.462E-01	0.057	25
afdb_P31013_v6	afdb_P0A9P4_v6	2.575E-01	3.288E-01	3.359E-01	0.057	25
afdb_P31013_v6	afdb_P39377_v6	2.742E-01	3.105E-01	3.188E-01	0.069	27
afdb_P31013_v6	afdb_P96965_v6	2.385E-01	3.470E-01	3.846E-01	0.045	23
afdb_P31013_v6	afdb_P23687_v6	3.394E-01	2.436E-01	3.420E-01	0.116	33
afdb_P31013_v6	afdb_P03958_v6	2.608E-01	3.164E-01	3.837E-01	0.063	26
afdb_P31013_v6	afdb_P00390_v6	3.002E-01	2.724E-01	3.299E-01	0.090	30
afdb_P31013_v6	afdb_Q9FEW9_v6	2.715E-01	2.994E-01	3.145E-01	0.069	27
afdb_P31013_v6	afdb_P07003_v6	3.069E-01	2.596E-01	3.210E-01	0.090	30
afdb_P31013_v6	afdb_Q75WN8_v6	2.337E-01	3.310E-01	3.632E-01	0.045	23
afdb_P31013_v6	afdb_P13717_v6	2.262E-01	3.373E-01	3.644E-01	0.040	22
afdb_P31013_v6	afdb_P04190_v6	2.221E-01	3.402E-01	3.795E-01	0.040	22
afdb_P31013_v6	afdb_P42593_v6	3.203E-01	2.399E-01	3.609E-01	0.106	32
afdb_P31013_v6	afdb_P16444_v6	2.674E-01	2.864E-01	3.216E-01	0.063	26
afdb_P31013_v6	afdb_P00388_v6	3.109E-01	2.279E-01	3.735E-01	0.098	31
afdb_P31013_v6	afdb_P00396_v6	2.798E-01	2.577E-01	2.844E-01	0.069	27
afdb_P31013_v6	afdb_Q9XBQ8_v6	2.590E-01	2.772E-01	3.164E-01	0.057	25
afdb_P31013_v6	afdb_P08165_v6	2.736E-01	2.602E-01	2.811E-01	0.069	27
afdb_P31013_v6	afdb_Q05769_v6	2.917E-01	2.379E-01	3.505E-01	0.082	29
afdb_P31013_v6	afdb_P21179_v6	3.115E-01	2.164E-01	3.293E-01	0.098	31
afdb_P31013_v6	afdb_P71119_v6	1.952E-01	3.325E-01	3.482E-01	0.024	19
afdb_P31013_v6	afdb_P14779_v6	3.429E-01	1.826E-01	3.448E-01	0.126	34
afdb_P31013_v6	afdb_P00455_v6	2.428E-01	2.812E-01	2.981E-01	0.051	24
afdb_P31013_v6	afdb_P83686_v6	2.087E-01	3.071E-01	3.351E-01	0.029	20
afdb_P31013_v6	afdb_Q9NPB1_v6	1.925E-01	3.226E-01	3.681E-01	0.024	19
afdb_P31013_v6	afdb_P27487_v6	3.032E-01	2.075E-01	3.041E-01	0.090	30
afdb_P31013_v6	afdb_P21327_v6	2.440E-01	2.668E-01	2.899E-01	0.051	24
afdb_P31013_v6	afdb_Q05755_v6	3.693E-01	1.401E-01	3.888E-01	0.150	36
afdb_P31013_v6	afdb_P55038_v6	3.655E-01	1.439E-01	3.660E-01	0.150	36
afdb_P31013_v6	afdb_O68557_v6	2.157E-01	2.909E-01	3.188E-01	0.034	21
afdb_P31013_v6	afdb_P56216_v6	2.710E-01	2.326E-01	3.132E-01	0.069	27
afdb_P31013_v6	afdb_P45478_v6	2.147E-01	2.862E-01	3.047E-01	0.034	21
afdb_P31013_v6	afdb_P06621_v6	2.413E-01	2.583E-01	3.291E-01	0.051	24
afdb_P31013_v6	afdb_P0CE47_v6	2.378E-01	2.605E-01	2.627E-01	0.045	23
afdb_P31013_v6	afdb_P29183_v6	2.481E-01	2.466E-01	2.790E-01	0.051	24
afdb_P31013_v6	afdb_P10688_v6	2.914E-01	2.029E-01	2.975E-01	0.082	29
afdb_P31013_v6	afdb_Q01693_v6	2.559E-01	2.384E-01	2.899E-01	0.057	25
afdb_P31013_v6	afdb_P08148_v6	2.700E-01	2.209E-01	2.862E-01	0.063	26
afdb_P31013_v6	afdb_P96086_v6	3.193E-01	1.701E-01	3.311E-01	0.098	31
afdb_P31013_v6	afdb_P81054_v6	2.202E-01	2.674E-01	2.762E-01	0.040	22
afdb_P31013_v6	afdb_P46076_v6	2.164E-01	2.604E-01	2.725E-01	0.034	21
afdb_P31013_v6	afdb_F8W4B7_v6	3.146E-01	1.592E-01	3.284E-01	0.098	31
afdb_P31013_v6	afdb_P00489_v6	2.908E-01	1.817E-01	2.955E-01	0.082	29
afdb_P31013_v6	afdb_P15917_v6	2.856E-01	1.870E-01	2.860E-01	0.076	28
afdb_P31013_v6	afdb_P09883_v6	2.452E-01	2.055E-01	2.574E-01	0.051	24
afdb_P31013_v6	afdb_P10844_v6	3.025E-01	1.345E-01	3.232E-01	0.090	30
afdb_P31013_v6	afdb_P00777_v6	1.824E-01	2.508E-01	2.804E-01	0.020	18
afdb_P31013_v6	afdb_O16025_v6	2.795E-01	1.517E-01	2.981E-01	0.069	27
afdb_P31013_v6	afdb_P29474_v6	2.907E-01	1.396E-01	2.911E-01	0.082	29
afdb_P31013_v6	afdb_P12821_v6	2.843E-01	1.264E-01	3.184E-01	0.076	28
afdb_P31013_v6	afdb_P00747_v6	2.334E-01	1.513E-01	2.863E-01	0.045	23
afdb_P37967_v6	afdb_P22394_v6	8.724E-01	7.637E-01	8.791E-01	0.994	87
afdb_P37967_v6	afdb_P30122_v6	8.768E-01	7.254E-01	8.785E-01	0.994	87
afdb_P37967_v6	afdb_P05521_v6	4.304E-01	6.542E-01	7.191E-01	0.277	43
afdb_P37967_v6	afdb_Q75WN8_v6	3.969E-01	6.396E-01	6.435E-01	0.196	39
afdb_P37967_v6	afdb_P52279_v6	4.105E-01	6.017E-01	6.115E-01	0.233	41
afdb_P37967_v6	afdb_P37957_v6	3.230E-01	6.862E-01	7.829E-01	0.106	32
afdb_P37967_v6	afdb_Q3HWU8_v6	3.781E-01	6.288E-01	6.308E-01	0.164	37
afdb_P37967_v6	afdb_P96965_v6	3.808E-01	6.220E-01	6.502E-01	0.179	38
afdb_P37967_v6	afdb_P08819_v6	4.427E-01	4.813E-01	4.860E-01	0.301	44
afdb_P37967_v6	afdb_Q9UMR5_v6	3.663E-01	5.547E-01	6.070E-01	0.150	36
afdb_P37967_v6	afdb_P45478_v6	3.668E-01	5.529E-01	6.001E-01	0.150	36
afdb_P37967_v6	afdb_Q9L9D7_v6	4.664E-01	4.062E-01	4.701E-01	0.353	46
afdb_P37967_v6	afdb_Q6YBS3_v6	4.817E-01	3.828E-01	5.979E-01	0.411	48
afdb_P37967_v6	afdb_P00590_v6	2.892E-01	5.521E-01	6.186E-01	0.076	28
afdb_P37967_v6	afdb_Q29460_v6	2.964E-01	5.367E-01	5.811E-01	0.082	29
afdb_P37967_v6	afdb_Q00017_v6	3.028E-01	5.083E-01	5.297E-01	0.090	30
afdb_P37967_v6	afdb_P29183_v6	3.810E-01	4.006E-01	5.145E-01	0.179	38
afdb_P37967_v6	afdb_P83772_v6	2.867E-01	4.777E-01	4.833E-01	0.076	28
afdb_P37967_v6	afdb_P53608_v6	3.114E-01	4.502E-01	4.524E-01	0.098	31
afdb_P37967_v6	afdb_P23687_v6	4.369E-01	3.135E-01	6.128E-01	0.277	43
afdb_P37967_v6	afdb_P0A6C1_v6	2.867E-01	4.349E-01	4.734E-01	0.076	28
afdb_P37967_v6	afdb_Q9FEW9_v6	3.235E-01	3.796E-01	4.097E-01	0.106	32
afdb_P37967_v6	afdb_P0AEZ1_v6	2.833E-01	4.187E-01	4.575E-01	0.076	28
afdb_P37967_v6	afdb_P27487_v6	4.128E-01	2.782E-01	4.612E-01	0.233	41
afdb_P37967_v6	afdb_P05414_v6	2.947E-01	3.625E-01	3.819E-01	0.082	29
afdb_P37967_v6	afdb_P39377_v6	2.966E-01	3.495E-01	4.281E-01	0.082	29
afdb_P37967_v6	afdb_P83686_v6	2.566E-01	3.898E-01	3.935E-01	0.057	25
afdb_P37967_v6	afdb_Q9XBQ8_v6	2.957E-01	3.346E-01	3.784E-01	0.082	29
afdb_P37967_v6	afdb_P00800_v6	3.242E-01	2.981E-01	3.393E-01	0.106	32
afdb_P37967_v6	afdb_P06621_v6	2.891E-01	3.281E-01	3.716E-01	0.076	28
afdb_P37967_v6	afdb_O59791_v6	2.585E-01	3.539E-01	3.903E-01	0.057	25
afdb_P37967_v6	afdb_P04042_v6	2.692E-01	3.415E-01	3.924E-01	0.063	26
afdb_P37967_v6	afdb_P27170_v6	2.660E-01	3.357E-01	3.690E-01	0.063	26
afdb_P37967_v6	afdb_P00396_v6	3.050E-01	2.947E-01	3.373E-01	0.090	30
afdb_P37967_v6	afdb_P09960_v6	3.210E-01	2.726E-01	3.250E-01	0.106	32
afdb_P37967_v6	afdb_P09367_v6	2.618E-01	3.291E-01	3.543E-01	0.063	26
afdb_P37967_v6	afdb_P00914_v6	2.908E-01	2.987E-01	3.050E-01	0.082	29
afdb_P37967_v6	afdb_P00592_v6	1.636E-01	4.173E-01	4.779E-01	0.014	16
afdb_P37967_v6	afdb_P00860_v6	2.830E-01	2.959E-01	4.277E-01	0.076	28
afdb_P37967_v6	afdb_P56200_v6	2.266E-01	3.517E-01	3.658E-01	0.040	22
afdb_P37967_v6	afdb_P0CE47_v6	2.669E-01	3.114E-01	3.236E-01	0.063	26
afdb_P37967_v6	afdb_P55931_v6	3.120E-01	2.617E-01	3.434E-01	0.098	31
afdb_P37967_v6	afdb_P19938_v6	2.304E-01	3.402E-01	3.477E-01	0.045	23
afdb_P37967_v6	afdb_A5JUY8_v6	3.218E-01	2.429E-01	3.510E-01	0.106	32
afdb_P37967_v6	afdb_P10688_v6	3.245E-01	2.355E-01	3.320E-01	0.106	32
afdb_P37967_v6	afdb_P56218_v6	2.299E-01	3.289E-01	3.481E-01	0.040	22
afdb_P37967_v6	afdb_P21179_v6	3.247E-01	2.334E-01	3.332E-01	0.106	32
afdb_P37967_v6	afdb_P71119_v6	1.979E-01	3.600E-01	3.685E-01	0.024	19
afdb_P37967_v6	afdb_P46076_v6	2.432E-01	3.094E-01	3.214E-01	0.051	24
afdb_P37967_v6	afdb_P08473_v6	3.135E-01	2.315E-01	3.265E-01	0.098	31
afdb_P37967_v6	afdb_P43099_v6	3.096E-01	2.292E-01	3.312E-01	0.090	30
afdb_P37967_v6	afdb_P12998_v6	2.454E-01	2.905E-01	3.233E-01	0.051	24
afdb_P37967_v6	afdb_P80324_v6	2.366E-01	2.914E-01	3.622E-01	0.045	23
afdb_P37967_v6	afdb_P00390_v6	2.650E-01	2.528E-01	3.134E-01	0.063	26
afdb_P37967_v6	afdb_P81054_v6	2.277E-01	2.887E-01	2.990E-01	0.040	22
afdb_P37967_v6	afdb_F8W4B7_v6	3.338E-01	1.806E-01	3.455E-01	0.116	33
afdb_P37967_v6	afdb_P00388_v6	2.867E-01	2.266E-01	3.064E-01	0.076	28
afdb_P37967_v6	afdb_Q05769_v6	2.760E-01	2.368E-01	2.919E-01	0.069	27
afdb_P37967_v6	afdb_Q6LZM9_v6	2.452E-01	2.656E-01	2.881E-01	0.051	24
afdb_P37967_v6	afdb_Q05755_v6	3.587E-01	1.484E-01	3.588E-01	0.138	35
afdb_P37967_v6	afdb_P24289_v6	1.961E-01	2.999E-01	3.017E-01	0.024	19
afdb_P37967_v6	afdb_P24630_v6	2.379E-01	2.583E-01	2.677E-01	0.045	23
afdb_P37967_v6	afdb_P21327_v6	2.294E-01	2.639E-01	2.829E-01	0.040	22
afdb_P37967_v6	afdb_P07511_v6	2.448E-01	2.467E-01	2.661E-01	0.051	24
afdb_P37967_v6	afdb_P12821_v6	3.321E-01	1.574E-01	3.358E-01	0.116	33
afdb_P37967_v6	afdb_P0AB77_v6	2.238E-01	2.587E-01	2.702E-01	0.040	22
afdb_P37967_v6	afdb_O68557_v6	1.980E-01	2.838E-01	3.315E-01	0.024	19
afdb_P37967_v6	afdb_Q01693_v6	2.405E-01	2.361E-01	2.839E-01	0.051	24
afdb_P37967_v6	afdb_Q9NPB1_v6	1.676E-01	2.905E-01	3.279E-01	0.014	16
afdb_P37967_v6	afdb_O16025_v6	2.867E-01	1.607E-01	2.910E-01	0.076	28
afdb_P37967_v6	afdb_P08165_v6	2.241E-01	2.232E-01	2.292E-01	0.040	22
afdb_P37967_v6	afdb_P29474_v6	2.945E-01	1.482E-01	3.137E-01	0.082	29
afdb_P37967_v6	afdb_P14779_v6	2.801E-01	1.573E-01	3.005E-01	0.076	28
afdb_P48534_v6	afdb_A5JUY8_v6	4.819E-01	2.047E-01	4.878E-01	0.411	48
afdb_P48534_v6	afdb_P24289_v6	3.510E-01	3.315E-01	3.531E-01	0.138	35
afdb_P48534_v6	afdb_P71119_v6	3.129E-01	3.473E-01	4.053E-01	0.098	31
afdb_P48534_v6	afdb_O58727_v6	2.825E-01	3.556E-01	3.569E-01	0.076	28
afdb_P48534_v6	afdb_Q3HWU8_v6	3.253E-01	3.037E-01	3.343E-01	0.106	32
afdb_P48534_v6	afdb_O59791_v6	3.424E-01	2.855E-01	3.596E-01	0.126	34
afdb_P48534_v6	afdb_P0AEZ1_v6	3.290E-01	2.914E-01	3.300E-01	0.106	32
afdb_P48534_v6	afdb_P03958_v6	3.456E-01	2.708E-01	3.836E-01	0.126	34
afdb_P48534_v6	afdb_Q06241_v6	2.819E-01	3.269E-01	3.290E-01	0.076	28
afdb_P48534_v6	afdb_P00489_v6	4.325E-01	1.713E-01	4.430E-01	0.277	43
afdb_P48534_v6	afdb_P16444_v6	3.460E-01	2.385E-01	3.677E-01	0.126	34
afdb_P48534_v6	afdb_Q9UMR5_v6	3.114E-01	2.703E-01	3.335E-01	0.098	31
afdb_P48534_v6	afdb_P52279_v6	3.103E-01	2.655E-01	3.222E-01	0.098	31
afdb_P48534_v6	afdb_P56200_v6	2.993E-01	2.752E-01	3.127E-01	0.082	29
afdb_P48534_v6	afdb_P00590_v6	2.751E-01	2.918E-01	3.374E-01	0.069	27
afdb_P48534_v6	afdb_Q6UV28_v6	2.278E-01	3.287E-01	3.978E-01	0.040	22
afdb_P48534_v6	afdb_P09960_v6	3.681E-01	1.883E-01	3.752E-01	0.150	36
afdb_P48534_v6	afdb_P45478_v6	2.971E-01	2.593E-01	3.043E-01	0.082	29
afdb_P48534_v6	afdb_P09184_v6	2.346E-01	3.215E-01	3.419E-01	0.045	23
afdb_P48534_v6	afdb_P24630_v6	3.313E-01	2.237E-01	3.346E-01	0.116	33
afdb_P48534_v6	afdb_P46076_v6	3.079E-01	2.464E-01	3.164E-01	0.090	30
afdb_P48534_v6	afdb_P00800_v6	3.536E-01	1.945E-01	3.643E-01	0.138	35
afdb_P48534_v6	afdb_P00914_v6	3.311E-01	2.112E-01	3.485E-01	0.116	33
afdb_P48534_v6	afdb_P53041_v6	3.402E-01	2.008E-01	3.442E-01	0.126	34
afdb_P48534_v6	afdb_P24474_v6	3.483E-01	1.897E-01	3.600E-01	0.126	34
afdb_P48534_v6	afdb_P08148_v6	3.484E-01	1.857E-01	3.653E-01	0.126	34
afdb_P48534_v6	afdb_Q7SID9_v6	3.405E-01	1.926E-01	3.590E-01	0.126	34
afdb_P48534_v6	afdb_P77444_v6	3.111E-01	2.193E-01	3.380E-01	0.098	31
afdb_P48534_v6	afdb_P95468_v6	3.067E-01	2.226E-01	3.658E-01	0.090	30
afdb_P48534_v6	afdb_P30122_v6	3.432E-01	1.823E-01	3.569E-01	0.126	34
afdb_P48534_v6	afdb_P81054_v6	2.857E-01	2.280E-01	3.029E-01	0.076	28
afdb_P48534_v6	afdb_P56216_v6	3.273E-01	1.850E-01	3.456E-01	0.106	32
afdb_P48534_v6	afdb_Q6LZM9_v6	3.077E-01	2.042E-01	3.374E-01	0.090	30
afdb_P48534_v6	afdb_P00935_v6	2.939E-01	2.174E-01	3.011E-01	0.082	29
afdb_P48534_v6	afdb_P00183_v6	2.996E-01	2.101E-01	3.020E-01	0.082	29
afdb_P48534_v6	afdb_P12995_v6	3.027E-01	2.045E-01	3.234E-01	0.090	30
afdb_P48534_v6	afdb_Q50925_v6	3.300E-01	1.763E-01	3.881E-01	0.106	32
afdb_P48534_v6	afdb_Q9FEW9_v6	2.906E-01	2.117E-01	3.112E-01	0.082	29
afdb_P48534_v6	afdb_P14779_v6	3.597E-01	1.187E-01	4.144E-01	0.138	35
afdb_P48534_v6	afdb_O16025_v6	3.582E-01	1.199E-01	3.609E-01	0.138	35
afdb_P48534_v6	afdb_P00860_v6	2.902E-01	1.889E-01	2.996E-01	0.082	29
afdb_P48534_v6	afdb_P16099_v6	3.173E-01	1.466E-01	3.250E-01	0.098	31
afdb_P48534_v6	afdb_P42593_v6	3.112E-01	1.500E-01	3.153E-01	0.098	31
afdb_P48534_v6	afdb_P09883_v6	3.005E-01	1.598E-01	3.203E-01	0.090	30
afdb_P48534_v6	afdb_P10844_v6	3.565E-01	9.693E-02	4.183E-01	0.138	35
afdb_P48534_v6	afdb_P08473_v6	3.116E-01	1.385E-01	3.262E-01	0.098	31
afdb_P48534_v6	afdb_P96086_v6	3.305E-01	1.041E-01	3.421E-01	0.116	33
afdb_P48534_v6	afdb_P00388_v6	2.927E-01	1.387E-01	3.010E-01	0.082	29
afdb_P48534_v6	afdb_Q05755_v6	3.395E-01	8.607E-02	3.645E-01	0.116	33
afdb_Q00441_v6	afdb_P00183_v6	8.749E-01	8.529E-01	9.089E-01	0.994	87
afdb_Q00441_v6	afdb_P14779_v6	8.354E-01	3.435E-01	8.372E-01	0.990	83
afdb_Q00441_v6	afdb_O59791_v6	2.893E-01	3.414E-01	3.628E-01	0.076	28
afdb_Q00441_v6	afdb_P24289_v6	2.643E-01	3.557E-01	3.756E-01	0.063	26
afdb_Q00441_v6	afdb_Q05769_v6	3.552E-01	2.642E-01	3.583E-01	0.138	35
afdb_Q00441_v6	afdb_P56200_v6	2.570E-01	3.365E-01	3.504E-01	0.057	25
afdb_Q00441_v6	afdb_P83788_v6	2.867E-01	2.820E-01	3.202E-01	0.076	28
afdb_Q00441_v6	afdb_Q01693_v6	3.031E-01	2.570E-01	3.353E-01	0.090	30
afdb_Q00441_v6	afdb_P00396_v6	3.031E-01	2.554E-01	3.101E-01	0.090	30
afdb_Q00441_v6	afdb_P83772_v6	2.318E-01	3.228E-01	3.729E-01	0.045	23
afdb_Q00441_v6	afdb_P21327_v6	2.760E-01	2.781E-01	2.984E-01	0.069	27
afdb_Q00441_v6	afdb_Q6LZM9_v6	2.828E-01	2.678E-01	2.833E-01	0.076	28
afdb_Q00441_v6	afdb_P12995_v6	2.797E-01	2.688E-01	3.368E-01	0.069	27
afdb_Q00441_v6	afdb_P53608_v6	2.438E-01	2.981E-01	3.001E-01	0.051	24
afdb_Q00441_v6	afdb_P55931_v6	3.115E-01	2.281E-01	3.149E-01	0.098	31
afdb_Q00441_v6	afdb_P71119_v6	2.063E-01	3.299E-01	3.790E-01	0.029	20
afdb_Q00441_v6	afdb_Q29460_v6	2.112E-01	3.195E-01	3.542E-01	0.034	21
afdb_Q00441_v6	afdb_P0AEZ1_v6	2.350E-01	2.948E-01	3.258E-01	0.045	23
afdb_Q00441_v6	afdb_P24630_v6	2.699E-01	2.581E-01	3.102E-01	0.063	26
afdb_Q00441_v6	afdb_P12998_v6	2.589E-01	2.678E-01	2.880E-01	0.057	25
afdb_Q00441_v6	afdb_Q9NPB1_v6	2.105E-01	3.159E-01	3.690E-01	0.034	21
afdb_Q00441_v6	afdb_P08148_v6	2.989E-01	2.251E-01	3.123E-01	0.082	29
afdb_Q00441_v6	afdb_P10902_v6	2.889E-01	2.333E-01	2.911E-01	0.076	28
afdb_Q00441_v6	afdb_Q00017_v6	2.118E-01	3.091E-01	3.233E-01	0.034	21
afdb_Q00441_v6	afdb_P00590_v6	2.060E-01	3.143E-01	3.436E-01	0.029	20
afdb_Q00441_v6	afdb_P0AB77_v6	2.587E-01	2.609E-01	3.094E-01	0.057	25
afdb_Q00441_v6	afdb_P08473_v6	3.162E-01	1.965E-01	3.498E-01	0.098	31
afdb_Q00441_v6	afdb_P00390_v6	2.774E-01	2.327E-01	2.984E-01	0.069	27
afdb_Q00441_v6	afdb_P56216_v6	2.839E-01	2.234E-01	3.028E-01	0.076	28
afdb_Q00441_v6	afdb_Q9YHT1_v6	3.000E-01	2.062E-01	3.319E-01	0.082	29
afdb_Q00441_v6	afdb_P15289_v6	2.717E-01	2.325E-01	2.957E-01	0.069	27
afdb_Q00441_v6	afdb_P07511_v6	2.668E-01	2.338E-01	2.937E-01	0.063	26
afdb_Q00441_v6	afdb_P46076_v6	2.369E-01	2.613E-01	3.081E-01	0.045	23
afdb_Q00441_v6	afdb_O16025_v6	3.421E-01	1.555E-01	3.548E-01	0.126	34
afdb_Q00441_v6	afdb_A5JUY8_v6	2.998E-01	1.956E-01	3.248E-01	0.082	29
afdb_Q00441_v6	afdb_Q6UV28_v6	1.551E-01	3.398E-01	4.008E-01	0.011	15
afdb_Q00441_v6	afdb_P00860_v6	2.594E-01	2.359E-01	3.037E-01	0.057	25
afdb_Q00441_v6	afdb_P03958_v6	2.339E-01	2.578E-01	3.107E-01	0.045	23
afdb_Q00441_v6	afdb_P13717_v6	2.106E-01	2.814E-01	3.002E-01	0.029	20
afdb_Q00441_v6	afdb_P08819_v6	2.516E-01	2.359E-01	2.546E-01	0.057	25
afdb_Q00441_v6	afdb_P00800_v6	2.688E-01	2.164E-01	2.708E-01	0.063	26
afdb_Q00441_v6	afdb_P10688_v6	2.956E-01	1.852E-01	3.027E-01	0.082	29
afdb_Q00441_v6	afdb_P39377_v6	2.352E-01	2.409E-01	2.569E-01	0.045	23
afdb_Q00441_v6	afdb_P00935_v6	2.324E-01	2.391E-01	2.484E-01	0.045	23
afdb_Q00441_v6	afdb_P00750_v6	2.643E-01	2.072E-01	2.983E-01	0.063	26
afdb_Q00441_v6	afdb_P16444_v6	2.343E-01	2.319E-01	2.694E-01	0.045	23
afdb_Q00441_v6	afdb_P00777_v6	2.015E-01	2.477E-01	2.905E-01	0.029	20
afdb_Q00441_v6	afdb_P81054_v6	2.050E-01	2.268E-01	2.631E-01	0.029	20
afdb_Q00441_v6	afdb_P10844_v6	3.036E-01	1.208E-01	3.229E-01	0.090	30
afdb_Q00441_v6	afdb_F8W4B7_v6	2.870E-01	1.358E-01	2.999E-01	0.076	28
afdb_Q00441_v6	afdb_P09883_v6	2.218E-01	1.717E-01	2.235E-01	0.040	22
afdb_Q02899_v6	afdb_Q9FEW9_v6	8.581E-01	8.661E-01	8.852E-01	0.992	85
afdb_Q02899_v6	afdb_P42593_v6	7.897E-01	4.860E-01	8.122E-01	0.978	78
afdb_Q02899_v6	afdb_P16099_v6	8.020E-01	4.573E-01	8.209E-01	0.984	80
afdb_Q02899_v6	afdb_P0A6C1_v6	4.817E-01	6.400E-01	6.550E-01	0.411	48
afdb_Q02899_v6	afdb_P0AEZ1_v6	4.738E-01	6.107E-01	6.358E-01	0.382	47
afdb_Q02899_v6	afdb_Q8RB32_v6	4.071E-01	6.149E-01	6.189E-01	0.214	40
afdb_Q02899_v6	afdb_P05414_v6	4.767E-01	5.119E-01	5.599E-01	0.382	47
afdb_Q02899_v6	afdb_P03958_v6	4.416E-01	4.887E-01	4.908E-01	0.301	44
afdb_Q02899_v6	afdb_P39377_v6	4.482E-01	4.575E-01	4.711E-01	0.301	44
afdb_Q02899_v6	afdb_P16444_v6	4.468E-01	4.374E-01	5.175E-01	0.301	44
afdb_Q02899_v6	afdb_P00860_v6	4.417E-01	3.919E-01	4.482E-01	0.301	44
afdb_Q02899_v6	afdb_P05521_v6	3.596E-01	4.406E-01	4.514E-01	0.138	35
afdb_Q02899_v6	afdb_Q29460_v6	3.081E-01	4.811E-01	5.413E-01	0.090	30
afdb_Q02899_v6	afdb_Q9XBQ8_v6	3.898E-01	3.780E-01	4.699E-01	0.179	38
afdb_Q02899_v6	afdb_Q00017_v6	3.096E-01	4.491E-01	4.703E-01	0.090	30
afdb_Q02899_v6	afdb_P45478_v6	3.319E-01	4.059E-01	4.393E-01	0.116	33
afdb_Q02899_v6	afdb_P96965_v6	3.168E-01	4.113E-01	4.330E-01	0.098	31
afdb_Q02899_v6	afdb_Q9UMR5_v6	3.248E-01	4.024E-01	4.395E-01	0.106	32
afdb_Q02899_v6	afdb_P25910_v6	2.984E-01	4.272E-01	4.507E-01	0.082	29
afdb_Q02899_v6	afdb_P04190_v6	2.970E-01	4.188E-01	4.615E-01	0.082	29
afdb_Q02899_v6	afdb_P09367_v6	3.437E-01	3.700E-01	3.944E-01	0.126	34
afdb_Q02899_v6	afdb_P53608_v6	3.217E-01	3.921E-01	3.934E-01	0.106	32
afdb_Q02899_v6	afdb_P15289_v6	3.859E-01	3.243E-01	4.012E-01	0.179	38
afdb_Q02899_v6	afdb_P00590_v6	2.752E-01	4.304E-01	4.739E-01	0.069	27
afdb_Q02899_v6	afdb_O59791_v6	3.228E-01	3.801E-01	4.118E-01	0.106	32
afdb_Q02899_v6	afdb_Q16775_v6	3.156E-01	3.861E-01	4.895E-01	0.098	31
afdb_Q02899_v6	afdb_O58727_v6	2.435E-01	4.513E-01	4.549E-01	0.051	24
afdb_Q02899_v6	afdb_P83772_v6	2.841E-01	4.014E-01	4.036E-01	0.076	28
afdb_Q02899_v6	afdb_Q75WN8_v6	2.946E-01	3.819E-01	3.900E-01	0.082	29
afdb_Q02899_v6	afdb_Q12178_v6	2.257E-01	4.469E-01	4.869E-01	0.040	22
afdb_Q02899_v6	afdb_P30122_v6	3.848E-01	2.826E-01	4.294E-01	0.179	38
afdb_Q02899_v6	afdb_P52279_v6	3.021E-01	3.639E-01	3.776E-01	0.090	30
afdb_Q02899_v6	afdb_P22394_v6	3.749E-01	2.848E-01	4.649E-01	0.164	37
afdb_Q02899_v6	afdb_P52700_v6	2.895E-01	3.691E-01	4.434E-01	0.076	28
afdb_Q02899_v6	afdb_Q3HWU8_v6	2.829E-01	3.700E-01	3.879E-01	0.076	28
afdb_Q02899_v6	afdb_P12995_v6	3.295E-01	3.124E-01	3.537E-01	0.106	32
afdb_Q02899_v6	afdb_P55038_v6	4.929E-01	1.468E-01	5.250E-01	0.442	49
afdb_Q02899_v6	afdb_P0A9P4_v6	2.946E-01	3.433E-01	3.444E-01	0.082	29
afdb_Q02899_v6	afdb_Q58989_v6	2.455E-01	3.923E-01	4.112E-01	0.051	24
afdb_Q02899_v6	afdb_P95468_v6	3.152E-01	3.189E-01	3.788E-01	0.098	31
afdb_Q02899_v6	afdb_P0CE47_v6	3.137E-01	3.176E-01	4.127E-01	0.098	31
afdb_Q02899_v6	afdb_O31156_v6	2.662E-01	3.595E-01	4.044E-01	0.063	26
afdb_Q02899_v6	afdb_P29183_v6	3.252E-01	2.926E-01	3.517E-01	0.106	32
afdb_Q02899_v6	afdb_P24630_v6	3.144E-01	2.955E-01	3.432E-01	0.098	31
afdb_Q02899_v6	afdb_P37062_v6	3.170E-01	2.912E-01	3.399E-01	0.098	31
afdb_Q02899_v6	afdb_P00489_v6	3.898E-01	2.171E-01	4.068E-01	0.179	38
afdb_Q02899_v6	afdb_P00390_v6	3.340E-01	2.727E-01	3.636E-01	0.116	33
afdb_Q02899_v6	afdb_P40859_v6	2.986E-01	3.039E-01	3.165E-01	0.082	29
afdb_Q02899_v6	afdb_Q56839_v6	3.322E-01	2.703E-01	3.577E-01	0.116	33
afdb_Q02899_v6	afdb_Q6LZM9_v6	3.088E-01	2.884E-01	3.772E-01	0.090	30
afdb_Q02899_v6	afdb_P24474_v6	3.342E-01	2.592E-01	3.492E-01	0.116	33
afdb_Q02899_v6	afdb_P83686_v6	2.561E-01	3.363E-01	3.433E-01	0.057	25
afdb_Q02899_v6	afdb_P07511_v6	3.157E-01	2.737E-01	3.448E-01	0.098	31
afdb_Q02899_v6	afdb_P12998_v6	2.892E-01	2.986E-01	3.360E-01	0.076	28
afdb_Q02899_v6	afdb_P09184_v6	1.956E-01	3.920E-01	3.955E-01	0.024	19
afdb_Q02899_v6	afdb_P00455_v6	2.823E-01	2.986E-01	3.478E-01	0.076	28
afdb_Q02899_v6	afdb_Q6YBS3_v6	3.428E-01	2.368E-01	4.169E-01	0.126	34
afdb_Q02899_v6	afdb_P06721_v6	2.856E-01	2.884E-01	3.347E-01	0.076	28
afdb_Q02899_v6	afdb_P04042_v6	2.689E-01	2.957E-01	3.126E-01	0.063	26
afdb_Q02899_v6	afdb_P53041_v6	3.048E-01	2.585E-01	3.749E-01	0.090	30
afdb_Q02899_v6	afdb_P08165_v6	3.010E-01	2.591E-01	3.105E-01	0.090	30
afdb_Q02899_v6	afdb_Q06241_v6	2.163E-01	3.443E-01	3.547E-01	0.034	21
afdb_Q02899_v6	afdb_P77444_v6	2.804E-01	2.771E-01	3.263E-01	0.076	28
afdb_Q02899_v6	afdb_P07003_v6	3.142E-01	2.425E-01	3.416E-01	0.098	31
afdb_Q02899_v6	afdb_P00935_v6	2.736E-01	2.808E-01	3.238E-01	0.069	27
afdb_Q02899_v6	afdb_P0AB77_v6	2.766E-01	2.776E-01	3.579E-01	0.069	27
afdb_Q02899_v6	afdb_P83788_v6	2.773E-01	2.699E-01	2.818E-01	0.069	27
afdb_Q02899_v6	afdb_Q9L9D7_v6	3.084E-01	2.330E-01	3.981E-01	0.090	30
afdb_Q02899_v6	afdb_F8W4B7_v6	3.670E-01	1.711E-01	3.756E-01	0.150	36
afdb_Q02899_v6	afdb_P37063_v6	3.068E-01	2.257E-01	3.402E-01	0.090	30
afdb_Q02899_v6	afdb_Q05755_v6	4.017E-01	1.297E-01	4.081E-01	0.214	40
afdb_Q02899_v6	afdb_P09960_v6	3.039E-01	2.237E-01	3.247E-01	0.090	30
afdb_Q02899_v6	afdb_Q01693_v6	2.830E-01	2.415E-01	2.942E-01	0.076	28
afdb_Q02899_v6	afdb_P24289_v6	2.243E-01	2.974E-01	3.131E-01	0.040	22
afdb_Q02899_v6	afdb_O16025_v6	3.554E-01	1.653E-01	3.958E-01	0.138	35
afdb_Q02899_v6	afdb_P27487_v6	3.116E-01	1.971E-01	3.169E-01	0.098	31
afdb_Q02899_v6	afdb_P46076_v6	2.413E-01	2.636E-01	2.785E-01	0.051	24
afdb_Q02899_v6	afdb_P71119_v6	1.932E-01	2.992E-01	3.377E-01	0.024	19
afdb_Q02899_v6	afdb_P00183_v6	2.489E-01	2.427E-01	3.028E-01	0.051	24
afdb_Q02899_v6	afdb_P13717_v6	2.108E-01	2.766E-01	3.034E-01	0.029	20
afdb_Q02899_v6	afdb_P00914_v6	2.562E-01	2.296E-01	2.929E-01	0.057	25
afdb_Q02899_v6	afdb_P43099_v6	2.969E-01	1.848E-01	3.025E-01	0.082	29
afdb_Q02899_v6	afdb_P96086_v6	3.253E-01	1.552E-01	3.263E-01	0.106	32
afdb_Q02899_v6	afdb_P81054_v6	2.225E-01	2.454E-01	2.628E-01	0.040	22
afdb_Q02899_v6	afdb_Q05769_v6	2.662E-01	1.982E-01	2.761E-01	0.063	26
afdb_Q02899_v6	afdb_Q50925_v6	2.610E-01	1.991E-01	3.354E-01	0.063	26
afdb_Q02899_v6	afdb_P00777_v6	1.990E-01	2.420E-01	2.874E-01	0.024	19
afdb_Q02899_v6	afdb_P12821_v6	2.976E-01	1.136E-01	3.567E-01	0.082	29
afdb_Q02899_v6	afdb_P10844_v6	2.851E-01	1.179E-01	2.995E-01	0.076	28
afdb_Q28943_v6	afdb_P0A9P4_v6	2.648E-01	7.869E-01	8.027E-01	0.063	26
afdb_Q28943_v6	afdb_P08165_v6	2.961E-01	5.918E-01	6.464E-01	0.082	29
afdb_Q28943_v6	afdb_P05414_v6	2.395E-01	6.126E-01	6.156E-01	0.045	23
afdb_Q28943_v6	afdb_Q8RB32_v6	1.776E-01	6.460E-01	6.482E-01	0.016	17
afdb_Q28943_v6	afdb_P37062_v6	2.581E-01	5.502E-01	5.888E-01	0.057	25
afdb_Q28943_v6	afdb_P0AEZ1_v6	1.965E-01	5.944E-01	6.101E-01	0.024	19
afdb_Q28943_v6	afdb_P00390_v6	2.752E-01	5.055E-01	5.158E-01	0.069	27
afdb_Q28943_v6	afdb_Q9FEW9_v6	2.273E-01	5.470E-01	5.986E-01	0.040	22
afdb_Q28943_v6	afdb_Q56839_v6	2.649E-01	4.887E-01	5.409E-01	0.063	26
afdb_Q28943_v6	afdb_P0A6C1_v6	1.820E-01	5.447E-01	5.617E-01	0.020	18
afdb_Q28943_v6	afdb_P16444_v6	2.239E-01	4.930E-01	5.694E-01	0.040	22
afdb_Q28943_v6	afdb_P16099_v6	3.007E-01	4.060E-01	5.656E-01	0.082	29
afdb_Q28943_v6	afdb_P03958_v6	1.994E-01	5.023E-01	5.331E-01	0.024	19
afdb_Q28943_v6	afdb_P42593_v6	2.835E-01	4.183E-01	6.004E-01	0.076	28
afdb_Q28943_v6	afdb_P39377_v6	2.119E-01	4.810E-01	5.609E-01	0.034	21
afdb_Q28943_v6	afdb_P00860_v6	2.041E-01	3.978E-01	4.013E-01	0.029	20
afdb_Q28943_v6	afdb_P10688_v6	2.615E-01	3.339E-01	3.840E-01	0.063	26
afdb_Q28943_v6	afdb_P37957_v6	1.298E-01	4.638E-01	4.654E-01	0.008	12
afdb_Q28943_v6	afdb_P80324_v6	1.665E-01	4.126E-01	4.490E-01	0.014	16
afdb_Q28943_v6	afdb_Q9XBQ8_v6	1.865E-01	3.919E-01	5.327E-01	0.020	18
afdb_Q28943_v6	afdb_Q29460_v6	1.302E-01	4.452E-01	4.607E-01	0.009	13
afdb_Q28943_v6	afdb_Q16775_v6	1.615E-01	4.045E-01	4.109E-01	0.014	16
afdb_Q28943_v6	afdb_Q00017_v6	1.323E-01	4.304E-01	4.449E-01	0.009	13
afdb_Q28943_v6	afdb_Q9HXE3_v6	1.636E-01	3.945E-01	4.318E-01	0.014	16
afdb_Q28943_v6	afdb_O58727_v6	1.068E-01	4.440E-01	4.565E-01	0.000	10
afdb_Q28943_v6	afdb_Q945K2_v6	2.048E-01	3.399E-01	4.126E-01	0.029	20
afdb_Q28943_v6	afdb_P40859_v6	1.643E-01	3.789E-01	4.305E-01	0.014	16
afdb_Q28943_v6	afdb_Q9X9P9_v6	1.635E-01	3.787E-01	4.307E-01	0.014	16
afdb_Q28943_v6	afdb_P77444_v6	1.759E-01	3.630E-01	3.719E-01	0.016	17
afdb_Q28943_v6	afdb_P53608_v6	1.439E-01	3.902E-01	4.093E-01	0.010	14
afdb_Q28943_v6	afdb_P05521_v6	1.475E-01	3.842E-01	3.981E-01	0.010	14
afdb_Q28943_v6	afdb_P96086_v6	2.694E-01	2.608E-01	3.091E-01	0.063	26
afdb_Q28943_v6	afdb_Q9L9D7_v6	2.050E-01	3.233E-01	3.943E-01	0.029	20
afdb_Q28943_v6	afdb_P24630_v6	1.803E-01	3.428E-01	3.497E-01	0.020	18
afdb_Q28943_v6	afdb_P08819_v6	1.793E-01	3.432E-01	3.529E-01	0.016	17
afdb_Q28943_v6	afdb_Q75WN8_v6	1.397E-01	3.823E-01	3.921E-01	0.009	13
afdb_Q28943_v6	afdb_P07511_v6	1.841E-01	3.328E-01	3.425E-01	0.020	18
afdb_Q28943_v6	afdb_Q12178_v6	9.599E-02	4.177E-01	4.509E-01	0.000	9
afdb_Q28943_v6	afdb_P04042_v6	1.529E-01	3.602E-01	3.762E-01	0.011	15
afdb_Q28943_v6	afdb_P22637_v6	1.886E-01	3.238E-01	3.446E-01	0.020	18
afdb_Q28943_v6	afdb_Q6LZM9_v6	1.709E-01	3.402E-01	3.744E-01	0.016	17
afdb_Q28943_v6	afdb_P83788_v6	1.706E-01	3.394E-01	3.695E-01	0.016	17
afdb_Q28943_v6	afdb_O59791_v6	1.413E-01	3.648E-01	4.059E-01	0.010	14
afdb_Q28943_v6	afdb_P83686_v6	1.282E-01	3.774E-01	4.042E-01	0.008	12
afdb_Q28943_v6	afdb_P00590_v6	1.140E-01	3.912E-01	4.203E-01	0.007	11
afdb_Q28943_v6	afdb_P00800_v6	1.958E-01	3.108E-01	3.194E-01	0.024	19
afdb_Q28943_v6	afdb_P00489_v6	2.347E-01	2.700E-01	2.937E-01	0.045	23
afdb_Q28943_v6	afdb_O31156_v6	1.274E-01	3.761E-01	4.090E-01	0.008	12
afdb_Q28943_v6	afdb_P0AB77_v6	1.598E-01	3.392E-01	3.592E-01	0.011	15
afdb_Q28943_v6	afdb_Q9UMR5_v6	1.378E-01	3.601E-01	3.755E-01	0.009	13
afdb_Q28943_v6	afdb_P07003_v6	1.962E-01	3.018E-01	3.217E-01	0.024	19
afdb_Q28943_v6	afdb_P06721_v6	1.636E-01	3.335E-01	3.508E-01	0.014	16
afdb_Q28943_v6	afdb_P43099_v6	2.164E-01	2.804E-01	3.210E-01	0.034	21
afdb_Q28943_v6	afdb_P14779_v6	2.505E-01	2.460E-01	2.805E-01	0.057	25
afdb_Q28943_v6	afdb_Q3HWU8_v6	1.320E-01	3.633E-01	3.889E-01	0.009	13
afdb_Q28943_v6	afdb_P25910_v6	1.251E-01	3.679E-01	3.977E-01	0.008	12
afdb_Q28943_v6	afdb_P96965_v6	1.310E-01	3.613E-01	3.710E-01	0.009	13
afdb_Q28943_v6	afdb_P12998_v6	1.538E-01	3.385E-01	3.673E-01	0.011	15
afdb_Q28943_v6	afdb_P37063_v6	1.980E-01	2.941E-01	3.396E-01	0.024	19
afdb_Q28943_v6	afdb_P52700_v6	1.329E-01	3.555E-01	3.794E-01	0.009	13
afdb_Q28943_v6	afdb_P0CE47_v6	1.592E-01	3.290E-01	3.386E-01	0.011	15
afdb_Q28943_v6	afdb_P27170_v6	1.521E-01	3.348E-01	3.622E-01	0.011	15
afdb_Q28943_v6	afdb_P23687_v6	2.109E-01	2.760E-01	2.817E-01	0.029	20
afdb_Q28943_v6	afdb_P21327_v6	1.591E-01	3.225E-01	3.385E-01	0.011	15
afdb_Q28943_v6	afdb_P09367_v6	1.439E-01	3.372E-01	3.603E-01	0.010	14
afdb_Q28943_v6	afdb_P09184_v6	8.339E-02	3.935E-01	4.706E-01	0.000	8
afdb_Q28943_v6	afdb_Q9NPB1_v6	1.128E-01	3.631E-01	3.998E-01	0.007	11
afdb_Q28943_v6	afdb_P10844_v6	2.571E-01	2.172E-01	2.673E-01	0.057	25
afdb_Q28943_v6	afdb_Q6YBS3_v6	1.925E-01	2.799E-01	3.619E-01	0.024	19
afdb_Q28943_v6	afdb_P04190_v6	1.213E-01	3.510E-01	3.879E-01	0.008	12
afdb_Q28943_v6	afdb_P15289_v6	1.759E-01	2.972E-01	3.245E-01	0.016	17
afdb_Q28943_v6	afdb_P12995_v6	1.582E-01	3.124E-01	3.382E-01	0.011	15
afdb_Q28943_v6	afdb_P30122_v6	1.889E-01	2.820E-01	2.860E-01	0.020	18
afdb_Q28943_v6	afdb_P45478_v6	1.374E-01	3.318E-01	3.441E-01	0.009	13
afdb_Q28943_v6	afdb_F8W4B7_v6	2.374E-01	2.284E-01	2.434E-01	0.045	23
afdb_Q28943_v6	afdb_Q05755_v6	2.685E-01	1.973E-01	2.864E-01	0.063	26
afdb_Q28943_v6	afdb_P10902_v6	1.764E-01	2.868E-01	2.929E-01	0.016	17
afdb_Q28943_v6	afdb_Q7SID9_v6	1.755E-01	2.824E-01	2.869E-01	0.016	17
afdb_Q28943_v6	afdb_P06621_v6	1.530E-01	3.042E-01	3.207E-01	0.011	15
afdb_Q28943_v6	afdb_Q9YHT1_v6	1.919E-01	2.650E-01	2.901E-01	0.024	19
afdb_Q28943_v6	afdb_P08148_v6	1.841E-01	2.713E-01	2.833E-01	0.020	18
afdb_Q28943_v6	afdb_P53041_v6	1.647E-01	2.895E-01	3.030E-01	0.014	16
afdb_Q28943_v6	afdb_P24474_v6	1.770E-01	2.764E-01	3.202E-01	0.016	17
afdb_Q28943_v6	afdb_P12821_v6	2.474E-01	2.070E-01	2.872E-01	0.051	24
afdb_Q28943_v6	afdb_P08373_v6	1.378E-01	3.150E-01	3.345E-01	0.009	13
afdb_Q28943_v6	afdb_P55038_v6	2.672E-01	1.845E-01	3.961E-01	0.063	26
afdb_Q28943_v6	afdb_P09960_v6	1.823E-01	2.688E-01	3.332E-01	0.020	18
afdb_Q28943_v6	afdb_P00935_v6	1.488E-01	3.004E-01	3.087E-01	0.010	14
afdb_Q28943_v6	afdb_P00183_v6	1.513E-01	2.973E-01	2.982E-01	0.011	15
afdb_Q28943_v6	afdb_P00750_v6	1.748E-01	2.737E-01	3.022E-01	0.016	17
afdb_Q28943_v6	afdb_P0A6K3_v6	9.355E-02	3.541E-01	3.553E-01	0.000	9
afdb_Q28943_v6	afdb_O68557_v6	1.234E-01	3.234E-01	3.420E-01	0.008	12
afdb_Q28943_v6	afdb_Q01693_v6	1.626E-01	2.830E-01	2.936E-01	0.014	16
afdb_Q28943_v6	afdb_P00396_v6	1.671E-01	2.785E-01	2.934E-01	0.014	16
afdb_Q28943_v6	afdb_P83772_v6	1.121E-01	3.327E-01	3.336E-01	0.007	11
afdb_Q28943_v6	afdb_P56200_v6	1.226E-01	3.207E-01	3.310E-01	0.008	12
afdb_Q28943_v6	afdb_P71119_v6	1.062E-01	3.351E-01	3.361E-01	0.000	10
afdb_Q28943_v6	afdb_P08473_v6	1.941E-01	2.435E-01	2.681E-01	0.024	19
afdb_Q28943_v6	afdb_P00388_v6	1.814E-01	2.498E-01	2.638E-01	0.020	18
afdb_Q28943_v6	afdb_P55931_v6	1.743E-01	2.564E-01	2.828E-01	0.016	17
afdb_Q28943_v6	afdb_P29474_v6	2.274E-01	2.023E-01	2.731E-01	0.040	22
afdb_Q28943_v6	afdb_Q6UV28_v6	7.411E-02	3.502E-01	3.785E-01	0.000	7
afdb_Q28943_v6	afdb_P00914_v6	1.485E-01	2.706E-01	2.842E-01	0.010	14
afdb_Q28943_v6	afdb_P27487_v6	1.865E-01	2.319E-01	2.734E-01	0.020	18
afdb_Q28943_v6	afdb_P00455_v6	1.306E-01	2.874E-01	3.036E-01	0.009	13
afdb_Q28943_v6	afdb_Q06241_v6	9.354E-02	3.232E-01	3.242E-01	0.000	9
afdb_Q28943_v6	afdb_P95468_v6	1.391E-01	2.760E-01	2.912E-01	0.009	13
afdb_Q28943_v6	afdb_P19938_v6	1.131E-01	2.992E-01	3.013E-01	0.007	11
afdb_Q28943_v6	afdb_P00747_v6	1.848E-01	2.200E-01	2.333E-01	0.020	18
afdb_Q28943_v6	afdb_O33199_v6	8.907E-02	2.970E-01	3.037E-01	0.000	8
afdb_Q28943_v6	afdb_P46076_v6	1.167E-01	2.568E-01	2.967E-01	0.007	11
afdb_Q7ZAG8_v6	afdb_P37062_v6	7.135E-01	6.585E-01	7.603E-01	0.941	71
afdb_Q7ZAG8_v6	afdb_P0A9P4_v6	5.605E-01	6.908E-01	7.116E-01	0.663	56
afdb_Q7ZAG8_v6	afdb_P00390_v6	6.836E-01	5.494E-01	6.851E-01	0.912	68
afdb_Q7ZAG8_v6	afdb_Q56839_v6	6.706E-01	5.387E-01	6.721E-01	0.900	67
afdb_Q7ZAG8_v6	afdb_P08165_v6	5.505E-01	4.699E-01	5.731E-01	0.632	55
afdb_Q7ZAG8_v6	afdb_P10902_v6	4.622E-01	3.643E-01	5.041E-01	0.353	46
afdb_Q7ZAG8_v6	afdb_P22637_v6	4.614E-01	3.562E-01	5.438E-01	0.353	46
afdb_Q7ZAG8_v6	afdb_P42593_v6	4.921E-01	3.197E-01	6.388E-01	0.442	49
afdb_Q7ZAG8_v6	afdb_P40859_v6	3.877E-01	4.027E-01	4.406E-01	0.179	38
afdb_Q7ZAG8_v6	afdb_Q9HXE3_v6	3.780E-01	4.044E-01	4.314E-01	0.164	37
afdb_Q7ZAG8_v6	afdb_P16099_v6	4.859E-01	2.953E-01	5.948E-01	0.411	48
afdb_Q7ZAG8_v6	afdb_Q9X9P9_v6	3.818E-01	3.979E-01	4.374E-01	0.179	38
afdb_Q7ZAG8_v6	afdb_Q9YHT1_v6	4.697E-01	3.094E-01	5.038E-01	0.353	46
afdb_Q7ZAG8_v6	afdb_Q945K2_v6	4.399E-01	3.351E-01	5.145E-01	0.277	43
afdb_Q7ZAG8_v6	afdb_P55931_v6	4.429E-01	3.122E-01	4.748E-01	0.301	44
afdb_Q7ZAG8_v6	afdb_P80324_v6	3.451E-01	3.747E-01	4.010E-01	0.126	34
afdb_Q7ZAG8_v6	afdb_P09367_v6	3.219E-01	3.517E-01	3.689E-01	0.106	32
afdb_Q7ZAG8_v6	afdb_P56200_v6	2.881E-01	3.784E-01	4.129E-01	0.076	28
afdb_Q7ZAG8_v6	afdb_O59791_v6	3.004E-01	3.588E-01	3.667E-01	0.090	30
afdb_Q7ZAG8_v6	afdb_P27170_v6	3.133E-01	3.441E-01	3.816E-01	0.098	31
afdb_Q7ZAG8_v6	afdb_P77444_v6	3.180E-01	3.197E-01	3.259E-01	0.098	31
afdb_Q7ZAG8_v6	afdb_P09184_v6	2.068E-01	4.301E-01	4.795E-01	0.029	20
afdb_Q7ZAG8_v6	afdb_Q9UMR5_v6	2.825E-01	3.530E-01	3.844E-01	0.076	28
afdb_Q7ZAG8_v6	afdb_Q58989_v6	2.278E-01	4.016E-01	4.095E-01	0.040	22
afdb_Q7ZAG8_v6	afdb_P52279_v6	2.828E-01	3.422E-01	3.679E-01	0.076	28
afdb_Q7ZAG8_v6	afdb_P08819_v6	3.185E-01	3.012E-01	3.197E-01	0.098	31
afdb_Q7ZAG8_v6	afdb_Q00017_v6	2.508E-01	3.654E-01	3.839E-01	0.057	25
afdb_Q7ZAG8_v6	afdb_P05521_v6	2.743E-01	3.375E-01	3.638E-01	0.069	27
afdb_Q7ZAG8_v6	afdb_P15289_v6	3.289E-01	2.813E-01	3.371E-01	0.106	32
afdb_Q7ZAG8_v6	afdb_Q9FEW9_v6	3.010E-01	3.079E-01	3.190E-01	0.090	30
afdb_Q7ZAG8_v6	afdb_P52700_v6	2.664E-01	3.388E-01	3.750E-01	0.063	26
afdb_Q7ZAG8_v6	afdb_P53608_v6	2.672E-01	3.377E-01	3.647E-01	0.063	26
afdb_Q7ZAG8_v6	afdb_P16444_v6	3.021E-01	3.011E-01	3.348E-01	0.090	30
afdb_Q7ZAG8_v6	afdb_P00860_v6	3.148E-01	2.878E-01	3.969E-01	0.098	31
afdb_Q7ZAG8_v6	afdb_P05414_v6	2.904E-01	3.118E-01	3.662E-01	0.076	28
afdb_Q7ZAG8_v6	afdb_P95468_v6	2.970E-01	3.045E-01	3.239E-01	0.082	29
afdb_Q7ZAG8_v6	afdb_O58727_v6	2.065E-01	3.956E-01	3.986E-01	0.029	20
afdb_Q7ZAG8_v6	afdb_Q29460_v6	2.327E-01	3.673E-01	4.021E-01	0.045	23
afdb_Q7ZAG8_v6	afdb_P0A6C1_v6	2.604E-01	3.341E-01	3.454E-01	0.063	26
afdb_Q7ZAG8_v6	afdb_P83686_v6	2.479E-01	3.465E-01	4.402E-01	0.051	24
afdb_Q7ZAG8_v6	afdb_P22394_v6	3.311E-01	2.626E-01	3.530E-01	0.116	33
afdb_Q7ZAG8_v6	afdb_P00590_v6	2.269E-01	3.660E-01	4.380E-01	0.040	22
afdb_Q7ZAG8_v6	afdb_P30122_v6	3.368E-01	2.537E-01	3.436E-01	0.116	33
afdb_Q7ZAG8_v6	afdb_P96965_v6	2.586E-01	3.317E-01	3.573E-01	0.057	25
afdb_Q7ZAG8_v6	afdb_P12995_v6	2.966E-01	2.866E-01	3.192E-01	0.082	29
afdb_Q7ZAG8_v6	afdb_P83772_v6	2.440E-01	3.381E-01	3.556E-01	0.051	24
afdb_Q7ZAG8_v6	afdb_Q3HWU8_v6	2.481E-01	3.281E-01	3.459E-01	0.051	24
afdb_Q7ZAG8_v6	afdb_P25910_v6	2.396E-01	3.353E-01	3.728E-01	0.045	23
afdb_Q7ZAG8_v6	afdb_P12998_v6	2.792E-01	2.907E-01	3.143E-01	0.069	27
afdb_Q7ZAG8_v6	afdb_P0AB77_v6	2.795E-01	2.846E-01	3.145E-01	0.069	27
afdb_Q7ZAG8_v6	afdb_P83788_v6	2.834E-01	2.806E-01	2.900E-01	0.076	28
afdb_Q7ZAG8_v6	afdb_Q6LZM9_v6	2.837E-01	2.717E-01	2.877E-01	0.076	28
afdb_Q7ZAG8_v6	afdb_P00800_v6	3.036E-01	2.474E-01	3.091E-01	0.090	30
afdb_Q7ZAG8_v6	afdb_P07511_v6	2.914E-01	2.580E-01	3.229E-01	0.082	29
afdb_Q7ZAG8_v6	afdb_P00935_v6	2.665E-01	2.772E-01	2.862E-01	0.063	26
afdb_Q7ZAG8_v6	afdb_P06621_v6	2.730E-01	2.703E-01	2.924E-01	0.069	27
afdb_Q7ZAG8_v6	afdb_P37957_v6	2.109E-01	3.323E-01	3.661E-01	0.034	21
afdb_Q7ZAG8_v6	afdb_P0AEZ1_v6	2.412E-01	3.004E-01	3.314E-01	0.051	24
afdb_Q7ZAG8_v6	afdb_Q6YBS3_v6	3.137E-01	2.257E-01	3.483E-01	0.098	31
afdb_Q7ZAG8_v6	afdb_P15034_v6	2.758E-01	2.616E-01	2.941E-01	0.069	27
afdb_Q7ZAG8_v6	afdb_P56216_v6	2.999E-01	2.375E-01	3.046E-01	0.082	29
afdb_Q7ZAG8_v6	afdb_O31156_v6	2.274E-01	3.086E-01	3.276E-01	0.040	22
afdb_Q7ZAG8_v6	afdb_P19938_v6	2.326E-01	3.029E-01	3.288E-01	0.045	23
afdb_Q7ZAG8_v6	afdb_Q9L9D7_v6	3.013E-01	2.343E-01	3.151E-01	0.090	30
afdb_Q7ZAG8_v6	afdb_P07003_v6	2.989E-01	2.347E-01	3.281E-01	0.082	29
afdb_Q7ZAG8_v6	afdb_Q16775_v6	2.394E-01	2.941E-01	3.189E-01	0.045	23
afdb_Q7ZAG8_v6	afdb_P00183_v6	2.676E-01	2.648E-01	2.916E-01	0.063	26
afdb_Q7ZAG8_v6	afdb_P37063_v6	3.028E-01	2.301E-01	3.110E-01	0.090	30
afdb_Q7ZAG8_v6	afdb_P00489_v6	3.355E-01	1.961E-01	3.361E-01	0.116	33
afdb_Q7ZAG8_v6	afdb_Q9NPB1_v6	2.068E-01	3.230E-01	3.777E-01	0.029	20
afdb_Q7ZAG8_v6	afdb_P00455_v6	2.552E-01	2.744E-01	3.167E-01	0.057	25
afdb_Q7ZAG8_v6	afdb_Q12178_v6	1.739E-01	3.540E-01	3.725E-01	0.016	17
afdb_Q7ZAG8_v6	afdb_P03958_v6	2.492E-01	2.779E-01	2.911E-01	0.051	24
afdb_Q7ZAG8_v6	afdb_Q8RB32_v6	2.146E-01	3.113E-01	3.256E-01	0.034	21
afdb_Q7ZAG8_v6	afdb_P04190_v6	2.167E-01	3.066E-01	3.999E-01	0.034	21
afdb_Q7ZAG8_v6	afdb_P00914_v6	2.744E-01	2.459E-01	3.838E-01	0.069	27
afdb_Q7ZAG8_v6	afdb_P29183_v6	2.695E-01	2.482E-01	2.791E-01	0.063	26
afdb_Q7ZAG8_v6	afdb_O68557_v6	2.304E-01	2.856E-01	2.942E-01	0.045	23
afdb_Q7ZAG8_v6	afdb_P39377_v6	2.532E-01	2.617E-01	2.892E-01	0.057	25
afdb_Q7ZAG8_v6	afdb_P27487_v6	3.145E-01	1.973E-01	3.171E-01	0.098	31
afdb_Q7ZAG8_v6	afdb_P24474_v6	2.842E-01	2.259E-01	3.007E-01	0.076	28
afdb_Q7ZAG8_v6	afdb_Q9XBQ8_v6	2.554E-01	2.525E-01	3.583E-01	0.057	25
afdb_Q7ZAG8_v6	afdb_P0CE47_v6	2.504E-01	2.570E-01	2.695E-01	0.051	24
afdb_Q7ZAG8_v6	afdb_P08148_v6	2.876E-01	2.170E-01	3.249E-01	0.076	28
afdb_Q7ZAG8_v6	afdb_P00388_v6	2.986E-01	1.997E-01	3.590E-01	0.082	29
afdb_Q7ZAG8_v6	afdb_P81054_v6	2.349E-01	2.629E-01	2.714E-01	0.045	23
afdb_Q7ZAG8_v6	afdb_Q05755_v6	3.450E-01	1.247E-01	3.654E-01	0.126	34
afdb_Q7ZAG8_v6	afdb_P10688_v6	2.821E-01	1.799E-01	2.910E-01	0.076	28
afdb_Q7ZAG8_v6	afdb_P55038_v6	3.410E-01	1.203E-01	3.456E-01	0.126	34
afdb_Q7ZAG8_v6	afdb_P53041_v6	2.447E-01	2.131E-01	2.598E-01	0.051	24
afdb_Q7ZAG8_v6	afdb_P21179_v6	2.796E-01	1.779E-01	2.979E-01	0.069	27
afdb_Q7ZAG8_v6	afdb_P29474_v6	3.166E-01	1.344E-01	3.417E-01	0.098	31
afdb_Q7ZAG8_v6	afdb_F8W4B7_v6	3.058E-01	1.443E-01	3.076E-01	0.090	30
afdb_Q7ZAG8_v6	afdb_Q01693_v6	2.404E-01	2.067E-01	3.033E-01	0.051	24
afdb_Q7ZAG8_v6	afdb_P14779_v6	2.957E-01	1.443E-01	3.357E-01	0.082	29
afdb_Q7ZAG8_v6	afdb_P96086_v6	2.932E-01	1.388E-01	2.979E-01	0.082	29
afdb_Q7ZAG8_v6	afdb_P00750_v6	2.382E-01	1.908E-01	2.413E-01	0.045	23
afdb_Q7ZAG8_v6	afdb_O13297_v6	2.364E-01	1.907E-01	3.152E-01	0.045	23
afdb_Q7ZAG8_v6	afdb_P12821_v6	2.908E-01	1.145E-01	3.040E-01	0.082	29
afdb_Q7ZAG8_v6	afdb_P10844_v6	2.626E-01	1.097E-01	2.812E-01	0.063	26
afdb_Q94702_v6	afdb_Q06241_v6	3.336E-01	2.885E-01	3.713E-01	0.116	33
afdb_Q94702_v6	afdb_Q9XBQ8_v6	3.547E-01	1.812E-01	3.589E-01	0.138	35
afdb_Q94702_v6	afdb_P0CE47_v6	3.406E-01	1.761E-01	3.702E-01	0.126	34
afdb_Q94702_v6	afdb_Q05769_v6	3.728E-01	1.430E-01	3.871E-01	0.164	37
afdb_Q94702_v6	afdb_P24474_v6	3.720E-01	1.430E-01	3.862E-01	0.164	37
afdb_Q94702_v6	afdb_P25910_v6	2.947E-01	2.191E-01	3.410E-01	0.082	29
afdb_Q94702_v6	afdb_P83686_v6	3.005E-01	2.104E-01	3.294E-01	0.090	30
afdb_Q94702_v6	afdb_P27170_v6	3.184E-01	1.804E-01	3.686E-01	0.098	31
afdb_Q94702_v6	afdb_P12998_v6	3.226E-01	1.730E-01	3.576E-01	0.106	32
afdb_Q94702_v6	afdb_P0AB77_v6	3.208E-01	1.692E-01	3.528E-01	0.106	32
afdb_Q94702_v6	afdb_Q945K2_v6	3.495E-01	1.404E-01	3.730E-01	0.126	34
afdb_Q94702_v6	afdb_Q01693_v6	3.432E-01	1.467E-01	3.765E-01	0.126	34
afdb_Q94702_v6	afdb_P00800_v6	3.494E-01	1.379E-01	3.748E-01	0.126	34
afdb_Q94702_v6	afdb_P05414_v6	3.110E-01	1.709E-01	3.388E-01	0.098	31
afdb_Q94702_v6	afdb_P08373_v6	2.985E-01	1.829E-01	3.535E-01	0.082	29
afdb_Q94702_v6	afdb_P06621_v6	3.145E-01	1.660E-01	3.478E-01	0.098	31
afdb_Q94702_v6	afdb_P0A6K3_v6	2.427E-01	2.373E-01	2.791E-01	0.051	24
afdb_Q94702_v6	afdb_P07511_v6	3.273E-01	1.490E-01	3.568E-01	0.106	32
afdb_Q94702_v6	afdb_P10902_v6	3.342E-01	1.403E-01	3.473E-01	0.116	33
afdb_Q94702_v6	afdb_P00860_v6	3.186E-01	1.496E-01	3.587E-01	0.098	31
afdb_Q94702_v6	afdb_P10688_v6	3.446E-01	1.072E-01	3.590E-01	0.126	34
afdb_Q94702_v6	afdb_P10844_v6	3.789E-01	7.191E-02	3.833E-01	0.164	37
afdb_Q94702_v6	afdb_P0A9P4_v6	2.739E-01	1.756E-01	2.989E-01	0.069	27
afdb_Q94702_v6	afdb_P43099_v6	3.312E-01	1.064E-01	3.373E-01	0.116	33
afdb_Q94702_v6	afdb_P15034_v6	2.933E-01	1.421E-01	3.306E-01	0.082	29
afdb_Q94702_v6	afdb_P16444_v6	2.854E-01	1.477E-01	3.159E-01	0.076	28
afdb_Q94702_v6	afdb_P30122_v6	3.097E-01	1.210E-01	3.109E-01	0.090	30
afdb_Q94702_v6	afdb_P00183_v6	2.771E-01	1.438E-01	2.985E-01	0.069	27
