Software Version,3.11.19,,,,,,,,,,,,,,,,,,,,,,,,,,,,,,,,,,,,,,,,,,,,,,,,,,,,,,,,,,,,,,,,,,,,,,,,,,,,,,,,,,,,,,,,,,,,,,,,,
,,,,,,,,,,,,,,,,,,,,,,,,,,,,,,,,,,,,,,,,,,,,,,,,,,,,,,,,,,,,,,,,,,,,,,,,,,,,,,,,,,,,,,,,,,,,,,,,,,
Experiment File Path:,C:\Users\Public\Documents\Experiments\260112_zn45_ssm_plate6.xpt,,,,,,,,,,,,,,,,,,,,,,,,,,,,,,,,,,,,,,,,,,,,,,,,,,,,,,,,,,,,,,,,,,,,,,,,,,,,,,,,,,,,,,,,,,,,,,,,,
Protocol File Path:,,,,,,,,,,,,,,,,,,,,,,,,,,,,,,,,,,,,,,,,,,,,,,,,,,,,,,,,,,,,,,,,,,,,,,,,,,,,,,,,,,,,,,,,,,,,,,,,,,
Plate Number,Plate 1,,,,,,,,,,,,,,,,,,,,,,,,,,,,,,,,,,,,,,,,,,,,,,,,,,,,,,,,,,,,,,,,,,,,,,,,,,,,,,,,,,,,,,,,,,,,,,,,,
Date,1/14/2026,,,,,,,,,,,,,,,,,,,,,,,,,,,,,,,,,,,,,,,,,,,,,,,,,,,,,,,,,,,,,,,,,,,,,,,,,,,,,,,,,,,,,,,,,,,,,,,,,
Time,12:38:42 AM,,,,,,,,,,,,,,,,,,,,,,,,,,,,,,,,,,,,,,,,,,,,,,,,,,,,,,,,,,,,,,,,,,,,,,,,,,,,,,,,,,,,,,,,,,,,,,,,,
Reader Type:,Synergy Neo2,,,,,,,,,,,,,,,,,,,,,,,,,,,,,,,,,,,,,,,,,,,,,,,,,,,,,,,,,,,,,,,,,,,,,,,,,,,,,,,,,,,,,,,,,,,,,,,,,
Reader Serial Number:,21060423,,,,,,,,,,,,,,,,,,,,,,,,,,,,,,,,,,,,,,,,,,,,,,,,,,,,,,,,,,,,,,,,,,,,,,,,,,,,,,,,,,,,,,,,,,,,,,,,,
Reading Type,Reader,,,,,,,,,,,,,,,,,,,,,,,,,,,,,,,,,,,,,,,,,,,,,,,,,,,,,,,,,,,,,,,,,,,,,,,,,,,,,,,,,,,,,,,,,,,,,,,,,
,,,,,,,,,,,,,,,,,,,,,,,,,,,,,,,,,,,,,,,,,,,,,,,,,,,,,,,,,,,,,,,,,,,,,,,,,,,,,,,,,,,,,,,,,,,,,,,,,,
Procedure Details,,,,,,,,,,,,,,,,,,,,,,,,,,,,,,,,,,,,,,,,,,,,,,,,,,,,,,,,,,,,,,,,,,,,,,,,,,,,,,,,,,,,,,,,,,,,,,,,,,
Plate Type,Corning 384 Low volume round bottom,,,,,,,,,,,,,,,,,,,,,,,,,,,,,,,,,,,,,,,,,,,,,,,,,,,,,,,,,,,,,,,,,,,,,,,,,,,,,,,,,,,,,,,,,,,,,,,,,
Well Selection,Runtime,,,,,,,,,,,,,,,,,,,,,,,,,,,,,,,,,,,,,,,,,,,,,,,,,,,,,,,,,,,,,,,,,,,,,,,,,,,,,,,,,,,,,,,,,,,,,,,,,
Eject plate on completion,,,,,,,,,,,,,,,,,,,,,,,,,,,,,,,,,,,,,,,,,,,,,,,,,,,,,,,,,,,,,,,,,,,,,,,,,,,,,,,,,,,,,,,,,,,,,,,,,,
Set Temperature,"Setpoint 37°C, Gradient 0 °C",,,,,,,,,,,,,,,,,,,,,,,,,,,,,,,,,,,,,,,,,,,,,,,,,,,,,,,,,,,,,,,,,,,,,,,,,,,,,,,,,,,,,,,,,,,,,,,,,
,Preheat before moving to next step,,,,,,,,,,,,,,,,,,,,,,,,,,,,,,,,,,,,,,,,,,,,,,,,,,,,,,,,,,,,,,,,,,,,,,,,,,,,,,,,,,,,,,,,,,,,,,,,,
Start Kinetic,"Runtime 2:00:00 (HH:MM:SS), Interval 0:03:00, 41 Reads",,,,,,,,,,,,,,,,,,,,,,,,,,,,,,,,,,,,,,,,,,,,,,,,,,,,,,,,,,,,,,,,,,,,,,,,,,,,,,,,,,,,,,,,,,,,,,,,,
    Read,Fluorescence Endpoint,,,,,,,,,,,,,,,,,,,,,,,,,,,,,,,,,,,,,,,,,,,,,,,,,,,,,,,,,,,,,,,,,,,,,,,,,,,,,,,,,,,,,,,,,,,,,,,,,
,Full Plate,,,,,,,,,,,,,,,,,,,,,,,,,,,,,,,,,,,,,,,,,,,,,,,,,,,,,,,,,,,,,,,,,,,,,,,,,,,,,,,,,,,,,,,,,,,,,,,,,
,Filter Set 1,,,,,,,,,,,,,,,,,,,,,,,,,,,,,,,,,,,,,,,,,,,,,,,,,,,,,,,,,,,,,,,,,,,,,,,,,,,,,,,,,,,,,,,,,,,,,,,,,
,"    Excitation: 485/10,  Emission: 528/20",,,,,,,,,,,,,,,,,,,,,,,,,,,,,,,,,,,,,,,,,,,,,,,,,,,,,,,,,,,,,,,,,,,,,,,,,,,,,,,,,,,,,,,,,,,,,,,,,
,"    Optics: Top,  Gain: 75",,,,,,,,,,,,,,,,,,,,,,,,,,,,,,,,,,,,,,,,,,,,,,,,,,,,,,,,,,,,,,,,,,,,,,,,,,,,,,,,,,,,,,,,,,,,,,,,,
,Filter Set 2,,,,,,,,,,,,,,,,,,,,,,,,,,,,,,,,,,,,,,,,,,,,,,,,,,,,,,,,,,,,,,,,,,,,,,,,,,,,,,,,,,,,,,,,,,,,,,,,,
,"    Excitation: 485/20,  Emission: 610/20",,,,,,,,,,,,,,,,,,,,,,,,,,,,,,,,,,,,,,,,,,,,,,,,,,,,,,,,,,,,,,,,,,,,,,,,,,,,,,,,,,,,,,,,,,,,,,,,,
,"    Optics: Top,  Gain: 75",,,,,,,,,,,,,,,,,,,,,,,,,,,,,,,,,,,,,,,,,,,,,,,,,,,,,,,,,,,,,,,,,,,,,,,,,,,,,,,,,,,,,,,,,,,,,,,,,
,"Light Source: Xenon Flash,  Lamp Energy: Low,  Standard Dynamic Range",,,,,,,,,,,,,,,,,,,,,,,,,,,,,,,,,,,,,,,,,,,,,,,,,,,,,,,,,,,,,,,,,,,,,,,,,,,,,,,,,,,,,,,,,,,,,,,,,
,"Read Speed: Normal,  Delay: 0 msec,  Measurements/Data Point: 10",,,,,,,,,,,,,,,,,,,,,,,,,,,,,,,,,,,,,,,,,,,,,,,,,,,,,,,,,,,,,,,,,,,,,,,,,,,,,,,,,,,,,,,,,,,,,,,,,
,Read Height: 8 mm,,,,,,,,,,,,,,,,,,,,,,,,,,,,,,,,,,,,,,,,,,,,,,,,,,,,,,,,,,,,,,,,,,,,,,,,,,,,,,,,,,,,,,,,,,,,,,,,,
End Kinetic,,,,,,,,,,,,,,,,,,,,,,,,,,,,,,,,,,,,,,,,,,,,,,,,,,,,,,,,,,,,,,,,,,,,,,,,,,,,,,,,,,,,,,,,,,,,,,,,,,
,,,,,,,,,,,,,,,,,,,,,,,,,,,,,,,,,,,,,,,,,,,,,,,,,,,,,,,,,,,,,,,,,,,,,,,,,,,,,,,,,,,,,,,,,,,,,,,,,,
"485,528",,,,,,,,,,,,,,,,,,,,,,,,,,,,,,,,,,,,,,,,,,,,,,,,,,,,,,,,,,,,,,,,,,,,,,,,,,,,,,,,,,,,,,,,,,,,,,,,,,
,,,,,,,,,,,,,,,,,,,,,,,,,,,,,,,,,,,,,,,,,,,,,,,,,,,,,,,,,,,,,,,,,,,,,,,,,,,,,,,,,,,,,,,,,,,,,,,,,,
,Time,"T° 485,528",A1,A2,A3,A4,A5,A6,A7,A8,A9,A10,A11,A12,A13,A14,A15,A16,A17,A18,A19,A20,A21,A22,A23,A24,B1,B2,B3,B4,B5,B6,B7,B8,B9,B10,B11,B12,B13,B14,B15,B16,B17,B18,B19,B20,B21,B22,B23,B24,C1,C2,C3,C4,C5,C6,C7,C8,C9,C10,C11,C12,C13,C14,C15,C16,C17,C18,C19,C20,C21,C22,C23,C24,D1,D2,D3,D4,D5,D6,D7,D8,D9,D10,D11,D12,D13,D14,D15,D16,D17,D18,D19,D20,D21,D22,D23,D24
,0:00:00,37,9831,10242,9848,10928,10254,11163,10455,11088,10256,11448,10876,11754,10769,11592,11028,11911,11247,12269,11125,12255,11474,12665,11475,12427,10485,10696,10448,11053,10988,11411,11220,11487,11353,11883,11821,12188,11906,11946,12250,12387,12030,12498,12416,12726,12521,12513,12519,12961,11234,10831,10996,11714,11488,12137,11963,12399,11960,12113,12147,12089,12406,12426,12467,13337,12858,12940,13170,13194,12587,12932,12812,13470,10731,11105,11322,11978,11635,12233,11567,12360,12040,13003,13160,12591,12238,12819,12619,13328,12308,13252,12746,13484,12834,13223,12989,13733
,0:03:00,37,10976,11496,10907,12008,11134,11958,11217,11827,11028,12046,11455,12245,11366,12080,11576,12271,11739,12702,11540,12649,11841,13150,11639,12618,11714,11584,11589,11943,12061,12141,12070,12039,12075,12327,12462,12870,12600,12427,12778,12774,12444,13011,12894,12970,12940,12886,12774,13179,12345,11814,11786,12612,12271,12915,12658,13407,12606,12627,12757,12566,12854,12971,12819,14081,13393,13283,13727,13688,12836,13283,13099,13870,11897,12167,12171,12928,12479,13086,12201,12948,12637,14005,13926,13144,12602,13405,13154,13901,12780,13769,13041,14019,13146,13562,13118,13842
,0:06:00,37.1,11214,11767,11141,12377,11258,12272,11564,12068,11102,12127,11492,12454,11456,12202,11730,12402,11981,12779,11663,12630,11943,13368,11682,12711,12005,11705,11926,12144,12325,12409,12322,12178,12169,12520,12704,13106,12753,12592,12999,12903,12617,12985,13012,13043,12884,12934,12746,13103,12785,12094,12001,12994,12686,13359,12883,13976,12815,12772,12800,12719,13148,13063,13016,14614,13535,13345,14104,13939,12945,13346,13225,13884,12222,12587,12349,13427,12785,13491,12346,13392,12692,14600,14598,13403,12755,13538,13274,14159,12877,14154,13187,14528,13245,13600,13249,13935
,0:09:00,37,11425,11864,11202,12728,11393,12424,11680,12183,11210,12245,11546,12612,11460,12220,11751,12461,12102,12843,11590,12809,11851,13651,11686,12544,12165,11891,12024,12263,12392,12408,12397,12257,12320,12671,12763,13485,12919,12595,13144,13015,12738,12986,13087,13125,12955,12894,12843,13058,13108,12218,12051,13285,12852,13701,13075,14719,12994,12937,12914,12731,13247,13268,13187,15299,13852,13608,14388,14147,12910,13396,13235,14002,12301,12819,12463,13703,12969,13812,12465,13553,12788,15224,15178,13690,12799,13681,13360,14673,12752,14353,13286,14872,13274,13752,13229,13956
,0:12:00,37,11444,11918,11254,12893,11411,12581,11812,12212,11382,12281,11540,12655,11535,12138,11865,12462,12171,12969,11631,12806,11920,14121,11677,12489,12148,11917,12164,12329,12498,12549,12495,12353,12442,12687,12826,13820,13066,12795,13152,12991,12684,13145,13163,13079,13036,12953,12799,12959,13439,12271,12118,13674,13093,14050,13347,15230,13085,12814,12967,12827,13455,13316,13097,15813,14013,13663,14838,14466,12843,13498,13354,14157,12425,12982,12453,13980,13042,14235,12507,13692,12855,15759,15581,13931,12782,13880,13531,14950,12760,14705,13194,15179,13303,13826,13259,14108
,0:15:00,37,11520,11924,11349,13160,11443,12598,11879,12268,11220,12359,11599,12625,11653,12178,11849,12467,12421,12961,11634,12834,11896,14487,11624,12488,12285,12019,12038,12206,12544,12592,12463,12436,12362,12700,12878,14004,13290,12767,13362,12972,12892,13084,13224,13078,12989,12930,12591,12993,13719,12431,12222,13805,13237,14395,13478,15875,13223,12915,13017,12807,13647,13381,13042,16466,14271,13679,15163,14786,12886,13481,13271,14440,12435,13120,12589,14397,13156,14578,12506,13981,12884,16460,16167,14112,12839,13909,13554,15263,12812,15065,13246,15669,13198,13852,13198,14249
,0:18:00,37,11461,11915,11302,13410,11476,12783,12044,12341,11214,12366,11614,12614,11656,12275,11842,12533,12343,13102,11694,12888,11858,14844,11648,12448,12218,12009,12078,12231,12541,12581,12572,12391,12386,12595,12809,14344,13368,12796,13411,13137,12804,13145,13283,13043,13040,12845,12635,12957,13974,12313,12242,14072,13388,14630,13636,16394,13313,12997,13012,12831,13806,13388,13088,17012,14425,13837,15431,14946,12727,13634,13139,14595,12316,13333,12623,14649,13165,14855,12540,14182,12827,16833,16622,14377,12825,14067,13746,15623,12702,15420,13242,16064,13207,13917,13185,14385
,0:21:00,37,11516,11881,11159,13606,11472,12859,12159,12339,11204,12323,11654,12727,11691,12228,11728,12493,12415,12988,11683,13021,11928,15203,11562,12478,12154,12008,12104,12279,12513,12545,12482,12439,12448,12577,12797,14706,13634,12715,13547,13050,12864,13200,13292,12973,13012,12853,12591,12981,14126,12392,12326,14338,13505,14958,13771,16969,13273,12810,12992,12697,14036,13487,13027,17394,14589,13843,15729,15249,12645,13748,13053,14876,12290,13436,12551,14782,13149,15208,12554,14244,12821,17232,16892,14615,12892,14137,13769,16028,12638,15726,13195,16455,13151,14006,13052,14450
,0:24:00,37,11502,11936,11211,13856,11403,12939,12320,12349,11162,12287,11664,12862,11762,12282,11781,12448,12499,13112,11608,12942,11923,15539,11535,12545,12195,11976,12154,12313,12452,12544,12488,12479,12451,12632,12726,14991,13633,12677,13662,13031,12935,13143,13274,12871,13117,12685,12521,12970,14387,12279,12381,14409,13692,15127,14017,17201,13383,12808,12955,12676,14307,13488,13074,17746,14730,13878,15958,15489,12459,13807,13007,15065,12312,13590,12509,14981,13129,15470,12532,14348,12912,17592,17263,14865,12834,14116,13673,16175,12690,15988,13226,16685,12962,13999,12805,14606
,0:27:00,37,11452,11847,11241,14005,11521,12984,12438,12279,11217,12227,11484,12857,11684,12164,11794,12421,12624,13075,11542,12907,11691,15767,11547,12488,12111,12018,12175,12316,12476,12535,12393,12622,12348,12537,12844,15196,13887,12523,13519,12900,12839,13144,13222,12681,13100,12634,12346,13020,14623,12300,12313,14436,13648,15316,14052,17504,13376,12771,12802,12559,14350,13380,12873,18015,14731,13755,16154,15481,12281,14036,12925,15194,12282,13717,12542,15186,13230,15721,12417,14469,12744,17844,17389,15070,12785,14099,13646,16279,12306,16318,13032,16761,12734,13876,12744,14679
,0:30:00,37,11516,11944,11238,14091,11459,13111,12472,12350,11285,12129,11454,12921,11672,12150,11741,12393,12667,13104,11512,12820,11607,16058,11466,12404,12114,12042,12186,12316,12345,12505,12419,12460,12303,12499,12746,15343,13960,12403,13449,12879,12688,13135,12998,12704,12952,12533,12376,13001,14881,12140,12304,14672,13730,15514,14005,17827,13468,12564,12621,12435,14461,13157,12822,18008,14773,13608,16017,15521,12248,14032,12907,15399,12316,13856,12406,15441,13165,15821,12416,14492,12671,17968,17449,15088,12635,13968,13452,16267,12052,16418,12890,16730,12480,13829,12582,14738
,0:33:00,37,11570,12100,11304,14402,11434,13143,12641,12320,11178,12123,11373,12935,11625,12040,11746,12274,12654,13029,11339,12756,11502,16311,11450,12498,12183,12069,12193,12289,12392,12517,12318,12435,12253,12480,12738,15519,14128,12215,13454,12744,12754,13331,12857,12658,12968,12541,12281,13037,15018,12257,12513,14893,13788,15503,14129,18124,13405,12326,12548,12271,14570,12917,12645,18082,14642,13494,16038,15605,12111,14122,12866,15535,12397,14005,12466,15707,13215,16050,12248,14573,12589,18219,17586,15136,12469,13808,13333,16206,11757,16564,12613,16794,12235,13853,12463,14776
,0:36:00,37,11550,11995,11259,14504,11481,13213,12811,12203,11146,12005,11205,13069,11669,11946,11711,12147,12593,13057,11234,12717,11465,16443,11339,12431,12238,12037,12180,12285,12287,12485,12319,12435,12129,12414,12838,15749,14172,11981,13234,12558,12546,13239,12746,12507,12858,12377,12145,13015,15306,12248,12402,15061,13898,15582,14191,18191,13371,12166,12367,12001,14609,12510,12578,17912,14504,13270,16016,15616,11928,14175,12755,15807,12387,14140,12434,15825,13140,16060,12147,14652,12618,18228,17499,15153,12372,13585,12908,16078,11234,16652,12177,16813,11958,13749,12360,14895
,0:39:00,36.9,11604,12012,11279,14659,11352,13300,12918,12301,11266,11963,11130,13078,11570,11967,11706,12022,12633,13074,11128,12701,11456,16694,11290,12432,12107,12063,12218,12315,12237,12475,12187,12469,12134,12272,12794,15749,14483,11865,13027,12379,12425,13283,12614,12459,12887,12331,12136,13030,15415,12135,12480,15297,13875,15740,14227,18401,13298,11934,11961,11858,14655,12026,12408,17664,14307,13134,15822,15547,11734,14267,12780,15895,12312,14160,12298,15994,13133,16275,11981,14651,12391,18073,17234,15164,12291,13249,12341,15713,10539,16820,11628,16720,11678,13692,12227,15042
,0:42:00,37,11564,11994,11261,14929,11428,13270,13077,12313,11171,11871,11101,13044,11578,11872,11697,11926,12567,12986,11080,12638,11340,16754,11280,12424,12152,11995,12244,12263,12236,12447,12129,12293,12088,12247,12777,16044,14524,11562,12757,12139,12225,13315,12249,12391,12852,12287,12149,12979,15574,12191,12483,15358,13976,15801,14279,18440,13403,11633,11751,11644,14762,11442,12071,17260,13850,12746,15509,15465,11519,14401,12744,16045,12360,14402,12295,16233,13132,16324,11735,14638,12445,17936,16808,15054,12061,12790,11814,15436,10002,16694,11126,16631,11305,13601,12106,15125
,0:45:00,37,11595,12032,11256,15050,11415,13402,13298,12300,11083,11903,11017,13142,11472,11827,11622,11765,12541,13051,11012,12599,11335,17056,11164,12404,12175,12053,12263,12268,12167,12444,12149,12365,11939,12132,12746,16133,14632,11352,12367,11929,11940,13301,12103,12251,12717,12183,12065,12998,15885,12187,12574,15599,14079,15938,14351,18383,13223,11278,11340,11418,14657,10778,11914,16705,13280,12283,15138,15239,11352,14428,12683,16272,12344,14494,12305,16355,13166,16451,11573,14577,12338,17597,16438,14833,11832,12354,11095,14913,9344,16671,10597,16462,10980,13539,12037,15102
,0:48:00,37,11523,12048,11231,14982,11448,13465,13085,12249,11196,11767,10887,13163,11376,11810,11663,11650,12497,12907,10984,12553,11189,17207,11206,12348,12133,12010,12230,12273,12167,12390,12029,12349,11863,12100,12800,16181,14821,11084,11936,11633,11712,13385,11721,12171,12746,12112,12028,12928,16033,12119,12525,15656,14141,15875,14343,18353,13155,11000,10974,11098,14659,10246,11600,15941,12771,11799,14670,14973,11069,14557,12593,16432,12385,14560,12215,16390,13140,16466,11301,14602,12186,17200,15811,14686,11624,11876,10591,14334,8771,16488,9992,15993,10546,13411,11936,15164
,0:51:00,37,11594,12009,11188,15181,11366,13440,13457,12198,11042,11641,10854,13160,11452,11701,11579,11600,12464,12855,10754,12468,11128,17313,11146,12425,12058,11938,12231,12246,12153,12409,11991,12317,11850,11959,12717,16421,14844,10721,11624,11266,11385,13379,11356,12061,12723,12088,11981,12953,16128,12140,12549,15855,14182,16015,14407,18363,13128,10594,10545,10763,14684,9759,11226,15464,12293,11304,14195,14676,10784,14566,12580,16567,12344,14727,12215,16568,13136,16577,11028,14466,12046,16790,15394,14306,11349,11515,10069,13920,8292,16535,9473,15731,10044,13268,11800,15188
,0:54:00,37,11640,12022,11251,15398,11391,13656,13418,12213,11057,11686,10709,13212,11519,11740,11602,11461,12406,12817,10760,12480,11192,17454,11101,12429,12212,12091,12237,12191,12091,12385,11956,12350,11776,11934,12771,16541,15140,10414,11169,11056,11159,13344,11094,11963,12701,12072,11942,12974,16351,12171,12542,16094,14246,16166,14465,18385,13111,10357,10186,10490,14571,9374,10978,14685,11750,10909,13718,14391,10505,14681,12667,16763,12387,14836,12209,16703,13209,16781,10804,14382,12002,16325,15020,13981,10970,11065,9621,13411,7918,16218,9071,15279,9684,13130,11742,15400
,0:57:00,37,11632,12022,11304,15498,11377,13618,13531,12217,11216,11627,10566,13232,11459,11662,11555,11315,12451,12829,10585,12328,11100,17676,11195,12381,12154,12023,12262,12158,12056,12419,11893,12328,11710,11868,12716,16692,15222,10091,10816,10648,10823,13423,10722,11871,12692,11996,11980,12979,16626,12123,12650,16190,14368,16049,14395,18302,12949,9986,9832,10214,14482,9035,10576,14139,11432,10414,13320,13963,10242,14903,12683,16912,12402,14873,12118,16922,13299,16745,10548,14273,11920,15911,14541,13670,10750,10590,9284,12865,7625,16090,8569,14879,9321,12946,11735,15484
,1:00:00,37,11660,12137,11296,15684,11380,13699,13644,12281,11077,11506,10494,13287,11479,11601,11520,11176,12389,12733,10500,12316,11089,17872,11089,12403,12160,12030,12325,12251,12049,12367,11861,12338,11615,11814,12820,16715,15341,9775,10496,10279,10526,13509,10396,11840,12653,11973,11947,12994,16707,12158,12663,16402,14321,16042,14430,18291,12901,9710,9489,9917,14408,8725,10289,13757,10956,10110,12884,13629,9996,14904,12593,17042,12394,14984,12204,17085,13268,16786,10308,14179,11850,15506,14185,13205,10522,10238,8994,12367,7508,15939,8289,14475,8985,12675,11618,15512
,1:03:00,37,11657,12108,11246,15962,11412,13746,13670,12271,11045,11521,10297,13426,11515,11626,11467,10941,12285,12769,10513,12247,10928,17824,11127,12405,12160,12109,12250,12194,12000,12249,11846,12255,11549,11716,12829,16815,15478,9431,10154,9997,10286,13396,10072,11740,12657,11893,11933,12938,16801,12127,12641,16431,14384,16116,14505,18131,12709,9432,9167,9683,14173,8634,10029,13290,10631,9740,12466,13420,9685,15088,12609,17219,12401,15098,12065,17170,13289,16849,10108,13975,11734,15108,13945,12793,10241,10027,8833,11982,7331,15755,7963,14044,8614,12579,11510,15763
,1:06:00,37,11710,12051,11216,15803,11327,13884,13751,12215,11175,11377,10145,13392,11412,11489,11382,10822,12222,12625,10263,12163,10884,18036,11025,12414,12134,12041,12306,12153,12007,12316,11762,12184,11460,11638,12668,16902,15587,9102,9822,9595,10010,13433,9830,11668,12672,11840,11949,12919,16956,12088,12679,16600,14384,16050,14375,17927,12576,9083,8856,9422,14082,8475,9596,12831,10428,9441,12130,13009,9435,15097,12569,17219,12361,15211,12134,17119,13218,16930,9821,13831,11603,14696,13573,12350,10042,9663,8724,11705,7130,15474,7763,13657,8264,12443,11501,15750
,1:09:00,37,11683,12096,11179,16079,11344,13869,13802,12211,11023,11361,10017,13386,11343,11437,11361,10551,12058,12563,10188,12065,10822,18028,11102,12352,12078,12016,12276,12097,11976,12275,11759,12133,11383,11532,12772,16924,15573,8741,9561,9364,9787,13531,9544,11548,12560,11792,11874,12962,17044,12088,12693,16801,14490,15924,14346,17870,12286,8857,8607,9188,13935,8349,9254,12568,10184,9213,11836,12676,9198,15106,12537,17319,12344,15305,12066,17314,13288,16764,9544,13605,11419,14293,13392,12097,9827,9482,8548,11402,7077,15328,7569,13241,8010,12105,11372,15810
,1:12:00,37,11647,12027,11264,16064,11301,13943,14125,12177,10983,11227,9914,13422,11374,11380,11214,10342,11887,12540,10055,12026,10760,18064,10994,12386,12072,12027,12228,12128,11923,12266,11597,12133,11259,11468,12771,16998,15793,8476,9333,9028,9590,13428,9150,11537,12558,11730,11918,12927,17198,12129,12697,16863,14430,16023,14278,17870,12201,8600,8348,8993,13796,8258,9072,12258,10084,8973,11586,12307,8937,15263,12523,17618,12304,15282,11988,17379,13223,16721,9353,13374,11338,13962,13211,11753,9656,9382,8489,11254,7000,15245,7465,12876,7680,11979,11241,15937
,1:15:00,37,11684,12069,11236,16133,11354,13995,14053,12233,11139,11203,9848,13515,11338,11343,11184,10128,11802,12469,9939,11944,10652,18254,11012,12387,12073,12005,12286,12161,11826,12304,11615,12209,11238,11383,12802,17040,15849,8201,9100,8764,9348,13497,8952,11372,12578,11752,11984,12990,17335,12087,12724,16921,14528,16053,14374,17557,11915,8438,8202,8811,13671,8233,8816,12175,10065,8785,11501,12024,8784,15355,12504,17654,12330,15461,12025,17591,13253,16773,9097,13255,11259,13734,13128,11511,9521,9391,8507,11158,6919,15233,7380,12567,7480,11689,11233,15977
,1:18:00,37.1,11670,12076,11270,16380,11318,14005,14115,12208,11011,11231,9746,13481,11299,11323,11075,9954,11569,12388,9883,11856,10677,18350,11031,12382,12103,12076,12267,12158,11821,12330,11435,12050,11149,11363,12631,17088,15909,7954,8934,8523,9226,13590,8823,11460,12564,11636,11939,12937,17468,12132,12770,17075,14587,15948,14321,17445,11730,8195,8051,8712,13589,8229,8538,12015,9912,8672,11312,11713,8580,15378,12555,17814,12312,15555,11939,17598,13352,16690,8992,13131,11219,13461,12989,11213,9421,9274,8466,11071,7046,15163,7353,12356,7289,11521,11154,16189
,1:21:00,37,11723,12086,11245,16511,11333,14121,14147,12246,11047,11086,9656,13602,11351,11217,10957,9786,11407,12407,9748,11866,10703,18392,11025,12386,12082,12033,12266,12166,11799,12244,11549,12199,11075,11235,12773,17116,16067,7726,8867,8331,8998,13627,8649,11306,12586,11646,11986,13025,17590,12084,12776,17253,14507,15914,14326,17359,11486,8069,7905,8590,13473,8304,8455,11957,9890,8619,11182,11556,8488,15510,12625,17977,12416,15611,11937,17692,13301,16704,8775,13049,11157,13346,12913,11016,9249,9284,8460,11117,6976,15203,7354,12119,7158,11439,11081,16257
,1:24:00,37,11717,12080,11283,16602,11397,14167,14349,12327,11146,11049,9600,13553,11323,11230,10813,9555,11133,12408,9782,11826,10625,18596,11076,12446,12170,12095,12312,12158,11869,12305,11506,12223,11062,11129,12821,17272,16252,7531,8646,8091,8870,13694,8404,11288,12643,11509,11987,13077,17755,12179,12816,17364,14559,15827,14258,17233,11459,7911,7806,8445,13373,8287,8244,11850,9916,8565,11218,11391,8298,15660,12555,18160,12428,15772,11983,17894,13241,16687,8657,12922,11048,13140,12912,10832,9199,9275,8553,11092,6945,15214,7314,11920,6995,11144,11078,16385
,1:27:00,37,11737,12125,11186,16704,11274,14248,14361,12231,11031,11001,9526,13674,11329,11186,10685,9359,10910,12408,9554,11848,10546,18480,11029,12426,12094,12052,12312,12133,11712,12320,11451,12172,11022,11147,12825,17104,16314,7332,8594,7928,8769,13730,8305,11250,12612,11590,11989,12980,17924,12082,12862,17499,14548,15792,14205,17181,11073,7790,7757,8349,13287,8368,8078,11841,9901,8538,11110,11191,8224,15759,12599,18207,12389,15858,11901,17943,13389,16551,8524,12801,11049,13033,12865,10645,9008,9239,8562,11086,7037,15278,7291,11761,6938,10973,10974,16482
,1:30:00,37,11735,12119,11245,16776,11339,14317,14537,12297,11107,10970,9445,13640,11237,11112,10451,9240,10628,12379,9453,11706,10483,18526,10941,12411,12140,12073,12299,12105,11832,12243,11315,12126,10897,11062,12858,17245,16399,7190,8555,7760,8640,13657,8132,11268,12652,11561,11969,12960,18108,12118,12914,17707,14569,15681,14097,17045,10883,7693,7646,8293,13149,8376,7977,11909,9937,8522,11087,11045,8166,15827,12581,18307,12495,15855,11917,17904,13344,16468,8397,12692,10959,12873,12722,10599,9016,9230,8646,11084,6981,15236,7334,11680,6827,10855,10955,16487
,1:33:00,37,11753,12019,11237,16880,11181,14361,14568,12268,11078,10874,9306,13688,11237,11082,10353,9039,10462,12409,9346,11647,10442,18515,10902,12412,12098,12067,12403,12165,11752,12250,11330,12141,10816,10914,12772,17238,16590,7031,8405,7597,8545,13725,8087,11219,12606,11498,12026,12909,18112,12088,12937,17650,14559,15607,14121,16828,10720,7596,7554,8256,13027,8412,7767,11858,10001,8519,11052,10925,8008,15927,12533,18477,12454,16037,11916,17976,13349,16226,8229,12539,10886,12754,12729,10516,8942,9335,8612,11112,6942,15268,7334,11520,6696,10637,10770,16547
,1:36:00,37,11815,12116,11323,16982,11264,14401,14677,12263,11025,10839,9164,13709,11182,11044,10176,8897,10221,12374,9251,11628,10415,18442,10953,12399,12129,12076,12360,12117,11770,12234,11234,12071,10746,10831,12863,17100,16486,6937,8390,7542,8469,13669,7924,11137,12640,11377,11947,13012,18269,12059,12898,17833,14562,15547,13933,16770,10571,7526,7540,8234,12928,8484,7697,11820,9967,8500,11024,10781,7898,15915,12650,18542,12430,16052,11877,17956,13251,16213,8067,12357,10841,12682,12686,10468,8858,9311,8683,11214,7050,15325,7319,11412,6610,10559,10665,16741
,1:39:00,37,11755,12143,11277,17077,11301,14448,14721,12171,11107,10878,9119,13848,11241,11036,9835,8711,10021,12362,9166,11521,10359,18579,10962,12460,12133,11993,12350,12114,11650,12214,11288,12108,10624,10783,12764,17058,16714,6799,8331,7460,8404,13802,7820,11053,12715,11362,11974,12998,18252,12111,12919,17985,14484,15452,13962,16618,10383,7462,7451,8093,12723,8535,7659,11870,10085,8573,11045,10731,7837,15988,12611,18709,12405,16210,11879,18123,13391,16144,7980,12259,10750,12625,12735,10381,8715,9370,8762,11253,7009,15496,7372,11442,6593,10292,10596,16781
,1:42:00,37,11798,12081,11237,17072,11278,14494,14779,12262,11161,10746,9031,13795,11202,10921,9635,8544,9887,12324,9074,11485,10324,18737,10947,12432,12056,12035,12442,12142,11755,12260,11193,12062,10607,10627,12809,16950,16751,6706,8385,7346,8323,13831,7782,11121,12668,11307,11987,12926,18356,12036,12944,18076,14589,15325,13882,16490,10236,7384,7408,8100,12659,8565,7599,11897,10214,8510,11060,10634,7787,16083,12554,18768,12463,16248,11856,18203,13415,15962,7900,12226,10731,12616,12727,10342,8765,9433,8836,11355,7056,15440,7453,11314,6522,10171,10546,16850
,1:45:00,37,11725,12191,11257,17261,11308,14562,14771,12294,10990,10672,9017,13896,11236,10902,9445,8373,9760,12385,8961,11513,10203,18583,10933,12486,12046,12031,12408,12092,11747,12195,11225,12097,10531,10576,12831,17047,16974,6626,8356,7329,8255,13841,7709,11001,12758,11296,12011,13001,18555,12103,13015,18104,14612,15424,13750,16403,10043,7353,7354,8040,12554,8592,7559,11936,10218,8487,11021,10573,7711,16298,12667,18875,12429,16324,11861,18255,13392,15814,7862,12160,10683,12552,12684,10372,8676,9437,8940,11337,7099,15489,7457,11313,6492,10027,10432,16982
,1:48:00,37,11859,12168,11313,17414,11337,14702,14947,12260,11080,10600,8905,13863,11322,10939,9127,8274,9586,12368,8830,11461,10247,18727,10971,12468,12168,12107,12432,12158,11665,12200,11147,12061,10549,10564,12797,16983,17012,6592,8381,7282,8223,13896,7661,10996,12892,11293,12042,12941,18632,12114,12998,18221,14658,15298,13705,16407,9943,7350,7444,8041,12485,8698,7486,11946,10317,8531,11043,10526,7642,16307,12624,18974,12448,16518,11805,18231,13459,15776,7713,12072,10644,12528,12771,10384,8686,9548,8977,11502,7077,15592,7507,11366,6420,9915,10380,17063
,1:51:00,37,11868,12144,11310,17424,11188,14661,14939,12326,11169,10495,8876,13992,11219,10879,8809,8113,9415,12245,8789,11436,10215,18789,10957,12490,12154,12128,12345,12119,11642,12218,11111,12169,10473,10484,12830,16847,17120,6513,8453,7297,8240,13941,7688,10953,12896,11255,12061,13054,18790,12081,13051,18297,14583,15270,13675,16290,9886,7255,7424,8016,12492,8820,7447,12012,10468,8695,11107,10570,7634,16443,12635,19142,12513,16525,11852,18359,13445,15754,7658,12081,10574,12600,12819,10470,8635,9553,9004,11595,7123,15642,7537,11304,6445,9829,10260,17209
,1:54:00,37,11828,12228,11342,17634,11327,14587,15011,12270,11094,10467,8830,13986,11197,10804,8516,7966,9278,12387,8703,11397,10208,18875,10933,12469,12107,12091,12467,12178,11715,12190,10988,12052,10388,10273,12826,16677,17213,6488,8434,7164,8171,13927,7669,10949,12946,11260,12097,13122,18873,12089,13149,18436,14636,15185,13728,16187,9721,7227,7371,7974,12425,8898,7399,12129,10459,8709,11152,10555,7589,16536,12757,19204,12505,16642,11776,18416,13495,15565,7628,11955,10531,12484,12781,10420,8644,9602,9088,11723,7196,15661,7622,11281,6462,9656,10217,17400
,1:57:00,37,11804,12124,11301,17713,11294,14697,15073,12367,11102,10348,8718,14036,11130,10815,8317,7875,9141,12302,8643,11429,10184,18736,10942,12478,12162,12082,12486,12056,11694,12243,10915,12087,10295,10223,12873,16539,17253,6453,8447,7187,8050,13932,7639,10909,13028,11214,12091,13014,18980,12136,13142,18575,14645,15047,13528,15994,9591,7143,7401,7993,12281,8891,7391,12097,10515,8811,11182,10491,7536,16563,12689,19279,12547,16609,11780,18393,13367,15399,7503,11932,10483,12576,12840,10512,8585,9717,9207,11698,7141,15782,7656,11325,6382,9542,10177,17257
,2:00:00,37,11894,12258,11230,17732,11306,14676,15045,12326,11165,10182,8597,14088,11257,10749,8132,7734,9071,12260,8538,11370,10191,18773,10953,12427,12139,12089,12468,12200,11655,12247,10993,12128,10257,10098,12923,16497,17396,6409,8427,7187,8117,13926,7637,10948,13106,11207,12094,12956,19130,12145,13161,18675,14580,14911,13403,15943,9582,7184,7385,7918,12301,8971,7423,12252,10634,8846,11268,10550,7508,16683,12760,19286,12490,16744,11760,18538,13453,15258,7478,11850,10497,12621,12960,10535,8531,9753,9331,11816,7174,15923,7655,11333,6419,9460,10043,17457
,,,,,,,,,,,,,,,,,,,,,,,,,,,,,,,,,,,,,,,,,,,,,,,,,,,,,,,,,,,,,,,,,,,,,,,,,,,,,,,,,,,,,,,,,,,,,,,,,,
"485,528",,,,,,,,,,,,,,,,,,,,,,,,,,,,,,,,,,,,,,,,,,,,,,,,,,,,,,,,,,,,,,,,,,,,,,,,,,,,,,,,,,,,,,,,,,,,,,,,,,
,,,,,,,,,,,,,,,,,,,,,,,,,,,,,,,,,,,,,,,,,,,,,,,,,,,,,,,,,,,,,,,,,,,,,,,,,,,,,,,,,,,,,,,,,,,,,,,,,,
,Time,"T° 485,528",E1,E2,E3,E4,E5,E6,E7,E8,E9,E10,E11,E12,E13,E14,E15,E16,E17,E18,E19,E20,E21,E22,E23,E24,F1,F2,F3,F4,F5,F6,F7,F8,F9,F10,F11,F12,F13,F14,F15,F16,F17,F18,F19,F20,F21,F22,F23,F24,G1,G2,G3,G4,G5,G6,G7,G8,G9,G10,G11,G12,G13,G14,G15,G16,G17,G18,G19,G20,G21,G22,G23,G24,H1,H2,H3,H4,H5,H6,H7,H8,H9,H10,H11,H12,H13,H14,H15,H16,H17,H18,H19,H20,H21,H22,H23,H24
,0:00:00,37,10814,11269,10919,11827,11935,12223,13529,12450,11797,12427,12406,12499,12515,12673,12501,12818,12270,12879,12800,13280,12529,12798,12838,13350,10868,11302,11394,11935,12059,12036,11798,12161,11900,12742,12377,12436,12531,14800,12486,14541,12385,13068,12692,13052,12967,14436,13052,13219,11452,11815,11102,11731,12079,12068,12095,13453,12064,12410,12641,13130,12476,12892,13510,13253,12745,12829,12913,13009,12977,12887,13177,13288,11267,11378,11691,12159,12206,12113,12342,12343,13844,12578,12680,12954,12705,12582,13077,12690,12996,12956,13257,13402,12942,13261,13428,13690
,0:03:00,37,12059,12381,11977,12659,12842,12881,15021,13277,12505,13070,12902,12948,12969,13131,12950,13141,12634,13231,13174,13640,12899,13046,13075,13483,11919,12276,12248,12800,12652,12854,12560,12698,12568,13605,12941,12894,12897,16473,12986,15829,12633,13337,13033,13441,13244,15478,13370,13435,12443,12908,12012,12584,12803,12823,12781,14851,12808,13153,13271,14057,12890,13517,14218,13942,13149,13319,13263,13425,13191,13148,13554,13416,12276,12114,12449,12705,13026,12835,12951,12979,14944,13216,13187,13240,13071,13048,13440,13120,13296,13300,13454,14000,13274,13647,13668,14070
,0:06:00,37.1,12350,12908,12325,13030,13078,13194,15928,13834,12680,13240,13120,13042,13092,13204,13096,13293,12735,13360,13314,13974,12978,13018,13056,13577,12306,12623,12456,13193,12911,13112,12695,12902,12605,13989,13066,13077,13112,17894,12928,16772,12768,13426,13108,13811,13245,16463,13303,13377,12681,13496,12308,12934,12951,13294,12897,16001,12938,13327,13537,14786,12951,13870,14439,14550,13304,13542,13350,13531,13223,13124,13533,13318,12509,12544,12785,12995,13279,13008,13301,13282,15808,13394,13424,13308,13155,13165,13537,13198,13405,13441,13585,14287,13305,14010,13739,14247
,0:09:00,37,12474,13268,12504,13131,13189,13442,16772,14471,12682,13417,13040,13114,13028,13327,13023,13354,12719,13608,13287,14107,12945,13062,13055,13721,12346,12873,12687,13544,12969,13396,12894,12979,12625,14488,13136,13111,12971,19313,12978,17816,12770,13430,13137,14013,13404,17515,13266,13343,12768,14108,12273,13218,13134,13683,12976,17368,13069,13526,13731,15507,13010,14135,14816,15016,13433,13742,13388,13608,13254,13207,13591,13382,12542,12712,12833,13274,13448,13097,13473,13548,16769,13571,13493,13314,13195,13121,13544,13271,13395,13454,13516,14557,13192,14333,13892,14575
,0:12:00,37,12532,13578,12593,13363,13355,13668,17751,14776,12905,13643,13091,13102,13121,13418,13024,13396,12632,13633,13326,14312,13034,13021,13015,13642,12445,12986,12766,13907,12998,13571,12931,13085,12655,14902,13192,13248,13004,20464,13102,18860,12750,13499,13163,14335,13373,18531,13258,13338,12922,14640,12342,13455,13223,13876,13267,18475,13142,13642,13939,16168,13062,14497,15009,15627,13521,14003,13367,13703,13252,13170,13576,13322,12508,12636,12908,13347,13612,13174,13727,13803,17520,13714,13682,13361,13202,13200,13492,13287,13239,13566,13485,14979,13291,14667,13973,14939
,0:15:00,37,12583,13976,12703,13585,13447,13907,18456,15260,12864,13875,13100,13091,13050,13481,13087,13541,12676,13713,13287,14592,13062,12921,13025,13851,12481,13141,12794,14193,13212,13688,12862,13086,12697,15357,13251,13341,13091,21416,13001,19662,12723,13576,13170,14719,13523,19433,13255,13352,12939,15115,12368,13595,13250,14233,13201,19262,13253,13844,14165,16907,13059,14841,15416,16093,13754,14186,13368,13884,13215,13210,13714,13311,12541,12748,12957,13316,13687,13285,13820,14153,18284,13898,13622,13263,13200,13260,13448,13364,13309,13394,13568,15239,13249,14916,13960,15236
,0:18:00,37,12511,14271,12757,13833,13528,14034,18952,15740,12889,14026,13108,13204,13091,13564,12997,13569,12616,13874,13285,14798,12938,12950,13034,13980,12464,13220,12844,14464,13192,14051,12979,13137,12752,15713,13315,13552,13060,21946,13032,20377,12702,13631,13179,15075,13487,20149,13206,13417,12907,15508,12440,13927,13304,14582,13089,20264,13179,13958,14383,17576,13099,15153,15908,16699,13838,14306,13430,14046,13200,13149,13781,13419,12544,12718,12935,13470,13697,13234,14070,14346,19049,13959,13691,13333,13305,13261,13438,13344,13162,13424,13477,15671,13120,15262,14024,15709
,0:21:00,37,12445,14456,12648,13964,13550,14207,19453,16193,12958,14127,13141,13078,13105,13809,12983,13746,12533,13863,13358,14981,12807,12858,12940,13940,12430,13201,12906,14660,13224,14185,12946,13253,12755,16094,13374,13632,13003,22297,13028,20880,12703,13555,13054,15136,13448,20527,13154,13321,12924,16026,12387,14100,13307,14758,13400,20733,13265,14310,14549,18223,13031,15499,16142,17238,14045,14400,13427,14102,13170,13189,13786,13384,12574,12601,12846,13613,13805,13278,14232,14621,19342,14067,13811,13286,13319,13248,13413,13350,13160,13404,13485,15920,12896,15496,14052,15879
,0:24:00,37,12517,14824,12715,14150,13370,14299,19848,16457,12913,14374,13092,13119,13163,13812,12972,13727,12565,14035,13087,14988,12750,12700,12857,14203,12413,13330,12835,14936,13274,14361,12948,13296,12625,16478,13264,13522,13077,22299,12961,21210,12708,13559,12990,15489,13310,20846,12910,13454,12970,16441,12399,14249,13363,15142,13260,21103,13266,14432,14741,18689,13090,15688,16494,17384,14192,14454,13315,14142,13122,13087,13701,13408,12512,12743,12941,13722,13752,13350,14352,14820,19732,14162,13763,13288,13282,13125,13444,13337,13088,13258,13361,16216,12839,15683,14183,16307
,0:27:00,37,12395,15036,12765,14313,13422,14416,20291,16777,12878,14359,12935,12953,12981,13835,12880,13625,12282,13993,12902,15060,12477,12645,12718,14220,12388,13374,12812,15118,13170,14411,12820,13274,12551,16573,13089,13596,12895,22226,12837,21314,12555,13430,12909,15492,13263,20936,12774,13411,13066,16824,12411,14169,13292,15281,13262,21504,13134,14386,14764,18832,12913,15689,16652,17678,14256,14369,13254,14094,12796,12898,13611,13425,12533,12757,12897,13798,13754,13234,14469,14850,20123,14178,13450,13195,13195,13028,13268,13157,12946,13090,13189,16267,12619,15879,14178,16473
,0:30:00,37,12480,15255,12718,14373,13359,14479,20395,16942,12910,14422,12876,12779,12971,13710,12795,13457,12095,13891,12669,15129,12425,12329,12566,14133,12419,13461,12935,15303,13194,14493,12751,13172,12523,16722,13032,13412,12653,21759,12726,21180,12443,13250,12524,15596,13072,20657,12565,13344,13129,17033,12350,14355,13086,15331,13119,21618,12964,14548,14683,19094,12783,15740,16848,17669,14289,14447,13038,13913,12658,12848,13427,13384,12478,12717,12880,13935,13808,13177,14607,14940,20249,14151,13487,13057,13121,12762,13211,13054,12841,12886,12971,16281,12434,15941,14129,16705
,0:33:00,37,12530,15619,12786,14468,13343,14590,20529,17242,12715,14353,12714,12544,12763,13667,12512,13320,11872,13784,12216,14995,12010,12284,12516,14325,12338,13533,12890,15411,13109,14461,12587,13119,12407,16685,12798,13281,12510,21081,12525,20691,12288,13120,12344,15722,12842,20741,12426,13251,13142,17372,12298,14420,13033,15604,12984,21498,13000,14670,14768,19113,12639,15574,16824,17504,14241,14217,12880,13744,12491,12668,13433,13306,12634,12727,12904,13942,13736,13078,14464,15016,20284,13938,13228,12841,12985,12458,12941,12867,12671,12534,12729,16241,12246,16082,14213,16856
,0:36:00,37,12463,15719,12915,14742,13370,14682,20650,17343,12648,14259,12588,12155,12623,13499,12260,12968,11435,13594,11823,14776,11649,12046,12435,14336,12438,13616,12859,15623,13040,14435,12512,12999,12256,16624,12574,12875,12283,20116,12358,20056,11906,12864,12078,15679,12631,20476,12331,13269,13228,17723,12326,14449,12989,15623,12938,21630,12668,14486,14739,19093,12453,15443,16698,17343,14158,13896,12628,13702,12250,12598,13229,13355,12563,12687,12895,13990,13800,12976,14533,15214,20450,13928,13036,12611,12826,11791,12730,12418,12411,12227,12578,16197,12058,16058,14085,17105
,0:39:00,36.9,12441,16044,12858,14752,13300,14766,20571,17471,12523,14150,12385,11577,12363,13393,11928,12640,10885,13322,11314,14504,11353,11890,12253,14466,12358,13689,12878,15760,13012,14520,12427,12903,12114,16423,12286,12458,11916,18963,12207,19082,11786,12512,11776,15531,12320,20328,12251,13368,13282,18030,12345,14661,12947,15655,13001,21618,12604,14598,14571,18746,12137,14928,16664,16849,13994,13344,12294,13509,11935,12502,13298,13368,12581,12740,12832,14181,13798,12986,14468,15299,20217,13737,12941,12308,12629,11138,12441,11958,12188,11614,12220,16034,11690,16129,14100,17553
,0:42:00,37,12529,16168,12840,14902,13301,14756,20525,17626,12437,13981,12172,10967,12200,13006,11441,12090,10268,13031,10737,14135,10922,11707,12041,14515,12340,13800,12832,15924,12970,14432,12254,12728,11927,16180,11963,11858,11431,17706,11904,18078,11459,12052,11480,15364,11954,20105,12085,13299,13309,18228,12322,14626,12841,15784,12764,21315,12491,14478,14191,18342,11773,14484,16222,16205,13722,12797,11799,13264,11603,12278,13312,13417,12458,12724,12890,14270,13779,12836,14412,15207,20141,13588,12599,11866,12442,10435,12067,11502,11924,11098,11781,15814,11373,16158,14212,18002
,0:45:00,37,12449,16393,12910,15033,13249,14894,20336,17558,12226,13487,11922,10438,11919,12645,10964,11417,9681,12513,10193,13633,10368,11319,11996,14568,12418,13785,12830,16070,12886,14400,12270,12317,11823,15722,11509,11250,10954,16554,11612,17022,11073,11561,10992,15061,11619,19684,11954,13268,13341,18529,12309,14833,12838,15792,12630,21244,12258,14261,13796,17557,11277,13759,15730,15552,13300,12162,11258,13076,11140,12155,13198,13596,12592,12700,12898,14343,13831,12758,14195,15285,19777,13297,12007,11446,12001,9750,11457,10797,11471,10450,11415,15288,11001,16154,14142,18150
,0:48:00,37,12522,16600,12880,15143,13215,14977,20036,17414,12072,13129,11662,9862,11594,12204,10443,10874,9036,11914,9577,13237,9967,11132,11757,14670,12397,13834,12845,16288,12779,14276,12007,12160,11505,15168,10988,10730,10440,15425,11262,15973,10647,11052,10520,14667,11085,19220,11839,13392,13413,18627,12229,14855,12777,15660,12527,21181,11921,14133,13320,17012,10770,13163,15233,14780,12854,11585,10776,12538,10727,11902,13106,13680,12533,12633,12858,14317,13812,12607,14014,15173,19321,13007,11591,10880,11579,9157,10969,10205,11047,9926,10868,14942,10611,15971,14208,18402
,0:51:00,37,12466,16763,12930,15116,13159,14956,19724,17312,11768,12767,11182,9340,11269,11835,10035,10376,8484,11506,9118,12793,9482,10854,11645,14724,12333,13989,12945,16243,12719,14083,11839,11817,11318,14703,10513,10247,9933,14670,10854,15159,10110,10561,9934,14288,10693,18870,11569,13517,13372,18808,12207,14895,12756,15935,12407,20841,11747,13841,12794,16233,10338,12598,14605,14156,12385,10995,10225,12150,10350,11677,13078,13869,12458,12697,12875,14455,13827,12586,13772,14999,18708,12615,11069,10383,11122,8744,10417,9708,10581,9341,10401,14463,10173,15840,14193,18543
,0:54:00,37,12467,16994,12996,15215,13106,15036,19694,17111,11565,12415,10899,8887,10815,11364,9499,9877,8099,11023,8677,12272,9003,10509,11507,14930,12425,14048,12964,16401,12685,14071,11839,11590,11057,14283,10149,9843,9500,14086,10480,14464,9687,10035,9547,13790,10356,18423,11482,13589,13438,19112,12213,15002,12709,15930,12329,20963,11450,13466,12299,15576,9852,12096,13989,13587,11994,10521,9769,11909,9923,11477,13057,13970,12549,12755,12868,14517,13892,12453,13634,15012,18139,12336,10739,9945,10831,8373,9986,9254,10102,8862,9883,13938,9829,15740,14308,18873
,0:57:00,37,12457,17188,12975,15370,13095,15073,19252,16873,11327,11945,10510,8555,10466,11008,9025,9473,7744,10575,8308,11850,8651,10271,11356,15069,12425,14220,13017,16452,12638,13887,11515,11343,10816,13875,9743,9602,9123,13649,10189,13959,9261,9669,9050,13458,9979,17919,11265,13575,13577,19152,12194,15079,12690,15852,12307,20747,11154,13259,11900,14894,9418,11662,13405,13143,11504,10227,9289,11422,9545,11205,13107,14066,12555,12612,12903,14654,13788,12455,13517,14867,17528,11914,10350,9542,10346,8120,9448,8822,9615,8476,9448,13533,9429,15565,14350,19283
,1:00:00,37,12485,17424,12986,15557,13064,15036,18812,16771,11155,11604,10147,8298,10140,10653,8619,9163,7480,10191,8040,11354,8382,9973,11292,15112,12404,14224,13001,16504,12612,13655,11326,11179,10601,13433,9360,9352,8745,13280,9673,13483,8918,9273,8602,13104,9553,17594,11108,13684,13557,19388,12243,15084,12591,15866,11994,20449,10885,13000,11417,14417,9005,11269,13004,12600,11161,10025,8974,11110,9181,10992,13051,14200,12571,12709,12810,14763,13811,12276,13150,14744,17132,11647,9830,9254,9948,7941,9037,8530,9226,8146,9084,13141,9066,15286,14372,19421
,1:03:00,37,12464,17488,13124,15619,12935,15074,18536,16433,10827,11273,9851,8044,9785,10241,8310,8985,7315,9795,7762,11081,8057,9716,11122,15218,12385,14335,12911,16639,12523,13483,11189,10918,10295,13167,8986,9203,8378,12959,9334,13160,8582,8991,8269,12741,9257,17045,10873,13682,13606,19596,12171,15264,12578,15827,11822,20341,10590,12552,11101,13905,8731,11065,12594,12439,10859,9815,8629,10708,8819,10717,12953,14189,12553,12680,12873,14825,13781,12193,12913,14541,16560,11266,9460,8841,9609,7821,8719,8311,8795,7968,8686,12643,8745,14999,14436,19492
,1:06:00,37,12469,17635,13096,15666,12895,15114,18160,16230,10500,10967,9548,7863,9369,9985,8010,8772,7098,9479,7526,10774,7764,9442,11000,15281,12355,14374,12924,16660,12376,13359,10884,10626,10045,12780,8631,9035,8116,12808,8971,12920,8209,8703,7959,12419,8951,16635,10781,13742,13592,19675,12089,15221,12489,15630,11626,20060,10201,12364,10846,13435,8393,10821,12226,12128,10523,9730,8283,10427,8502,10483,12942,14215,12516,12634,12804,14795,13688,12062,12727,14330,15908,10980,9197,8571,9261,7671,8366,8058,8445,7756,8364,12334,8362,14697,14464,19695
,1:09:00,37,12395,17833,13089,15704,12754,14928,17615,15800,10199,10732,9222,7752,9080,9694,7720,8607,6980,9343,7370,10530,7500,9146,10784,15366,12297,14423,12914,16763,12352,13127,10673,10411,9806,12511,8350,9002,7892,12682,8595,12804,7914,8543,7673,12151,8673,16123,10568,13727,13666,19765,12035,15269,12390,15691,11296,19811,9943,11975,10531,13118,8155,10664,11971,11888,10294,9566,8068,10054,8224,10195,12871,14170,12505,12701,12780,14931,13697,11892,12387,14160,15480,10661,8858,8311,8979,7595,8039,7966,8119,7604,8048,11988,8097,14466,14388,19813
,1:12:00,37,12463,17892,13109,15716,12619,14971,17259,15622,9915,10484,8971,7641,8830,9557,7518,8491,6899,9196,7239,10372,7313,8881,10644,15550,12328,14444,13005,16613,12193,12899,10548,10176,9532,12224,8099,8943,7721,12571,8347,12654,7747,8406,7463,11804,8473,15490,10307,13803,13717,19951,12029,15219,12329,15487,11161,19526,9656,11694,10374,12949,7935,10550,11737,11823,10045,9593,7915,9861,7898,9899,12751,14268,12447,12620,12867,15039,13646,11704,12214,13999,15027,10429,8682,8142,8755,7557,7847,7879,7942,7477,7842,11726,7750,14195,14312,19846
,1:15:00,37,12414,18046,13085,15864,12652,14924,16958,15341,9627,10321,8772,7590,8577,9379,7386,8515,6871,9008,7172,10218,7167,8600,10490,15621,12381,14553,13016,16839,12233,12807,10270,10061,9316,12155,7920,8946,7572,12594,8135,12568,7504,8252,7289,11567,8216,15161,10242,13869,13715,20053,12093,15299,12356,15330,11028,19469,9414,11422,10286,12704,7761,10582,11595,11759,10046,9542,7734,9680,7743,9715,12708,14337,12449,12620,12821,15123,13692,11654,12063,13802,14629,10271,8521,7999,8527,7514,7704,7824,7732,7395,7634,11520,7580,13967,14428,20154
,1:18:00,37.1,12426,18158,13110,16008,12581,14848,16557,15162,9451,10187,8627,7536,8332,9239,7274,8457,6823,8966,7068,10112,7049,8371,10367,15711,12334,14607,12869,16870,12148,12675,10115,9889,9111,12034,7726,8852,7493,12583,7867,12517,7417,8150,7182,11455,8018,14761,9978,13950,13780,20092,12027,15322,12283,15275,10756,19094,9216,11209,10132,12497,7667,10528,11405,11684,9909,9630,7682,9527,7498,9446,12579,14417,12454,12660,12810,15184,13616,11528,11847,13622,14320,10015,8291,7911,8411,7540,7572,7781,7571,7347,7554,11353,7427,13818,14444,20215
,1:21:00,37,12414,18385,13222,16034,12429,14763,16319,14965,9229,10075,8454,7542,8154,9155,7194,8415,6822,8971,7034,10054,6933,8208,10325,15834,12312,14684,13041,16884,11988,12647,9938,9792,8967,11957,7623,8920,7448,12557,7679,12572,7316,8197,7057,11264,7975,14497,9886,14036,13840,20253,11972,15416,12288,15246,10581,19293,9019,10976,10102,12436,7559,10546,11393,11661,9834,9664,7621,9464,7333,9256,12515,14498,12518,12626,12812,15303,13701,11360,11754,13590,14098,9914,8297,7869,8275,7523,7410,7741,7396,7343,7442,11320,7253,13513,14428,20321
,1:24:00,37,12431,18497,13247,16207,12358,14735,16046,14736,9012,10034,8308,7547,8013,9104,7152,8486,6818,8848,7043,9988,6817,8079,10162,15928,12394,14832,13063,16900,12048,12390,9795,9719,8810,11976,7515,9013,7366,12616,7637,12511,7234,8135,6942,11197,7888,14168,9818,14092,13900,20325,12008,15495,12155,15060,10480,19065,8808,10934,10104,12367,7478,10664,11410,11638,9805,9744,7567,9325,7252,9121,12475,14586,12510,12603,12801,15358,13525,11232,11616,13406,13790,9854,8174,7794,8098,7567,7379,7805,7285,7353,7383,11186,7157,13285,14417,20688
,1:27:00,37,12403,18583,13182,16167,12246,14707,15760,14553,8825,9983,8179,7482,7857,9030,7089,8522,6825,8901,7025,10003,6784,7809,10033,16031,12337,14814,12986,16901,11842,12233,9585,9598,8640,11897,7453,8967,7292,12585,7448,12516,7134,8111,6846,11090,7778,13863,9683,14182,13946,20321,11996,15514,12019,15023,10246,18857,8609,10795,10139,12314,7424,10615,11376,11630,9792,9804,7587,9273,7144,8952,12490,14681,12508,12626,12809,15465,13578,11093,11507,13174,13582,9755,8129,7681,8076,7583,7325,7810,7241,7343,7287,11053,7031,13103,14430,20677
,1:30:00,37,12439,18731,13309,16226,12249,14590,15561,14262,8592,9958,8072,7455,7742,9056,7010,8589,6830,8971,6962,9993,6708,7668,9933,16052,12405,14925,13012,16930,11713,12181,9413,9586,8499,11831,7373,9055,7260,12667,7354,12540,7088,8099,6872,10952,7749,13525,9505,14250,13983,20497,11949,15471,12047,14900,10003,18677,8497,10508,10114,12211,7358,10673,11326,11707,9695,9896,7527,9222,7031,8766,12402,14728,12475,12732,12808,15524,13626,10950,11301,13052,13540,9680,8016,7665,8003,7623,7220,7856,7182,7302,7213,11064,6949,12837,14468,20663
,1:33:00,37,12373,18726,13269,16355,12107,14510,15279,14133,8394,9899,8009,7464,7627,9033,7000,8554,6892,8876,6987,9957,6644,7508,9715,16097,12366,14991,13075,17002,11632,12148,9211,9462,8388,11816,7352,9164,7197,12619,7228,12621,7019,8133,6768,10954,7628,13189,9382,14316,14012,20512,11916,15567,11940,14693,9923,18662,8360,10511,10127,12321,7376,10804,11348,11752,9796,9938,7553,9066,7020,8640,12408,14759,12469,12594,12824,15634,13470,10873,11267,12888,13253,9582,8001,7580,8003,7606,7170,7821,7123,7306,7171,11070,6822,12694,14458,20951
,1:36:00,37,12398,18918,13332,16410,11999,14371,15022,13956,8283,9960,7823,7470,7534,9028,7014,8664,6853,8967,6971,10004,6624,7378,9605,16290,12355,15014,13118,17016,11494,11954,9011,9353,8239,11816,7302,9148,7182,12734,7124,12598,7003,8165,6740,10942,7576,13020,9231,14311,14056,20627,12057,15579,11893,14569,9738,18338,8281,10362,10119,12158,7317,10828,11329,11793,9729,10050,7480,9089,6922,8403,12350,14855,12523,12608,12837,15669,13385,10697,11176,12715,13016,9541,7983,7563,7921,7609,7160,7881,7124,7367,7169,10981,6744,12462,14513,20959
,1:39:00,37,12416,19007,13398,16476,11975,14194,14824,13789,8116,9915,7773,7510,7475,9061,6978,8712,6904,8929,7045,10041,6622,7289,9495,16305,12392,15134,13038,16998,11420,11862,8906,9317,8155,11776,7289,9228,7135,12674,7105,12689,6942,8155,6804,10877,7581,12700,9137,14436,14096,20664,11944,15644,11838,14473,9525,18213,8038,10214,10191,12296,7279,10951,11446,11795,9763,10163,7554,9066,6865,8319,12169,14906,12448,12699,12890,15801,13404,10517,10985,12590,12985,9506,8012,7587,7859,7632,7173,7959,7073,7350,7145,11024,6698,12248,14435,21020
,1:42:00,37,12517,19141,13388,16598,11901,14084,14621,13640,7990,9996,7755,7550,7432,9045,6967,8770,6942,9032,6988,10074,6632,7122,9339,16441,12312,15197,13236,16966,11347,11715,8724,9256,8040,11799,7254,9328,7158,12684,7060,12733,6987,8163,6753,10862,7577,12497,8999,14489,14146,20881,11955,15585,11678,14257,9507,18145,7944,10287,10242,12214,7259,10983,11492,11959,9849,10223,7543,9072,6812,8203,12168,14861,12471,12570,12839,15787,13278,10450,11013,12491,12816,9435,8029,7556,7845,7718,7176,7973,7083,7424,7138,10933,6642,11944,14465,21292
,1:45:00,37,12479,19226,13402,16596,11821,14076,14510,13508,7919,9984,7722,7600,7371,9064,7027,8894,6990,9036,7024,10189,6643,7039,9262,16528,12390,15295,13139,17094,11335,11598,8639,9242,8002,11881,7257,9312,7118,12759,7028,12755,7000,8239,6721,10856,7608,12269,8889,14559,14202,20751,11907,15621,11751,14255,9240,18067,7930,10190,10247,12289,7254,11079,11435,11958,9823,10382,7537,9023,6755,8081,12222,14986,12438,12701,12889,15909,13367,10289,10940,12392,12744,9510,8002,7515,7871,7706,7145,8012,6992,7412,7141,11104,6626,11856,14477,21331
,1:48:00,37,12503,19355,13540,16721,11702,14026,14295,13449,7796,9967,7707,7576,7351,9115,7010,9005,6967,9161,7038,10232,6553,6972,9127,16722,12356,15279,13189,17099,11143,11596,8513,9157,7892,11913,7251,9411,7154,12884,7029,12752,6979,8285,6739,10907,7609,12133,8857,14676,14206,20808,11944,15667,11672,14186,9156,17997,7853,10145,10375,12227,7247,11156,11522,12017,9911,10438,7554,9027,6830,7991,12013,15154,12555,12629,12839,15979,13274,10154,10895,12305,12761,9497,7989,7562,7865,7742,7141,8062,7051,7453,7226,11102,6601,11710,14548,21358
,1:51:00,37,12451,19437,13517,16743,11687,13903,14289,13296,7710,10040,7675,7620,7284,9165,7042,9015,7016,9179,7115,10326,6593,6850,9032,16799,12415,15406,13246,17141,11052,11572,8364,9148,7821,11956,7250,9498,7188,12959,6944,12815,6984,8302,6815,10947,7575,11960,8721,14663,14211,20902,11897,15672,11560,14046,9087,18027,7831,10174,10413,12339,7289,11269,11648,12097,9957,10558,7652,9058,6733,7980,11904,15145,12442,12636,12838,16044,13285,10106,10827,12170,12680,9496,8100,7557,7863,7778,7197,8069,7064,7517,7259,11115,6557,11539,14509,21545
,1:54:00,37,12561,19468,13574,16857,11628,13869,14034,13265,7645,10051,7650,7685,7238,9172,7049,9068,7053,9286,7129,10337,6608,6836,8923,16966,12450,15468,13222,17069,11040,11484,8242,9213,7793,11978,7241,9548,7136,12888,6940,12911,6959,8377,6829,10949,7663,11816,8644,14657,14269,21118,11921,15638,11419,13952,8880,17802,7785,10189,10484,12360,7345,11371,11783,12104,10038,10633,7706,9134,6769,7892,11934,15193,12522,12716,12894,16162,13197,9996,10771,12052,12650,9460,8027,7568,7878,7823,7183,8221,7104,7594,7254,11131,6570,11440,14386,21530
,1:57:00,37,12438,19680,13600,16907,11555,13655,13881,13147,7588,10087,7621,7688,7227,9182,7074,9177,7002,9343,7089,10508,6595,6723,8860,16866,12376,15548,13208,17115,10900,11360,8163,9194,7798,11922,7238,9657,7129,13029,6971,13005,6980,8422,6846,11022,7711,11667,8511,14788,14293,21012,11971,15725,11330,13797,8836,17731,7723,10106,10495,12418,7328,11505,11804,12114,10095,10821,7742,9167,6706,7827,11815,15237,12510,12689,12911,16182,13218,9860,10760,12059,12539,9500,8021,7575,7877,7820,7233,8274,7020,7633,7286,11162,6547,11369,14484,21600
,2:00:00,37,12452,19619,13585,16972,11435,13572,13835,13031,7442,10135,7576,7729,7186,9261,7121,9251,7120,9444,7245,10551,6634,6661,8707,17079,12390,15572,13375,17111,10837,11347,8067,9125,7703,11965,7208,9699,7112,12951,6930,12972,6942,8510,6832,11009,7626,11572,8508,14820,14341,21102,11857,15636,11256,13594,8746,17619,7713,10148,10646,12411,7336,11561,11887,12222,10161,10889,7757,9195,6733,7713,11754,15321,12512,12656,12858,16215,13149,9733,10766,11980,12506,9540,8147,7583,7950,7885,7223,8298,7112,7649,7297,11277,6549,11187,14406,21707
,,,,,,,,,,,,,,,,,,,,,,,,,,,,,,,,,,,,,,,,,,,,,,,,,,,,,,,,,,,,,,,,,,,,,,,,,,,,,,,,,,,,,,,,,,,,,,,,,,
"485,528",,,,,,,,,,,,,,,,,,,,,,,,,,,,,,,,,,,,,,,,,,,,,,,,,,,,,,,,,,,,,,,,,,,,,,,,,,,,,,,,,,,,,,,,,,,,,,,,,,
,,,,,,,,,,,,,,,,,,,,,,,,,,,,,,,,,,,,,,,,,,,,,,,,,,,,,,,,,,,,,,,,,,,,,,,,,,,,,,,,,,,,,,,,,,,,,,,,,,
,Time,"T° 485,528",I1,I2,I3,I4,I5,I6,I7,I8,I9,I10,I11,I12,I13,I14,I15,I16,I17,I18,I19,I20,I21,I22,I23,I24,J1,J2,J3,J4,J5,J6,J7,J8,J9,J10,J11,J12,J13,J14,J15,J16,J17,J18,J19,J20,J21,J22,J23,J24,K1,K2,K3,K4,K5,K6,K7,K8,K9,K10,K11,K12,K13,K14,K15,K16,K17,K18,K19,K20,K21,K22,K23,K24,L1,L2,L3,L4,L5,L6,L7,L8,L9,L10,L11,L12,L13,L14,L15,L16,L17,L18,L19,L20,L21,L22,L23,L24
,0:00:00,37,11719,11744,11433,12672,12421,12687,12309,12461,12415,12669,13112,13191,12668,12947,12936,13104,12811,13165,13087,13229,13915,13226,13379,13719,11271,11708,11657,12203,12249,12298,12294,12325,12371,12670,12625,13065,12892,13057,13118,12959,12848,13008,14191,13415,13283,13568,13294,13749,11719,11368,11733,12099,12581,12358,12629,12369,12523,12764,12950,13089,12923,12916,13317,12925,13065,12947,12978,13114,13587,13158,13424,13415,11366,11863,11697,12294,12475,12304,12384,12563,12458,12690,13074,12972,13231,13002,13348,13011,14018,13194,13000,13193,12977,13274,13150,13438
,0:03:00,37,12527,12757,12540,13695,13065,13527,13145,13126,13165,13282,13586,13655,13112,13381,13412,13503,13121,13371,13397,13540,14630,13575,13574,13879,12507,12737,12792,13069,13219,13178,13137,12998,12914,13226,13107,13519,13363,13585,13607,13299,13285,13407,15109,13793,13545,13927,13489,13887,12719,12391,12644,12931,13304,13132,13273,12964,13089,13276,13636,13642,13323,13434,13675,13297,13464,13205,13385,13476,13870,13594,13562,13578,12263,12820,12695,12997,13054,13217,13103,13182,13139,13223,13446,13451,13809,13576,13672,13362,14901,13475,13366,13561,13267,13431,13485,13542
,0:06:00,37.1,12756,13074,12762,14368,13419,14081,13320,13385,13397,13301,13935,13724,13333,13437,13468,13538,13112,13568,13593,13548,15292,13713,13862,13898,12955,13273,13124,13324,13642,13470,13274,13256,13167,13423,13294,13659,13454,14025,13760,13328,13262,13551,15961,13843,13478,13905,13556,13781,13106,12724,12945,13234,13718,13432,13404,13078,13261,13412,13976,13806,13396,13578,13794,13513,13575,13207,13344,13592,13823,13752,13622,13506,12490,13096,12985,13235,13236,13495,13329,13365,13285,13369,13726,13654,14107,13823,13739,13442,15721,13537,13493,13488,13233,13487,13378,13486
,0:09:00,37,12874,13355,12938,15121,13478,14569,13420,13590,13517,13456,13980,13862,13556,13551,13490,13687,13201,13532,13655,13591,16037,13695,13870,13903,13231,13675,13398,13387,13943,13650,13346,13326,13131,13521,13378,13776,13460,14175,13925,13331,13434,13511,16866,13942,13553,13877,13698,13719,13311,12968,12995,13359,13955,13701,13459,13272,13251,13478,14318,14020,13471,13687,13827,13536,13714,13161,13333,13634,13835,13760,13557,13557,12685,13288,13005,13336,13306,13628,13320,13382,13401,13454,13670,13638,14529,14005,13710,13431,16850,13609,13603,13566,13171,13349,13374,13328
,0:12:00,37,12885,13511,13137,15719,13605,15088,13511,13860,13799,13373,14238,13881,13472,13602,13510,13793,13236,13646,13650,13541,16784,13835,14062,14043,13573,13920,13677,13463,14141,13790,13379,13375,13209,13633,13393,13890,13465,14562,14003,13261,13337,13493,17851,13990,13552,13964,13700,13733,13478,13069,13246,13561,14240,13929,13571,13378,13384,13680,14712,14114,13442,13733,13944,13692,13980,13167,13325,13674,13862,13851,13630,13660,12594,13439,13189,13544,13292,13758,13468,13469,13575,13505,13786,13688,14871,14293,13836,13527,17751,13422,13567,13454,13261,13287,13361,13239
,0:15:00,37,12975,13711,13219,16355,13629,15681,13497,14005,14049,13419,14625,13978,13634,13682,13515,13898,13164,13688,13748,13552,17603,13985,14199,14182,13840,14176,13895,13570,14484,13840,13407,13441,13288,13775,13399,13985,13489,14761,14167,13214,13322,13558,18773,14235,13621,13955,13788,13783,13760,13088,13310,13610,14384,14103,13597,13461,13376,13809,14930,14298,13562,13922,13981,13837,14080,13165,13270,13874,13824,13987,13579,13654,12617,13444,13228,13727,13321,13842,13431,13431,13683,13545,13852,13719,15087,14585,13872,13351,18769,13463,13694,13447,13153,13212,13215,13182
,0:18:00,37,13093,13786,13288,17115,13777,16157,13583,14286,14195,13469,14700,13927,13876,13683,13511,14010,13121,13676,13911,13603,18211,14152,14360,14385,14064,14308,14073,13577,14777,14023,13460,13431,13283,13822,13494,14108,13493,15005,14172,13305,13331,13499,19523,14280,13636,13886,13705,13911,13852,13126,13304,13675,14751,14337,13578,13533,13364,13721,15319,14540,13588,14044,14032,14027,14109,13087,13318,13921,13836,14079,13576,13790,12684,13420,13080,13753,13337,13959,13470,13500,13634,13448,13920,13466,15409,14583,14025,13387,19491,13477,13721,13405,13143,13203,13188,13130
,0:21:00,37,13083,13954,13266,17390,13858,16593,13414,14412,14434,13408,14892,13921,13888,13596,13417,14047,13126,13650,13800,13540,18766,14231,14417,14420,14372,14543,14194,13429,14989,14084,13321,13365,13410,13873,13478,14136,13626,15418,14299,13356,13493,13490,19982,14372,13488,13902,13734,13878,14137,13165,13316,13977,14842,14442,13618,13705,13267,13847,15784,14639,13646,14110,14101,14116,14419,13078,13292,14044,13792,14160,13480,13812,12700,13552,13082,13963,13364,13972,13474,13415,13699,13429,13931,13354,15721,14921,14077,13454,20076,13354,13761,13323,13239,13149,13136,13103
,0:24:00,37,13094,14183,13390,17886,13771,17037,13408,14447,14688,13335,15186,13891,14056,13483,13335,14084,13145,13673,13720,13331,19052,14313,14644,14464,14659,14686,14263,13417,15106,14008,13292,13293,13496,14012,13566,14193,13659,15449,14363,13237,13489,13465,20545,14343,13564,13898,13702,14006,14356,13261,13420,14021,14996,14675,13587,13869,13244,14001,15953,14815,13673,14101,14059,14202,14247,13165,13248,14115,13658,14219,13401,13957,12660,13642,13163,13950,13313,13965,13461,13472,13783,13328,14011,13527,15952,15115,14167,13399,20767,13336,13863,13435,13168,13129,13101,13134
,0:27:00,37,13139,14303,13448,18265,13850,17150,13379,14518,14721,13220,15178,13801,14224,13382,13157,14138,13078,13589,13723,13134,19310,14330,14633,14654,14899,14841,14467,13317,15259,14020,13277,13251,13555,14018,13487,14140,13566,15525,14359,13122,13456,13339,20881,14390,13394,13860,13771,14009,14692,13342,13467,14039,15174,14677,13420,13862,13133,14071,15996,14998,13651,14081,14047,14141,14440,13007,13051,14087,13610,14295,13342,14065,12607,13683,13160,14093,13281,14057,13391,13356,13933,13199,13938,13397,16339,15424,14392,13391,21219,13251,13963,13348,12960,13083,13142,13050
,0:30:00,37,13244,14440,13475,18678,13771,17512,13275,14670,14820,13133,15161,13662,14134,13237,13022,14006,13078,13516,13601,13011,19581,14412,14620,14671,15059,15120,14582,13282,15450,14031,13261,13206,13394,13992,13333,14199,13536,15701,14351,12962,13453,13216,20894,14301,13355,13728,13738,13934,14837,13353,13579,14282,15202,14736,13390,13961,13060,14086,16319,14991,13714,14122,13987,14133,14528,12938,12996,14079,13445,14368,13284,14040,12738,13841,13137,14363,13199,14060,13311,13346,13906,13278,13964,13346,16643,15583,14478,13297,21472,13166,13944,13196,12953,12951,13177,13073
,0:33:00,37,13313,14636,13577,19021,13770,17721,13311,14532,14948,13020,15238,13483,14128,13024,12691,13646,13012,13445,13204,12792,19477,14550,14759,14770,15412,15404,14765,13263,15590,14049,13157,13029,13427,13947,13243,14118,13512,15502,14414,12872,13391,13211,21073,14201,13272,13820,13775,14011,15067,13429,13681,14325,15388,14900,13334,13978,12925,14031,16510,15211,13669,14159,13920,14229,14619,12775,12774,14071,13448,14456,13229,14128,12685,13917,13244,14342,13145,14044,13249,13278,14025,13160,13885,13296,16814,15654,14491,13199,21732,13142,13862,13063,12960,12982,13097,13077
,0:36:00,37,13329,14731,13704,19398,13720,17959,13201,14626,14878,12703,14925,13149,14202,12754,12075,13285,12873,13239,12859,12548,19354,14469,14690,14848,15577,15502,14960,13234,15771,14010,13156,12978,13332,13805,13077,13861,13489,15399,14310,12528,13355,12925,21110,14177,13124,13666,13813,14099,15294,13382,13717,14506,15573,14928,13263,14005,12945,14127,16646,15179,13646,14165,13934,14170,14434,12542,12765,14026,13436,14450,13157,14232,12777,13985,13217,14511,13235,14098,13241,13276,13983,13209,13895,13206,16972,15947,14599,13091,21897,13165,13968,13090,12936,12957,13016,13026
,0:39:00,36.9,13386,14771,13804,19714,13660,18088,13182,14583,14954,12409,14586,12632,14095,12273,11517,12683,12763,12999,12356,12246,19031,14564,14859,15065,15891,15609,15102,13206,15926,14033,12897,12870,13308,13686,12810,13561,13348,14996,14208,12133,13191,12643,20868,13942,13035,13682,13788,14173,15373,13518,13806,14576,15667,15001,13210,14070,12819,14087,16646,15336,13543,13990,13781,14131,14534,12382,12666,13982,13302,14522,13193,14313,12735,14012,13125,14670,13114,14084,13175,13283,14189,13158,13972,13113,17172,15907,14611,13031,21914,12962,13964,13016,12909,12878,13087,13057
,0:42:00,37,13337,14941,13774,19823,13633,18138,12935,14477,14750,12057,14252,12116,13979,11689,10857,12125,12576,12708,11684,11909,18708,14614,15019,15255,16074,15918,15147,13120,16044,14140,12883,12799,13243,13553,12465,13151,13201,14621,14196,11754,13058,12447,20645,13767,12877,13565,13799,14298,15634,13546,13834,14675,15781,15103,13008,14059,12770,14057,16748,15246,13457,13775,13787,14088,14564,12210,12645,13878,13256,14572,13085,14400,12699,14102,13264,14728,13104,14137,13077,13177,14256,13121,13896,12969,17200,16117,14683,12910,21999,12941,14088,12889,12847,12846,13068,13037
,0:45:00,37,13469,15119,13747,20071,13645,18281,12943,14231,14532,11668,13679,11458,13843,11171,10293,11621,12378,12287,11170,11564,18182,14591,15025,15422,16211,15917,15307,13107,16105,14127,12748,12682,13124,13303,12065,12786,13184,14185,14044,11242,12948,12023,20375,13575,12771,13535,13774,14265,15919,13604,13924,14762,15857,15307,13042,14089,12646,14017,16830,15218,13442,13647,13704,14036,14402,11882,12414,13816,13183,14641,13134,14576,12678,14222,13169,14831,13213,14178,13159,13179,14097,13092,13866,12876,17322,16221,14804,12917,22067,12849,13890,12897,12883,12736,12971,12992
,0:48:00,37,13505,15127,13818,20210,13614,18278,12733,14138,14357,11209,13129,10982,13507,10611,9682,10911,12229,11864,10722,11128,17710,14765,15046,15547,16451,16119,15494,13023,16194,14045,12556,12514,12938,13050,11540,12349,13130,13623,13827,10774,12697,11578,19825,13299,12533,13467,13784,14352,16005,13681,14048,14954,15944,15134,12891,14072,12503,13925,16781,15293,13381,13346,13670,13973,14365,11543,12271,13662,13126,14680,13062,14643,12756,14289,13125,14984,13137,14247,13086,13070,14249,13028,13892,12746,17379,16307,14859,12787,22009,12731,13975,12813,12836,12725,13024,13080
,0:51:00,37,13534,15308,13887,20359,13602,18204,12503,13885,14157,10784,12785,10506,13291,10081,9206,10535,11935,11419,10149,10702,17102,14693,15050,15821,16590,16409,15598,12994,16359,14103,12502,12215,12934,12786,11201,11972,12968,13180,13700,10366,12513,11145,19365,12933,12296,13426,13767,14460,16145,13678,13988,15081,16104,15319,12821,14079,12481,13907,16739,15249,13314,13241,13527,13843,14093,11327,12038,13536,13062,14731,13045,14742,12689,14276,13244,15027,13098,14297,13014,13041,14314,12882,13919,12570,17383,16355,14877,12775,21933,12641,14092,12884,12782,12728,12965,12919
,0:54:00,37,13584,15534,13951,20564,13622,18231,12349,13729,13886,10389,12367,10115,13043,9644,8805,10154,11657,11038,9810,10382,16657,14658,15196,15863,16783,16516,15639,12966,16489,14071,12304,12072,12825,12562,10881,11523,12813,12813,13276,9885,12231,10767,18846,12712,12118,13443,13755,14584,16372,13818,14087,15192,16328,15446,12892,14162,12388,14007,16631,15167,13221,13009,13472,13735,13966,11102,11843,13310,13044,14695,13074,14822,12720,14482,13207,15099,13141,14234,13096,12974,14382,12954,13820,12417,17443,16553,14961,12598,21855,12622,14055,12749,12748,12686,13082,13054
,0:57:00,37,13598,15546,14047,20578,13464,18182,12202,13487,13596,10013,11944,9773,12654,9308,8456,9812,11390,10560,9572,9934,16170,14706,15399,16109,16958,16730,15887,12992,16570,14075,12225,11897,12570,12332,10530,11175,12683,12546,13028,9452,11998,10436,18335,12397,11992,13423,13842,14691,16499,13876,14154,15186,16304,15525,12713,14146,12300,14065,16570,15104,13152,12702,13334,13568,13772,10703,11707,13249,12995,14803,13106,14937,12809,14489,13244,15203,13122,14394,13009,13001,14398,12931,13791,12373,17454,16617,15020,12582,21719,12462,14095,12680,12752,12665,13160,13051
,1:00:00,37,13687,15591,14061,20677,13463,18071,12036,13278,13377,9766,11698,9453,12396,8908,8216,9677,11140,10209,9342,9649,15688,14748,15360,16220,17182,16765,15978,12982,16599,14021,11975,11732,12417,12060,10283,10876,12510,12251,12912,9149,11724,10058,17865,12136,11725,13405,13881,14654,16733,13946,14128,15351,16477,15633,12651,14249,12269,13948,16355,15038,12976,12452,13142,13449,13625,10438,11604,13020,12811,14912,13047,15144,12756,14634,13248,15322,13156,14324,12964,12912,14557,12929,13846,12251,17360,16776,15272,12453,21557,12452,14072,12635,12748,12636,13131,13029
,1:03:00,37,13704,15782,14075,20879,13400,17993,11841,13056,13158,9469,11284,9271,12183,8721,8037,9470,10839,9826,9090,9299,15290,14639,15447,16313,17290,16920,16071,12935,16684,14070,11863,11572,12222,11863,10025,10579,12197,11982,12521,8930,11526,9723,17260,11912,11516,13308,13927,14795,16855,14017,14303,15419,16543,15754,12650,14289,12163,13832,16259,14799,12792,12130,13035,13258,13316,10219,11364,12849,12801,14991,13134,15154,12791,14644,13284,15501,13218,14421,12921,12919,14514,12889,13729,12108,17353,16694,15130,12379,21580,12264,14055,12635,12725,12653,13087,13018
,1:06:00,37,13728,15778,14156,20739,13286,17827,11642,12766,13012,9168,11055,9011,11816,8492,7872,9388,10492,9509,8935,9045,14785,14472,15428,16270,17342,17061,16216,12824,16679,13995,11629,11314,12006,11558,9794,10360,12053,11871,12087,8611,11123,9400,16757,11620,11239,13134,13859,14718,16964,14055,14408,15501,16586,15805,12524,14207,12041,13778,16133,14650,12627,11929,12763,13005,13137,9861,11080,12756,12734,14926,13043,15236,12827,14717,13225,15489,13117,14552,12923,12833,14535,12809,13632,11969,17313,16642,15157,12236,21257,12245,14059,12524,12715,12532,13017,12947
,1:09:00,37,13721,15943,14124,20811,13263,17620,11397,12543,12904,8927,11076,8865,11528,8255,7777,9293,10232,9293,8799,8753,14447,14501,15479,16451,17618,17241,16176,12871,16824,13930,11417,11002,11722,11468,9555,10143,11792,11572,11815,8441,10850,9156,16193,11314,11034,13132,13864,14867,17213,14060,14359,15531,16734,15835,12434,14155,11935,13768,15777,14519,12422,11652,12479,12808,12928,9657,10905,12559,12694,14849,13035,15244,12742,14808,13297,15620,13062,14495,12847,12657,14508,12749,13584,11775,17342,16655,15220,12092,21124,12136,14057,12422,12653,12540,13038,12941
,1:12:00,37,13740,16029,14232,20744,13148,17442,11240,12321,12496,8694,10783,8780,11366,8225,7667,9240,9920,8998,8715,8560,14083,14340,15408,16580,17771,17240,16338,12768,16794,13901,11273,10868,11626,11181,9388,10024,11636,11527,11420,8219,10614,8926,15778,11039,10806,12978,13876,14945,17238,14112,14449,15667,16696,15800,12453,14179,11810,13678,15708,14324,12276,11480,12340,12574,12722,9391,10606,12390,12544,14904,12994,15313,12728,14820,13275,15692,13092,14536,12809,12742,14570,12731,13545,11623,17202,16781,15249,12025,21009,12058,14078,12430,12584,12469,13010,12978
,1:15:00,37,13710,16197,14420,20737,13104,17358,11084,12221,12466,8526,10725,8708,11103,8113,7609,9277,9775,8874,8638,8292,13870,14330,15571,16646,17857,17351,16436,12799,16830,13873,11201,10703,11428,11065,9310,9891,11447,11409,11262,8079,10375,8706,15424,10945,10632,12991,13996,15004,17390,14182,14440,15747,17050,15974,12379,14268,11737,13640,15632,14238,12108,11314,12141,12384,12482,9265,10465,12308,12463,14964,13037,15464,12772,14806,13232,15787,13107,14491,12836,12682,14599,12752,13555,11462,17161,16764,15279,11957,20649,11959,14111,12407,12594,12449,13084,13010
,1:18:00,37.1,13799,16259,14386,20922,13082,17175,10918,12118,12259,8460,10794,8658,10838,8083,7534,9222,9466,8682,8654,8193,13540,14236,15495,16875,18005,17603,16640,12737,16929,13840,11009,10513,11255,10897,9177,9872,11248,11361,11007,8030,10061,8558,14974,10683,10519,12874,13926,15009,17573,14225,14477,15819,17033,16014,12309,14183,11718,13626,15364,14105,11934,11133,11956,12219,12205,9078,10339,12196,12384,14996,13045,15566,12784,14993,13327,15918,13132,14578,12842,12638,14624,12663,13498,11365,17202,16641,15318,11833,20498,11834,14067,12380,12610,12492,13023,12939
,1:21:00,37,13858,16397,14399,20901,13018,17111,10737,11857,12171,8370,10663,8545,10718,8037,7526,9176,9227,8562,8593,8062,13392,14153,15612,16993,18181,17774,16644,12823,16984,13865,10852,10370,11248,10838,9096,9774,11020,11425,10765,7935,9948,8422,14619,10576,10319,12964,13986,15244,17802,14237,14576,15928,17194,16065,12279,14327,11510,13583,15348,13910,11819,11003,11910,12108,12051,8931,10148,12103,12313,14950,13098,15613,12734,15059,13254,15953,13077,14661,12864,12669,14809,12693,13468,11316,17161,16784,15451,11784,20466,11773,14087,12340,12556,12471,13130,13013
,1:24:00,37,13958,16594,14540,20931,13047,16953,10700,11811,12136,8242,10710,8564,10607,8001,7525,9209,9125,8538,8636,8018,13156,14124,15705,17124,18389,17882,16810,12714,17062,13892,10776,10229,10998,10743,9007,9779,10886,11374,10575,7887,9682,8300,14417,10524,10235,12868,14083,15206,17862,14418,14759,16057,17198,16188,12232,14346,11579,13643,15097,13795,11650,10839,11620,11928,11930,8811,9981,12011,12321,15094,13123,15825,12810,15223,13346,16053,13099,14731,12844,12607,14833,12690,13495,11164,17058,16795,15536,11747,20322,11692,14185,12285,12620,12491,13087,13029
,1:27:00,37,13997,16600,14494,20943,12885,16829,10484,11664,12102,8162,10725,8587,10451,8039,7468,9301,8924,8392,8711,7965,13007,14090,15678,17126,18418,17954,16847,12720,17023,13912,10629,10086,10895,10642,8933,9720,10632,11368,10366,7797,9532,8277,14117,10368,10108,12728,14022,15332,17979,14418,14765,16095,17233,16085,12120,14321,11438,13479,14914,13669,11557,10803,11336,11720,11779,8643,9806,11980,12173,15129,13131,15840,12803,15144,13315,16120,13048,14740,12696,12598,14900,12671,13454,11058,17075,16744,15613,11604,20033,11559,14119,12236,12619,12502,13121,13031
,1:30:00,37,14033,16678,14578,20785,12814,16702,10293,11579,11965,8076,10682,8535,10354,7996,7465,9300,8744,8377,8712,7851,12898,13957,15703,17218,18579,18057,16945,12688,17156,13794,10447,9972,10699,10564,8928,9674,10457,11425,10138,7713,9335,8205,13878,10322,10001,12686,14000,15306,18194,14384,14786,16149,17401,16195,12143,14235,11291,13423,14815,13468,11383,10641,11288,11528,11481,8541,9556,11908,12110,15217,13072,15920,12762,15248,13337,16318,13133,14799,12690,12526,14890,12591,13356,10971,17017,16657,15706,11477,19875,11526,14233,12257,12558,12432,13122,13014
,1:33:00,37,14055,16770,14667,20679,12791,16517,10239,11450,11919,8036,10666,8525,10238,7968,7530,9358,8599,8332,8648,7760,12756,13832,15746,17321,18820,18140,17111,12673,17105,13697,10355,9836,10610,10449,8895,9651,10362,11387,9987,7705,9207,8116,13657,10196,9822,12604,14023,15369,18152,14497,14841,16351,17445,16308,11983,14204,11182,13446,14754,13343,11175,10615,11089,11356,11418,8497,9412,11679,11981,15229,13145,16051,12783,15323,13468,16369,13112,14838,12711,12517,14974,12563,13260,10900,16906,16663,15685,11359,19800,11454,14133,12222,12591,12408,13089,12871
,1:36:00,37,14042,16886,14695,20756,12726,16357,10001,11349,11787,7950,10727,8506,10179,7995,7451,9344,8490,8299,8703,7700,12633,13788,15781,17446,18750,18271,17117,12612,17125,13702,10217,9672,10440,10399,8855,9627,10147,11378,9860,7722,9031,8027,13463,10138,9757,12586,14071,15391,18357,14534,14884,16350,17603,16325,11919,14211,11099,13240,14513,13181,11013,10539,10882,11271,11299,8400,9259,11691,11921,15212,13158,16051,12730,15399,13400,16353,13058,14900,12661,12487,14920,12564,13255,10775,16822,16561,15750,11295,19534,11341,14075,12109,12438,12448,13099,12973
,1:39:00,37,14042,17003,14706,20799,12624,16172,9876,11330,11674,7933,10681,8553,10145,7959,7500,9395,8353,8292,8738,7696,12440,13637,15744,17520,18890,18389,17305,12645,16970,13657,10051,9559,10340,10405,8803,9629,10018,11401,9715,7673,8936,8033,13293,10032,9586,12486,14135,15516,18380,14660,14964,16482,17670,16457,11900,14137,10961,13263,14434,13005,10953,10515,10683,11168,11154,8306,9157,11605,11801,15283,13131,16155,12791,15495,13291,16507,13168,14975,12644,12466,15040,12532,13169,10666,16779,16711,15820,11190,19187,11177,14110,12158,12479,12345,13158,13123
,1:42:00,37,14154,17097,14780,20715,12648,16110,9804,11235,11727,7904,10768,8555,10018,8008,7481,9438,8293,8280,8819,7655,12375,13564,15693,17584,18957,18498,17152,12608,17078,13563,9935,9423,10243,10327,8821,9628,9881,11492,9662,7643,8791,7968,13161,9997,9496,12359,14124,15536,18617,14750,15094,16564,17728,16463,11849,14202,10862,13097,14291,12839,10791,10421,10570,10916,11127,8202,9021,11625,11736,15240,13091,16294,12849,15521,13427,16558,13067,14962,12677,12395,15006,12443,13178,10560,16644,16700,15820,11120,19026,11155,14128,12044,12452,12298,13103,13018
,1:45:00,37,14199,17235,14850,20700,12612,15956,9738,11254,11791,7869,10937,8545,10004,8059,7485,9576,8136,8297,8835,7682,12379,13413,15684,17746,19167,18581,17449,12574,17109,13506,9910,9387,10149,10285,8809,9670,9641,11471,9589,7701,8735,7935,12988,9948,9422,12331,14156,15673,18590,14693,15081,16690,17755,16503,11787,14156,10869,13115,14181,12859,10676,10432,10386,10814,10998,8119,8822,11515,11715,15291,13187,16255,12829,15561,13456,16627,13094,14975,12667,12369,15132,12412,13049,10513,16715,16634,15927,11089,19009,11009,14154,12043,12506,12307,13098,13031
,1:48:00,37,14244,17249,14927,20618,12534,15863,9646,11228,11698,7876,10866,8649,10017,8135,7486,9601,8135,8301,8876,7610,12362,13285,15872,17926,19297,18650,17563,12573,17195,13599,9801,9310,10239,10265,8823,9639,9601,11529,9520,7693,8671,8025,12919,9917,9411,12189,14240,15798,18865,14805,15149,16741,17861,16531,11864,14180,10777,12981,14153,12645,10547,10398,10312,10787,10961,8072,8743,11556,11674,15287,13152,16402,12854,15800,13331,16794,13184,15118,12676,12409,15123,12470,13124,10423,16756,16649,15998,10951,18706,10977,14058,12070,12464,12320,13145,13047
,1:51:00,37,14294,17341,14983,20567,12529,15762,9469,11111,11762,7881,10943,8699,9901,8155,7525,9669,8058,8310,8963,7618,12226,13273,15707,18002,19311,18923,17696,12567,17229,13575,9772,9218,9984,10276,8831,9704,9498,11543,9421,7689,8610,7966,12787,9900,9300,12258,14251,15878,19003,14812,15228,16795,17958,16558,11739,14242,10690,12966,13997,12549,10365,10422,10143,10593,10957,8009,8649,11485,11531,15425,13118,16527,12851,15719,13433,16870,13145,15187,12788,12457,15266,12507,13029,10314,16664,16561,16106,10857,18650,10868,14041,12056,12425,12361,13231,13036
,1:54:00,37,14372,17386,14943,20570,12534,15542,9434,11134,11710,7865,11091,8734,9891,8146,7539,9757,7991,8326,8967,7629,12255,13248,15774,18126,19571,18872,17754,12495,17166,13505,9620,9104,9954,10256,8873,9678,9364,11661,9405,7671,8503,7998,12709,9845,9287,12181,14260,15867,19032,14944,15347,16967,18090,16569,11658,14139,10579,12869,13876,12379,10327,10332,9990,10531,10835,7942,8542,11415,11508,15522,13192,16574,12808,15785,13521,16903,13152,15198,12660,12430,15223,12410,13000,10332,16524,16425,16113,10767,18439,10845,14053,11958,12487,12335,13128,13045
,1:57:00,37,14355,17443,15174,20580,12374,15410,9359,11049,11637,7790,11001,8731,9954,8145,7564,9765,7924,8341,9096,7693,12163,13107,15695,18281,19611,18949,17828,12507,17130,13462,9522,8995,9879,10195,8774,9710,9252,11604,9349,7629,8468,7918,12577,9881,9148,12051,14253,15875,19184,14908,15359,17018,18085,16657,11577,14075,10420,12774,13916,12247,10211,10291,9854,10435,10871,7867,8382,11431,11443,15451,13184,16683,12774,15811,13432,17027,13185,15302,12654,12375,15260,12378,12978,10244,16580,16441,16148,10677,18215,10734,14027,11931,12374,12300,13177,12995
,2:00:00,37,14404,17630,15019,20489,12384,15224,9300,11119,11706,7889,11152,8669,9900,8205,7592,9764,7923,8398,9078,7679,12141,13074,15795,18331,19636,19027,17888,12610,17147,13259,9465,8895,9858,10277,8862,9755,9177,11631,9272,7662,8388,7978,12503,9872,9102,11950,14322,15876,19220,15018,15355,17102,18210,16711,11541,14157,10346,12598,13822,12207,10070,10374,9825,10335,10861,7893,8349,11381,11339,15404,13170,16799,12922,16011,13444,17052,13178,15337,12661,12350,15312,12396,12887,10152,16487,16539,16197,10597,18137,10672,13979,11882,12411,12242,13184,13074
,,,,,,,,,,,,,,,,,,,,,,,,,,,,,,,,,,,,,,,,,,,,,,,,,,,,,,,,,,,,,,,,,,,,,,,,,,,,,,,,,,,,,,,,,,,,,,,,,,
"485,528",,,,,,,,,,,,,,,,,,,,,,,,,,,,,,,,,,,,,,,,,,,,,,,,,,,,,,,,,,,,,,,,,,,,,,,,,,,,,,,,,,,,,,,,,,,,,,,,,,
,,,,,,,,,,,,,,,,,,,,,,,,,,,,,,,,,,,,,,,,,,,,,,,,,,,,,,,,,,,,,,,,,,,,,,,,,,,,,,,,,,,,,,,,,,,,,,,,,,
,Time,"T° 485,528",M1,M2,M3,M4,M5,M6,M7,M8,M9,M10,M11,M12,M13,M14,M15,M16,M17,M18,M19,M20,M21,M22,M23,M24,N1,N2,N3,N4,N5,N6,N7,N8,N9,N10,N11,N12,N13,N14,N15,N16,N17,N18,N19,N20,N21,N22,N23,N24,O1,O2,O3,O4,O5,O6,O7,O8,O9,O10,O11,O12,O13,O14,O15,O16,O17,O18,O19,O20,O21,O22,O23,O24,P1,P2,P3,P4,P5,P6,P7,P8,P9,P10,P11,P12,P13,P14,P15,P16,P17,P18,P19,P20,P21,P22,P23,P24
,0:00:00,37,11779,11682,12065,12151,12218,12079,12973,12392,12470,12625,13073,12965,13027,12848,13149,12917,12852,12957,13128,12985,13027,13203,13278,13466,11411,11425,11816,12145,12158,12148,12483,12637,12836,12736,12666,12883,12864,12808,12843,12730,12789,12900,12917,13269,13065,13360,13052,13324,11864,11773,12191,12179,12451,12330,12431,12197,13149,12419,12958,12535,13138,12654,13023,12785,13066,12999,13578,12952,13261,13042,13018,12782,11744,11414,12057,11908,12406,12054,13331,12202,13024,12470,13393,12703,13436,12472,13139,12468,12717,12504,12951,12463,13632,12611,12931,12349
,0:03:00,37,12876,12604,12808,12912,12872,12792,13948,12885,12981,13169,13673,13323,13582,13184,13467,13251,13332,13219,13426,13366,13408,13385,13457,13683,12431,12658,12629,12928,12911,12871,12957,13163,13365,13252,13092,13268,13323,13330,13092,13040,13139,13262,13115,13474,13322,13602,13196,13381,12917,12712,12986,12992,13169,12944,13145,12735,13729,12898,13453,13028,13589,13151,13449,13058,13331,13245,13953,13226,13434,13325,13157,12938,12486,12222,12799,12732,13161,12728,14659,12761,13658,13031,13891,13033,14239,12772,13563,12748,13021,12546,13167,12612,14511,12794,13051,12377
,0:06:00,37.1,13296,12801,13015,13032,12997,13093,14801,13089,13110,13301,14123,13423,13846,13236,13472,13367,13363,13230,13511,13342,13321,13410,13412,13485,12688,13055,12848,13150,13301,13172,13153,13340,13515,13422,13276,13315,13435,13508,13117,13120,13245,13423,13286,13454,13367,13645,13243,13415,13345,12971,13258,13158,13501,13158,13319,12811,13968,12981,13578,13147,13746,13264,13429,13068,13324,13230,14153,13390,13382,13264,13029,12926,12860,12596,13005,12842,13458,12957,15742,13102,13870,13357,14553,13190,14920,12930,13788,12778,12995,12685,13147,12663,15209,12721,13055,12174
,0:09:00,37,13773,12966,13142,13080,13054,13163,15529,13076,13198,13359,14468,13347,14158,13331,13589,13418,13351,13184,13514,13351,13346,13404,13567,13391,12908,13201,12997,13193,13590,13235,13266,13440,13673,13511,13229,13387,13493,13591,13140,13124,13223,13645,13297,13424,13380,13609,13289,13362,13679,13256,13360,13152,13634,13234,13412,12775,14081,13078,13787,13103,13849,13430,13498,13004,13276,13114,14271,13404,13358,13283,12926,12810,13138,12453,13154,12847,13729,13057,16843,13419,14076,13608,15116,13177,15370,12883,14022,12721,12994,12521,13222,12519,16008,12675,13183,12146
,0:12:00,37,14056,12989,13148,13113,13022,13188,16271,13070,13191,13514,14822,13433,14369,13449,13485,13342,13409,13052,13490,13392,13286,13381,13492,13346,13031,13292,13147,13211,13798,13310,13431,13437,13838,13516,13302,13483,13476,13751,13111,13115,13371,13625,13355,13387,13407,13631,13361,13354,13920,13342,13378,13298,13676,13311,13581,12832,14261,13109,13766,13119,13887,13523,13499,13026,13235,13171,14441,13508,13319,13211,12948,12957,13227,12510,13269,12981,14012,13075,17903,13810,14353,13980,15593,13235,16029,13060,14062,12673,12895,12485,13231,12481,16631,12561,13171,12039
,0:15:00,37,14418,13001,13169,13201,13100,13203,17098,13039,13194,13372,15195,13420,14620,13265,13497,13285,13416,13053,13533,13433,13313,13429,13407,13268,13038,13372,13195,13252,14166,13392,13536,13545,13670,13470,13450,13429,13635,13815,13117,13072,13439,13753,13548,13365,13441,13517,13301,13342,14196,13412,13530,13215,13754,13426,13601,12929,14414,13255,14059,13026,13847,13692,13357,13025,13275,13211,14651,13545,13299,13084,12878,12914,13376,12535,13230,13025,14188,13101,18737,14079,14519,14259,16086,13212,16509,12862,14320,12622,12770,12527,13302,12409,17276,12456,13232,12027
,0:18:00,37,14739,12886,13147,13212,13125,13089,17707,13060,13074,13445,15575,13451,14717,13125,13551,13327,13344,13021,13647,13487,13332,13391,13462,13299,13192,13304,13316,13227,14420,13389,13601,13487,13739,13517,13441,13473,13589,13879,13199,13062,13494,14018,13513,13343,13412,13453,13371,13353,14501,13577,13434,13231,13922,13377,13616,12820,14507,13080,14105,13003,13961,13837,13449,13050,13284,13205,14920,13647,13245,12990,12911,12956,13549,12535,13258,13150,14314,13051,19224,14471,14718,14423,16583,13151,16959,12925,14562,12567,12801,12468,13448,12267,17888,12439,13253,12006
,0:21:00,37,14943,12874,13074,13232,13039,13207,18241,13087,13099,13286,15935,13470,14930,13127,13497,13345,13392,13008,13408,13559,13192,13419,13415,13198,13354,13344,13320,13134,14676,13514,13560,13522,13806,13374,13620,13591,13583,13924,13239,12946,13439,14138,13573,13274,13529,13550,13406,13435,14796,13748,13419,13244,14100,13248,13707,12921,14555,13095,14076,13018,14103,13944,13403,13030,13291,13176,15178,13756,13230,13061,12841,13068,13718,12591,13391,13202,14493,13121,19777,14691,14878,14742,17042,13206,17446,12912,14809,12629,12939,12446,13553,12219,18466,12489,13362,11938
,0:24:00,37,15298,12905,13139,13312,13136,13211,18720,13058,13149,13258,16242,13424,15080,13097,13614,13200,13524,13064,13496,13392,13261,13485,13462,13278,13516,13503,13372,13226,14984,13373,13538,13608,13903,13323,13787,13641,13734,13964,13306,12919,13542,14160,13634,13330,13599,13560,13522,13492,15178,13839,13413,13290,14192,13241,13694,12941,14788,13079,14102,13025,14145,14055,13391,12980,13279,13165,15476,13771,13220,13081,12921,13051,13785,12705,13365,13409,14819,13161,20332,14932,15165,15010,17557,13334,17948,13033,15067,12636,12805,12472,13686,12262,18866,12426,13526,11992
,0:27:00,37,15566,12900,13231,13244,13072,13042,19169,12957,13242,13235,16426,13454,15378,13105,13594,13183,13435,13009,13489,13393,13175,13529,13630,13313,13634,13543,13418,13202,15129,13344,13683,13505,14060,13336,13706,13646,13812,14074,13306,13034,13609,14220,13634,13259,13640,13615,13547,13589,15381,13995,13435,13181,14379,13268,13943,12954,14975,13085,14180,13072,14305,14262,13445,13013,13383,13139,15654,13901,13269,13157,12908,13123,13937,12660,13519,13454,15031,13201,20757,15285,15370,15387,17934,13305,18408,13042,15254,12616,12795,12464,13748,12239,19322,12347,13702,12000
,0:30:00,37,15814,12865,13246,13404,12966,13025,19652,13077,13259,13289,16749,13520,15608,13043,13677,13120,13577,13017,13519,13400,13187,13470,13477,13291,13755,13620,13592,13213,15355,13404,13694,13602,14141,13315,13830,13751,13887,14328,13256,12949,13681,14520,13758,13284,13745,13576,13683,13542,15763,14113,13525,13298,14537,13286,13944,12990,15066,13109,14295,13071,14381,14372,13535,13139,13476,13197,15920,13955,13208,13150,12950,13254,14109,12676,13537,13535,15378,13350,21252,15506,15477,15576,18270,13300,18822,13154,15467,12675,12831,12408,13929,12234,19735,12419,13763,11900
,0:33:00,37,16251,12889,13274,13327,13029,13040,20189,13038,13244,13122,17050,13496,15853,13053,13620,13107,13619,12936,13591,13543,13193,13608,13510,13333,13893,13630,13570,13270,15661,13378,13790,13568,14294,13343,14020,13850,14056,14452,13371,13036,13817,14644,13898,13261,13872,13677,13772,13555,15994,14216,13605,13330,14727,13360,13929,12910,15267,13158,14411,12995,14588,14592,13507,13137,13476,13233,16216,14132,13233,13167,12983,13334,14316,12733,13683,13516,15598,13471,21493,15795,15726,15902,18700,13427,19226,13171,15684,12685,12802,12531,14092,12227,20042,12439,13875,11910
,0:36:00,37,16511,12856,13377,13419,13105,13019,20416,12973,13319,13199,17207,13448,16060,13056,13710,13090,13717,12948,13655,13544,13153,13604,13632,13318,14021,13696,13669,13286,15807,13446,13958,13472,14309,13345,14063,13893,14159,14492,13368,12921,13874,14811,13998,13231,13872,13728,13866,13643,16201,14468,13643,13263,14892,13465,13944,12993,15489,13213,14579,13072,14680,14637,13507,13187,13460,13282,16460,14206,13380,13182,13009,13355,14526,12801,13706,13646,15850,13504,21676,16213,15928,16175,18971,13490,19470,13208,15889,12690,12900,12407,14239,12262,20365,12480,14009,11930
,0:39:00,36.9,16660,12899,13353,13420,13071,12946,20731,12948,13368,13144,17544,13499,16208,12989,13716,13049,13751,12983,13633,13629,13198,13678,13672,13329,14184,13814,13796,13226,16106,13487,13950,13524,14459,13292,14096,13972,14219,14550,13487,12987,13922,14971,14018,13183,14045,13794,14054,13715,16490,14545,13732,13406,14996,13371,14028,12980,15544,13150,14591,13046,14803,14797,13609,13232,13534,13223,16709,14338,13261,13221,13075,13514,14634,12806,13762,13787,16069,13515,21960,16379,16161,16320,19379,13531,19852,13375,16053,12706,12850,12438,14291,12289,20613,12438,14165,11980
,0:42:00,37,16977,12893,13397,13488,12981,12944,20982,12994,13296,13102,17876,13450,16369,12895,13674,12998,13675,12892,13696,13675,13151,13746,13728,13380,14391,13938,13775,13211,16242,13511,13861,13511,14499,13351,14221,13952,14336,14574,13552,13065,14009,15213,14107,13148,14047,13906,14041,13837,16747,14675,13705,13368,15124,13462,14186,12954,15681,13194,14632,13055,14832,14941,13584,13190,13592,13217,17044,14469,13245,13266,13060,13577,14803,12871,13910,13872,16217,13584,22089,16677,16288,16702,19740,13578,20120,13390,16340,12757,12862,12626,14476,12156,20766,12390,14305,11957
,0:45:00,37,17209,12874,13416,13452,12967,12849,21160,12943,13237,13181,18156,13393,16470,12905,13691,13063,13741,12865,13638,13603,13223,13705,13766,13369,14401,14028,13889,13220,16463,13570,14014,13465,14618,13357,14232,14031,14402,14770,13568,13040,14050,15269,14192,13176,14148,13870,14146,13842,17046,14838,13801,13291,15329,13375,14263,12941,15790,13216,14762,13101,15026,15097,13565,13106,13719,13293,17139,14568,13260,13258,13135,13657,14891,12897,14036,13923,16404,13603,22279,16886,16530,16809,19797,13586,20323,13389,16418,12684,12866,12441,14565,12182,20989,12417,14368,11988
,0:48:00,37,17357,12922,13373,13461,12905,12945,21267,12879,13332,13162,18138,13456,16681,12896,13622,12999,13748,12801,13660,13695,13277,13772,13786,13404,14618,13988,13917,13269,16489,13629,14020,13466,14602,13397,14276,14140,14506,14841,13528,12994,14239,15437,14304,13162,14229,13955,14222,13848,17226,14907,13862,13303,15405,13382,14259,13082,15929,13275,14777,13095,15089,15144,13684,13198,13686,13317,17332,14738,13406,13199,13146,13661,15022,12939,14058,13945,16673,13765,22348,17094,16625,17043,20017,13566,20570,13463,16612,12700,12853,12551,14690,12166,21147,12404,14416,11885
,0:51:00,37,17615,12883,13422,13484,13000,12843,21557,12905,13357,13066,18462,13419,16945,12859,13660,13052,13742,12805,13711,13766,13206,13755,13769,13474,14665,14123,14044,13181,16911,13591,14023,13508,14701,13233,14459,14145,14559,14931,13544,12989,14235,15610,14283,13182,14316,14005,14283,13970,17424,14942,13909,13366,15468,13415,14308,13011,16167,13210,14909,13129,15202,15376,13640,13162,13747,13266,17511,14860,13440,13202,13166,13715,15117,12906,14150,14051,16778,13791,22414,17349,16755,17288,20279,13607,20797,13544,16859,12709,12835,12613,14872,12180,21418,12407,14495,11891
,0:54:00,37,17884,12956,13550,13536,13039,12886,21761,12863,13428,13104,18640,13474,17013,12852,13765,12975,13818,12849,13680,13792,13298,13776,13962,13476,14761,14180,14074,13230,17003,13624,14226,13572,14892,13371,14505,14266,14578,15097,13593,12987,14248,15692,14450,13196,14531,14104,14381,14038,17575,15115,13960,13376,15672,13453,14470,13048,16255,13335,15230,13139,15278,15389,13650,13282,13678,13303,17929,14935,13376,13310,13214,13828,15320,13008,14096,14111,17054,13874,22560,17611,17056,17472,20554,13686,21066,13568,17064,12726,12841,12516,14919,12145,21439,12483,14670,11885
,0:57:00,37,18047,12914,13523,13535,12966,12931,21882,12875,13321,13093,18821,13513,17158,12867,13754,12916,13885,12794,13749,13814,13234,13903,14006,13491,14973,14247,14130,13154,17241,13775,14267,13613,14883,13340,14580,14296,14723,15194,13590,13037,14329,15888,14450,13101,14588,14162,14562,14054,17883,15339,14024,13320,15878,13390,14470,13046,16310,13387,15149,13135,15527,15566,13711,13308,13816,13357,17862,15000,13412,13297,13255,13947,15509,13016,14314,14182,17239,13974,22682,17668,17126,17715,20865,13744,21185,13598,17201,12782,12959,12563,15006,12249,21602,12398,14826,11993
,1:00:00,37,18280,12982,13526,13599,12955,12839,22204,12960,13414,13031,18960,13410,17320,12792,13786,12888,13896,12749,13825,13847,13235,14016,13912,13495,15043,14370,14206,13263,17489,13741,14341,13565,15007,13316,14724,14347,14815,15382,13729,13041,14390,16096,14644,13172,14637,14185,14571,14123,17915,15356,14039,13420,15942,13425,14651,13039,16547,13374,15255,13143,15505,15743,13739,13306,13911,13397,18198,15101,13406,13260,13280,14028,15535,13055,14338,14295,17325,14021,22660,18041,17355,17886,20983,13742,21590,13665,17304,12806,12947,12574,15181,12180,21653,12489,14973,12015
,1:03:00,37,18527,12891,13551,13547,12938,12885,22130,12846,13297,13054,19197,13416,17459,12722,13808,12857,13920,12726,13818,14016,13315,13957,14086,13542,15153,14415,14300,13289,17603,13778,14469,13582,15012,13388,14691,14433,14942,15388,13653,12975,14473,16100,14696,13224,14639,14189,14664,14148,18188,15448,14090,13357,16190,13510,14666,13072,16693,13422,15427,13195,15660,15787,13759,13249,13869,13444,18148,15309,13388,13367,13311,14015,15713,13090,14366,14417,17461,14094,22744,18158,17485,18066,21162,13772,21510,13715,17559,12807,12905,12479,15277,12157,21804,12435,15034,11963
,1:06:00,37,18526,12862,13525,13582,12935,12778,22077,12862,13314,13019,19340,13330,17547,12686,13686,12850,13953,12669,13884,13924,13174,14018,14100,13543,15216,14423,14355,13217,17618,13678,14386,13547,15088,13299,14728,14505,14990,15460,13697,12937,14524,16292,14708,13142,14763,14250,14803,14262,18346,15578,14117,13352,16265,13478,14745,13079,16736,13322,15417,13103,15746,15933,13769,13224,13914,13331,18436,15311,13413,13418,13322,14042,15828,13093,14396,14428,17680,14158,22658,18320,17613,18095,21220,13839,21708,13816,17627,12757,12820,12511,15265,12138,21854,12384,15084,11949
,1:09:00,37,18706,12883,13589,13560,12904,12757,22397,12841,13291,12940,19326,13367,17587,12680,13805,12862,13916,12684,13879,13951,13215,13998,14052,13526,15281,14474,14272,13259,17947,13764,14461,13542,15178,13386,14856,14485,15006,15510,13703,13038,14574,16318,14728,13118,14754,14317,14817,14290,18349,15671,14124,13378,16374,13565,14761,12977,16860,13383,15467,13071,15788,16024,13830,13333,13997,13421,18489,15477,13416,13372,13309,14161,15936,13201,14493,14569,17853,14196,22683,18345,17748,18415,21243,13840,21814,13828,17670,12816,12912,12563,15367,12156,21718,12437,15232,11895
,1:12:00,37,18769,12817,13627,13642,12877,12790,22335,12778,13384,12960,19479,13244,17655,12538,13802,12766,13951,12718,13769,14049,13210,14133,14250,13437,15464,14503,14514,13243,17988,13816,14549,13625,15236,13380,14853,14529,15139,15556,13717,12918,14581,16467,14804,13057,14816,14265,14740,14315,18616,15825,14200,13375,16395,13470,14781,12937,16919,13417,15544,13013,15884,16113,13743,13281,13987,13417,18653,15598,13475,13349,13364,14262,16025,13202,14519,14583,17877,14218,22659,18569,17783,18380,21574,13917,21900,13871,17929,12676,12857,12472,15461,12097,21904,12331,15198,11935
,1:15:00,37,19033,12833,13661,13693,12874,12829,22351,12809,13318,13050,19774,13357,17861,12584,13849,12841,14020,12593,13861,13982,13166,14135,14200,13523,15542,14587,14632,13141,18234,13845,14627,13537,15393,13302,14952,14562,15189,15682,13769,13034,14595,16513,14971,13108,14888,14368,15063,14295,18681,15889,14326,13390,16564,13430,14881,13028,17179,13445,15592,13081,16028,16281,13776,13374,14089,13391,18931,15603,13460,13381,13303,14230,16137,13253,14733,14620,18036,14258,22751,18823,18065,18658,21717,13882,22211,13955,18170,12781,12908,12503,15602,12182,21819,12341,15356,11822
,1:18:00,37.1,19134,12918,13667,13764,12853,12807,22439,12824,13336,12892,19897,13419,18136,12587,13787,12724,14095,12591,13917,14184,13290,14111,14272,13589,15593,14695,14667,13281,18259,13898,14655,13567,15419,13419,15079,14640,15273,15851,13827,13011,14804,16552,15022,13124,14933,14387,15084,14341,18887,16008,14297,13380,16691,13503,14954,13107,17269,13427,15670,13129,16019,16325,13875,13301,14063,13374,18962,15604,13484,13371,13317,14385,16165,13289,14696,14726,18199,14363,22744,18912,18242,18705,21680,13907,22301,14003,18089,12825,12956,12583,15608,12180,22015,12362,15500,11943
,1:21:00,37,19281,12922,13721,13780,12915,12767,22532,12786,13476,12987,19920,13346,18113,12551,13817,12790,14060,12666,13927,14223,13308,14307,14288,13574,15715,14767,14665,13268,18504,13947,14876,13557,15568,13388,15194,14806,15407,15966,13787,13073,14876,16740,15111,13097,15082,14450,15141,14446,19129,16139,14338,13336,16907,13570,15042,13110,17380,13503,15933,13171,16198,16516,13919,13414,14192,13517,19298,15805,13515,13553,13451,14367,16391,13325,14759,14888,18340,14429,22718,19008,18445,18885,21818,14038,22269,14023,18385,12833,12948,12527,15733,12139,22025,12287,15669,11960
,1:24:00,37,19459,12928,13758,13800,12879,12852,22522,12787,13464,13021,20057,13423,18234,12646,13927,12846,14227,12660,14011,14244,13282,14254,14341,13614,15864,14815,14798,13225,18565,13976,14774,13608,15561,13447,15243,14773,15413,16081,13828,13015,15010,16883,15238,13055,15159,14532,15268,14611,19116,16278,14502,13405,16983,13586,15117,13047,17547,13593,15903,13217,16196,16650,14009,13481,14174,13467,19326,15914,13568,13433,13428,14539,16555,13311,14904,14925,18501,14514,22840,19205,18496,19081,22031,13995,22376,14219,18518,12851,12937,12525,15886,12194,22107,12399,15728,11951
,1:27:00,37,19583,12881,13800,13786,12863,12800,22712,12828,13489,12955,20096,13331,18404,12475,13920,12800,14186,12600,14071,14249,13348,14270,14365,13605,15950,14887,14838,13246,18646,14020,14857,13637,15668,13363,15317,14922,15507,16087,13815,13100,15115,16972,15273,13110,15226,14585,15380,14544,19406,16338,14421,13415,17116,13556,15117,13023,17673,13618,15981,13181,16273,16718,13913,13443,14226,13557,19497,15971,13592,13421,13530,14564,16622,13357,14972,14938,18565,14492,22844,19380,18610,19231,22132,14060,22448,14198,18550,12816,13006,12692,16067,12138,22094,12335,15832,11990
,1:30:00,37,19740,12889,13740,13770,12788,12801,22544,12800,13401,12976,20240,13291,18357,12460,13845,12735,14213,12537,14066,14381,13354,14321,14480,13636,16095,14873,14856,13289,18886,14056,14969,13595,15785,13369,15348,14928,15610,16125,13867,13071,15105,17094,15318,13114,15248,14569,15370,14528,19443,16357,14523,13362,17211,13591,15186,13055,17695,13602,16113,13098,16388,16720,14007,13452,14260,13486,19454,16141,13617,13422,13486,14715,16688,13416,15015,15041,18783,14630,22869,19556,18773,19371,22151,14088,22530,14198,18630,12914,12990,12553,16033,12129,22174,12420,15865,11941
,1:33:00,37,19894,12919,13854,13878,12868,12781,22568,12760,13454,12926,20357,13365,18531,12407,13902,12773,14229,12539,14170,14309,13342,14326,14383,13639,16192,14957,14951,13261,18961,14183,15033,13680,15811,13336,15316,14999,15651,16251,13894,13006,15121,17209,15329,13033,15336,14606,15467,14621,19577,16511,14566,13568,17254,13663,15300,13033,17855,13568,16105,13158,16593,16858,14001,13427,14392,13519,19578,16129,13675,13473,13546,14653,16783,13464,15097,15127,18890,14605,22795,19552,18953,19460,22150,14099,22606,14261,18819,12818,12945,12563,16132,12170,21995,12382,15967,11931
,1:36:00,37,19901,12916,13921,13910,12824,12811,22693,12749,13464,12980,20454,13358,18598,12414,13896,12867,14147,12528,14192,14370,13292,14449,14477,13654,16196,15035,15002,13318,19031,14123,15052,13653,15782,13354,15503,15010,15687,16267,13948,13089,15117,17240,15362,13016,15438,14688,15527,14722,19694,16588,14569,13458,17371,13564,15347,13111,17993,13638,16163,13257,16563,16942,14082,13439,14332,13520,19757,16253,13656,13472,13551,14675,16885,13482,15084,15183,18946,14690,22749,19598,19010,19642,22448,14155,22607,14278,18927,12826,12957,12569,16174,12160,22133,12305,16025,11947
,1:39:00,37,20031,12924,13873,13802,12859,12705,22503,12748,13444,12968,20430,13337,18744,12461,13973,12798,14229,12514,14180,14368,13373,14447,14629,13653,16303,15107,15117,13228,19140,14108,15137,13632,15955,13435,15432,15046,15828,16355,13919,13022,15302,17522,15511,13101,15485,14707,15597,14789,19787,16763,14650,13497,17522,13672,15281,13107,18023,13651,16371,13137,16647,17029,14052,13503,14427,13644,19916,16357,13601,13591,13613,14863,16966,13525,15219,15226,19150,14755,22789,19785,19093,19587,22291,14239,22646,14357,19019,12901,12917,12632,16417,12069,22181,12404,16108,11908
,1:42:00,37,20086,12935,13930,13920,12803,12774,22613,12615,13469,12970,20671,13398,18704,12404,13879,12772,14267,12487,14278,14421,13260,14518,14573,13748,16354,15269,15082,13243,19322,14160,15143,13691,15955,13404,15541,15131,15917,16527,13954,13082,15325,17489,15620,13100,15535,14858,15694,14803,19868,16760,14697,13452,17668,13648,15462,13135,18058,13706,16403,13272,16830,17182,14161,13570,14405,13641,19947,16383,13649,13500,13600,14930,17073,13558,15282,15240,19270,14835,22822,19909,19228,19719,22486,14168,22676,14407,19322,12955,12994,12641,16388,12157,22198,12341,16165,11944
,1:45:00,37,20179,12899,13909,13987,12882,12753,22975,12747,13439,12921,20582,13369,18826,12381,13982,12733,14283,12530,14283,14464,13396,14625,14703,13655,16519,15231,15130,13281,19445,14160,15244,13763,16161,13355,15620,15228,15955,16538,13987,13124,15327,17582,15720,13068,15682,14839,15782,14858,20107,16896,14746,13516,17677,13724,15552,13166,18268,13670,16493,13173,16887,17368,14108,13494,14423,13590,20073,16581,13697,13517,13670,14921,17155,13674,15247,15442,19430,14933,22986,20072,19390,19864,22389,14258,22767,14493,19309,12968,12957,12795,16468,12133,22164,12353,16308,11908
,1:48:00,37,20333,12945,14027,14062,12893,12808,22686,12740,13581,12970,20818,13382,19037,12361,13975,12730,14322,12516,14339,14625,13407,14638,14795,13687,16696,15373,15244,13352,19569,14278,15313,13700,16240,13493,15716,15314,16050,16712,14048,13119,15422,17684,15684,13121,15728,14921,15804,14878,20243,16960,14891,13512,17830,13797,15552,13111,18402,13728,16545,13233,16903,17399,14131,13640,14609,13606,20201,16702,13717,13699,13713,14958,17248,13642,15347,15400,19513,14950,22989,20177,19453,19972,22568,14341,22852,14613,19475,12960,13048,12637,16588,12123,22296,12376,16431,11975
,1:51:00,37,20506,12999,14016,14049,12918,12825,22700,12745,13540,12912,20704,13403,18835,12360,13950,12799,14390,12442,14319,14623,13348,14600,14677,13781,16738,15392,15300,13301,19660,14240,15254,13746,16228,13416,15708,15263,16129,16793,14110,13181,15585,17813,15783,13105,15775,14991,15876,14958,20238,17070,14809,13564,17944,13794,15683,13213,18540,13855,16611,13270,17052,17592,14195,13600,14621,13708,20291,16692,13719,13678,13770,15137,17372,13681,15576,15510,19565,15080,22881,20314,19637,20075,22684,14371,23038,14606,19633,13010,13043,12667,16723,12234,22170,12388,16503,12027
,1:54:00,37,20446,13004,14063,14059,12886,12828,22842,12799,13532,12930,20901,13344,19089,12381,14043,12726,14475,12430,14375,14618,13394,14806,14820,13754,16911,15424,15392,13410,19673,14233,15488,13855,16359,13525,15874,15421,16127,16795,14058,13187,15543,17961,15880,13140,15889,14966,16039,15057,20424,17078,14904,13579,18129,13715,15659,13162,18655,13766,16713,13256,17088,17628,14187,13621,14586,13695,20355,16760,13807,13602,13674,15194,17466,13757,15485,15595,19620,15119,22915,20233,19688,20237,22575,14305,23155,14612,19655,13062,13069,12755,16849,12138,22330,12412,16598,12048
,1:57:00,37,20598,12920,14006,14205,12920,12781,22719,12708,13626,12867,20829,13338,19120,12301,13971,12794,14399,12514,14474,14662,13445,14841,14793,13826,16813,15411,15434,13344,19855,14389,15557,13738,16395,13528,15859,15407,16354,16936,14101,13165,15687,18038,16042,13159,15950,15031,16105,15107,20436,17274,14996,13579,18163,13800,15888,13157,18767,13835,16825,13318,17158,17735,14218,13726,14706,13677,20573,16955,13791,13629,13729,15139,17642,13762,15596,15637,19799,15131,22966,20394,19755,20126,22712,14413,22978,14715,19810,13050,13147,12661,16862,12266,22250,12362,16660,12019
,2:00:00,37,20700,13001,14045,14131,12856,12748,22716,12666,13552,12948,20951,13356,19290,12262,14002,12731,14482,12358,14414,14791,13499,14847,14866,13831,16861,15677,15476,13314,19870,14365,15440,13854,16377,13531,15970,15499,16363,16935,14176,13154,15788,18211,15946,13115,16074,15085,16236,15093,20470,17209,14974,13609,18188,13671,15851,13138,18725,13981,16833,13314,17315,17734,14257,13677,14745,13758,20521,16925,13791,13696,13738,15232,17710,13751,15600,15635,19833,15230,22879,20549,19873,20415,22784,14350,23041,14802,19870,13058,13105,12720,16977,12182,22245,12416,16796,12025
,,,,,,,,,,,,,,,,,,,,,,,,,,,,,,,,,,,,,,,,,,,,,,,,,,,,,,,,,,,,,,,,,,,,,,,,,,,,,,,,,,,,,,,,,,,,,,,,,,
"485,610",,,,,,,,,,,,,,,,,,,,,,,,,,,,,,,,,,,,,,,,,,,,,,,,,,,,,,,,,,,,,,,,,,,,,,,,,,,,,,,,,,,,,,,,,,,,,,,,,,
,,,,,,,,,,,,,,,,,,,,,,,,,,,,,,,,,,,,,,,,,,,,,,,,,,,,,,,,,,,,,,,,,,,,,,,,,,,,,,,,,,,,,,,,,,,,,,,,,,
,Time,"T° 485,610",A1,A2,A3,A4,A5,A6,A7,A8,A9,A10,A11,A12,A13,A14,A15,A16,A17,A18,A19,A20,A21,A22,A23,A24,B1,B2,B3,B4,B5,B6,B7,B8,B9,B10,B11,B12,B13,B14,B15,B16,B17,B18,B19,B20,B21,B22,B23,B24,C1,C2,C3,C4,C5,C6,C7,C8,C9,C10,C11,C12,C13,C14,C15,C16,C17,C18,C19,C20,C21,C22,C23,C24,D1,D2,D3,D4,D5,D6,D7,D8,D9,D10,D11,D12,D13,D14,D15,D16,D17,D18,D19,D20,D21,D22,D23,D24
,0:01:04,37,5076,5121,4749,5189,4896,5304,4863,5268,4858,5388,5072,5440,5032,5392,5177,5493,5090,5613,5159,5640,5259,5455,5198,5693,5427,5234,5094,5335,5319,5423,5391,5399,5401,5589,5601,5414,5436,5568,5624,5737,5585,5794,5672,5884,5702,5812,5757,5981,5454,5322,5213,5439,5409,5576,5532,5325,5562,5738,5730,5674,5614,5725,5808,5639,5731,5959,5722,5905,5895,5890,5910,6020,5515,5433,5390,5559,5555,5646,5557,5680,5722,5598,5427,5741,5761,5946,5780,5910,5815,5855,5882,5917,6048,6063,5956,6217
,0:04:04,37,5155,5223,4896,5197,4955,5354,4827,5293,4987,5442,5069,5445,5001,5444,5181,5468,5025,5554,5099,5529,5243,5271,5163,5583,5560,5320,5272,5367,5443,5522,5446,5406,5452,5611,5631,5376,5435,5618,5583,5680,5559,5798,5637,5777,5593,5722,5667,5866,5441,5450,5288,5476,5456,5537,5506,5230,5585,5711,5744,5681,5556,5666,5743,5463,5638,5831,5561,5737,5837,5781,5781,5852,5594,5494,5493,5567,5621,5623,5608,5668,5685,5571,5357,5641,5645,5894,5757,5792,5845,5703,5788,5765,5971,5910,5857,6011
,0:07:04,37.1,5171,5229,4866,5125,4933,5246,4808,5276,4890,5384,5038,5419,4969,5365,5089,5437,4929,5462,5077,5431,5194,5095,5080,5503,5521,5276,5261,5356,5417,5499,5460,5312,5476,5529,5635,5234,5340,5584,5520,5605,5477,5707,5602,5740,5522,5619,5580,5746,5433,5445,5268,5411,5395,5477,5455,5035,5521,5673,5682,5620,5460,5605,5716,5258,5555,5730,5387,5597,5782,5584,5727,5646,5578,5469,5501,5481,5619,5521,5551,5632,5630,5339,5232,5571,5613,5821,5650,5658,5761,5518,5768,5570,5888,5774,5758,5857
,0:10:04,37,5190,5253,4873,5078,4943,5262,4817,5256,4913,5351,5013,5354,4914,5344,5080,5349,4925,5417,5016,5412,5151,4930,5024,5462,5544,5262,5274,5373,5432,5469,5396,5331,5403,5570,5572,5143,5279,5525,5453,5565,5398,5612,5540,5705,5449,5575,5530,5655,5322,5444,5243,5362,5382,5397,5418,4839,5482,5618,5656,5591,5367,5557,5692,4969,5489,5656,5275,5479,5723,5465,5680,5501,5552,5402,5482,5440,5564,5450,5561,5549,5581,5175,5057,5464,5610,5705,5612,5523,5650,5336,5705,5422,5866,5690,5701,5751
,0:13:04,37,5127,5241,4853,4969,4938,5231,4692,5227,4917,5377,4969,5341,4884,5292,5082,5335,4891,5369,4991,5338,5113,4787,5049,5384,5523,5318,5154,5367,5394,5483,5412,5299,5385,5522,5499,4970,5214,5566,5447,5568,5354,5617,5462,5684,5348,5549,5534,5657,5244,5443,5207,5264,5274,5316,5333,4673,5412,5593,5635,5599,5226,5491,5607,4811,5327,5589,5115,5345,5677,5408,5654,5399,5562,5378,5460,5301,5540,5351,5495,5399,5569,4973,4928,5359,5564,5661,5527,5371,5610,5194,5643,5281,5789,5583,5678,5613
,0:16:04,37,5150,5184,4853,4958,4934,5184,4621,5219,4821,5327,4964,5271,4845,5281,5115,5321,4828,5360,4984,5286,5116,4613,4991,5372,5548,5269,5199,5325,5377,5419,5373,5285,5362,5434,5495,4908,5121,5516,5349,5504,5300,5560,5459,5640,5311,5485,5409,5616,5139,5412,5207,5221,5221,5186,5295,4459,5356,5589,5625,5545,5196,5438,5582,4656,5258,5503,4968,5189,5570,5336,5604,5320,5514,5324,5461,5232,5570,5253,5524,5365,5522,4808,4762,5254,5461,5547,5489,5246,5557,5035,5545,5104,5792,5531,5667,5566
,0:19:04,37,5085,5159,4801,4852,4914,5118,4674,5171,4828,5329,4943,5272,4846,5295,5022,5279,4721,5279,4941,5296,5098,4512,4949,5336,5503,5281,5208,5308,5407,5369,5329,5286,5329,5451,5493,4802,5079,5534,5286,5513,5263,5509,5425,5667,5296,5474,5407,5624,5078,5449,5195,5121,5135,5133,5239,4285,5325,5587,5594,5475,5120,5323,5523,4447,5160,5506,4905,5095,5544,5274,5445,5286,5504,5254,5425,5142,5471,5138,5491,5239,5579,4653,4584,5154,5495,5472,5437,5077,5518,4884,5560,4962,5702,5412,5613,5495
,0:22:04,37,5088,5157,4796,4797,4912,5105,4545,5166,4860,5324,4988,5268,4797,5254,5033,5267,4681,5214,4914,5199,5065,4353,4963,5372,5458,5219,5154,5353,5380,5373,5271,5241,5339,5455,5431,4693,5073,5458,5195,5461,5213,5534,5314,5650,5206,5352,5326,5595,4963,5459,5178,5027,5090,4989,5166,4074,5197,5516,5583,5435,5043,5271,5486,4204,4956,5365,4705,4944,5507,5203,5386,5140,5509,5196,5414,5008,5447,5070,5412,5117,5500,4440,4364,5097,5504,5375,5299,4928,5447,4756,5484,4816,5651,5312,5563,5426
,0:25:04,37,5080,5179,4803,4745,4885,5073,4495,5110,4764,5272,4905,5206,4775,5221,5015,5241,4586,5163,4916,5128,5038,4235,4870,5351,5458,5251,5187,5303,5295,5325,5248,5238,5331,5370,5425,4590,4984,5378,5088,5345,5074,5516,5252,5488,5143,5301,5309,5596,4870,5383,5181,4920,5068,4852,5028,3879,5116,5456,5441,5385,4985,5086,5467,4031,4869,5229,4528,4810,5388,5121,5316,5032,5493,5124,5355,4893,5370,4932,5386,5051,5448,4230,4165,4941,5401,5258,5172,4719,5347,4615,5388,4612,5548,5179,5421,5325
,0:28:04,37,5074,5169,4805,4663,4881,5044,4550,5042,4756,5240,4853,5207,4718,5203,4996,5136,4460,5090,4831,5057,4914,4072,4902,5313,5485,5217,5204,5297,5264,5328,5208,5180,5255,5342,5439,4477,4918,5294,5002,5230,4950,5477,5125,5464,5008,5218,5238,5584,4803,5317,5160,4820,4966,4729,4940,3721,5115,5307,5313,5251,4861,4885,5361,3778,4667,5049,4295,4597,5268,5069,5256,4927,5500,5070,5361,4849,5319,4832,5352,4922,5420,4042,3943,4813,5321,5052,4984,4511,5114,4427,5189,4434,5395,5087,5321,5302
,0:31:04,37,5095,5147,4798,4619,4852,4974,4452,5034,4793,5183,4751,5177,4664,5132,4994,5016,4389,5026,4756,4947,4904,3988,4868,5332,5494,5290,5153,5261,5256,5314,5115,5169,5178,5341,5410,4377,4881,5119,4820,5095,4802,5482,4976,5431,4917,5169,5181,5595,4727,5347,5131,4741,4881,4589,4847,3581,5003,5201,5159,5120,4706,4685,5259,3527,4417,4897,4066,4388,5225,4983,5172,4863,5433,5013,5318,4710,5243,4678,5241,4781,5344,3839,3764,4627,5205,4845,4784,4296,4963,4288,5021,4178,5242,4937,5205,5177
,0:34:04,37,5045,5187,4778,4506,4828,4966,4420,4996,4702,5110,4666,5174,4581,5072,4948,4900,4225,4959,4675,4819,4813,3833,4813,5262,5479,5272,5148,5288,5178,5307,5072,5080,5179,5278,5387,4234,4848,4989,4642,4940,4666,5498,4819,5318,4833,5111,5137,5574,4690,5361,5121,4735,4744,4430,4744,3414,4883,5064,5024,5027,4602,4530,5104,3339,4257,4715,3889,4177,5106,4892,5131,4810,5456,4969,5256,4641,5197,4550,5137,4631,5258,3661,3593,4425,5038,4632,4586,4063,4753,4042,4771,3971,5091,4813,5104,5132
,0:37:04,37,5049,5125,4795,4494,4790,4937,4457,4948,4710,5038,4578,5145,4480,5037,4981,4860,4180,4840,4631,4804,4819,3713,4796,5250,5459,5293,5163,5309,5181,5242,4983,5057,5127,5190,5350,4164,4805,4907,4501,4877,4549,5369,4675,5307,4732,5049,5101,5609,4594,5308,5113,4605,4704,4289,4634,3244,4744,4959,4891,4950,4480,4303,5003,3157,4037,4571,3692,4042,4983,4858,5072,4734,5482,4916,5255,4527,5125,4369,5059,4499,5198,3498,3399,4296,5007,4495,4371,3891,4517,3900,4680,3777,4984,4716,5056,5106
,0:40:04,36.9,5082,5129,4803,4409,4798,4860,4319,4877,4740,4987,4554,5105,4429,4995,4919,4762,4060,4780,4504,4739,4762,3607,4796,5289,5450,5286,5140,5289,5110,5275,4983,5014,5076,5160,5344,4050,4741,4758,4353,4739,4464,5461,4557,5185,4679,4985,5116,5578,4522,5321,5063,4538,4642,4177,4522,3133,4626,4831,4825,4811,4342,4078,4875,2987,3856,4395,3562,3907,4868,4791,5006,4697,5453,4867,5226,4441,5085,4263,4957,4380,5100,3297,3220,4120,4877,4329,4141,3680,4301,3791,4467,3610,4789,4600,5003,5033
,0:43:04,37,5049,5120,4798,4344,4777,4798,4333,4870,4662,4926,4443,5089,4378,4911,4866,4642,4006,4678,4478,4625,4736,3531,4742,5261,5468,5235,5144,5239,5121,5215,4878,4974,5045,5095,5317,3953,4723,4665,4183,4606,4312,5418,4441,5177,4638,4909,5046,5592,4477,5268,5076,4444,4562,4079,4443,3021,4563,4738,4622,4674,4283,3845,4749,2784,3662,4192,3353,3750,4774,4740,4964,4592,5503,4808,5224,4340,5032,4152,4816,4293,5052,3162,3054,3979,4743,4134,3902,3466,4048,3625,4219,3485,4686,4464,4905,4961
,0:46:04,37,5062,5152,4781,4295,4757,4789,4370,4800,4637,4889,4418,5102,4329,4880,4861,4559,3883,4597,4432,4542,4718,3433,4727,5262,5451,5240,5127,5281,5047,5164,4836,4890,4925,5014,5306,3846,4684,4539,3995,4532,4218,5365,4309,5098,4563,4842,5029,5543,4421,5320,5049,4426,4497,3981,4362,2930,4476,4606,4437,4524,4158,3628,4633,2609,3471,4006,3152,3574,4698,4665,4938,4509,5441,4794,5200,4276,4970,4041,4773,4191,4973,3004,2843,3832,4690,3926,3691,3241,3803,3512,3972,3309,4484,4383,4847,4849
,0:49:04,37,5042,5114,4799,4241,4777,4758,4246,4755,4644,4828,4347,5064,4293,4834,4852,4492,3802,4527,4366,4513,4662,3331,4726,5216,5431,5254,5094,5258,5052,5154,4808,4874,4887,4996,5265,3761,4615,4446,3857,4352,4101,5402,4114,5007,4477,4844,4964,5567,4359,5295,5016,4373,4421,3882,4290,2865,4353,4446,4303,4436,4004,3423,4517,2437,3259,3806,2999,3427,4559,4638,4864,4450,5440,4744,5135,4173,4919,3945,4677,4046,4945,2868,2693,3642,4574,3778,3476,3059,3607,3364,3783,3139,4330,4266,4839,4842
,0:52:04,37,5043,5136,4714,4192,4730,4705,4218,4715,4648,4812,4305,5038,4251,4820,4838,4459,3724,4458,4273,4422,4603,3246,4714,5217,5422,5256,5142,5226,5024,5150,4782,4837,4881,4933,5315,3666,4575,4318,3676,4232,3955,5403,4008,4995,4435,4794,4953,5553,4285,5288,5034,4308,4368,3782,4197,2730,4314,4320,4129,4340,3950,3249,4361,2306,3075,3599,2802,3248,4466,4551,4800,4410,5484,4704,5124,4081,4887,3822,4552,3960,4931,2674,2529,3508,4433,3535,3278,2881,3431,3225,3579,2995,4164,4171,4760,4803
,0:55:04,37,5042,5118,4775,4148,4705,4672,4275,4729,4595,4749,4270,5053,4218,4775,4793,4342,3683,4399,4230,4372,4587,3182,4677,5242,5440,5266,5153,5243,5010,5131,4750,4806,4787,4918,5279,3604,4538,4168,3539,4102,3832,5335,3854,4904,4346,4735,4939,5579,4279,5297,5031,4237,4287,3724,4120,2671,4181,4190,4009,4236,3835,3046,4246,2154,2903,3434,2636,3104,4339,4521,4789,4331,5470,4637,5113,4065,4799,3752,4441,3849,4822,2575,2411,3362,4376,3378,3121,2700,3339,3092,3407,2815,4024,4065,4723,4747
,0:58:04,37,5032,5138,4773,4075,4685,4659,4139,4681,4642,4736,4240,5025,4169,4796,4743,4299,3607,4325,4207,4293,4609,3104,4702,5237,5468,5262,5162,5283,4952,5132,4699,4786,4785,4869,5248,3529,4460,4070,3390,3994,3740,5412,3752,4910,4331,4679,4920,5553,4208,5313,5027,4223,4253,3623,4047,2612,4133,4063,3889,4145,3744,2971,4125,2014,2777,3287,2509,2967,4231,4515,4790,4287,5468,4593,5090,3975,4813,3695,4395,3773,4832,2432,2295,3203,4275,3255,2982,2531,3225,2998,3259,2672,3862,3935,4674,4693
,1:01:04,37,5030,5078,4789,4045,4702,4604,4132,4674,4579,4692,4205,5025,4163,4723,4771,4205,3549,4305,4139,4243,4559,3043,4662,5214,5458,5242,5126,5205,4916,5094,4674,4732,4764,4840,5224,3473,4447,3952,3228,3824,3592,5394,3616,4839,4275,4609,4945,5599,4162,5259,5000,4172,4210,3514,3966,2522,4032,3929,3717,4005,3601,2853,3966,1920,2615,3128,2373,2853,4134,4459,4748,4245,5442,4531,5083,3937,4780,3595,4271,3651,4766,2317,2191,3051,4155,3086,2853,2391,3111,2904,3117,2535,3734,3814,4624,4636
,1:04:04,37,5038,5046,4767,4011,4702,4582,4155,4630,4565,4693,4123,5024,4108,4720,4695,4134,3484,4217,4094,4211,4497,2957,4647,5200,5448,5222,5112,5204,4928,5065,4656,4709,4705,4785,5247,3389,4401,3805,3098,3685,3473,5367,3476,4819,4230,4621,4946,5535,4087,5246,5010,4132,4175,3480,3934,2458,3965,3814,3592,3886,3527,2776,3852,1837,2511,3014,2256,2738,3999,4460,4716,4166,5444,4502,5073,3828,4710,3497,4136,3515,4750,2213,2122,2878,4061,2993,2773,2278,3092,2809,3026,2433,3597,3723,4579,4641
,1:07:04,37,5022,5063,4763,3968,4717,4572,4083,4633,4636,4655,4064,4973,4115,4705,4684,4058,3403,4178,4033,4158,4472,2908,4674,5195,5414,5268,5126,5228,4878,5075,4596,4652,4648,4719,5226,3314,4417,3694,2974,3562,3383,5357,3348,4819,4186,4561,4925,5540,4075,5244,4987,4093,4083,3378,3886,2408,3860,3721,3476,3820,3434,2729,3723,1750,2398,2875,2134,2575,3952,4408,4669,4146,5419,4503,5046,3786,4673,3457,4059,3449,4697,2109,1999,2757,3964,2883,2717,2178,3030,2720,2948,2327,3457,3623,4530,4565
,1:10:04,37,5010,5037,4748,3918,4661,4526,4053,4583,4525,4646,4048,4950,4070,4673,4670,3976,3356,4064,3978,4084,4463,2858,4612,5244,5471,5237,5130,5230,4869,5063,4539,4618,4637,4676,5157,3235,4335,3555,2847,3457,3292,5375,3249,4724,4147,4558,4918,5565,4018,5237,4990,4013,3973,3291,3780,2348,3779,3600,3405,3725,3341,2668,3609,1695,2315,2765,2055,2486,3804,4346,4640,4070,5405,4431,5038,3716,4640,3351,3987,3349,4608,2034,1973,2628,3908,2771,2644,2104,2992,2654,2880,2190,3387,3520,4506,4539
,1:13:04,37,5032,5045,4749,3905,4669,4496,4094,4562,4545,4582,3962,4926,4039,4620,4583,3835,3274,4033,3946,4025,4399,2779,4602,5220,5396,5207,5113,5168,4816,5021,4529,4611,4597,4665,5207,3203,4298,3442,2744,3319,3178,5341,3133,4720,4091,4484,4904,5558,3956,5259,4952,4002,3941,3239,3721,2313,3651,3519,3299,3632,3278,2638,3493,1640,2252,2669,1971,2373,3751,4366,4624,4037,5440,4408,5008,3619,4595,3296,3881,3243,4620,1964,1897,2507,3834,2752,2642,2033,2995,2580,2831,2108,3242,3402,4432,4532
,1:16:04,37,4996,5031,4768,3824,4657,4458,3995,4518,4606,4610,3941,4900,3986,4594,4513,3829,3169,4010,3854,3976,4366,2731,4621,5209,5427,5248,5106,5207,4819,5009,4505,4574,4557,4637,5150,3140,4311,3325,2672,3208,3095,5401,3052,4648,4051,4457,4919,5552,3920,5223,4921,3969,3920,3179,3657,2248,3573,3449,3257,3535,3181,2599,3394,1587,2188,2639,1932,2264,3674,4289,4584,4022,5460,4354,4983,3600,4572,3193,3804,3163,4586,1886,1871,2413,3762,2696,2589,1962,2962,2507,2773,2036,3181,3307,4424,4495
,1:19:04,37.1,5011,5043,4761,3810,4692,4441,3988,4489,4510,4576,3909,4910,3995,4572,4463,3735,3093,3977,3833,3922,4380,2699,4623,5207,5443,5211,5132,5219,4810,4981,4447,4560,4550,4600,5166,3100,4282,3244,2582,3095,3011,5360,2952,4680,4038,4460,4941,5585,3897,5224,4972,3912,3844,3109,3544,2231,3471,3361,3185,3518,3135,2564,3288,1577,2158,2566,1862,2176,3592,4259,4587,3984,5415,4322,4960,3526,4566,3115,3711,3110,4567,1824,1825,2334,3727,2633,2557,1938,2977,2469,2761,1920,3071,3197,4391,4474
,1:22:04,37,4990,5024,4781,3773,4611,4436,4028,4488,4525,4556,3884,4897,3892,4564,4317,3659,3010,3905,3808,3879,4336,2650,4579,5206,5437,5220,5136,5213,4774,4998,4421,4530,4490,4573,5222,3075,4260,3143,2540,3023,2973,5346,2877,4640,4033,4393,4907,5540,3880,5210,4926,3887,3834,3077,3528,2160,3371,3332,3109,3509,3028,2536,3230,1533,2097,2523,1832,2119,3540,4255,4557,3918,5465,4264,4967,3527,4527,3048,3662,3021,4525,1798,1785,2269,3677,2604,2530,1880,2967,2424,2745,1895,3028,3134,4338,4414
,1:25:04,37,4973,5041,4762,3750,4606,4388,3944,4470,4610,4515,3844,4895,3914,4537,4290,3548,2896,3894,3769,3840,4314,2616,4620,5146,5442,5232,5113,5183,4759,4999,4462,4487,4468,4532,5214,3002,4221,3089,2481,2984,2910,5352,2785,4623,4005,4377,4926,5590,3803,5228,4912,3859,3781,3018,3477,2128,3304,3267,3097,3443,2971,2574,3170,1536,2082,2486,1778,2053,3489,4195,4491,3893,5425,4247,4941,3463,4488,3027,3593,2924,4466,1764,1760,2166,3630,2568,2520,1870,2978,2378,2750,1831,2960,3060,4308,4393
,1:28:04,37,4951,5032,4746,3705,4638,4339,3892,4414,4520,4483,3823,4869,3888,4503,4208,3462,2793,3823,3712,3788,4291,2623,4581,5187,5438,5228,5134,5179,4762,4944,4402,4470,4449,4481,5199,2986,4198,3005,2414,2858,2856,5314,2730,4574,3929,4335,4939,5570,3746,5227,4913,3838,3722,2939,3417,2107,3230,3195,3035,3390,2894,2543,3101,1503,2045,2444,1754,1981,3449,4165,4540,3856,5454,4200,4965,3408,4432,2953,3539,2850,4456,1715,1732,2128,3581,2555,2530,1843,2981,2359,2755,1792,2919,2978,4297,4332
,1:31:04,37,4974,5005,4738,3722,4557,4363,3900,4435,4501,4427,3769,4866,3877,4505,4128,3421,2707,3808,3669,3758,4241,2567,4553,5206,5467,5207,5132,5188,4749,4947,4371,4487,4416,4460,5159,2922,4152,2933,2382,2825,2765,5299,2663,4574,3941,4290,4883,5541,3714,5231,4883,3794,3652,2885,3354,2065,3129,3176,3003,3375,2801,2523,3052,1490,2032,2408,1739,1930,3428,4177,4471,3830,5418,4147,4936,3344,4437,2881,3499,2785,4434,1693,1719,2069,3559,2531,2509,1833,2967,2307,2748,1730,2885,2881,4237,4333
,1:34:04,37,4986,5021,4727,3622,4605,4324,3846,4398,4606,4421,3748,4839,3857,4463,4071,3354,2649,3801,3610,3711,4241,2494,4587,5198,5398,5221,5129,5155,4752,4936,4340,4416,4361,4404,5155,2863,4105,2882,2350,2788,2718,5298,2621,4554,3877,4266,4896,5568,3733,5239,4923,3758,3610,2777,3283,2017,3042,3155,2989,3344,2744,2531,3050,1485,2013,2395,1701,1878,3351,4152,4457,3805,5416,4146,4895,3313,4414,2824,3421,2746,4404,1660,1688,2017,3531,2530,2486,1800,3006,2272,2730,1713,2845,2802,4200,4277
,1:37:04,37,4965,4968,4726,3571,4581,4251,3815,4364,4492,4405,3692,4833,3835,4415,3951,3273,2565,3741,3579,3672,4236,2483,4575,5191,5435,5203,5104,5203,4727,4955,4310,4395,4379,4360,5141,2791,4105,2828,2315,2730,2679,5306,2578,4518,3897,4255,4915,5589,3644,5210,4870,3730,3602,2740,3211,2015,2963,3117,2957,3326,2689,2513,2954,1480,1993,2362,1680,1837,3349,4131,4439,3758,5417,4089,4895,3272,4410,2746,3392,2654,4336,1637,1673,1999,3480,2487,2469,1774,3027,2258,2731,1662,2836,2756,4135,4271
,1:40:04,37,4969,4989,4733,3555,4568,4287,3814,4367,4522,4379,3658,4819,3813,4423,3865,3231,2477,3742,3543,3653,4201,2431,4538,5196,5422,5233,5116,5169,4698,4887,4263,4401,4329,4346,5216,2756,4057,2803,2304,2670,2652,5271,2532,4512,3863,4208,4898,5576,3654,5187,4874,3651,3553,2708,3162,1985,2867,3097,2977,3305,2637,2490,2942,1458,1974,2339,1651,1790,3298,4091,4396,3732,5418,4066,4907,3233,4373,2715,3344,2649,4367,1616,1657,1972,3483,2500,2489,1787,3008,2234,2734,1640,2807,2666,4115,4237
,1:43:04,37,4965,4965,4734,3534,4556,4289,3751,4317,4566,4360,3664,4809,3768,4414,3755,3148,2412,3706,3494,3601,4146,2414,4549,5166,5430,5252,5135,5210,4685,4903,4271,4387,4294,4302,5165,2711,4056,2788,2268,2656,2582,5320,2490,4485,3838,4185,4894,5598,3599,5200,4884,3659,3507,2663,3117,1948,2813,3051,2912,3286,2553,2499,2884,1460,1964,2347,1620,1759,3271,4060,4407,3686,5399,4039,4875,3207,4345,2622,3342,2559,4333,1593,1642,1920,3468,2479,2459,1758,3000,2227,2717,1612,2791,2611,4049,4190
,1:46:04,37,4935,4983,4739,3500,4600,4194,3758,4313,4529,4338,3616,4792,3705,4415,3646,3077,2360,3627,3474,3583,4171,2402,4558,5163,5430,5251,5098,5208,4662,4909,4213,4351,4287,4278,5172,2658,4025,2768,2253,2616,2562,5325,2437,4481,3806,4157,4898,5549,3564,5255,4881,3588,3456,2623,3084,1933,2752,3049,2914,3274,2537,2527,2892,1461,1944,2344,1600,1734,3272,4037,4357,3661,5382,4039,4871,3162,4356,2619,3257,2515,4308,1593,1628,1895,3444,2458,2479,1767,3035,2195,2723,1603,2804,2551,4055,4206
,1:49:04,37,4966,4970,4738,3475,4529,4189,3802,4293,4485,4289,3610,4753,3732,4351,3565,3045,2295,3608,3430,3540,4183,2371,4547,5225,5425,5243,5106,5229,4695,4891,4236,4343,4239,4217,5180,2639,3973,2710,2225,2610,2535,5272,2461,4478,3829,4145,4934,5612,3557,5208,4896,3612,3413,2587,3038,1925,2685,3014,2909,3300,2476,2488,2876,1473,1926,2319,1612,1707,3212,4032,4329,3648,5409,3998,4880,3142,4295,2553,3236,2482,4296,1562,1618,1883,3450,2432,2463,1748,3024,2185,2751,1579,2749,2495,3971,4140
,1:52:04,37,4989,4971,4755,3441,4542,4147,3673,4293,4591,4307,3599,4794,3729,4341,3479,2968,2243,3579,3440,3516,4167,2363,4570,5167,5444,5271,5131,5189,4684,4842,4216,4335,4237,4233,5138,2579,3967,2692,2233,2565,2525,5276,2436,4453,3806,4110,4874,5595,3516,5205,4854,3604,3383,2512,2960,1889,2630,3016,2911,3244,2434,2502,2846,1462,1919,2302,1596,1692,3196,4010,4363,3614,5415,4006,4879,3124,4269,2509,3213,2426,4231,1571,1617,1871,3391,2464,2462,1738,3057,2188,2747,1564,2750,2456,3955,4127
,1:55:04,37,4956,4967,4777,3452,4521,4124,3624,4271,4487,4237,3522,4768,3693,4343,3417,2926,2195,3575,3394,3505,4138,2343,4527,5161,5412,5242,5114,5205,4647,4924,4170,4299,4224,4202,5146,2549,3936,2684,2197,2550,2481,5289,2415,4443,3789,4087,4867,5598,3509,5228,4875,3558,3364,2474,2932,1878,2593,3000,2877,3240,2397,2498,2846,1451,1918,2312,1585,1667,3201,3971,4321,3594,5405,3938,4875,3060,4270,2453,3181,2378,4288,1544,1607,1854,3370,2427,2459,1739,3051,2164,2757,1540,2740,2381,3923,4134
,1:58:04,37,4941,4949,4711,3411,4518,4119,3572,4258,4487,4200,3487,4769,3686,4327,3296,2854,2155,3532,3317,3460,4087,2352,4532,5203,5449,5300,5151,5171,4641,4875,4141,4265,4194,4144,5179,2477,3910,2669,2196,2546,2454,5207,2395,4397,3812,4062,4916,5565,3493,5203,4846,3542,3321,2426,2887,1868,2536,2992,2887,3250,2372,2507,2849,1469,1910,2306,1573,1641,3171,3959,4326,3570,5427,3912,4848,3033,4240,2420,3154,2378,4261,1543,1603,1840,3387,2425,2453,1731,3069,2155,2764,1551,2771,2337,3882,4112
,2:01:04,37,4921,4939,4730,3368,4495,4077,3470,4218,4549,4176,3490,4763,3652,4284,3213,2814,2108,3520,3308,3405,4087,2306,4552,5155,5454,5257,5066,5159,4621,4823,4117,4263,4132,4127,5134,2437,3892,2694,2195,2536,2429,5246,2352,4383,3749,4041,4871,5564,3441,5215,4825,3534,3301,2414,2806,1827,2496,2974,2890,3254,2322,2489,2826,1454,1881,2301,1556,1610,3156,3932,4358,3533,5462,3895,4822,3000,4191,2371,3151,2325,4237,1546,1601,1828,3372,2417,2468,1714,3051,2127,2748,1540,2742,2296,3853,4077
,,,,,,,,,,,,,,,,,,,,,,,,,,,,,,,,,,,,,,,,,,,,,,,,,,,,,,,,,,,,,,,,,,,,,,,,,,,,,,,,,,,,,,,,,,,,,,,,,,
"485,610",,,,,,,,,,,,,,,,,,,,,,,,,,,,,,,,,,,,,,,,,,,,,,,,,,,,,,,,,,,,,,,,,,,,,,,,,,,,,,,,,,,,,,,,,,,,,,,,,,
,,,,,,,,,,,,,,,,,,,,,,,,,,,,,,,,,,,,,,,,,,,,,,,,,,,,,,,,,,,,,,,,,,,,,,,,,,,,,,,,,,,,,,,,,,,,,,,,,,
,Time,"T° 485,610",E1,E2,E3,E4,E5,E6,E7,E8,E9,E10,E11,E12,E13,E14,E15,E16,E17,E18,E19,E20,E21,E22,E23,E24,F1,F2,F3,F4,F5,F6,F7,F8,F9,F10,F11,F12,F13,F14,F15,F16,F17,F18,F19,F20,F21,F22,F23,F24,G1,G2,G3,G4,G5,G6,G7,G8,G9,G10,G11,G12,G13,G14,G15,G16,G17,G18,G19,G20,G21,G22,G23,G24,H1,H2,H3,H4,H5,H6,H7,H8,H9,H10,H11,H12,H13,H14,H15,H16,H17,H18,H19,H20,H21,H22,H23,H24
,0:01:04,37,5518,5315,5362,5541,5670,5669,5047,5470,5612,5706,5801,5848,5879,5819,5878,5927,5777,5936,5946,5991,5896,5951,5911,6037,5526,5545,5465,5541,5644,5639,5593,5653,5594,5670,5796,5711,5822,4980,5799,5265,5822,6029,5949,5752,5971,5278,6015,6096,5708,5355,5358,5468,5750,5486,5654,5118,5750,5701,5703,5453,5927,5747,5870,5552,5742,5833,5980,5902,5990,5896,6024,6055,5668,5540,5549,5669,5755,5701,5685,5639,5299,5794,5935,6068,5818,5897,6087,5882,5986,6114,6114,5965,6001,5795,6053,6020
,0:04:04,37,5698,5381,5451,5628,5711,5720,4968,5471,5636,5691,5834,5889,5817,5786,5843,5837,5719,5860,5921,5873,5910,5792,5745,5876,5601,5623,5563,5552,5712,5697,5621,5697,5613,5676,5780,5660,5792,4625,5739,4981,5803,5921,5889,5618,5855,4928,5946,5868,5762,5385,5435,5538,5773,5501,5768,4855,5741,5650,5665,5297,5800,5677,5777,5400,5643,5716,5930,5788,5926,5799,5893,5923,5740,5666,5679,5713,5828,5759,5648,5670,5110,5824,5915,5998,5802,5857,6079,5838,5979,6024,6028,5882,5915,5651,5897,5759
,0:07:04,37.1,5658,5320,5392,5502,5736,5666,4726,5319,5562,5602,5730,5785,5768,5686,5799,5741,5624,5790,5837,5726,5792,5742,5708,5719,5635,5625,5536,5458,5726,5579,5650,5605,5535,5505,5773,5578,5732,4148,5733,4615,5680,5828,5802,5448,5764,4480,5853,5734,5755,5228,5467,5498,5751,5439,5647,4494,5680,5560,5577,5049,5814,5547,5592,5240,5473,5633,5830,5651,5789,5671,5777,5735,5738,5681,5642,5667,5765,5703,5638,5544,4888,5738,5842,5909,5723,5808,5970,5762,5890,5943,5917,5653,5831,5475,5775,5547
,0:10:04,37,5656,5258,5448,5447,5685,5570,4502,5137,5563,5483,5709,5727,5733,5591,5724,5603,5596,5635,5793,5617,5731,5664,5671,5582,5633,5616,5493,5408,5630,5522,5632,5566,5521,5346,5742,5462,5663,3711,5640,4306,5668,5727,5712,5262,5715,4062,5760,5662,5690,5163,5366,5395,5806,5383,5626,4112,5700,5432,5462,4794,5777,5431,5413,4981,5365,5489,5734,5571,5729,5598,5734,5679,5646,5656,5619,5607,5774,5664,5528,5506,4623,5694,5778,5800,5676,5716,5913,5669,5819,5869,5869,5525,5748,5247,5665,5334
,0:13:04,37,5655,5147,5422,5398,5668,5526,4281,4932,5538,5447,5707,5673,5703,5526,5673,5583,5521,5562,5782,5485,5676,5641,5617,5521,5614,5545,5448,5272,5619,5452,5561,5550,5516,5196,5751,5392,5646,3400,5596,3979,5578,5718,5722,5081,5607,3755,5696,5567,5682,5026,5328,5346,5751,5229,5642,3752,5678,5349,5348,4547,5706,5243,5306,4809,5292,5333,5708,5432,5721,5502,5678,5582,5682,5604,5558,5559,5698,5700,5500,5421,4400,5595,5764,5777,5614,5723,5870,5658,5770,5826,5840,5334,5717,5084,5592,5194
,0:16:04,37,5640,5027,5398,5338,5677,5443,3996,4791,5535,5323,5675,5659,5672,5437,5679,5478,5436,5458,5725,5374,5723,5555,5603,5403,5589,5543,5425,5194,5610,5431,5617,5482,5441,5041,5725,5317,5606,3166,5633,3735,5542,5631,5681,4969,5572,3505,5658,5518,5655,4852,5345,5272,5731,5160,5570,3480,5680,5258,5239,4335,5661,5147,5156,4598,5194,5236,5651,5411,5676,5462,5631,5556,5645,5587,5495,5501,5673,5711,5501,5349,4176,5568,5710,5764,5596,5678,5803,5571,5689,5798,5723,5207,5725,4948,5466,5041
,0:19:04,37,5597,4963,5326,5291,5636,5381,3886,4673,5508,5291,5652,5627,5666,5424,5605,5440,5491,5419,5701,5281,5637,5463,5548,5328,5576,5507,5424,5147,5656,5366,5575,5457,5442,4944,5746,5282,5567,2980,5576,3527,5526,5515,5677,4819,5527,3260,5592,5431,5598,4699,5311,5172,5719,5056,5556,3229,5608,5196,5193,4102,5622,5040,5030,4429,5094,5159,5627,5337,5629,5393,5552,5473,5579,5522,5452,5449,5655,5660,5348,5271,3979,5528,5710,5689,5541,5629,5751,5541,5661,5784,5746,5101,5600,4781,5330,4893
,0:22:04,37,5574,4857,5321,5224,5589,5305,3637,4486,5458,5230,5613,5542,5636,5346,5598,5376,5382,5349,5592,5113,5569,5402,5464,5275,5551,5410,5392,4986,5589,5297,5561,5391,5415,4749,5635,5155,5538,2804,5614,3311,5519,5460,5579,4747,5413,3056,5507,5443,5573,4579,5302,5137,5699,4932,5550,3046,5565,5089,5084,3916,5622,4879,4937,4205,5024,4976,5569,5243,5593,5257,5487,5446,5596,5499,5423,5419,5553,5653,5307,5154,3731,5467,5650,5652,5542,5578,5690,5492,5663,5720,5697,4928,5497,4637,5271,4755
,0:25:04,37,5615,4684,5251,5132,5505,5232,3480,4320,5463,5100,5580,5435,5579,5260,5535,5201,5302,5226,5494,4977,5475,5348,5429,5165,5516,5388,5276,4861,5596,5193,5511,5319,5381,4612,5670,5037,5487,2702,5525,3148,5450,5347,5581,4520,5354,2926,5376,5340,5565,4446,5298,5042,5627,4829,5497,2898,5546,5007,4948,3709,5577,4763,4697,4005,4953,4838,5484,5094,5475,5149,5384,5402,5572,5524,5420,5368,5518,5651,5220,5023,3531,5399,5592,5622,5435,5444,5701,5349,5566,5544,5583,4728,5391,4415,5166,4597
,0:28:04,37,5587,4623,5293,5052,5444,5084,3355,4133,5392,4907,5495,5220,5522,5155,5394,5061,5185,5081,5351,4792,5266,5287,5332,5072,5590,5317,5259,4749,5527,5090,5429,5212,5323,4402,5593,4815,5356,2569,5454,2935,5387,5190,5382,4351,5180,2738,5275,5276,5515,4273,5232,4923,5676,4703,5436,2791,5487,4854,4803,3494,5461,4508,4566,3728,4778,4614,5305,4887,5432,5041,5250,5324,5598,5512,5395,5348,5410,5585,5106,4882,3354,5174,5457,5526,5330,5296,5599,5195,5472,5375,5418,4512,5287,4241,5093,4483
,0:31:04,37,5536,4541,5261,4995,5403,4971,3172,3951,5258,4720,5391,5068,5409,4943,5214,4839,4930,4879,5182,4576,5139,5127,5231,5071,5498,5267,5249,4621,5489,4960,5377,5031,5227,4109,5368,4660,5228,2458,5282,2739,5263,5006,5174,4135,5005,2642,5170,5251,5528,4174,5235,4814,5508,4576,5293,2682,5319,4657,4571,3240,5298,4297,4332,3514,4580,4432,5145,4719,5252,4893,5155,5282,5593,5471,5363,5311,5360,5526,4960,4732,3161,5072,5265,5298,5180,5054,5428,4928,5283,5201,5240,4310,5139,4039,4974,4364
,0:34:04,37,5558,4468,5287,4949,5316,4909,3009,3793,5178,4534,5218,4909,5217,4749,5018,4646,4805,4653,4967,4384,4976,4986,5188,4937,5507,5297,5147,4523,5406,4767,5276,4932,5109,3920,5244,4431,5100,2330,5230,2544,5081,4843,5033,3952,4850,2544,5084,5196,5516,4054,5293,4770,5506,4368,5244,2615,5215,4522,4387,3028,5135,4011,4156,3293,4431,4202,4982,4582,5076,4789,5061,5178,5614,5493,5315,5241,5296,5431,4816,4586,3004,4942,5099,5136,5016,4837,5223,4797,5141,4981,5094,4091,5024,3911,4894,4246
,0:37:04,37,5596,4382,5245,4843,5252,4789,2887,3648,5075,4446,5090,4732,5154,4619,4910,4450,4638,4513,4762,4224,4828,4934,5047,4869,5503,5211,5109,4438,5331,4645,5219,4837,5036,3720,5059,4201,4919,2201,5063,2392,4947,4664,4896,3821,4743,2444,4996,5087,5473,3953,5205,4650,5421,4269,5157,2524,5126,4355,4180,2904,5001,3816,3914,3053,4240,3916,4808,4422,4906,4653,4916,5110,5593,5435,5311,5224,5164,5312,4620,4429,2876,4738,4933,4989,4885,4557,5123,4615,5007,4789,4948,3878,4929,3777,4777,4153
,0:40:04,36.9,5560,4325,5200,4809,5138,4719,2779,3496,4996,4249,5012,4544,5004,4411,4762,4274,4374,4302,4568,4032,4651,4754,4994,4798,5505,5179,5094,4328,5313,4525,5115,4685,4934,3531,4961,4009,4710,2070,4936,2262,4819,4442,4757,3620,4557,2351,4895,5064,5474,3866,5204,4581,5414,4123,5079,2497,4976,4193,4027,2715,4828,3584,3760,2854,4077,3712,4636,4212,4815,4533,4884,5160,5585,5427,5269,5178,5108,5264,4492,4315,2746,4627,4783,4837,4723,4327,4936,4429,4893,4593,4786,3733,4767,3609,4738,4088
,0:43:04,37,5553,4231,5187,4696,5080,4606,2700,3370,4896,4070,4923,4247,4891,4270,4568,4026,4142,4100,4316,3797,4510,4654,4926,4706,5553,5180,5028,4237,5195,4394,5010,4601,4863,3350,4752,3725,4587,1952,4792,2106,4686,4276,4604,3449,4357,2324,4805,5032,5501,3765,5228,4471,5348,4016,4959,2422,4885,4079,3846,2550,4637,3379,3554,2672,3937,3494,4469,4077,4648,4431,4764,5146,5596,5415,5227,5122,5050,5168,4411,4149,2639,4483,4629,4643,4599,4056,4734,4167,4767,4370,4644,3520,4622,3520,4622,4042
,0:46:04,37,5552,4187,5180,4647,5057,4495,2594,3232,4763,3910,4774,4043,4785,4076,4387,3803,3900,3889,4145,3577,4288,4562,4828,4666,5517,5123,4998,4133,5123,4276,4953,4437,4761,3179,4595,3524,4404,1833,4661,1947,4552,4105,4376,3267,4244,2223,4744,4979,5435,3685,5212,4403,5333,3896,4879,2382,4771,3923,3648,2380,4520,3127,3370,2476,3737,3248,4226,3897,4462,4353,4708,5170,5558,5399,5209,5074,4959,5090,4223,4078,2547,4274,4422,4434,4491,3810,4564,3945,4577,4128,4435,3325,4453,3338,4608,3986
,0:49:04,37,5542,4072,5176,4586,4935,4398,2499,3075,4671,3732,4632,3855,4612,3894,4205,3586,3665,3698,3908,3393,4143,4424,4717,4627,5500,5115,4961,4047,5082,4133,4884,4317,4659,2973,4461,3316,4157,1710,4522,1841,4303,3826,4166,3120,4019,2186,4685,5005,5432,3599,5126,4283,5240,3815,4835,2351,4638,3825,3431,2238,4284,2912,3119,2282,3516,3000,4011,3720,4315,4237,4638,5126,5556,5414,5157,5081,4901,5040,4111,3939,2390,4150,4222,4274,4282,3605,4344,3742,4411,3916,4269,3147,4300,3217,4491,3936
,0:52:04,37,5515,4038,5169,4550,4872,4338,2404,3019,4592,3545,4455,3641,4494,3732,4018,3370,3448,3490,3740,3174,3991,4310,4665,4582,5496,5076,4968,3959,5001,4043,4852,4178,4562,2794,4214,3131,4004,1668,4373,1722,4138,3644,4034,2955,3880,2112,4582,4993,5404,3494,5126,4217,5200,3680,4767,2323,4514,3645,3267,2077,4123,2721,2946,2127,3325,2835,3826,3555,4136,4094,4588,5157,5573,5413,5169,5023,4848,4949,3995,3822,2304,3963,4097,4073,4126,3428,4165,3530,4229,3688,4062,2981,4134,3110,4411,3853
,0:55:04,37,5524,3997,5158,4433,4850,4247,2369,2878,4458,3404,4371,3491,4349,3576,3805,3191,3349,3351,3530,3015,3788,4181,4594,4559,5475,5041,4900,3871,4994,3956,4702,4070,4473,2670,4070,2980,3834,1597,4220,1634,3981,3507,3827,2809,3718,2064,4512,4989,5397,3479,5102,4183,5233,3617,4679,2312,4409,3507,3088,1999,3913,2554,2763,1983,3163,2680,3631,3393,3956,4029,4513,5135,5544,5375,5143,5027,4783,4945,3835,3760,2205,3812,3926,3919,3943,3297,3965,3349,4059,3503,3873,2792,4008,3007,4385,3840
,0:58:04,37,5497,3922,5162,4418,4780,4189,2295,2769,4369,3248,4194,3345,4247,3395,3631,3059,3191,3169,3417,2850,3648,4106,4542,4505,5509,5025,4886,3813,4978,3826,4640,3964,4379,2510,3934,2845,3675,1546,4027,1569,3824,3303,3665,2687,3545,2028,4428,4924,5401,3400,5094,4138,5151,3538,4576,2297,4334,3383,2924,1872,3754,2417,2616,1877,3041,2557,3470,3225,3814,3908,4457,5129,5560,5380,5066,4981,4762,4885,3771,3654,2120,3667,3722,3775,3791,3218,3820,3215,3901,3405,3698,2648,3839,2873,4308,3720
,1:01:04,37,5541,3865,5122,4356,4746,4100,2231,2678,4250,3082,4084,3284,4076,3218,3532,2916,3147,3012,3305,2718,3472,3947,4451,4473,5509,5017,4850,3747,4916,3738,4567,3846,4267,2395,3772,2782,3549,1499,3899,1544,3673,3193,3516,2545,3419,1953,4376,4936,5350,3353,5113,4028,5073,3433,4534,2278,4193,3269,2763,1794,3620,2304,2453,1802,2868,2472,3324,3092,3655,3758,4432,5084,5544,5347,5081,4933,4680,4829,3646,3495,2009,3547,3568,3614,3636,3119,3616,3073,3732,3244,3538,2531,3703,2753,4250,3716
,1:04:04,37,5533,3803,5150,4300,4661,4025,2160,2571,4165,2953,3976,3188,3925,3094,3381,2816,3048,2869,3245,2559,3406,3853,4413,4421,5484,4976,4850,3674,4874,3633,4504,3722,4155,2285,3624,2700,3402,1481,3757,1523,3529,3071,3367,2396,3278,1904,4293,4884,5300,3303,5054,3963,5099,3370,4424,2244,4086,3109,2641,1701,3469,2213,2336,1724,2754,2368,3206,2973,3585,3634,4334,5085,5530,5301,5095,4960,4616,4784,3492,3391,1942,3372,3437,3481,3490,3083,3491,3014,3556,3166,3394,2376,3560,2684,4181,3660
,1:07:04,37,5528,3762,5126,4251,4667,3937,2101,2479,4059,2840,3857,3114,3796,3005,3261,2751,2983,2781,3150,2506,3321,3740,4338,4400,5471,4959,4794,3580,4854,3523,4418,3667,4031,2187,3513,2638,3314,1463,3636,1477,3429,2989,3267,2307,3185,1860,4234,4904,5350,3222,5033,3932,5019,3257,4367,2205,3961,2986,2516,1653,3381,2134,2222,1674,2625,2309,3092,2875,3433,3543,4258,5066,5523,5302,5013,4880,4583,4701,3394,3288,1873,3263,3316,3349,3385,3033,3367,2937,3448,3098,3262,2267,3459,2551,4126,3606
,1:10:04,37,5499,3698,5082,4163,4572,3872,2034,2367,3904,2737,3715,3042,3715,2875,3164,2683,2933,2686,3089,2399,3199,3602,4265,4347,5480,4946,4761,3518,4762,3422,4367,3510,3961,2100,3427,2573,3251,1463,3492,1469,3305,2907,3158,2167,3057,1794,4150,4857,5308,3166,5032,3856,4963,3186,4202,2197,3816,2869,2436,1603,3269,2068,2145,1617,2541,2255,2992,2728,3293,3430,4193,5017,5513,5289,5026,4822,4472,4681,3322,3217,1803,3146,3205,3283,3262,3004,3289,2839,3349,3018,3191,2166,3348,2479,4065,3519
,1:13:04,37,5511,3680,5116,4160,4523,3790,1990,2300,3789,2634,3632,3016,3586,2809,3099,2620,2954,2625,3042,2309,3123,3516,4232,4307,5520,4903,4758,3459,4680,3336,4241,3433,3861,2014,3345,2537,3165,1448,3389,1446,3252,2833,3030,2124,2979,1759,4052,4876,5289,3142,4987,3790,4968,3093,4142,2170,3706,2771,2369,1547,3205,2014,2063,1598,2457,2212,2949,2651,3170,3303,4128,5017,5527,5273,4985,4784,4462,4558,3153,3071,1747,3016,3115,3221,3173,2992,3191,2812,3246,2987,3074,2081,3251,2374,3996,3491
,1:16:04,37,5492,3644,5069,4061,4464,3711,1959,2221,3724,2540,3566,2998,3484,2713,3061,2622,2915,2535,3000,2241,3046,3438,4176,4302,5503,4869,4656,3365,4618,3242,4178,3364,3783,1962,3264,2489,3121,1444,3276,1449,3168,2787,2968,2036,2880,1700,3997,4829,5262,3076,4996,3768,4930,3027,4093,2141,3615,2646,2321,1525,3166,1964,2028,1551,2409,2160,2871,2569,3125,3222,4090,5019,5528,5295,4969,4814,4455,4515,3065,3014,1688,2955,3065,3171,3100,2969,3159,2782,3165,2944,2994,2009,3138,2255,3949,3464
,1:19:04,37.1,5503,3586,5087,4054,4393,3669,1902,2153,3624,2490,3491,2942,3429,2687,3014,2572,2900,2482,2980,2190,2994,3313,4099,4246,5481,4844,4650,3344,4653,3162,4106,3318,3710,1890,3183,2464,3079,1458,3240,1448,3102,2741,2963,1974,2800,1653,3929,4855,5281,3054,4969,3734,4907,2959,3993,2096,3547,2589,2284,1484,3094,1930,1942,1529,2346,2142,2830,2518,3042,3123,4054,4969,5542,5282,4950,4749,4352,4444,3017,2911,1640,2888,3007,3112,3047,2969,3058,2748,3129,2913,2945,1965,3081,2197,3920,3448
,1:22:04,37,5508,3548,5088,4006,4394,3593,1856,2083,3541,2431,3431,2937,3370,2621,2967,2553,2911,2488,2992,2142,2950,3242,4037,4205,5451,4820,4677,3310,4604,3097,4048,3267,3648,1874,3136,2444,3017,1449,3152,1445,3071,2696,2893,1928,2757,1628,3870,4833,5261,3015,4985,3639,4894,2893,3926,2120,3462,2495,2215,1463,3060,1902,1924,1507,2288,2115,2786,2443,2955,3052,3980,4948,5547,5301,4944,4729,4368,4382,2945,2834,1616,2833,2938,3080,2961,2944,3022,2749,3046,2922,2910,1899,3010,2134,3850,3373
,1:25:04,37,5487,3519,5056,3935,4345,3539,1850,2046,3479,2390,3402,2937,3294,2579,2946,2523,2900,2432,2957,2087,2901,3165,3984,4189,5452,4830,4622,3250,4557,3008,3958,3200,3566,1849,3128,2418,3046,1447,3098,1449,3063,2678,2888,1888,2709,1587,3817,4776,5236,2989,4976,3621,4874,2815,3865,2084,3366,2421,2180,1468,3020,1871,1911,1500,2272,2094,2810,2372,2952,2986,3921,4938,5540,5264,4975,4744,4332,4362,2856,2765,1575,2766,2904,3070,2932,2963,3004,2722,3042,2903,2909,1854,2975,2065,3820,3333
,1:28:04,37,5511,3463,5023,3922,4257,3475,1783,1987,3362,2308,3342,2920,3241,2552,2925,2520,2940,2406,2967,2072,2882,3104,3930,4163,5440,4766,4638,3180,4518,2936,3901,3131,3528,1809,3092,2414,3001,1436,3069,1430,3004,2625,2885,1831,2657,1579,3768,4759,5210,2925,4975,3588,4779,2788,3768,2067,3295,2357,2160,1465,3010,1850,1872,1498,2217,2097,2768,2347,2894,2875,3898,4923,5493,5254,4896,4705,4259,4271,2818,2686,1549,2720,2880,3034,2887,2936,2986,2719,3009,2915,2872,1814,2948,1992,3794,3311
,1:31:04,37,5473,3413,5073,3876,4242,3403,1756,1947,3295,2295,3316,2906,3189,2512,2907,2503,2929,2375,2959,2049,2862,3012,3886,4121,5466,4775,4578,3164,4426,2857,3836,3097,3448,1772,3054,2383,3002,1444,3021,1459,3006,2634,2826,1790,2668,1526,3714,4773,5223,2897,4939,3529,4800,2704,3688,2051,3239,2290,2116,1441,2951,1849,1845,1472,2201,2085,2757,2274,2847,2815,3833,4951,5482,5254,4882,4662,4225,4222,2722,2626,1528,2644,2822,3004,2867,2977,2995,2722,2960,2898,2817,1762,2868,1930,3721,3265
,1:34:04,37,5477,3386,5027,3842,4162,3332,1709,1906,3223,2265,3267,2916,3156,2474,2913,2494,2921,2343,2970,1986,2857,2950,3814,4084,5447,4745,4561,3132,4462,2810,3750,3045,3399,1743,3043,2376,2986,1438,3001,1447,2986,2611,2791,1770,2624,1486,3662,4742,5181,2895,4910,3479,4705,2643,3629,2046,3169,2259,2093,1417,2959,1836,1801,1475,2163,2066,2726,2253,2844,2757,3777,4922,5547,5244,4858,4627,4135,4166,2642,2546,1525,2601,2836,2988,2853,2932,2969,2693,2958,2898,2821,1754,2844,1875,3677,3266
,1:37:04,37,5505,3364,5043,3787,4105,3277,1693,1823,3135,2235,3220,2907,3145,2469,2892,2489,2910,2349,2964,1978,2860,2887,3755,4069,5442,4719,4546,3050,4392,2736,3692,3016,3368,1735,3046,2379,2962,1444,2984,1461,2985,2592,2822,1753,2570,1472,3621,4712,5221,2858,4944,3433,4669,2556,3558,2023,3132,2187,2070,1425,2944,1806,1798,1467,2119,2061,2726,2222,2800,2711,3739,4889,5504,5226,4864,4556,4101,4092,2633,2448,1483,2569,2818,2968,2809,2930,2939,2700,2984,2924,2778,1726,2826,1825,3644,3224
,1:40:04,37,5464,3336,5011,3773,4047,3195,1684,1799,3091,2213,3234,2900,3064,2453,2904,2482,2949,2323,2978,1959,2826,2854,3713,4041,5481,4697,4542,3006,4272,2697,3623,2950,3331,1694,3034,2345,2963,1450,2942,1456,2950,2575,2805,1724,2570,1434,3550,4731,5186,2831,4903,3390,4663,2520,3461,1990,3061,2135,2040,1432,2925,1803,1768,1461,2112,2027,2728,2185,2759,2622,3671,4856,5532,5181,4819,4610,4067,4066,2566,2429,1470,2536,2769,2987,2822,2954,2945,2702,2958,2907,2804,1699,2786,1767,3578,3198
,1:43:04,37,5505,3284,4987,3732,3997,3121,1643,1763,3038,2193,3170,2931,3077,2415,2908,2456,2931,2323,2953,1932,2850,2792,3640,4047,5471,4701,4497,2989,4265,2626,3557,2937,3296,1681,3025,2322,2982,1468,2935,1456,2958,2575,2808,1695,2532,1400,3496,4725,5177,2797,4879,3381,4618,2434,3390,1966,3041,2117,2037,1412,2955,1789,1755,1462,2081,2041,2703,2152,2767,2544,3594,4875,5497,5267,4855,4607,4028,3967,2511,2360,1459,2526,2756,2957,2787,2926,2931,2666,2961,2919,2795,1687,2763,1707,3569,3165
,1:46:04,37,5509,3275,4993,3720,3976,3096,1628,1750,2998,2161,3180,2924,3047,2416,2930,2479,2908,2292,2976,1946,2848,2766,3626,3961,5457,4653,4497,2906,4233,2584,3525,2924,3257,1688,3061,2328,2991,1459,2921,1466,2963,2566,2806,1672,2517,1384,3421,4717,5160,2805,4918,3333,4585,2408,3369,1983,2996,2067,2014,1416,2942,1782,1747,1452,2077,2008,2741,2158,2750,2510,3576,4872,5501,5212,4783,4582,3979,3965,2485,2319,1477,2487,2784,2987,2776,2937,2964,2697,2943,2938,2805,1656,2759,1695,3535,3147
,1:49:04,37,5488,3239,5031,3696,3968,3029,1607,1705,2955,2165,3185,2905,3043,2396,2908,2448,2970,2303,2979,1923,2801,2701,3546,3994,5495,4690,4479,2929,4189,2572,3443,2897,3251,1662,3023,2319,2984,1475,2896,1469,2965,2559,2802,1645,2521,1366,3397,4690,5175,2773,4866,3277,4566,2355,3313,1976,2978,2048,2007,1415,2916,1771,1717,1453,2062,2007,2702,2111,2741,2462,3549,4865,5515,5209,4807,4540,3930,3902,2433,2266,1467,2469,2732,2958,2745,2979,2951,2710,2946,2884,2761,1658,2749,1656,3470,3127
,1:52:04,37,5508,3219,5066,3688,3904,2990,1593,1677,2928,2131,3151,2928,3027,2370,2940,2467,2964,2283,2992,1911,2836,2674,3534,3946,5454,4655,4497,2888,4152,2496,3415,2877,3205,1638,3032,2300,2944,1479,2913,1480,2979,2575,2802,1623,2496,1352,3369,4689,5110,2753,4869,3266,4565,2306,3264,1964,2953,2038,1996,1415,2917,1750,1725,1470,2033,2010,2724,2087,2759,2440,3507,4811,5503,5185,4780,4534,3918,3858,2422,2232,1435,2453,2788,2955,2755,2950,2955,2698,2958,2912,2770,1640,2750,1608,3421,3118
,1:55:04,37,5509,3206,4997,3621,3847,2896,1572,1664,2904,2105,3141,2944,2997,2356,2925,2454,2978,2287,2999,1915,2827,2619,3480,3942,5454,4628,4481,2852,4116,2464,3374,2832,3217,1640,3017,2302,2968,1490,2911,1496,2966,2579,2839,1601,2482,1327,3327,4642,5135,2733,4854,3224,4501,2274,3221,1956,2920,1987,2004,1433,2938,1742,1712,1445,2034,2014,2732,2076,2722,2410,3464,4788,5485,5224,4780,4475,3904,3831,2394,2203,1448,2412,2736,2921,2753,2960,2956,2687,2967,2965,2805,1620,2737,1561,3391,3101
,1:58:04,37,5488,3149,5038,3567,3844,2871,1573,1657,2851,2115,3134,2924,3017,2355,2931,2461,3012,2288,3005,1894,2833,2631,3421,3932,5471,4615,4445,2812,4082,2431,3322,2821,3192,1619,3045,2302,2971,1488,2897,1488,2953,2568,2830,1587,2462,1318,3292,4646,5099,2728,4822,3171,4479,2218,3160,1958,2899,1968,1994,1428,2941,1757,1706,1466,2017,1981,2739,2068,2709,2365,3439,4785,5494,5186,4756,4489,3828,3759,2332,2139,1440,2424,2748,2944,2750,2950,2948,2713,2941,2957,2797,1629,2731,1546,3371,3084
,2:01:04,37,5472,3162,4984,3542,3754,2810,1557,1617,2822,2094,3153,2912,2991,2339,2956,2455,2986,2276,3043,1887,2835,2586,3382,3913,5487,4562,4398,2796,4026,2380,3290,2811,3182,1611,3067,2268,3006,1485,2911,1495,2974,2549,2843,1583,2467,1299,3261,4619,5080,2688,4831,3157,4418,2172,3111,1926,2880,1940,1976,1430,2946,1731,1722,1448,2008,1991,2734,2039,2740,2317,3361,4774,5490,5160,4723,4474,3812,3719,2293,2107,1424,2391,2739,2926,2738,2969,2971,2698,2963,2973,2800,1611,2722,1525,3316,3042
,,,,,,,,,,,,,,,,,,,,,,,,,,,,,,,,,,,,,,,,,,,,,,,,,,,,,,,,,,,,,,,,,,,,,,,,,,,,,,,,,,,,,,,,,,,,,,,,,,
"485,610",,,,,,,,,,,,,,,,,,,,,,,,,,,,,,,,,,,,,,,,,,,,,,,,,,,,,,,,,,,,,,,,,,,,,,,,,,,,,,,,,,,,,,,,,,,,,,,,,,
,,,,,,,,,,,,,,,,,,,,,,,,,,,,,,,,,,,,,,,,,,,,,,,,,,,,,,,,,,,,,,,,,,,,,,,,,,,,,,,,,,,,,,,,,,,,,,,,,,
,Time,"T° 485,610",I1,I2,I3,I4,I5,I6,I7,I8,I9,I10,I11,I12,I13,I14,I15,I16,I17,I18,I19,I20,I21,I22,I23,I24,J1,J2,J3,J4,J5,J6,J7,J8,J9,J10,J11,J12,J13,J14,J15,J16,J17,J18,J19,J20,J21,J22,J23,J24,K1,K2,K3,K4,K5,K6,K7,K8,K9,K10,K11,K12,K13,K14,K15,K16,K17,K18,K19,K20,K21,K22,K23,K24,L1,L2,L3,L4,L5,L6,L7,L8,L9,L10,L11,L12,L13,L14,L15,L16,L17,L18,L19,L20,L21,L22,L23,L24
,0:01:04,37,5728,5705,5472,5710,5802,5800,5874,5792,5791,6008,6029,6123,5853,5964,6040,5980,5922,6116,6014,6179,5790,6011,6065,6221,5607,5607,5578,5844,5794,5917,5850,5857,5832,5946,5956,6052,6032,6031,6076,6032,5918,6148,5657,6218,6161,6292,6156,6296,5847,5600,5627,5724,5930,5807,5881,5794,5915,5938,5911,6039,6017,6004,6130,5939,6033,6073,6092,6069,6152,6077,6171,6121,5648,5813,5659,5820,5878,5924,5864,5914,5856,6008,6067,6158,5976,6016,6168,6108,5774,6190,6064,6218,5994,6147,6101,6240
,0:04:04,37,5807,5791,5575,5665,5854,5720,5831,5759,5719,5949,5952,6067,5787,5959,5998,5881,5837,6006,5943,6071,5515,5847,5896,6035,5618,5703,5653,5955,5774,5946,5946,5907,5796,5907,5876,6027,5934,5907,6018,6007,5883,6027,5373,6076,6011,6113,5988,6092,5826,5664,5667,5732,5959,5878,5914,5824,5852,5966,5867,5951,5939,5963,6133,5913,5887,5956,5989,5939,6089,5921,6048,5993,5727,5858,5781,5811,5901,5982,5940,5943,5893,6027,6023,6097,5891,5966,6102,6085,5490,6105,5954,6084,5943,6050,5998,6050
,0:07:04,37.1,5718,5719,5520,5459,5828,5531,5825,5657,5614,5917,5857,6013,5669,5898,5958,5749,5785,5882,5815,5903,5258,5718,5740,5875,5564,5626,5592,5930,5715,5897,5906,5820,5715,5820,5827,5932,5820,5749,5895,5848,5822,5966,5034,5942,5859,6023,5785,5986,5719,5695,5653,5664,5892,5786,5820,5736,5848,5828,5708,5858,5904,5822,6013,5770,5797,5811,5858,5820,5924,5778,5936,5768,5684,5829,5763,5755,5845,5953,5933,5876,5821,5948,5927,6077,5769,5835,5928,5959,5146,6023,5784,5961,5790,5926,5844,5885
,0:10:04,37,5722,5665,5495,5283,5760,5388,5779,5622,5486,5796,5732,5958,5574,5822,5928,5656,5692,5838,5754,5857,4978,5559,5630,5738,5441,5584,5522,5923,5615,5872,5825,5842,5635,5775,5756,5854,5743,5617,5833,5744,5735,5848,4698,5821,5822,5942,5734,5818,5641,5676,5598,5602,5762,5694,5818,5647,5808,5783,5632,5688,5748,5734,5971,5689,5711,5765,5826,5732,5867,5674,5882,5686,5688,5740,5720,5622,5770,5850,5864,5873,5698,5936,5862,5981,5622,5687,5849,5879,4780,5926,5785,5957,5746,5835,5805,5811
,0:13:04,37,5648,5638,5496,5062,5723,5264,5777,5543,5447,5794,5626,5929,5496,5752,5884,5573,5628,5703,5672,5786,4698,5439,5577,5665,5327,5484,5467,5850,5525,5827,5823,5784,5566,5634,5629,5757,5751,5514,5775,5746,5616,5781,4380,5752,5756,5891,5665,5779,5531,5556,5592,5571,5733,5644,5791,5566,5720,5687,5541,5631,5705,5701,5894,5646,5603,5724,5760,5635,5816,5546,5817,5629,5639,5726,5650,5570,5726,5795,5856,5872,5675,5871,5815,5956,5488,5556,5722,5903,4446,5904,5648,5855,5648,5785,5783,5709
,0:16:04,37,5611,5542,5421,4848,5722,5122,5720,5469,5329,5787,5594,5812,5394,5710,5803,5468,5598,5692,5647,5784,4421,5350,5445,5577,5228,5380,5397,5830,5407,5786,5767,5758,5518,5584,5669,5671,5673,5423,5722,5719,5593,5743,4101,5698,5688,5835,5652,5688,5377,5559,5512,5448,5651,5567,5702,5517,5688,5683,5366,5575,5630,5604,5884,5572,5505,5641,5755,5560,5787,5490,5746,5557,5626,5650,5673,5516,5710,5814,5843,5837,5612,5804,5769,5846,5382,5479,5710,5856,4162,5838,5619,5799,5656,5718,5687,5707
,0:19:04,37,5613,5472,5376,4616,5644,4980,5753,5463,5250,5731,5478,5782,5368,5662,5795,5422,5578,5617,5565,5718,4207,5235,5296,5514,5141,5245,5338,5825,5361,5748,5713,5712,5475,5505,5631,5650,5628,5266,5644,5674,5514,5652,3884,5600,5639,5706,5513,5668,5350,5500,5469,5413,5561,5503,5740,5499,5672,5680,5274,5452,5585,5580,5826,5522,5456,5658,5708,5487,5744,5386,5751,5527,5589,5589,5571,5488,5730,5734,5816,5781,5536,5837,5757,5790,5137,5276,5630,5804,3846,5832,5548,5817,5630,5670,5630,5701
,0:22:04,37,5591,5367,5291,4393,5626,4835,5557,5349,5148,5661,5362,5737,5254,5596,5688,5305,5503,5557,5411,5621,3904,5119,5178,5425,5054,5196,5235,5803,5205,5699,5671,5643,5468,5475,5504,5492,5630,5119,5546,5651,5467,5613,3632,5564,5490,5638,5485,5658,5261,5462,5432,5388,5481,5387,5688,5415,5656,5624,5150,5437,5559,5501,5760,5455,5366,5615,5720,5378,5695,5336,5666,5460,5597,5570,5568,5464,5689,5710,5801,5760,5497,5739,5699,5776,5041,5192,5620,5764,3631,5776,5522,5787,5656,5669,5604,5673
,0:25:04,37,5605,5279,5221,4251,5533,4684,5535,5189,4966,5601,5300,5583,5176,5489,5579,5167,5487,5473,5307,5487,3735,5007,5044,5336,4973,5072,5147,5713,5130,5567,5617,5555,5398,5374,5503,5444,5580,4972,5480,5542,5448,5522,3441,5432,5423,5528,5369,5587,5159,5464,5361,5296,5376,5389,5643,5356,5617,5621,5013,5335,5500,5367,5669,5357,5209,5564,5592,5333,5600,5207,5629,5413,5567,5491,5569,5424,5584,5685,5727,5733,5432,5724,5638,5729,4925,5096,5587,5757,3439,5677,5483,5746,5547,5602,5588,5679
,0:28:04,37,5551,5266,5181,4092,5492,4461,5489,5083,4958,5437,5047,5468,5134,5297,5338,4959,5359,5395,5072,5344,3476,4901,4948,5257,4916,5017,5073,5674,4993,5538,5558,5473,5320,5238,5359,5271,5469,4738,5373,5432,5342,5431,3258,5258,5377,5470,5315,5579,5115,5381,5352,5240,5249,5237,5580,5338,5566,5591,4832,5251,5450,5244,5614,5277,5122,5489,5543,5157,5571,5105,5545,5355,5553,5463,5539,5350,5598,5600,5711,5674,5410,5691,5510,5677,4786,5003,5529,5621,3280,5643,5375,5721,5513,5578,5585,5610
,0:31:04,37,5586,5251,5168,3944,5415,4323,5366,4963,4748,5320,4863,5273,4906,5110,5193,4754,5309,5196,4882,5155,3260,4760,4835,5179,4799,5006,5027,5680,4878,5421,5482,5387,5201,5095,5168,5101,5458,4527,5232,5244,5317,5284,3110,5110,5256,5362,5209,5474,5068,5405,5282,5177,5160,5149,5538,5228,5525,5507,4681,5115,5424,5085,5472,5120,5005,5397,5477,5056,5520,5044,5541,5278,5545,5461,5537,5301,5599,5487,5722,5648,5297,5656,5464,5653,4633,4868,5508,5614,3102,5602,5306,5681,5506,5533,5535,5668
,0:34:04,37,5544,5147,5122,3782,5287,4131,5245,4776,4535,5175,4645,5050,4760,4978,4978,4533,5185,5068,4713,5044,3084,4632,4767,5115,4761,4889,4943,5643,4761,5317,5407,5299,5103,4960,4998,4936,5268,4354,5084,5104,5124,5118,2960,5004,5145,5295,5118,5459,5002,5401,5250,5165,5072,5035,5521,5203,5441,5437,4518,4937,5292,4954,5384,5057,4829,5275,5350,4927,5432,4936,5493,5248,5616,5420,5509,5259,5518,5401,5644,5595,5266,5600,5422,5578,4493,4801,5413,5569,2985,5568,5288,5662,5496,5572,5509,5604
,0:37:04,37,5511,5109,5073,3634,5233,4030,5187,4671,4407,5038,4453,4890,4613,4787,4822,4346,5087,4887,4482,4856,2911,4533,4616,5052,4681,4832,4885,5590,4690,5270,5302,5215,5004,4850,4922,4761,5139,4114,4946,4959,4977,4988,2800,4807,5025,5219,5054,5408,4924,5332,5186,5131,4973,4973,5426,5097,5372,5355,4371,4864,5159,4808,5310,4935,4694,5150,5301,4802,5364,4864,5466,5202,5597,5374,5489,5204,5564,5389,5642,5581,5225,5621,5290,5488,4355,4648,5406,5522,2904,5509,5190,5596,5448,5524,5505,5605
,0:40:04,36.9,5547,5074,5009,3521,5159,3841,5107,4543,4272,4882,4235,4646,4481,4550,4563,4074,4988,4754,4248,4737,2772,4405,4547,5021,4642,4788,4805,5546,4548,5130,5228,5126,4872,4641,4725,4581,5088,3890,4752,4775,4936,4814,2680,4661,4912,5153,5015,5388,4879,5315,5216,5080,4889,4833,5361,5047,5337,5240,4195,4731,5037,4687,5197,4807,4571,5042,5243,4718,5332,4767,5443,5169,5592,5372,5500,5127,5504,5328,5548,5539,5144,5568,5206,5446,4211,4557,5337,5436,2833,5446,5164,5524,5390,5535,5471,5587
,0:43:04,37,5459,5016,4939,3440,5060,3721,5039,4398,4101,4733,4052,4468,4337,4327,4302,3826,4873,4586,4066,4555,2630,4297,4474,5021,4580,4681,4708,5489,4467,5100,5192,5025,4783,4552,4522,4400,4953,3693,4690,4633,4803,4663,2588,4527,4821,5034,4914,5407,4798,5257,5154,5024,4803,4805,5345,4934,5249,5175,4038,4632,4948,4541,5093,4681,4450,4973,5132,4599,5290,4722,5357,5175,5610,5323,5526,5142,5522,5310,5560,5486,5060,5515,5148,5387,4104,4437,5280,5369,2757,5373,5077,5507,5387,5421,5452,5536
,0:46:04,37,5499,4973,4871,3330,4994,3573,4897,4233,4006,4539,3823,4218,4239,4107,4044,3577,4729,4347,3838,4410,2485,4224,4380,4975,4524,4641,4637,5455,4369,5017,5086,4917,4665,4373,4436,4206,4892,3477,4525,4441,4691,4481,2488,4389,4709,4993,4884,5331,4763,5289,5123,4966,4746,4688,5273,4840,5195,5080,3903,4490,4838,4421,4983,4597,4326,4821,5087,4491,5225,4609,5374,5152,5584,5319,5456,5095,5497,5278,5534,5438,5056,5505,5079,5270,3963,4328,5207,5360,2666,5339,4999,5470,5370,5440,5397,5599
,0:49:04,37,5441,4911,4876,3228,4904,3442,4799,4110,3837,4404,3616,4014,4087,3924,3870,3403,4681,4216,3591,4228,2350,4125,4300,4931,4438,4561,4612,5419,4264,4939,5022,4828,4608,4247,4189,4016,4767,3266,4418,4228,4565,4335,2377,4201,4613,4898,4836,5342,4707,5203,5065,4903,4645,4624,5249,4794,5098,5018,3780,4370,4753,4286,4856,4476,4230,4706,5005,4396,5160,4583,5322,5122,5592,5285,5470,5016,5473,5156,5532,5432,4962,5449,4992,5220,3841,4213,5174,5246,2629,5278,4961,5460,5355,5421,5449,5567
,0:52:04,37,5456,4867,4800,3136,4863,3344,4730,3983,3660,4244,3412,3808,3939,3761,3704,3232,4547,4012,3405,4090,2208,4027,4209,4951,4397,4514,4569,5427,4182,4886,4973,4763,4503,4128,4015,3815,4685,3147,4264,4070,4468,4163,2288,4093,4474,4816,4760,5322,4615,5186,5027,4840,4527,4558,5169,4718,5038,4964,3646,4301,4703,4175,4817,4375,4070,4581,4863,4234,5127,4496,5301,5080,5573,5271,5467,4968,5432,5117,5469,5403,4941,5391,4995,5157,3742,4127,5173,5183,2591,5269,4911,5404,5299,5426,5425,5619
,0:55:04,37,5413,4799,4786,3068,4823,3253,4646,3835,3557,4070,3261,3656,3798,3559,3553,3062,4416,3889,3267,3895,2109,3942,4135,4869,4372,4466,4512,5403,4135,4814,4909,4636,4391,4021,3892,3690,4603,2957,4156,3873,4326,4019,2186,3951,4413,4762,4708,5340,4616,5198,5010,4811,4508,4476,5119,4678,5031,4895,3560,4190,4595,4012,4737,4271,3930,4478,4859,4176,5059,4437,5244,5065,5578,5221,5422,4920,5458,5156,5469,5401,4906,5414,4947,5104,3629,4063,5100,5172,2510,5183,4820,5375,5333,5410,5395,5620
,0:58:04,37,5437,4746,4780,3014,4778,3182,4570,3714,3441,3940,3134,3507,3669,3394,3441,2968,4298,3694,3132,3771,2018,3868,4054,4834,4299,4402,4455,5428,4048,4797,4814,4536,4312,3874,3738,3540,4494,2826,4005,3737,4182,3877,2138,3827,4298,4699,4698,5308,4528,5181,4954,4792,4469,4444,5097,4630,4991,4869,3424,4076,4520,3885,4612,4149,3866,4387,4740,4058,5000,4385,5265,5036,5575,5219,5425,4898,5439,5075,5487,5387,4846,5385,4819,5117,3531,3978,5048,5141,2502,5187,4768,5392,5303,5398,5409,5598
,1:01:04,37,5408,4730,4698,2949,4711,3068,4469,3608,3248,3834,2985,3415,3549,3288,3348,2863,4181,3563,3047,3613,1931,3777,3987,4798,4254,4342,4406,5403,3991,4728,4751,4465,4240,3739,3622,3387,4430,2701,3880,3642,4108,3711,2068,3655,4210,4673,4639,5267,4487,5142,4918,4713,4388,4356,5066,4603,4950,4730,3333,3970,4431,3762,4540,4041,3712,4266,4731,3951,4972,4359,5232,5041,5544,5169,5410,4842,5420,5006,5439,5371,4755,5360,4784,4978,3447,3893,4977,5033,2486,5130,4750,5352,5267,5428,5422,5584
,1:04:04,37,5395,4662,4674,2891,4657,2989,4439,3502,3190,3704,2874,3325,3416,3200,3267,2776,4107,3409,2944,3487,1871,3674,3969,4743,4172,4302,4344,5370,3907,4619,4677,4396,4130,3621,3525,3313,4323,2591,3716,3498,3962,3579,1978,3558,4104,4614,4583,5236,4476,5082,4890,4696,4357,4301,5051,4490,4900,4699,3210,3872,4370,3663,4462,3935,3609,4178,4572,3847,4933,4283,5240,4997,5531,5182,5426,4810,5439,4980,5454,5339,4701,5322,4697,4929,3396,3827,4953,5017,2428,5080,4664,5317,5236,5394,5397,5563
,1:07:04,37,5374,4629,4630,2849,4558,2874,4326,3366,3085,3583,2768,3223,3306,3112,3242,2728,3960,3290,2890,3442,1812,3598,3863,4713,4109,4244,4301,5322,3865,4581,4616,4283,4041,3531,3429,3173,4199,2527,3587,3419,3835,3468,1937,3422,3994,4544,4539,5230,4393,5121,4883,4677,4257,4239,5002,4447,4863,4604,3120,3788,4268,3516,4349,3866,3496,4043,4536,3750,4899,4220,5212,4972,5604,5153,5431,4777,5410,4950,5413,5275,4705,5322,4641,4868,3280,3724,4894,4998,2416,5023,4627,5291,5205,5334,5373,5572
,1:10:04,37,5342,4513,4583,2811,4521,2799,4211,3277,2974,3511,2667,3189,3168,3040,3145,2650,3863,3171,2812,3295,1758,3546,3806,4671,4058,4189,4238,5262,3753,4559,4498,4221,3888,3454,3328,3103,4091,2434,3457,3331,3719,3357,1865,3325,3920,4463,4488,5202,4348,5030,4860,4633,4195,4190,4926,4396,4786,4586,2996,3670,4181,3441,4240,3762,3387,3926,4410,3669,4837,4147,5176,4923,5565,5108,5390,4711,5385,4913,5350,5285,4642,5308,4617,4821,3178,3676,4875,4879,2401,4973,4597,5268,5203,5360,5333,5541
,1:13:04,37,5373,4532,4564,2769,4437,2742,4127,3143,2848,3452,2595,3105,3068,2986,3111,2615,3758,3085,2764,3201,1693,3475,3736,4654,4019,4141,4206,5251,3736,4464,4432,4129,3807,3340,3278,3051,4038,2338,3348,3275,3645,3255,1805,3217,3819,4413,4462,5219,4305,5041,4812,4620,4148,4158,4919,4379,4727,4496,2928,3589,4092,3316,4171,3645,3276,3873,4309,3564,4774,4079,5158,4893,5586,5084,5396,4692,5388,4864,5369,5229,4604,5252,4563,4805,3113,3581,4816,4849,2342,4949,4521,5245,5186,5348,5328,5557
,1:16:04,37,5314,4490,4539,2699,4390,2627,4031,3082,2801,3375,2557,3083,2989,2956,3089,2551,3686,3044,2737,3171,1634,3370,3693,4591,3954,4114,4130,5239,3595,4440,4370,4036,3730,3281,3210,2953,3965,2320,3222,3218,3521,3197,1765,3119,3726,4337,4417,5178,4243,5025,4826,4537,4092,4079,4880,4305,4726,4466,2838,3493,4020,3237,4038,3545,3186,3790,4313,3521,4720,4054,5140,4870,5567,5062,5380,4676,5377,4853,5354,5242,4579,5253,4492,4710,3025,3500,4811,4801,2318,4899,4473,5204,5189,5347,5304,5554
,1:19:04,37.1,5298,4481,4456,2671,4361,2579,4008,2983,2725,3326,2506,3041,2887,2919,3065,2585,3533,2967,2679,3092,1624,3308,3637,4591,3923,4063,4152,5226,3592,4409,4312,3964,3669,3217,3128,2912,3846,2257,3137,3203,3393,3122,1704,3052,3675,4295,4398,5140,4203,4990,4780,4529,4053,4031,4877,4288,4685,4413,2765,3395,3968,3135,3948,3467,3070,3744,4188,3429,4676,4008,5109,4877,5563,4996,5381,4666,5335,4813,5370,5225,4587,5218,4452,4668,2959,3439,4755,4818,2311,4845,4449,5213,5157,5342,5362,5532
,1:22:04,37,5322,4426,4495,2655,4304,2531,3960,2890,2663,3257,2483,3008,2808,2883,3078,2531,3460,2917,2646,3044,1580,3254,3569,4510,3926,4060,4099,5227,3553,4373,4296,3906,3611,3113,3121,2849,3765,2205,3030,3157,3351,3049,1661,2976,3599,4251,4352,5112,4177,4961,4756,4519,3993,4000,4847,4240,4706,4356,2682,3300,3877,3073,3899,3365,2981,3698,4128,3353,4649,3979,5134,4827,5575,4993,5375,4607,5334,4787,5301,5233,4507,5229,4399,4636,2909,3435,4731,4771,2293,4792,4434,5224,5164,5316,5321,5560
,1:25:04,37,5300,4393,4443,2606,4279,2462,3877,2841,2617,3272,2436,3014,2725,2870,3093,2510,3395,2855,2633,2996,1539,3200,3556,4534,3846,4021,4029,5226,3487,4316,4234,3851,3548,3079,3069,2834,3684,2180,2930,3103,3235,3033,1653,2919,3503,4192,4318,5140,4142,4974,4726,4456,3981,3976,4854,4215,4629,4324,2613,3215,3755,3019,3799,3293,2905,3596,4045,3301,4587,3937,5144,4837,5583,5036,5405,4612,5338,4755,5348,5201,4499,5204,4356,4582,2874,3333,4695,4684,2257,4787,4359,5167,5156,5284,5321,5576
,1:28:04,37,5284,4379,4387,2603,4221,2416,3785,2800,2533,3212,2413,2970,2674,2834,3041,2465,3312,2824,2631,2945,1525,3111,3489,4462,3796,3968,4013,5190,3416,4248,4171,3804,3474,3023,3043,2780,3612,2139,2865,3106,3148,3012,1603,2852,3475,4150,4288,5081,4092,4980,4724,4433,3915,3913,4835,4165,4531,4266,2531,3159,3704,2959,3711,3193,2806,3550,4003,3224,4564,3852,5095,4787,5547,4971,5411,4576,5336,4772,5324,5163,4467,5178,4320,4537,2774,3247,4643,4641,2260,4728,4324,5168,5149,5291,5301,5533
,1:31:04,37,5250,4320,4381,2559,4169,2351,3724,2709,2490,3157,2345,2935,2617,2835,3018,2461,3272,2782,2594,2941,1522,3036,3442,4456,3810,3887,3965,5195,3358,4197,4103,3719,3403,2954,3005,2764,3495,2112,2761,3111,3102,2955,1567,2782,3373,4068,4242,5069,4070,4943,4652,4432,3871,3853,4796,4116,4580,4197,2449,3045,3619,2872,3647,3139,2727,3500,3916,3186,4481,3831,5073,4805,5524,4949,5324,4505,5309,4706,5310,5146,4401,5143,4239,4499,2738,3234,4590,4629,2231,4695,4288,5140,5098,5294,5302,5587
,1:34:04,37,5241,4272,4358,2509,4096,2299,3666,2650,2451,3153,2369,2932,2577,2822,3047,2429,3180,2738,2573,2892,1492,3011,3407,4422,3750,3886,3956,5161,3320,4164,4030,3692,3312,2931,2988,2721,3465,2081,2710,3049,3017,2907,1541,2744,3362,4039,4201,5042,4017,4906,4666,4388,3833,3837,4750,4064,4536,4150,2376,3002,3568,2840,3574,3054,2696,3458,3863,3101,4458,3784,5113,4765,5571,4907,5365,4480,5281,4719,5279,5125,4338,5124,4198,4422,2687,3139,4602,4605,2190,4666,4254,5127,5080,5273,5311,5572
,1:37:04,37,5233,4233,4334,2513,4074,2240,3610,2611,2405,3139,2297,2943,2526,2805,3040,2416,3146,2714,2572,2859,1473,2931,3351,4406,3754,3837,3902,5164,3276,4117,3985,3609,3247,2866,2916,2700,3390,2051,2661,3064,2968,2900,1520,2684,3293,3989,4181,5060,4014,4911,4641,4329,3776,3783,4714,4019,4427,4116,2361,2914,3487,2798,3451,2952,2609,3451,3799,3068,4437,3756,5051,4701,5550,4885,5358,4467,5283,4650,5248,5110,4310,5094,4154,4404,2629,3111,4551,4550,2168,4606,4215,5082,5077,5247,5279,5567
,1:40:04,37,5243,4228,4292,2474,3998,2202,3521,2550,2369,3106,2285,2910,2476,2796,3043,2406,3105,2695,2534,2840,1461,2869,3307,4350,3677,3807,3870,5101,3242,4079,3937,3565,3222,2822,2948,2666,3296,2025,2586,3040,2893,2842,1510,2661,3230,3942,4153,5033,3924,4884,4617,4363,3733,3753,4690,3937,4406,4030,2295,2851,3442,2766,3417,2916,2568,3410,3703,3023,4354,3709,5045,4673,5563,4887,5308,4412,5286,4614,5257,5100,4315,5069,4094,4370,2588,3093,4549,4513,2158,4605,4180,5073,5067,5273,5279,5576
,1:43:04,37,5227,4167,4271,2466,3982,2128,3479,2515,2336,3089,2270,2895,2431,2797,3063,2392,3030,2663,2522,2814,1445,2814,3254,4295,3643,3787,3827,5135,3179,4054,3883,3511,3139,2794,2894,2630,3292,1995,2527,3032,2831,2834,1494,2588,3186,3882,4094,4988,3914,4870,4603,4265,3709,3692,4668,3917,4382,3967,2250,2795,3366,2728,3326,2830,2511,3372,3639,2977,4345,3651,5037,4680,5560,4876,5320,4386,5289,4619,5261,5104,4266,5118,4078,4316,2533,3037,4486,4450,2121,4511,4131,5045,5067,5261,5268,5555
,1:46:04,37,5237,4194,4261,2456,3964,2122,3445,2460,2284,3051,2235,2912,2387,2782,3024,2382,2999,2643,2528,2788,1444,2763,3216,4337,3616,3745,3798,5094,3164,4001,3836,3484,3133,2755,2870,2620,3164,1977,2496,3018,2795,2805,1473,2560,3144,3853,4069,4979,3882,4867,4571,4259,3690,3689,4666,3883,4341,3922,2203,2735,3311,2660,3284,2766,2454,3343,3611,2961,4296,3635,5025,4651,5547,4888,5333,4339,5295,4580,5289,5051,4244,5047,4022,4286,2485,2964,4498,4414,2104,4477,4062,5029,5023,5275,5281,5550
,1:49:04,37,5212,4132,4231,2427,3932,2087,3406,2447,2263,3086,2193,2884,2379,2804,3048,2354,2992,2652,2513,2798,1441,2689,3191,4269,3582,3727,3784,5086,3131,3959,3800,3422,3059,2722,2852,2589,3089,1927,2443,2990,2774,2792,1472,2547,3092,3838,4050,4989,3839,4840,4557,4257,3650,3645,4629,3851,4350,3913,2171,2672,3237,2657,3194,2735,2427,3341,3577,2900,4284,3621,5013,4671,5536,4834,5309,4344,5248,4586,5269,5090,4228,5080,4025,4251,2461,2937,4463,4361,2107,4473,4074,5018,4996,5240,5252,5583
,1:52:04,37,5203,4111,4186,2425,3884,2035,3389,2407,2232,3079,2175,2873,2342,2768,3038,2364,2957,2658,2505,2800,1426,2652,3154,4263,3607,3688,3777,5127,3076,3908,3792,3369,3022,2701,2854,2552,3083,1943,2396,3036,2743,2773,1445,2518,3062,3751,4036,4937,3855,4858,4518,4253,3621,3604,4684,3833,4268,3861,2117,2600,3182,2620,3140,2661,2407,3303,3519,2844,4234,3582,5038,4626,5509,4827,5305,4324,5340,4557,5280,5120,4174,5045,3949,4252,2448,2886,4407,4340,2081,4440,4016,5019,5014,5251,5217,5592
,1:55:04,37,5200,4084,4185,2379,3868,2012,3315,2386,2182,3031,2188,2873,2298,2787,3061,2364,2933,2623,2496,2773,1413,2611,3104,4214,3557,3658,3722,5075,3027,3855,3738,3322,2984,2662,2857,2541,3020,1914,2397,3004,2677,2767,1437,2485,3025,3705,4027,4946,3788,4801,4479,4178,3588,3566,4641,3803,4218,3802,2089,2538,3149,2575,3108,2607,2342,3287,3488,2798,4203,3556,5006,4607,5555,4817,5315,4322,5296,4528,5257,5089,4170,5023,3927,4221,2405,2843,4381,4305,2076,4400,4005,5022,4992,5279,5213,5579
,1:58:04,37,5156,4052,4166,2392,3824,1990,3292,2351,2179,3036,2166,2870,2277,2796,3060,2363,2892,2604,2481,2763,1404,2567,3054,4215,3526,3659,3679,5113,2992,3808,3667,3291,2940,2641,2810,2520,2961,1903,2357,2972,2666,2782,1433,2455,3007,3664,3993,4933,3799,4784,4507,4191,3525,3525,4557,3736,4198,3725,2057,2502,3078,2549,3044,2605,2313,3242,3421,2769,4151,3525,4970,4595,5564,4763,5300,4276,5265,4499,5236,5061,4137,4994,3874,4176,2375,2800,4382,4279,2053,4419,3967,4970,4962,5237,5211,5564
,2:01:04,37,5177,4040,4146,2368,3761,1958,3209,2311,2151,3040,2144,2865,2241,2772,3080,2333,2858,2619,2512,2768,1409,2527,3035,4176,3468,3661,3681,5072,2954,3779,3684,3266,2893,2633,2771,2516,2933,1877,2324,3003,2677,2757,1435,2427,2963,3654,3971,4909,3754,4780,4486,4158,3524,3479,4554,3713,4168,3702,2008,2468,3021,2539,2995,2524,2265,3247,3411,2755,4096,3455,4990,4566,5550,4772,5291,4282,5237,4503,5178,5030,4091,5008,3817,4157,2331,2762,4337,4247,2041,4344,3911,4962,4939,5185,5224,5587
,,,,,,,,,,,,,,,,,,,,,,,,,,,,,,,,,,,,,,,,,,,,,,,,,,,,,,,,,,,,,,,,,,,,,,,,,,,,,,,,,,,,,,,,,,,,,,,,,,
"485,610",,,,,,,,,,,,,,,,,,,,,,,,,,,,,,,,,,,,,,,,,,,,,,,,,,,,,,,,,,,,,,,,,,,,,,,,,,,,,,,,,,,,,,,,,,,,,,,,,,
,,,,,,,,,,,,,,,,,,,,,,,,,,,,,,,,,,,,,,,,,,,,,,,,,,,,,,,,,,,,,,,,,,,,,,,,,,,,,,,,,,,,,,,,,,,,,,,,,,
,Time,"T° 485,610",M1,M2,M3,M4,M5,M6,M7,M8,M9,M10,M11,M12,M13,M14,M15,M16,M17,M18,M19,M20,M21,M22,M23,M24,N1,N2,N3,N4,N5,N6,N7,N8,N9,N10,N11,N12,N13,N14,N15,N16,N17,N18,N19,N20,N21,N22,N23,N24,O1,O2,O3,O4,O5,O6,O7,O8,O9,O10,O11,O12,O13,O14,O15,O16,O17,O18,O19,O20,O21,O22,O23,O24,P1,P2,P3,P4,P5,P6,P7,P8,P9,P10,P11,P12,P13,P14,P15,P16,P17,P18,P19,P20,P21,P22,P23,P24
,0:01:04,37,5707,5748,5761,5795,5824,5790,5675,5857,5845,5996,5914,6053,6016,6014,6148,6071,5998,6081,6080,6066,6033,6091,6076,6219,5631,5735,5651,5872,5672,5844,5840,5979,6004,6021,5906,5982,6004,5995,5973,6015,5913,6009,5935,6212,5996,6248,5935,6190,5771,5699,5894,5870,5885,5880,5871,5815,6127,5798,6023,5972,6035,5894,6131,5983,6084,6042,5939,6004,6183,6069,6015,5910,5748,5668,5726,5667,5758,5752,5573,5689,6027,5782,5917,5993,5912,5836,6031,5836,5997,5831,5986,5862,5630,5975,5862,5763
,0:04:04,37,5656,5790,5750,5838,5768,5830,5574,5848,5859,5958,5802,5962,5922,5938,6049,6016,5947,5962,5986,5919,5916,5976,5954,6020,5632,5854,5707,5884,5688,5897,5819,6023,5970,6051,5831,5942,5949,5981,5833,5901,5833,5880,5856,6045,5866,6110,5740,5950,5734,5720,5886,5850,5905,5883,5900,5788,6070,5747,5980,5847,5940,5866,6013,5885,5978,5927,5778,5883,6013,5939,5771,5749,5680,5606,5718,5652,5727,5685,5289,5602,5924,5628,5728,5881,5763,5744,5866,5769,5844,5648,5744,5742,5220,5835,5742,5581
,0:07:04,37.1,5581,5797,5767,5731,5794,5856,5360,5811,5750,5886,5717,5920,5794,5892,5948,5944,5797,5836,5870,5800,5892,5890,5815,5923,5574,5795,5645,5871,5543,5832,5753,5978,5874,5992,5722,5873,5838,5835,5742,5815,5699,5756,5706,5912,5730,5964,5602,5819,5614,5605,5845,5829,5773,5802,5822,5619,5945,5679,5840,5768,5892,5724,5891,5777,5838,5831,5589,5773,5852,5821,5724,5570,5621,5565,5665,5579,5628,5622,4909,5477,5807,5445,5515,5783,5539,5669,5712,5649,5730,5566,5614,5602,4876,5676,5566,5435
,0:10:04,37,5421,5727,5706,5671,5721,5804,5114,5754,5728,5862,5519,5826,5707,5837,5890,5880,5729,5707,5794,5707,5789,5770,5787,5819,5499,5713,5586,5750,5437,5810,5692,5912,5773,5939,5628,5735,5718,5725,5641,5754,5644,5688,5591,5857,5630,5817,5539,5716,5513,5595,5771,5757,5695,5749,5747,5600,5852,5639,5791,5705,5738,5645,5849,5676,5722,5715,5423,5646,5818,5751,5542,5441,5502,5493,5616,5479,5483,5587,4566,5331,5731,5329,5348,5673,5238,5528,5580,5602,5615,5461,5495,5509,4547,5640,5481,5333
,0:13:04,37,5275,5766,5683,5640,5680,5735,4902,5706,5671,5810,5390,5792,5588,5771,5821,5827,5714,5692,5782,5629,5740,5668,5688,5742,5492,5698,5513,5731,5303,5766,5621,5891,5766,5869,5540,5711,5626,5663,5656,5688,5526,5568,5531,5865,5554,5751,5458,5680,5323,5524,5734,5743,5567,5767,5707,5601,5764,5645,5696,5695,5701,5515,5785,5614,5675,5699,5305,5572,5719,5673,5511,5378,5451,5431,5507,5404,5352,5522,4261,5232,5570,5194,5120,5628,5028,5471,5432,5500,5589,5409,5429,5518,4278,5529,5384,5311
,0:16:04,37,5099,5668,5591,5631,5652,5693,4647,5683,5621,5785,5227,5731,5477,5705,5759,5804,5648,5694,5703,5589,5719,5600,5616,5730,5342,5696,5539,5742,5238,5736,5560,5883,5584,5862,5495,5642,5505,5577,5585,5605,5509,5436,5475,5775,5481,5718,5315,5649,5172,5428,5703,5763,5493,5794,5660,5541,5678,5591,5665,5577,5555,5429,5726,5596,5592,5651,5180,5517,5716,5645,5495,5292,5428,5423,5466,5374,5238,5486,3965,5055,5445,5053,4921,5601,4793,5399,5345,5474,5542,5373,5359,5444,4051,5471,5287,5273
,0:19:04,37,5033,5645,5625,5598,5653,5743,4443,5638,5601,5757,5145,5715,5338,5650,5726,5748,5557,5627,5665,5566,5603,5536,5585,5668,5303,5573,5457,5723,5162,5706,5531,5837,5514,5779,5504,5583,5404,5542,5592,5607,5431,5378,5427,5790,5461,5625,5298,5565,5090,5398,5602,5692,5404,5689,5612,5555,5549,5500,5636,5623,5470,5347,5670,5567,5560,5574,5039,5443,5696,5620,5441,5271,5353,5395,5433,5363,5178,5368,3713,4964,5362,4950,4783,5580,4644,5347,5269,5423,5552,5382,5295,5369,3876,5441,5208,5251
,0:22:04,37,4908,5629,5506,5602,5593,5702,4235,5593,5529,5678,4991,5710,5269,5621,5726,5757,5498,5609,5559,5553,5571,5501,5513,5664,5208,5549,5349,5692,5034,5612,5451,5777,5486,5744,5438,5572,5422,5479,5539,5552,5346,5277,5419,5789,5366,5629,5241,5541,4998,5300,5539,5723,5343,5654,5564,5552,5493,5487,5536,5584,5459,5279,5624,5535,5561,5631,4957,5337,5614,5535,5418,5283,5267,5334,5383,5316,5054,5359,3534,4809,5268,4825,4621,5558,4473,5380,5129,5418,5520,5387,5246,5317,3702,5456,5131,5247
,0:25:04,37,4811,5642,5505,5595,5605,5613,4050,5628,5535,5586,4875,5689,5172,5623,5692,5661,5474,5594,5530,5401,5576,5498,5486,5673,5203,5521,5357,5674,4889,5582,5413,5777,5446,5679,5449,5530,5413,5446,5525,5512,5335,5198,5305,5716,5386,5526,5180,5514,4878,5263,5527,5671,5280,5624,5496,5511,5434,5451,5544,5556,5454,5250,5624,5524,5474,5595,4890,5285,5620,5549,5406,5198,5224,5364,5365,5308,4975,5331,3362,4698,5162,4730,4502,5540,4332,5282,5106,5368,5506,5362,5204,5344,3562,5482,5125,5228
,0:28:04,37,4695,5603,5522,5508,5596,5591,3881,5605,5520,5600,4753,5658,5062,5620,5681,5665,5472,5606,5494,5383,5555,5443,5440,5636,5135,5461,5357,5690,4829,5572,5416,5762,5441,5737,5409,5513,5378,5389,5504,5514,5315,5136,5278,5692,5314,5534,5090,5470,4794,5216,5571,5634,5235,5640,5441,5553,5383,5403,5452,5532,5374,5181,5624,5506,5511,5577,4816,5238,5577,5528,5362,5171,5180,5320,5368,5251,4901,5286,3269,4618,5097,4663,4378,5509,4133,5279,5025,5382,5505,5323,5141,5369,3435,5426,5087,5263
,0:31:04,37,4631,5638,5523,5559,5563,5562,3738,5604,5507,5608,4648,5638,5003,5570,5672,5615,5456,5543,5466,5330,5594,5408,5436,5623,5105,5491,5333,5669,4722,5550,5367,5674,5393,5654,5411,5469,5290,5323,5470,5497,5275,5061,5255,5704,5303,5544,5085,5452,4708,5188,5530,5674,5242,5636,5455,5485,5318,5441,5430,5582,5339,5112,5621,5507,5488,5579,4739,5256,5558,5508,5397,5172,5157,5305,5357,5258,4839,5240,3163,4513,5049,4584,4277,5550,4025,5256,4965,5403,5444,5355,5134,5339,3298,5425,5028,5270
,0:34:04,37,4560,5619,5481,5570,5543,5564,3624,5563,5502,5592,4556,5603,4915,5553,5647,5637,5384,5545,5448,5336,5515,5392,5402,5610,5096,5446,5311,5666,4715,5556,5335,5687,5322,5667,5321,5427,5283,5283,5500,5527,5192,5058,5172,5645,5261,5502,5032,5434,4657,5142,5473,5663,5122,5649,5415,5528,5275,5446,5356,5535,5291,5080,5613,5477,5473,5560,4645,5185,5594,5516,5368,5154,5106,5294,5315,5187,4753,5227,3045,4445,4998,4472,4120,5492,3964,5238,4891,5397,5486,5341,5086,5316,3225,5461,5015,5214
,0:37:04,37,4459,5628,5474,5538,5580,5560,3492,5530,5488,5565,4426,5590,4854,5507,5614,5604,5404,5537,5451,5312,5493,5399,5409,5629,5022,5355,5260,5738,4624,5550,5331,5709,5310,5611,5332,5401,5230,5216,5492,5491,5221,4952,5153,5641,5255,5531,5045,5426,4513,5108,5462,5670,5048,5642,5415,5520,5210,5417,5372,5547,5284,5018,5592,5500,5489,5550,4584,5146,5602,5482,5387,5140,5047,5318,5295,5199,4691,5220,2996,4393,4946,4396,4056,5480,3810,5237,4853,5334,5479,5318,5020,5317,3135,5456,4980,5240
,0:40:04,36.9,4395,5605,5456,5528,5499,5536,3418,5530,5432,5545,4361,5552,4781,5504,5627,5585,5353,5536,5387,5274,5485,5354,5342,5615,4988,5358,5245,5657,4530,5493,5285,5706,5272,5676,5262,5402,5224,5158,5436,5469,5176,4957,5118,5687,5187,5494,4978,5385,4485,5066,5453,5671,5063,5583,5391,5535,5161,5381,5355,5553,5245,4968,5572,5494,5422,5585,4515,5065,5553,5494,5344,5097,5015,5303,5256,5132,4639,5200,2923,4291,4848,4325,3929,5464,3731,5182,4766,5336,5471,5286,4973,5338,3057,5445,4924,5242
,0:43:04,37,4306,5612,5419,5507,5546,5491,3335,5500,5392,5509,4234,5521,4690,5500,5560,5554,5332,5562,5349,5275,5505,5371,5319,5570,4983,5371,5245,5634,4519,5513,5267,5679,5246,5656,5260,5330,5201,5143,5443,5473,5141,4893,5095,5679,5171,5476,4969,5427,4387,5024,5430,5645,4983,5598,5375,5515,5097,5420,5279,5556,5224,4941,5607,5453,5421,5560,4470,5050,5585,5461,5355,5112,4938,5283,5230,5123,4559,5191,2919,4209,4836,4262,3861,5497,3664,5177,4703,5321,5443,5302,4943,5329,3018,5437,4910,5224
,0:46:04,37,4234,5639,5444,5515,5524,5494,3236,5461,5350,5465,4145,5523,4612,5477,5523,5579,5239,5506,5326,5185,5461,5260,5336,5614,4928,5355,5227,5673,4441,5482,5211,5663,5207,5605,5235,5347,5181,5087,5423,5461,5098,4809,5081,5646,5175,5437,4933,5327,4345,4971,5387,5639,4941,5576,5302,5508,5051,5387,5279,5498,5209,4927,5578,5483,5387,5519,4367,5013,5581,5452,5303,5066,4950,5256,5179,5124,4496,5156,2829,4165,4741,4208,3794,5470,3580,5139,4643,5351,5452,5293,4903,5312,2924,5398,4837,5254
,0:49:04,37,4121,5585,5391,5505,5527,5509,3165,5445,5348,5461,4075,5431,4574,5404,5541,5546,5234,5490,5287,5203,5434,5265,5256,5592,4890,5312,5173,5678,4412,5483,5172,5649,5236,5613,5233,5346,5128,5064,5408,5465,5072,4776,5008,5657,5162,5419,4873,5383,4234,4892,5404,5608,4893,5594,5305,5506,5025,5376,5232,5514,5132,4826,5549,5446,5376,5503,4317,4952,5548,5463,5334,5011,4871,5261,5151,5076,4449,5131,2820,4097,4697,4125,3678,5462,3498,5173,4613,5353,5456,5310,4857,5277,2889,5442,4811,5250
,0:52:04,37,4131,5632,5386,5464,5510,5481,3126,5456,5340,5423,3977,5451,4470,5406,5529,5552,5182,5468,5287,5194,5407,5219,5292,5619,4869,5336,5123,5633,4286,5444,5153,5634,5168,5610,5206,5327,5125,5024,5404,5473,5094,4714,5021,5606,5117,5450,4834,5336,4214,4900,5354,5648,4858,5580,5280,5517,4963,5404,5197,5509,5135,4808,5550,5447,5389,5543,4289,4893,5503,5494,5278,5009,4857,5257,5135,5076,4406,5136,2803,4007,4638,4069,3641,5418,3451,5114,4542,5298,5468,5320,4840,5330,2883,5408,4770,5206
,0:55:04,37,4041,5602,5434,5477,5515,5462,3076,5480,5374,5392,3911,5392,4422,5400,5513,5527,5172,5447,5275,5149,5415,5221,5278,5571,4795,5260,5104,5657,4212,5441,5136,5636,5121,5611,5134,5262,5079,4967,5387,5444,5007,4696,4952,5630,5107,5426,4823,5344,4163,4930,5349,5636,4824,5604,5235,5487,4940,5365,5188,5564,5087,4838,5541,5412,5346,5496,4209,4945,5534,5472,5325,5009,4812,5251,5154,5107,4347,5151,2782,3947,4604,4047,3578,5387,3364,5133,4497,5291,5444,5314,4789,5288,2834,5396,4734,5238
,0:58:04,37,3978,5602,5404,5461,5499,5467,3025,5406,5370,5423,3856,5332,4340,5346,5498,5523,5175,5444,5262,5098,5406,5217,5256,5605,4768,5248,5115,5680,4174,5432,5113,5619,5128,5594,5138,5263,5047,4946,5368,5470,5004,4664,4974,5620,5084,5408,4809,5353,4103,4841,5334,5638,4810,5574,5256,5515,4884,5340,5139,5530,5062,4749,5567,5462,5374,5518,4141,4910,5572,5504,5282,4962,4759,5213,5116,5010,4300,5088,2743,3905,4569,3970,3526,5421,3327,5082,4459,5297,5458,5259,4814,5348,2837,5428,4737,5244
,1:01:04,37,3933,5586,5387,5431,5520,5468,3012,5423,5300,5355,3817,5385,4289,5338,5470,5534,5167,5463,5232,5076,5406,5197,5193,5567,4728,5206,5086,5654,4169,5428,5097,5623,5060,5578,5124,5226,5015,4922,5352,5439,4969,4626,4899,5620,5067,5399,4782,5262,4011,4808,5316,5671,4719,5553,5201,5484,4878,5344,5103,5528,5006,4687,5537,5448,5360,5544,4109,4867,5505,5457,5274,4963,4757,5221,5087,4971,4215,5052,2769,3858,4497,3942,3453,5405,3267,5037,4397,5273,5457,5347,4731,5300,2784,5398,4680,5205
,1:04:04,37,3853,5595,5408,5417,5495,5445,2958,5425,5302,5328,3723,5348,4229,5297,5516,5512,5139,5470,5196,5099,5350,5164,5185,5573,4717,5198,5053,5661,4078,5375,5079,5610,5036,5593,5062,5225,4983,4847,5392,5442,4951,4558,4874,5651,5011,5332,4759,5262,3995,4758,5317,5599,4733,5550,5178,5494,4781,5334,5129,5510,4948,4648,5495,5461,5359,5514,4037,4827,5505,5473,5270,4957,4668,5179,5067,5007,4176,5039,2698,3799,4469,3867,3405,5443,3231,5097,4345,5285,5437,5283,4721,5286,2767,5394,4680,5234
,1:07:04,37,3802,5613,5348,5411,5481,5422,2891,5407,5299,5315,3674,5288,4176,5283,5439,5480,5068,5409,5159,5056,5341,5128,5199,5555,4658,5154,5067,5618,3990,5382,5066,5581,5022,5568,5035,5221,4954,4828,5341,5394,4901,4496,4837,5622,5029,5351,4745,5253,3923,4726,5337,5621,4649,5519,5171,5490,4799,5295,5052,5519,4973,4623,5533,5406,5313,5503,4041,4778,5541,5479,5248,4888,4636,5184,5074,4950,4136,5022,2719,3761,4422,3806,3383,5374,3179,5060,4345,5290,5399,5287,4683,5311,2738,5393,4620,5235
,1:10:04,37,3779,5576,5361,5402,5441,5451,2886,5415,5263,5277,3603,5277,4099,5257,5407,5464,5041,5407,5164,4976,5365,5124,5195,5566,4594,5146,5022,5632,3982,5346,5034,5574,5004,5552,5021,5151,4932,4831,5363,5412,4895,4467,4865,5605,4980,5335,4712,5231,3879,4719,5292,5614,4648,5564,5143,5501,4738,5322,5020,5474,4942,4607,5468,5422,5326,5539,3945,4763,5533,5442,5227,4876,4617,5164,5028,4922,4068,5032,2739,3698,4350,3768,3293,5390,3160,5029,4294,5289,5410,5294,4651,5282,2707,5421,4583,5209
,1:13:04,37,3740,5605,5352,5344,5480,5455,2853,5338,5196,5273,3551,5218,4083,5234,5389,5420,5036,5395,5123,5017,5370,5094,5189,5545,4627,5112,5011,5653,3919,5364,4995,5563,4947,5534,5022,5157,4871,4782,5313,5379,4845,4465,4815,5644,4963,5281,4671,5223,3836,4685,5270,5638,4575,5521,5120,5477,4700,5288,5040,5507,4919,4575,5476,5404,5312,5479,3872,4759,5477,5387,5224,4877,4568,5179,5042,4916,4033,4975,2698,3683,4309,3743,3266,5365,3093,4988,4199,5244,5410,5314,4629,5309,2680,5429,4573,5233
,1:16:04,37,3682,5579,5287,5362,5497,5406,2814,5342,5232,5292,3528,5249,4012,5228,5380,5435,4966,5389,5141,4997,5316,5072,5148,5532,4592,5132,4964,5603,3874,5361,4977,5600,4957,5523,4961,5119,4872,4736,5295,5398,4862,4400,4799,5606,4928,5318,4678,5191,3790,4635,5259,5623,4538,5515,5100,5473,4670,5289,4964,5504,4852,4530,5457,5401,5298,5474,3883,4696,5514,5388,5266,4874,4557,5160,4981,4901,4015,4944,2695,3595,4260,3662,3232,5356,3085,4995,4195,5294,5447,5264,4581,5289,2693,5410,4529,5220
,1:19:04,37.1,3615,5601,5325,5372,5474,5449,2812,5345,5214,5276,3467,5238,3982,5203,5379,5477,4959,5368,5109,4963,5356,5057,5142,5533,4546,5083,4962,5616,3876,5316,4985,5520,4902,5534,4940,5075,4879,4712,5316,5417,4817,4351,4757,5608,4916,5261,4635,5193,3753,4658,5224,5623,4507,5488,5069,5468,4648,5264,4945,5435,4872,4497,5492,5415,5284,5487,3855,4666,5505,5401,5232,4857,4534,5135,4978,4889,3972,4959,2688,3596,4242,3629,3183,5327,3038,5003,4143,5281,5436,5307,4553,5279,2675,5375,4484,5213
,1:22:04,37,3606,5570,5328,5364,5453,5460,2794,5387,5217,5231,3447,5219,3937,5235,5394,5447,4919,5423,5125,4946,5321,5103,5120,5524,4526,5095,4951,5669,3813,5321,4938,5575,4903,5538,4967,5119,4825,4672,5260,5361,4816,4307,4726,5619,4902,5238,4625,5199,3693,4573,5244,5631,4494,5545,5081,5443,4603,5294,4969,5508,4828,4440,5443,5423,5268,5486,3794,4648,5501,5379,5225,4813,4487,5157,4936,4866,3911,4950,2696,3542,4217,3606,3172,5350,3014,4978,4107,5250,5442,5289,4535,5317,2695,5378,4489,5221
,1:25:04,37,3563,5591,5292,5384,5471,5414,2765,5369,5222,5242,3415,5209,3868,5230,5342,5427,4933,5376,5103,4902,5301,5060,5100,5528,4482,5086,4928,5643,3801,5328,4932,5548,4849,5543,4928,5099,4792,4656,5306,5375,4787,4318,4717,5618,4881,5211,4577,5155,3635,4560,5236,5616,4471,5530,5061,5481,4578,5269,4901,5520,4812,4465,5480,5365,5295,5487,3762,4617,5503,5387,5192,4819,4432,5109,4960,4825,3867,4932,2686,3474,4172,3567,3148,5304,3004,4982,4090,5291,5459,5259,4499,5310,2685,5388,4417,5241
,1:28:04,37,3501,5573,5319,5357,5483,5365,2764,5339,5225,5237,3345,5212,3852,5196,5305,5429,4926,5337,5089,4901,5314,5015,5099,5529,4462,5064,4909,5635,3746,5302,4883,5569,4822,5543,4890,5028,4745,4636,5267,5365,4737,4267,4705,5605,4840,5204,4548,5169,3638,4510,5213,5580,4453,5549,5007,5470,4553,5305,4896,5478,4769,4398,5409,5386,5237,5480,3705,4596,5484,5389,5213,4770,4401,5114,4893,4773,3851,4894,2684,3447,4122,3514,3096,5296,2991,4933,4035,5243,5416,5292,4446,5303,2667,5373,4447,5201
,1:31:04,37,3500,5576,5265,5311,5440,5418,2735,5317,5163,5222,3281,5175,3800,5182,5332,5454,4871,5331,5057,4866,5262,4971,5122,5485,4407,5003,4857,5640,3679,5286,4927,5531,4817,5533,4848,5061,4752,4570,5290,5387,4690,4233,4614,5574,4844,5221,4533,5126,3567,4512,5220,5568,4397,5498,4971,5461,4501,5271,4875,5497,4726,4369,5453,5341,5224,5484,3681,4552,5449,5399,5213,4778,4377,5076,4887,4827,3799,4883,2674,3405,4120,3497,3071,5309,2942,4923,3995,5203,5441,5253,4430,5289,2649,5382,4379,5199
,1:34:04,37,3467,5553,5240,5298,5437,5372,2734,5331,5159,5213,3255,5163,3754,5181,5287,5424,4824,5344,5065,4842,5267,4947,5072,5518,4409,4978,4856,5636,3635,5272,4859,5543,4795,5543,4845,5047,4745,4584,5251,5347,4681,4184,4658,5627,4806,5167,4481,5114,3550,4469,5175,5590,4339,5493,4963,5490,4470,5262,4832,5496,4713,4355,5409,5394,5217,5493,3621,4501,5478,5395,5152,4750,4362,5048,4856,4779,3789,4852,2667,3395,4085,3464,3037,5292,2940,4896,3922,5234,5439,5260,4389,5291,2655,5370,4345,5218
,1:37:04,37,3416,5604,5241,5290,5447,5383,2722,5278,5124,5181,3237,5127,3714,5151,5313,5405,4797,5344,5010,4836,5282,4967,5038,5513,4367,4985,4870,5607,3606,5270,4882,5539,4783,5512,4832,4986,4694,4549,5255,5391,4678,4170,4633,5586,4760,5160,4475,5129,3501,4443,5137,5614,4292,5473,4931,5450,4426,5227,4783,5490,4669,4329,5403,5323,5227,5444,3601,4493,5463,5390,5141,4716,4328,5113,4871,4725,3752,4814,2661,3351,3990,3436,3043,5264,2899,4904,3912,5234,5393,5296,4356,5352,2634,5377,4331,5214
,1:40:04,37,3390,5563,5223,5309,5475,5367,2718,5315,5120,5148,3176,5099,3676,5110,5271,5408,4789,5335,5002,4812,5232,4935,5072,5485,4315,4975,4816,5643,3572,5310,4828,5537,4726,5495,4786,4999,4668,4504,5233,5339,4680,4122,4629,5596,4762,5162,4446,5077,3507,4422,5098,5566,4260,5461,4964,5442,4404,5238,4837,5468,4649,4300,5433,5395,5203,5409,3590,4498,5478,5345,5165,4708,4299,5075,4886,4727,3711,4826,2667,3307,3988,3406,3024,5289,2920,4896,3870,5254,5412,5239,4377,5304,2629,5378,4305,5246
,1:43:04,37,3331,5604,5204,5277,5435,5386,2707,5305,5108,5181,3149,5112,3601,5148,5305,5392,4749,5293,5015,4813,5243,4943,5006,5510,4321,4968,4813,5609,3557,5245,4792,5516,4713,5554,4818,4997,4644,4495,5235,5338,4636,4083,4580,5653,4774,5155,4425,5092,3441,4367,5140,5586,4261,5495,4896,5458,4392,5199,4765,5481,4630,4257,5413,5362,5207,5457,3545,4477,5453,5331,5127,4675,4284,5062,4827,4692,3665,4816,2662,3294,3953,3367,3000,5253,2861,4852,3856,5261,5450,5250,4357,5278,2593,5388,4280,5213
,1:46:04,37,3329,5604,5233,5314,5467,5366,2705,5351,5096,5171,3135,5121,3599,5119,5246,5395,4751,5279,4999,4797,5261,4935,4998,5500,4288,4949,4766,5614,3545,5225,4800,5530,4682,5519,4779,4966,4650,4459,5197,5308,4597,4072,4542,5581,4696,5146,4386,5086,3401,4374,5163,5580,4253,5502,4941,5457,4350,5212,4752,5470,4622,4210,5432,5328,5184,5430,3524,4433,5488,5355,5126,4669,4247,5027,4807,4700,3654,4833,2681,3266,3912,3348,2972,5232,2900,4883,3820,5235,5420,5258,4329,5293,2633,5392,4263,5215
,1:49:04,37,3333,5607,5248,5282,5402,5398,2696,5330,5123,5209,3123,5064,3550,5118,5266,5404,4742,5256,4963,4764,5273,4907,4990,5493,4285,4917,4750,5627,3520,5246,4786,5490,4689,5503,4772,4965,4602,4442,5212,5344,4605,4076,4560,5594,4724,5125,4375,5068,3395,4352,5159,5620,4203,5497,4892,5474,4331,5235,4740,5496,4609,4218,5441,5345,5218,5420,3517,4454,5504,5348,5161,4632,4224,5035,4795,4708,3612,4775,2709,3264,3879,3307,2971,5274,2854,4859,3815,5228,5420,5240,4287,5291,2622,5393,4287,5231
,1:52:04,37,3303,5588,5193,5311,5427,5419,2679,5342,5055,5168,3084,5086,3530,5151,5258,5393,4703,5315,4967,4772,5216,4866,5017,5527,4218,4964,4775,5632,3503,5232,4765,5548,4662,5545,4713,4943,4596,4410,5182,5327,4576,4049,4507,5625,4695,5145,4387,5058,3377,4303,5083,5588,4213,5479,4911,5440,4272,5205,4719,5496,4585,4183,5376,5366,5196,5420,3467,4417,5490,5328,5122,4628,4204,5049,4769,4626,3588,4783,2682,3228,3846,3300,2955,5216,2869,4821,3763,5268,5395,5265,4272,5340,2635,5426,4261,5174
,1:55:04,37,3257,5604,5195,5292,5454,5398,2703,5306,5112,5140,3063,5041,3472,5097,5260,5388,4704,5310,4951,4732,5261,4929,4962,5510,4213,4893,4760,5633,3470,5221,4760,5505,4651,5485,4711,4920,4564,4412,5242,5348,4542,3991,4525,5594,4693,5104,4360,5030,3339,4300,5094,5563,4160,5491,4926,5463,4287,5198,4716,5485,4558,4162,5378,5351,5154,5435,3443,4352,5476,5379,5129,4652,4156,5044,4758,4655,3557,4766,2688,3212,3869,3268,2950,5257,2852,4828,3791,5224,5401,5271,4238,5307,2636,5398,4227,5226
,1:58:04,37,3231,5607,5203,5269,5423,5365,2653,5332,5061,5147,3022,5033,3446,5084,5228,5432,4684,5256,4923,4720,5228,4916,4975,5484,4201,4883,4732,5604,3394,5206,4770,5498,4633,5519,4719,4877,4572,4378,5192,5344,4545,3976,4461,5626,4667,5076,4332,5001,3326,4263,5109,5598,4136,5463,4862,5491,4257,5186,4703,5479,4580,4172,5372,5357,5114,5399,3421,4372,5456,5343,5127,4604,4170,5017,4727,4640,3539,4757,2672,3165,3836,3259,2915,5251,2849,4798,3728,5245,5388,5249,4227,5324,2625,5353,4200,5239
,2:01:04,37,3221,5579,5168,5240,5429,5400,2663,5298,5053,5110,2984,5043,3420,5080,5250,5382,4668,5260,4923,4695,5211,4850,4962,5491,4185,4836,4731,5644,3387,5218,4713,5485,4589,5526,4677,4894,4552,4333,5154,5338,4528,3931,4476,5607,4636,5080,4282,5005,3289,4263,5066,5592,4096,5506,4846,5449,4223,5224,4628,5477,4511,4098,5327,5341,5129,5418,3383,4322,5482,5333,5108,4583,4112,5030,4733,4604,3543,4699,2658,3144,3788,3236,2917,5191,2825,4772,3685,5239,5399,5237,4218,5335,2621,5412,4123,5238
,,,,,,,,,,,,,,,,,,,,,,,,,,,,,,,,,,,,,,,,,,,,,,,,,,,,,,,,,,,,,,,,,,,,,,,,,,,,,,,,,,,,,,,,,,,,,,,,,,
Results,,,,,,,,,,,,,,,,,,,,,,,,,,,,,,,,,,,,,,,,,,,,,,,,,,,,,,,,,,,,,,,,,,,,,,,,,,,,,,,,,,,,,,,,,,,,,,,,,,
,,,,,,,,,,,,,,,,,,,,,,,,,,,,,,,,,,,,,,,,,,,,,,,,,,,,,,,,,,,,,,,,,,,,,,,,,,,,,,,,,,,,,,,,,,,,,,,,,,
,,1,2,3,4,5,6,7,8,9,10,11,12,13,14,15,16,17,18,19,20,21,22,23,24,,,,,,,,,,,,,,,,,,,,,,,,,,,,,,,,,,,,,,,,,,,,,,,,,,,,,,,,,,,,,,,,,,,,,,,,,
,A,122500,124000,103566.667,155000,85766.667,110066.667,105900,86800,81133.333,62166.667,-48233.333,72300,54200,41066.667,-95800,-71966.667,-79833.333,51366.667,-45200,42066.667,-38933.333,127566.667,-21366.667,-19400,"Max V [485,528]",,,,,,,,,,,,,,,,,,,,,,,,,,,,,,,,,,,,,,,,,,,,,,,,,,,,,,,,,,,,,,,,,,,,,,,,
,,0.755,0.709,0.701,0.885,0.717,0.864,0.85,0.782,0.785,0.76,0.986,0.874,0.678,0.561,0.993,0.994,0.994,0.836,0.963,0.781,0.94,0.997,0.965,0.789,"R-Squared [485,528]",,,,,,,,,,,,,,,,,,,,,,,,,,,,,,,,,,,,,,,,,,,,,,,,,,,,,,,,,,,,,,,,,,,,,,,,
,,0:06:00,0:06:00,0:06:00,0:06:00,0:06:00,0:06:00,0:06:00,0:06:00,0:06:00,0:06:00,1:03:00,0:06:00,0:06:00,0:06:00,1:48:00,1:12:00,1:27:00,0:06:00,1:09:00,0:06:00,0:27:00,0:15:00,0:33:00,0:12:00,"t at Max V [485,528]",,,,,,,,,,,,,,,,,,,,,,,,,,,,,,,,,,,,,,,,,,,,,,,,,,,,,,,,,,,,,,,,,,,,,,,,
,,?????,?????,?????,?????,?????,?????,?????,?????,?????,?????,0:51:08,?????,?????,?????,1:27:56,0:50:26,1:22:45,?????,0:48:21,?????,0:33:35,0:00:55,0:30:21,0:17:37,"Lagtime [485,528]",,,,,,,,,,,,,,,,,,,,,,,,,,,,,,,,,,,,,,,,,,,,,,,,,,,,,,,,,,,,,,,,,,,,,,,,
,,-8200,-9133.333,-6866.667,-23600,-8100,-16433.333,-25500,-15666.667,-10166.667,-21700,-28033.333,-14200,-25400,-17366.667,-34866.667,-33266.667,-36966.667,-29533.333,-25966.667,-31366.667,-21266.667,-55900,-14566.667,-24633.333,"Max V [485,610]",,,,,,,,,,,,,,,,,,,,,,,,,,,,,,,,,,,,,,,,,,,,,,,,,,,,,,,,,,,,,,,,,,,,,,,,
,,0.778,0.908,0.89,0.979,0.947,0.951,0.969,0.963,0.655,0.996,0.992,0.963,0.988,0.978,0.998,0.979,0.987,0.992,0.979,0.981,0.944,0.998,0.856,0.977,"R-Squared [485,610]",,,,,,,,,,,,,,,,,,,,,,,,,,,,,,,,,,,,,,,,,,,,,,,,,,,,,,,,,,,,,,,,,,,,,,,,
,,0:16:04,0:16:04,0:16:04,0:28:04,0:31:04,0:40:04,1:55:04,0:40:04,0:10:04,0:34:04,0:31:04,0:10:04,0:34:04,0:43:04,1:40:04,0:31:04,0:28:04,0:40:04,0:34:04,0:28:04,0:28:04,0:07:04,0:07:04,0:07:04,"t at Max V [485,610]",,,,,,,,,,,,,,,,,,,,,,,,,,,,,,,,,,,,,,,,,,,,,,,,,,,,,,,,,,,,,,,,,,,,,,,,
,,0:22:24,0:24:35,0:28:37,0:05:54,0:25:03,0:13:39,1:06:39,0:16:28,0:14:45,0:21:20,0:19:36,0:04:51,0:16:03,0:16:33,1:02:14,0:17:10,0:11:15,0:11:33,0:15:36,0:08:37,0:13:23,?????,?????,?????,"Lagtime [485,610]",,,,,,,,,,,,,,,,,,,,,,,,,,,,,,,,,,,,,,,,,,,,,,,,,,,,,,,,,,,,,,,,,,,,,,,,
,B,125900,91633.333,128900,95733.333,111700,84766.667,95900,65000,80766.667,65066.667,77033.333,129300,87966.667,-112433.333,-130633.333,-119100,-97800,42300,-112966.667,-34866.667,34833.333,29600,-27233.333,-17200,"Max V [485,528]",,,,,,,,,,,,,,,,,,,,,,,,,,,,,,,,,,,,,,,,,,,,,,,,,,,,,,,,,,,,,,,,,,,,,,,,
,,0.718,0.752,0.776,0.761,0.738,0.776,0.774,0.814,0.81,0.863,0.787,0.97,0.858,1,0.998,0.997,0.997,0.656,0.997,0.994,0.676,0.591,0.885,0.868,"R-Squared [485,528]",,,,,,,,,,,,,,,,,,,,,,,,,,,,,,,,,,,,,,,,,,,,,,,,,,,,,,,,,,,,,,,,,,,,,,,,
,,0:06:00,0:06:00,0:06:00,0:06:00,0:06:00,0:06:00,0:06:00,0:06:00,0:06:00,0:06:00,0:06:00,0:06:00,0:06:00,1:03:00,0:48:00,1:00:00,0:54:00,0:06:00,0:51:00,0:48:00,0:06:00,0:06:00,0:30:00,0:09:00,"t at Max V [485,528]",,,,,,,,,,,,,,,,,,,,,,,,,,,,,,,,,,,,,,,,,,,,,,,,,,,,,,,,,,,,,,,,,,,,,,,,
,,?????,?????,?????,?????,?????,?????,?????,?????,?????,?????,?????,?????,?????,0:40:36,0:45:52,0:42:36,0:44:42,?????,0:42:00,0:31:59,?????,?????,0:23:12,0:14:40,"Lagtime [485,528]",,,,,,,,,,,,,,,,,,,,,,,,,,,,,,,,,,,,,,,,,,,,,,,,,,,,,,,,,,,,,,,,,,,,,,,,
,,-7333.333,-6133.333,-8433.333,-5733.333,-14766.667,-12066.667,-22200,-16333.333,-21033.333,-20766.667,-13600,-40000,-25133.333,-42933.333,-56000,-46300,-45533.333,-18866.667,-49166.667,-24033.333,-33233.333,-24800,-19433.333,-28633.333,"Max V [485,610]",,,,,,,,,,,,,,,,,,,,,,,,,,,,,,,,,,,,,,,,,,,,,,,,,,,,,,,,,,,,,,,,,,,,,,,,
,,0.762,0.632,0.563,0.659,0.921,0.912,0.984,0.968,0.957,0.981,0.897,0.984,0.993,0.999,0.998,0.996,0.999,0.905,0.994,0.906,0.992,0.974,0.898,0.926,"R-Squared [485,610]",,,,,,,,,,,,,,,,,,,,,,,,,,,,,,,,,,,,,,,,,,,,,,,,,,,,,,,,,,,,,,,,,,,,,,,,
,,0:19:04,0:19:04,0:10:04,0:28:04,0:28:04,0:19:04,0:31:04,0:43:04,0:43:04,0:40:04,0:10:04,0:10:04,0:10:04,1:04:04,0:46:04,1:01:04,0:28:04,0:10:04,0:49:04,0:28:04,0:31:04,0:25:04,0:07:04,0:07:04,"t at Max V [485,610]",,,,,,,,,,,,,,,,,,,,,,,,,,,,,,,,,,,,,,,,,,,,,,,,,,,,,,,,,,,,,,,,,,,,,,,,
,,0:28:45,0:24:33,0:26:26,0:22:02,0:25:04,0:16:39,0:19:06,0:16:18,0:24:34,0:18:48,0:07:31,0:02:52,0:03:46,0:23:14,0:17:18,0:19:57,0:13:55,0:02:54,0:18:01,0:10:51,0:07:44,0:04:32,?????,?????,"Lagtime [485,610]",,,,,,,,,,,,,,,,,,,,,,,,,,,,,,,,,,,,,,,,,,,,,,,,,,,,,,,,,,,,,,,,,,,,,,,,
,C,172433.333,109466.667,83633.333,153100,126366.667,153733.333,106166.667,232466.667,87933.333,-110433.333,-130833.333,-100533.333,83033.333,-192533.333,-111233.333,-213033.333,-172900,-155100,-152933.333,-116466.667,-92800,42766.667,40666.667,75066.667,"Max V [485,528]",,,,,,,,,,,,,,,,,,,,,,,,,,,,,,,,,,,,,,,,,,,,,,,,,,,,,,,,,,,,,,,,,,,,,,,,
,,0.915,0.764,0.74,0.943,0.907,0.965,0.921,0.986,0.866,0.997,0.999,0.998,0.938,0.998,0.992,0.995,0.999,0.999,0.999,0.997,1,0.966,0.869,0.993,"R-Squared [485,528]",,,,,,,,,,,,,,,,,,,,,,,,,,,,,,,,,,,,,,,,,,,,,,,,,,,,,,,,,,,,,,,,,,,,,,,,
,,0:06:00,0:06:00,0:06:00,0:06:00,0:06:00,0:06:00,0:06:00,0:06:00,0:06:00,0:45:00,0:48:00,0:51:00,0:06:00,0:42:00,1:03:00,0:48:00,0:48:00,0:48:00,0:51:00,1:09:00,0:51:00,0:21:00,0:06:00,0:18:00,"t at Max V [485,528]",,,,,,,,,,,,,,,,,,,,,,,,,,,,,,,,,,,,,,,,,,,,,,,,,,,,,,,,,,,,,,,,,,,,,,,,
,,?????,?????,?????,?????,?????,?????,?????,?????,?????,0:37:32,0:38:55,0:38:09,?????,0:36:40,0:40:22,1:00:33,0:47:36,0:40:42,0:57:47,1:04:39,0:31:38,0:02:05,?????,0:02:36,"Lagtime [485,528]",,,,,,,,,,,,,,,,,,,,,,,,,,,,,,,,,,,,,,,,,,,,,,,,,,,,,,,,,,,,,,,,,,,,,,,,
,,-30800,-11533.333,-7433.333,-33433.333,-31666.667,-47500,-34966.667,-65766.667,-41233.333,-46066.667,-57033.333,-43833.333,-42300,-75400,-44600,-75533.333,-69133.333,-65933.333,-69800,-65200,-38466.667,-42666.667,-29800,-53100,"Max V [485,610]",,,,,,,,,,,,,,,,,,,,,,,,,,,,,,,,,,,,,,,,,,,,,,,,,,,,,,,,,,,,,,,,,,,,,,,,
,,0.994,0.774,0.949,1,0.982,0.998,0.999,0.999,0.999,0.998,0.995,0.994,0.997,1,0.996,0.996,0.997,1,0.997,0.994,0.997,0.97,0.968,0.986,"R-Squared [485,610]",,,,,,,,,,,,,,,,,,,,,,,,,,,,,,,,,,,,,,,,,,,,,,,,,,,,,,,,,,,,,,,,,,,,,,,,
,,0:19:04,0:25:04,0:10:04,0:22:04,0:31:04,0:31:04,0:34:04,0:19:04,0:34:04,0:49:04,0:46:04,0:43:04,0:31:04,0:40:04,0:55:04,0:25:04,0:31:04,0:46:04,0:28:04,0:28:04,0:52:04,0:07:04,0:19:04,0:07:04,"t at Max V [485,610]",,,,,,,,,,,,,,,,,,,,,,,,,,,,,,,,,,,,,,,,,,,,,,,,,,,,,,,,,,,,,,,,,,,,,,,,
,,0:06:14,0:31:03,0:14:03,0:09:35,0:14:08,0:10:03,0:11:21,0:03:05,0:17:23,0:21:19,0:23:51,0:20:22,0:10:06,0:18:12,0:19:59,0:03:20,0:12:32,0:16:21,0:07:39,0:07:48,0:14:44,?????,0:04:40,?????,"Lagtime [485,610]",,,,,,,,,,,,,,,,,,,,,,,,,,,,,,,,,,,,,,,,,,,,,,,,,,,,,,,,,,,,,,,,,,,,,,,,
,D,126400,146866.667,85133.333,159300,110133.333,157666.667,-84900,108966.667,59366.667,224366.667,203133.333,-137966.667,-93933.333,-146066.667,-196000,-168100,-204033.333,116333.333,-181466.667,141433.333,-139333.333,-75333.333,-50466.667,44233.333,"Max V [485,528]",,,,,,,,,,,,,,,,,,,,,,,,,,,,,,,,,,,,,,,,,,,,,,,,,,,,,,,,,,,,,,,,,,,,,,,,
,,0.755,0.86,0.713,0.921,0.833,0.96,0.999,0.912,0.749,0.984,0.987,0.997,0.991,0.998,0.997,0.998,0.999,0.976,0.999,0.984,0.995,0.982,0.974,0.98,"R-Squared [485,528]",,,,,,,,,,,,,,,,,,,,,,,,,,,,,,,,,,,,,,,,,,,,,,,,,,,,,,,,,,,,,,,,,,,,,,,,
,,0:06:00,0:06:00,0:06:00,0:06:00,0:06:00,0:06:00,0:51:00,0:06:00,0:06:00,0:06:00,0:06:00,1:00:00,0:51:00,0:45:00,0:42:00,0:48:00,0:42:00,0:06:00,0:45:00,0:06:00,0:51:00,1:12:00,0:24:00,1:48:00,"t at Max V [485,528]",,,,,,,,,,,,,,,,,,,,,,,,,,,,,,,,,,,,,,,,,,,,,,,,,,,,,,,,,,,,,,,,,,,,,,,,
,,?????,?????,?????,?????,?????,?????,0:44:55,?????,?????,?????,?????,1:04:25,0:41:04,0:41:50,0:37:34,0:54:24,0:30:35,?????,0:32:58,?????,0:31:29,0:55:04,0:21:43,0:31:52,"Lagtime [485,528]",,,,,,,,,,,,,,,,,,,,,,,,,,,,,,,,,,,,,,,,,,,,,,,,,,,,,,,,,,,,,,,,,,,,,,,,
,,-6200,-21266.667,-11766.667,-34666.667,-20900,-48233.333,-34333.333,-46500,-26200,-67533.333,-68700,-57233.333,-37600,-64866.667,-75300,-71766.667,-78966.667,-60500,-76300,-71100,-54800,-41333.333,-37800,-48933.333,"Max V [485,610]",,,,,,,,,,,,,,,,,,,,,,,,,,,,,,,,,,,,,,,,,,,,,,,,,,,,,,,,,,,,,,,,,,,,,,,,
,,0.86,0.998,0.911,0.986,0.993,0.995,0.989,0.999,0.996,1,0.999,0.995,0.981,0.995,1,0.999,0.999,0.993,0.998,0.997,0.996,0.996,0.996,0.985,"R-Squared [485,610]",,,,,,,,,,,,,,,,,,,,,,,,,,,,,,,,,,,,,,,,,,,,,,,,,,,,,,,,,,,,,,,,,,,,,,,,
,,0:13:04,0:22:04,0:28:04,0:19:04,0:28:04,0:34:04,0:37:04,0:31:04,0:34:04,0:25:04,0:25:04,0:34:04,0:28:04,0:31:04,0:40:04,0:28:04,0:40:04,0:31:04,0:43:04,0:31:04,0:49:04,0:28:04,0:28:04,0:07:04,"t at Max V [485,610]",,,,,,,,,,,,,,,,,,,,,,,,,,,,,,,,,,,,,,,,,,,,,,,,,,,,,,,,,,,,,,,,,,,,,,,,
,,0:17:25,0:10:49,0:23:53,0:06:16,0:16:36,0:11:06,0:22:04,0:11:39,0:16:35,0:04:58,0:06:41,0:11:37,0:15:38,0:14:16,0:18:16,0:08:28,0:20:41,0:04:37,0:21:20,0:06:50,0:17:51,0:03:56,0:11:19,?????,"Lagtime [485,610]",,,,,,,,,,,,,,,,,,,,,,,,,,,,,,,,,,,,,,,,,,,,,,,,,,,,,,,,,,,,,,,,,,,,,,,,
,E,128366.667,183500,129166.667,118133.333,106233.333,115033.333,339833.333,194866.667,-103600,-129066.667,-123400,-190833.333,-123700,-137133.333,-160733.333,-191466.667,-201133.333,-167433.333,-187100,-156966.667,-157466.667,-96700,-54466.667,44033.333,"Max V [485,528]",,,,,,,,,,,,,,,,,,,,,,,,,,,,,,,,,,,,,,,,,,,,,,,,,,,,,,,,,,,,,,,,,,,,,,,,
,,0.731,0.923,0.807,0.869,0.809,0.942,0.987,0.979,0.999,0.997,0.995,1,0.997,0.998,0.999,0.997,1,0.996,0.999,0.999,0.998,0.998,0.994,0.984,"R-Squared [485,528]",,,,,,,,,,,,,,,,,,,,,,,,,,,,,,,,,,,,,,,,,,,,,,,,,,,,,,,,,,,,,,,,,,,,,,,,
,,0:06:00,0:06:00,0:06:00,0:06:00,0:06:00,0:06:00,0:06:00,0:06:00,1:06:00,0:54:00,0:54:00,0:42:00,0:54:00,0:51:00,0:51:00,0:45:00,0:45:00,0:48:00,0:42:00,0:54:00,0:48:00,0:54:00,1:06:00,1:48:00,"t at Max V [485,528]",,,,,,,,,,,,,,,,,,,,,,,,,,,,,,,,,,,,,,,,,,,,,,,,,,,,,,,,,,,,,,,,,,,,,,,,
,,?????,?????,?????,?????,?????,?????,?????,?????,0:53:40,0:53:34,0:41:38,0:34:09,0:40:36,0:44:43,0:35:24,0:38:01,0:32:05,0:42:44,0:30:56,0:47:46,0:31:37,0:30:44,0:31:40,0:32:07,"Lagtime [485,528]",,,,,,,,,,,,,,,,,,,,,,,,,,,,,,,,,,,,,,,,,,,,,,,,,,,,,,,,,,,,,,,,,,,,,,,,
,,7733.333,-36533.333,-13966.667,-25466.667,-27466.667,-35366.667,-79633.333,-59900,-39433.333,-59066.667,-47433.333,-75166.667,-47600,-60400,-63733.333,-74933.333,-80666.667,-68100,-71033.333,-70666.667,-58033.333,-41966.667,-30266.667,-44200,"Max V [485,610]",,,,,,,,,,,,,,,,,,,,,,,,,,,,,,,,,,,,,,,,,,,,,,,,,,,,,,,,,,,,,,,,,,,,,,,,
,,0.283,0.974,0.949,0.995,0.992,0.983,0.998,1,0.99,0.996,0.991,0.994,0.995,0.995,0.999,0.999,1,1,0.998,0.998,0.994,0.978,0.981,0.978,"R-Squared [485,610]",,,,,,,,,,,,,,,,,,,,,,,,,,,,,,,,,,,,,,,,,,,,,,,,,,,,,,,,,,,,,,,,,,,,,,,,
,,0:07:04,0:19:04,0:19:04,0:25:04,0:37:04,0:31:04,0:10:04,0:25:04,1:07:04,0:28:04,0:49:04,0:43:04,1:01:04,0:34:04,0:52:04,0:46:04,0:43:04,0:43:04,0:37:04,0:46:04,0:49:04,0:34:04,0:31:04,0:07:04,"t at Max V [485,610]",,,,,,,,,,,,,,,,,,,,,,,,,,,,,,,,,,,,,,,,,,,,,,,,,,,,,,,,,,,,,,,,,,,,,,,,
,,?????,0:08:41,0:17:45,0:09:16,0:21:20,0:12:04,0:03:08,0:05:45,0:27:02,0:14:23,0:24:24,0:22:16,0:23:15,0:16:47,0:22:45,0:17:50,0:22:49,0:16:07,0:20:21,0:12:09,0:18:53,0:11:50,0:09:05,?????,"Lagtime [485,610]",,,,,,,,,,,,,,,,,,,,,,,,,,,,,,,,,,,,,,,,,,,,,,,,,,,,,,,,,,,,,,,,,,,,,,,,
,F,119366.667,132166.667,106100,156266.667,73166.667,120400,86666.667,-92533.333,-87566.667,173433.333,-154133.333,-185000,-165233.333,472266.667,-129666.667,354166.667,-152800,-167800,-164133.333,-136100,-137433.333,340900,-64400,28433.333,"Max V [485,528]",,,,,,,,,,,,,,,,,,,,,,,,,,,,,,,,,,,,,,,,,,,,,,,,,,,,,,,,,,,,,,,,,,,,,,,,
,,0.756,0.856,0.834,0.955,0.781,0.902,0.798,0.984,0.998,0.975,0.997,0.997,1,0.996,0.994,0.998,0.998,1,0.997,0.997,0.994,1,0.977,0.98,"R-Squared [485,528]",,,,,,,,,,,,,,,,,,,,,,,,,,,,,,,,,,,,,,,,,,,,,,,,,,,,,,,,,,,,,,,,,,,,,,,,
,,0:06:00,0:06:00,0:06:00,0:06:00,0:06:00,0:06:00,0:06:00,0:48:00,1:06:00,0:06:00,0:48:00,0:45:00,0:45:00,0:06:00,1:03:00,0:06:00,0:51:00,0:48:00,0:48:00,0:51:00,0:45:00,0:06:00,1:12:00,1:42:00,"t at Max V [485,528]",,,,,,,,,,,,,,,,,,,,,,,,,,,,,,,,,,,,,,,,,,,,,,,,,,,,,,,,,,,,,,,,,,,,,,,,
,,?????,?????,?????,?????,?????,?????,?????,0:47:35,0:44:56,?????,0:39:13,0:38:54,0:35:20,?????,0:38:50,?????,0:36:25,0:35:59,0:34:37,0:59:49,0:34:34,?????,0:30:26,0:57:09,"Lagtime [485,528]",,,,,,,,,,,,,,,,,,,,,,,,,,,,,,,,,,,,,,,,,,,,,,,,,,,,,,,,,,,,,,,,,,,,,,,,
,,-7800,-19100,-17233.333,-42966.667,-24566.667,-48166.667,-29833.333,-44033.333,-36933.333,-75533.333,-59500,-76400,-63533.333,-135800,-53066.667,-108233.333,-60800,-68200,-63200,-65833.333,-58700,-130400,-35866.667,-42133.333,"Max V [485,610]",,,,,,,,,,,,,,,,,,,,,,,,,,,,,,,,,,,,,,,,,,,,,,,,,,,,,,,,,,,,,,,,,,,,,,,,
,,0.977,0.971,0.877,0.996,0.972,0.992,0.992,0.995,0.998,0.994,0.99,0.997,0.994,0.996,0.997,0.999,0.992,0.991,0.993,0.998,0.993,0.997,0.997,0.946,"R-Squared [485,610]",,,,,,,,,,,,,,,,,,,,,,,,,,,,,,,,,,,,,,,,,,,,,,,,,,,,,,,,,,,,,,,,,,,,,,,,
,,0:19:04,0:25:04,0:28:04,0:25:04,0:46:04,0:34:04,0:37:04,0:49:04,1:01:04,0:31:04,0:46:04,0:37:04,0:49:04,0:07:04,0:55:04,0:07:04,0:49:04,0:46:04,0:49:04,0:28:04,0:43:04,0:07:04,0:25:04,0:07:04,"t at Max V [485,610]",,,,,,,,,,,,,,,,,,,,,,,,,,,,,,,,,,,,,,,,,,,,,,,,,,,,,,,,,,,,,,,,,,,,,,,,
,,0:24:36,0:16:19,0:16:26,0:09:31,0:25:40,0:16:36,0:23:52,0:18:48,0:24:58,0:10:59,0:25:55,0:17:21,0:23:30,0:01:07,0:25:05,0:01:12,0:24:34,0:17:11,0:21:25,0:06:38,0:16:02,0:01:06,0:07:28,?????,"Lagtime [485,610]",,,,,,,,,,,,,,,,,,,,,,,,,,,,,,,,,,,,,,,,,,,,,,,,,,,,,,,,,,,,,,,,,,,,,,,,
,G,108833.333,228333.333,91366.667,136066.667,87300,149200,84633.333,418700,-103533.333,-106800,-160433.333,250866.667,-159366.667,-199366.667,-196466.667,-227033.333,-148400,-197000,-172033.333,-131233.333,-138333.333,-90266.667,-37400,45966.667,"Max V [485,528]",,,,,,,,,,,,,,,,,,,,,,,,,,,,,,,,,,,,,,,,,,,,,,,,,,,,,,,,,,,,,,,,,,,,,,,,
,,0.776,0.977,0.688,0.921,0.83,0.95,0.853,0.999,0.996,0.989,0.998,0.996,0.999,0.996,0.999,0.999,0.999,1,1,0.986,0.999,0.998,0.939,0.988,"R-Squared [485,528]",,,,,,,,,,,,,,,,,,,,,,,,,,,,,,,,,,,,,,,,,,,,,,,,,,,,,,,,,,,,,,,,,,,,,,,,
,,0:06:00,0:06:00,0:06:00,0:06:00,0:06:00,0:06:00,0:06:00,0:06:00,1:03:00,1:03:00,0:51:00,0:06:00,0:48:00,0:45:00,0:51:00,0:45:00,0:51:00,0:45:00,0:45:00,0:51:00,0:48:00,1:06:00,0:30:00,0:48:00,"t at Max V [485,528]",,,,,,,,,,,,,,,,,,,,,,,,,,,,,,,,,,,,,,,,,,,,,,,,,,,,,,,,,,,,,,,,,,,,,,,,
,,?????,?????,?????,?????,?????,?????,?????,?????,0:48:25,1:05:04,0:52:08,?????,0:37:30,0:49:29,0:56:31,0:54:56,0:48:44,0:41:41,0:35:27,0:44:59,0:31:53,0:39:05,0:38:06,0:38:54,"Lagtime [485,528]",,,,,,,,,,,,,,,,,,,,,,,,,,,,,,,,,,,,,,,,,,,,,,,,,,,,,,,,,,,,,,,,,,,,,,,,
,,-11633.333,-49833.333,-11266.667,-32066.667,-20366.667,-48900,-33533.333,-116400,-42266.667,-54533.333,-65066.667,-80866.667,-63433.333,-79700,-68766.667,-77966.667,-65333.333,-78866.667,-69266.667,-57300,-57000,-41866.667,-37500,-39666.667,"Max V [485,610]",,,,,,,,,,,,,,,,,,,,,,,,,,,,,,,,,,,,,,,,,,,,,,,,,,,,,,,,,,,,,,,,,,,,,,,,
,,0.937,0.997,0.879,0.982,0.837,0.99,0.978,0.997,0.998,0.998,0.996,0.999,0.996,0.997,0.997,0.998,0.997,0.997,0.997,0.997,0.999,0.998,0.993,0.967,"R-Squared [485,610]",,,,,,,,,,,,,,,,,,,,,,,,,,,,,,,,,,,,,,,,,,,,,,,,,,,,,,,,,,,,,,,,,,,,,,,,
,,0:13:04,0:16:04,0:49:04,0:28:04,0:34:04,0:34:04,1:07:04,0:10:04,1:04:04,0:31:04,0:31:04,0:10:04,0:52:04,0:31:04,0:46:04,0:31:04,0:49:04,0:37:04,0:46:04,0:43:04,0:49:04,0:34:04,0:31:04,0:07:04,"t at Max V [485,610]",,,,,,,,,,,,,,,,,,,,,,,,,,,,,,,,,,,,,,,,,,,,,,,,,,,,,,,,,,,,,,,,,,,,,,,,
,,0:10:19,0:06:13,0:31:23,0:11:31,0:22:02,0:12:01,0:27:42,0:01:39,0:24:30,0:12:20,0:13:46,0:02:03,0:23:34,0:12:39,0:09:25,0:04:59,0:15:18,0:13:12,0:20:51,0:11:01,0:19:29,0:07:27,0:07:51,?????,"Lagtime [485,610]",,,,,,,,,,,,,,,,,,,,,,,,,,,,,,,,,,,,,,,,,,,,,,,,,,,,,,,,,,,,,,,,,,,,,,,,
,H,91600,103800,93933.333,98166.667,107800,79466.667,109733.333,116300,305900,-114566.667,-158400,-163500,-136700,-225733.333,-173400,-193233.333,-155233.333,-192200,-163966.667,-152566.667,-130866.667,116600,43800,119500,"Max V [485,528]",,,,,,,,,,,,,,,,,,,,,,,,,,,,,,,,,,,,,,,,,,,,,,,,,,,,,,,,,,,,,,,,,,,,,,,,
,,0.639,0.792,0.786,0.927,0.858,0.774,0.941,0.955,0.996,0.996,0.995,0.998,0.995,1,0.997,0.996,0.999,0.999,0.999,0.996,0.999,0.999,0.96,0.994,"R-Squared [485,528]",,,,,,,,,,,,,,,,,,,,,,,,,,,,,,,,,,,,,,,,,,,,,,,,,,,,,,,,,,,,,,,,,,,,,,,,
,,0:06:00,0:06:00,0:06:00,0:06:00,0:06:00,0:06:00,0:06:00,0:06:00,0:06:00,0:51:00,0:45:00,0:48:00,0:48:00,0:39:00,0:48:00,0:45:00,0:51:00,0:42:00,0:51:00,0:48:00,0:51:00,0:06:00,0:06:00,0:12:00,"t at Max V [485,528]",,,,,,,,,,,,,,,,,,,,,,,,,,,,,,,,,,,,,,,,,,,,,,,,,,,,,,,,,,,,,,,,,,,,,,,,
,,?????,?????,?????,?????,?????,?????,?????,?????,?????,0:51:29,0:40:58,0:35:28,0:39:53,0:32:30,0:35:54,0:35:24,0:35:20,0:32:09,0:33:36,0:57:45,0:30:07,?????,?????,0:01:32,"Lagtime [485,528]",,,,,,,,,,,,,,,,,,,,,,,,,,,,,,,,,,,,,,,,,,,,,,,,,,,,,,,,,,,,,,,,,,,,,,,,
,,-10633.333,-13200,-16800,-18066.667,-27400,-29433.333,-52266.667,-49466.667,-78533.333,-55366.667,-59433.333,-63233.333,-57966.667,-85166.667,-64566.667,-74333.333,-58800,-75466.667,-63833.333,-70700,-52933.333,-62666.667,-38466.667,-69233.333,"Max V [485,610]",,,,,,,,,,,,,,,,,,,,,,,,,,,,,,,,,,,,,,,,,,,,,,,,,,,,,,,,,,,,,,,,,,,,,,,,
,,0.752,0.973,0.982,0.999,0.973,0.987,0.996,1,0.999,0.995,0.994,0.999,0.997,0.999,0.999,0.998,1,1,0.999,1,0.999,0.997,0.983,0.99,"R-Squared [485,610]",,,,,,,,,,,,,,,,,,,,,,,,,,,,,,,,,,,,,,,,,,,,,,,,,,,,,,,,,,,,,,,,,,,,,,,,
,,0:13:04,0:16:04,0:13:04,0:13:04,0:31:04,0:37:04,0:34:04,0:31:04,0:10:04,0:46:04,0:43:04,0:46:04,0:52:04,0:40:04,0:49:04,0:43:04,0:49:04,0:46:04,0:49:04,0:31:04,0:46:04,0:25:04,0:07:04,0:07:04,"t at Max V [485,610]",,,,,,,,,,,,,,,,,,,,,,,,,,,,,,,,,,,,,,,,,,,,,,,,,,,,,,,,,,,,,,,,,,,,,,,,
,,0:12:08,0:18:37,0:13:19,0:06:51,0:16:16,0:24:49,0:17:07,0:12:42,0:01:40,0:19:04,0:20:34,0:20:31,0:22:53,0:21:31,0:22:14,0:20:10,0:22:14,0:19:54,0:19:58,0:07:34,0:16:52,0:03:10,?????,?????,"Lagtime [485,610]",,,,,,,,,,,,,,,,,,,,,,,,,,,,,,,,,,,,,,,,,,,,,,,,,,,,,,,,,,,,,,,,,,,,,,,,
,I,89300,137733.333,126866.667,250666.667,92700,194800,89300,108733.333,104000,-140666.667,-157500,-183600,-97500,-182066.667,-200466.667,-193666.667,-101566.667,-142666.667,-182000,-133533.333,247933.333,46300,55400,60133.333,"Max V [485,528]",,,,,,,,,,,,,,,,,,,,,,,,,,,,,,,,,,,,,,,,,,,,,,,,,,,,,,,,,,,,,,,,,,,,,,,,
,,0.755,0.868,0.811,0.991,0.846,0.987,0.764,0.935,0.886,0.999,0.991,0.998,0.99,1,0.999,0.997,0.999,0.999,0.996,0.998,0.999,0.99,0.943,0.986,"R-Squared [485,528]",,,,,,,,,,,,,,,,,,,,,,,,,,,,,,,,,,,,,,,,,,,,,,,,,,,,,,,,,,,,,,,,,,,,,,,,
,,0:06:00,0:06:00,0:06:00,0:06:00,0:06:00,0:06:00,0:06:00,0:06:00,0:06:00,0:48:00,0:45:00,0:42:00,1:00:00,0:45:00,0:39:00,0:42:00,1:06:00,0:51:00,0:42:00,0:51:00,0:09:00,0:15:00,0:06:00,0:45:00,"t at Max V [485,528]",,,,,,,,,,,,,,,,,,,,,,,,,,,,,,,,,,,,,,,,,,,,,,,,,,,,,,,,,,,,,,,,,,,,,,,,
,,?????,?????,?????,?????,?????,?????,?????,?????,?????,0:37:43,0:48:39,0:35:53,0:57:26,0:35:13,0:31:46,0:36:57,0:43:29,0:38:52,0:34:42,0:32:23,0:00:19,?????,?????,0:16:41,"Lagtime [485,528]",,,,,,,,,,,,,,,,,,,,,,,,,,,,,,,,,,,,,,,,,,,,,,,,,,,,,,,,,,,,,,,,,,,,,,,,
,,-15400,-29766.667,-22666.667,-74200,-28266.667,-58966.667,-33833.333,-47733.333,-57100,-54033.333,-69866.667,-72666.667,-53300,-73400,-80766.667,-81066.667,-41633.333,-61800,-73066.667,-54666.667,-91600,-47733.333,-44433.333,-46966.667,"Max V [485,610]",,,,,,,,,,,,,,,,,,,,,,,,,,,,,,,,,,,,,,,,,,,,,,,,,,,,,,,,,,,,,,,,,,,,,,,,
,,0.933,0.997,0.993,1,0.983,0.996,0.996,0.998,0.985,0.997,0.997,0.998,0.988,0.999,0.995,0.997,0.999,0.994,0.998,0.997,1,0.998,0.999,0.977,"R-Squared [485,610]",,,,,,,,,,,,,,,,,,,,,,,,,,,,,,,,,,,,,,,,,,,,,,,,,,,,,,,,,,,,,,,,,,,,,,,,
,,0:10:04,0:19:04,0:19:04,0:16:04,0:34:04,0:28:04,1:10:04,0:43:04,0:34:04,0:49:04,0:31:04,0:43:04,0:34:04,0:40:04,0:43:04,0:40:04,0:55:04,0:46:04,0:43:04,0:49:04,0:10:04,0:07:04,0:19:04,0:07:04,"t at Max V [485,610]",,,,,,,,,,,,,,,,,,,,,,,,,,,,,,,,,,,,,,,,,,,,,,,,,,,,,,,,,,,,,,,,,,,,,,,,
,,0:08:20,0:10:49,0:14:10,0:04:21,0:16:55,0:05:48,0:21:23,0:13:43,0:12:56,0:19:16,0:14:21,0:20:00,0:13:55,0:20:48,0:21:46,0:16:31,0:19:06,0:18:01,0:16:07,0:13:31,0:01:10,?????,0:02:02,?????,"Lagtime [485,610]",,,,,,,,,,,,,,,,,,,,,,,,,,,,,,,,,,,,,,,,,,,,,,,,,,,,,,,,,,,,,,,,,,,,,,,,
,J,177600,178733.333,154866.667,94600,150266.667,115200,79300,80933.333,-70233.333,-83300,-138100,-135666.667,-74633.333,-154333.333,-123000,-153800,-96566.667,-141266.667,307266.667,-98100,-80066.667,-34333.333,34033.333,36133.333,"Max V [485,528]",,,,,,,,,,,,,,,,,,,,,,,,,,,,,,,,,,,,,,,,,,,,,,,,,,,,,,,,,,,,,,,,,,,,,,,,
,,0.89,0.929,0.88,0.753,0.902,0.848,0.691,0.784,0.987,0.999,0.995,0.999,0.99,0.996,0.996,0.999,0.99,0.999,0.999,0.996,0.998,0.951,0.917,0.997,"R-Squared [485,528]",,,,,,,,,,,,,,,,,,,,,,,,,,,,,,,,,,,,,,,,,,,,,,,,,,,,,,,,,,,,,,,,,,,,,,,,
,,0:06:00,0:06:00,0:06:00,0:06:00,0:06:00,0:06:00,0:06:00,0:06:00,1:03:00,0:48:00,0:45:00,0:48:00,1:03:00,0:45:00,1:06:00,0:48:00,1:03:00,0:48:00,0:09:00,0:51:00,1:03:00,1:06:00,0:06:00,0:51:00,"t at Max V [485,528]",,,,,,,,,,,,,,,,,,,,,,,,,,,,,,,,,,,,,,,,,,,,,,,,,,,,,,,,,,,,,,,,,,,,,,,,
,,?????,?????,?????,?????,?????,?????,?????,?????,1:00:23,0:52:34,0:40:35,0:42:47,0:54:21,0:51:54,0:58:08,0:33:59,0:48:28,0:37:59,0:00:09,0:46:36,0:40:45,0:55:02,?????,0:31:02,"Lagtime [485,528]",,,,,,,,,,,,,,,,,,,,,,,,,,,,,,,,,,,,,,,,,,,,,,,,,,,,,,,,,,,,,,,,,,,,,,,,
,,-35300,-33833.333,-27966.667,-15966.667,-39266.667,-32233.333,-28000,-32766.667,-36933.333,-49133.333,-58500,-63866.667,-39666.667,-72500,-50933.333,-63033.333,-41900,-54633.333,-107633.333,-50333.333,-38700,-32433.333,-41200,-43600,"Max V [485,610]",,,,,,,,,,,,,,,,,,,,,,,,,,,,,,,,,,,,,,,,,,,,,,,,,,,,,,,,,,,,,,,,,,,,,,,,
,,0.995,0.986,0.994,0.996,0.992,0.982,0.996,0.999,0.992,0.988,0.985,1,0.965,0.999,0.996,0.998,0.995,0.999,0.999,0.993,1,0.945,0.935,0.961,"R-Squared [485,610]",,,,,,,,,,,,,,,,,,,,,,,,,,,,,,,,,,,,,,,,,,,,,,,,,,,,,,,,,,,,,,,,,,,,,,,,
,,0:13:04,0:16:04,0:22:04,0:37:04,0:25:04,0:34:04,0:34:04,0:43:04,1:07:04,0:43:04,0:43:04,0:46:04,0:37:04,0:40:04,0:34:04,0:49:04,0:52:04,0:43:04,0:07:04,0:40:04,0:34:04,0:07:04,0:07:04,0:07:04,"t at Max V [485,610]",,,,,,,,,,,,,,,,,,,,,,,,,,,,,,,,,,,,,,,,,,,,,,,,,,,,,,,,,,,,,,,,,,,,,,,,
,,0:05:31,0:09:18,0:09:55,0:21:08,0:07:44,0:16:01,0:17:50,0:17:35,0:18:02,0:14:18,0:19:11,0:17:08,0:15:37,0:10:45,0:14:28,0:20:47,0:16:57,0:15:46,0:01:14,0:09:28,0:07:46,?????,?????,?????,"Lagtime [485,610]",,,,,,,,,,,,,,,,,,,,,,,,,,,,,,,,,,,,,,,,,,,,,,,,,,,,,,,,,,,,,,,,,,,,,,,,
,K,137000,132633.333,112566.667,111733.333,132300,123700,69000,77533.333,62800,67800,140200,80933.333,-60300,-92633.333,-73700,-73333.333,-77000,-98866.667,-81833.333,-55466.667,-33066.667,51733.333,-24066.667,39900,"Max V [485,528]",,,,,,,,,,,,,,,,,,,,,,,,,,,,,,,,,,,,,,,,,,,,,,,,,,,,,,,,,,,,,,,,,,,,,,,,
,,0.859,0.839,0.825,0.859,0.945,0.925,0.772,0.87,0.768,0.873,0.977,0.899,0.999,0.997,0.984,0.998,0.996,0.99,0.995,0.979,0.98,0.791,0.987,0.962,"R-Squared [485,528]",,,,,,,,,,,,,,,,,,,,,,,,,,,,,,,,,,,,,,,,,,,,,,,,,,,,,,,,,,,,,,,,,,,,,,,,
,,0:06:00,0:06:00,0:06:00,0:06:00,0:06:00,0:06:00,0:06:00,0:06:00,0:06:00,0:06:00,0:06:00,0:06:00,1:03:00,0:57:00,1:09:00,1:06:00,1:12:00,1:00:00,1:06:00,0:57:00,1:30:00,0:06:00,0:24:00,0:54:00,"t at Max V [485,528]",,,,,,,,,,,,,,,,,,,,,,,,,,,,,,,,,,,,,,,,,,,,,,,,,,,,,,,,,,,,,,,,,,,,,,,,
,,?????,?????,?????,?????,?????,?????,?????,?????,?????,?????,?????,?????,1:00:51,0:54:44,0:58:37,1:07:17,1:07:12,0:34:53,0:43:12,0:58:25,0:45:04,?????,0:23:42,0:17:51,"Lagtime [485,528]",,,,,,,,,,,,,,,,,,,,,,,,,,,,,,,,,,,,,,,,,,,,,,,,,,,,,,,,,,,,,,,,,,,,,,,,
,,-36200,-16900,-18066.667,-22033.333,-34466.667,-34466.667,-19233.333,-29633.333,-24966.667,-29800,-53633.333,-43033.333,-40233.333,-46933.333,-37400,-39133.333,-47100,-41000,-33533.333,-43066.667,-29800,-43633.333,-29133.333,-43033.333,"Max V [485,610]",,,,,,,,,,,,,,,,,,,,,,,,,,,,,,,,,,,,,,,,,,,,,,,,,,,,,,,,,,,,,,,,,,,,,,,,
,,0.986,0.906,0.982,0.962,0.995,0.981,0.954,0.99,0.994,0.995,0.999,0.986,0.995,0.999,0.999,0.995,0.996,0.996,0.975,0.993,0.955,0.995,0.969,0.948,"R-Squared [485,610]",,,,,,,,,,,,,,,,,,,,,,,,,,,,,,,,,,,,,,,,,,,,,,,,,,,,,,,,,,,,,,,,,,,,,,,,
,,0:10:04,0:13:04,0:19:04,0:10:04,0:28:04,0:31:04,0:40:04,0:40:04,0:46:04,0:40:04,0:37:04,0:34:04,0:37:04,0:31:04,0:43:04,0:40:04,0:34:04,0:49:04,1:07:04,0:31:04,0:07:04,0:07:04,0:07:04,0:07:04,"t at Max V [485,610]",,,,,,,,,,,,,,,,,,,,,,,,,,,,,,,,,,,,,,,,,,,,,,,,,,,,,,,,,,,,,,,,,,,,,,,,
,,0:03:46,0:12:54,0:10:33,0:04:36,0:08:51,0:12:12,0:14:17,0:14:05,0:16:46,0:17:14,0:08:10,0:09:27,0:16:04,0:11:38,0:15:12,0:11:21,0:08:50,0:15:52,0:19:56,0:07:31,?????,?????,?????,?????,"Lagtime [485,610]",,,,,,,,,,,,,,,,,,,,,,,,,,,,,,,,,,,,,,,,,,,,,,,,,,,,,,,,,,,,,,,,,,,,,,,,
,L,95933.333,120666.667,109800,94633.333,62866.667,110633.333,79500,67066.667,83200,62033.333,54933.333,-54600,133333.333,100366.667,40700,-39900,325533.333,-35866.667,45700,-32500,-25766.667,-23500,-21633.333,-32233.333,"Max V [485,528]",,,,,,,,,,,,,,,,,,,,,,,,,,,,,,,,,,,,,,,,,,,,,,,,,,,,,,,,,,,,,,,,,,,,,,,,
,,0.725,0.839,0.765,0.867,0.731,0.815,0.762,0.752,0.844,0.796,0.804,0.998,0.989,0.95,0.949,0.989,0.998,0.967,0.787,0.909,0.796,0.914,0.923,0.972,"R-Squared [485,528]",,,,,,,,,,,,,,,,,,,,,,,,,,,,,,,,,,,,,,,,,,,,,,,,,,,,,,,,,,,,,,,,,,,,,,,,
,,0:06:00,0:06:00,0:06:00,0:06:00,0:06:00,0:06:00,0:06:00,0:06:00,0:06:00,0:06:00,0:06:00,1:09:00,0:06:00,0:06:00,0:24:00,1:03:00,0:09:00,1:39:00,0:06:00,0:30:00,0:27:00,0:12:00,0:15:00,0:09:00,"t at Max V [485,528]",,,,,,,,,,,,,,,,,,,,,,,,,,,,,,,,,,,,,,,,,,,,,,,,,,,,,,,,,,,,,,,,,,,,,,,,
,,?????,?????,?????,?????,?????,?????,?????,?????,?????,?????,?????,0:47:18,?????,?????,0:02:23,0:46:24,0:00:28,0:44:10,?????,0:31:02,0:30:04,0:13:26,0:19:51,0:06:26,"Lagtime [485,528]",,,,,,,,,,,,,,,,,,,,,,,,,,,,,,,,,,,,,,,,,,,,,,,,,,,,,,,,,,,,,,,,,,,,,,,,
,,-8400,-19000,-14366.667,-25833.333,-16700,-27200,-14000,-13833.333,-23600,-17433.333,-28266.667,-24833.333,-50433.333,-44200,-38166.667,-20966.667,-112200,-25033.333,-33366.667,-28433.333,-29633.333,-31300,-27633.333,-43366.667,"Max V [485,610]",,,,,,,,,,,,,,,,,,,,,,,,,,,,,,,,,,,,,,,,,,,,,,,,,,,,,,,,,,,,,,,,,,,,,,,,
,,0.92,0.97,0.876,0.969,0.957,0.966,0.873,0.986,0.958,0.966,0.977,0.981,0.98,0.984,0.984,0.949,0.998,0.973,0.946,0.935,0.972,0.982,0.908,0.967,"R-Squared [485,610]",,,,,,,,,,,,,,,,,,,,,,,,,,,,,,,,,,,,,,,,,,,,,,,,,,,,,,,,,,,,,,,,,,,,,,,,
,,0:13:04,0:13:04,0:13:04,0:10:04,0:10:04,0:28:04,0:37:04,0:28:04,0:10:04,0:10:04,0:37:04,0:46:04,0:16:04,0:13:04,0:07:04,0:46:04,0:07:04,0:07:04,0:07:04,0:07:04,0:07:04,0:07:04,0:07:04,0:07:04,"t at Max V [485,610]",,,,,,,,,,,,,,,,,,,,,,,,,,,,,,,,,,,,,,,,,,,,,,,,,,,,,,,,,,,,,,,,,,,,,,,,
,,0:12:44,0:07:29,0:14:12,0:03:40,0:04:49,0:15:18,0:19:52,0:11:18,0:05:09,0:04:51,0:10:09,0:11:21,0:03:20,0:02:54,0:01:27,0:08:26,0:01:18,?????,?????,?????,0:01:20,?????,?????,?????,"Lagtime [485,610]",,,,,,,,,,,,,,,,,,,,,,,,,,,,,,,,,,,,,,,,,,,,,,,,,,,,,,,,,,,,,,,,,,,,,,,,
,M,181700,99200,83333.333,69733.333,59666.667,86300,272566.667,51566.667,55300,65600,143100,32000,108666.667,44966.667,26466.667,33900,37766.667,-18300,27066.667,26633.333,15200,22233.333,24533.333,-32300,"Max V [485,528]",,,,,,,,,,,,,,,,,,,,,,,,,,,,,,,,,,,,,,,,,,,,,,,,,,,,,,,,,,,,,,,,,,,,,,,,
,,0.933,0.758,0.764,0.676,0.652,0.772,0.996,0.676,0.747,0.832,0.985,0.624,0.967,0.891,0.571,0.643,0.603,0.876,0.615,0.552,0.241,0.927,0.855,0.923,"R-Squared [485,528]",,,,,,,,,,,,,,,,,,,,,,,,,,,,,,,,,,,,,,,,,,,,,,,,,,,,,,,,,,,,,,,,,,,,,,,,
,,0:06:00,0:06:00,0:06:00,0:06:00,0:06:00,0:06:00,0:06:00,0:06:00,0:06:00,0:06:00,0:06:00,0:06:00,0:06:00,0:06:00,0:06:00,0:06:00,0:06:00,0:12:00,0:06:00,0:06:00,0:06:00,1:39:00,1:39:00,0:09:00,"t at Max V [485,528]",,,,,,,,,,,,,,,,,,,,,,,,,,,,,,,,,,,,,,,,,,,,,,,,,,,,,,,,,,,,,,,,,,,,,,,,
,,?????,?????,?????,?????,?????,?????,?????,?????,?????,?????,?????,?????,?????,?????,?????,?????,?????,0:20:15,?????,?????,?????,0:41:53,0:47:02,0:08:02,"Lagtime [485,528]",,,,,,,,,,,,,,,,,,,,,,,,,,,,,,,,,,,,,,,,,,,,,,,,,,,,,,,,,,,,,,,,,,,,,,,,
,,-47333.333,-12100,-15266.667,-16833.333,-11700,-15766.667,-77066.667,-14500,-18500,-18500,-49233.333,-21933.333,-38066.667,-20533.333,-27100,-20800,-26200,-34433.333,-26266.667,-36200,-23766.667,-35066.667,-31433.333,-38500,"Max V [485,610]",,,,,,,,,,,,,,,,,,,,,,,,,,,,,,,,,,,,,,,,,,,,,,,,,,,,,,,,,,,,,,,,,,,,,,,,
,,0.985,0.802,0.832,0.874,0.868,0.946,0.999,0.984,0.953,0.923,0.989,0.979,0.994,0.999,0.986,0.998,0.93,0.958,0.943,0.984,0.967,0.998,0.963,0.965,"R-Squared [485,610]",,,,,,,,,,,,,,,,,,,,,,,,,,,,,,,,,,,,,,,,,,,,,,,,,,,,,,,,,,,,,,,,,,,,,,,,
,,0:10:04,0:13:04,0:16:04,0:10:04,0:13:04,0:25:04,0:10:04,0:10:04,0:10:04,0:19:04,0:10:04,0:07:04,0:13:04,0:13:04,0:07:04,0:07:04,0:07:04,0:07:04,0:07:04,0:07:04,0:07:04,0:07:04,0:07:04,0:07:04,"t at Max V [485,610]",,,,,,,,,,,,,,,,,,,,,,,,,,,,,,,,,,,,,,,,,,,,,,,,,,,,,,,,,,,,,,,,,,,,,,,,
,,0:03:43,0:10:48,0:06:58,0:04:33,0:02:28,0:15:42,0:02:51,0:03:24,0:03:37,0:04:19,0:02:17,?????,0:01:38,0:01:14,?????,0:01:08,?????,?????,?????,?????,?????,?????,?????,?????,"Lagtime [485,610]",,,,,,,,,,,,,,,,,,,,,,,,,,,,,,,,,,,,,,,,,,,,,,,,,,,,,,,,,,,,,,,,,,,,,,,,
,N,123900,142566.667,101000,79900,131966.667,89600,73500,62566.667,77066.667,60633.333,46966.667,43966.667,46466.667,71566.667,23600,28466.667,41600,61100,35266.667,-11666.667,39400,25900,39900,25600,"Max V [485,528]",,,,,,,,,,,,,,,,,,,,,,,,,,,,,,,,,,,,,,,,,,,,,,,,,,,,,,,,,,,,,,,,,,,,,,,,
,,0.825,0.778,0.838,0.707,0.934,0.794,0.913,0.78,0.908,0.777,0.719,0.825,0.706,0.875,0.945,0.639,0.805,0.894,0.875,0.985,0.962,0.983,0.98,0.955,"R-Squared [485,528]",,,,,,,,,,,,,,,,,,,,,,,,,,,,,,,,,,,,,,,,,,,,,,,,,,,,,,,,,,,,,,,,,,,,,,,,
,,0:06:00,0:06:00,0:06:00,0:06:00,0:06:00,0:06:00,0:06:00,0:06:00,0:06:00,0:06:00,0:06:00,0:06:00,0:06:00,0:06:00,0:36:00,0:06:00,0:06:00,0:06:00,0:06:00,0:36:00,0:51:00,0:36:00,0:33:00,0:39:00,"t at Max V [485,528]",,,,,,,,,,,,,,,,,,,,,,,,,,,,,,,,,,,,,,,,,,,,,,,,,,,,,,,,,,,,,,,,,,,,,,,,
,,?????,?????,?????,?????,?????,?????,?????,?????,?????,?????,?????,?????,?????,?????,0:12:07,?????,?????,?????,?????,0:31:55,0:18:04,0:21:28,0:14:39,0:23:36,"Lagtime [485,528]",,,,,,,,,,,,,,,,,,,,,,,,,,,,,,,,,,,,,,,,,,,,,,,,,,,,,,,,,,,,,,,,,,,,,,,,
,,-25700,-17400,-17666.667,-14133.333,-38000,-16400,-21666.667,-12233.333,-30300,-16766.667,-31166.667,-25400,-36666.667,-32666.667,-27533.333,-26700,-32100,-35866.667,-35766.667,-29400,-37333.333,-42900,-38500,-41800,"Max V [485,610]",,,,,,,,,,,,,,,,,,,,,,,,,,,,,,,,,,,,,,,,,,,,,,,,,,,,,,,,,,,,,,,,,,,,,,,,
,,0.943,0.905,0.848,0.795,0.987,0.952,1,0.914,0.939,0.961,0.998,0.956,0.999,0.975,0.903,0.982,0.988,0.991,0.982,0.855,0.987,0.986,0.948,0.918,"R-Squared [485,610]",,,,,,,,,,,,,,,,,,,,,,,,,,,,,,,,,,,,,,,,,,,,,,,,,,,,,,,,,,,,,,,,,,,,,,,,
,,0:16:04,0:22:04,0:16:04,0:10:04,0:10:04,0:19:04,0:10:04,0:10:04,0:13:04,0:13:04,0:07:04,0:10:04,0:10:04,0:10:04,0:07:04,0:07:04,0:07:04,0:10:04,0:07:04,0:07:04,0:07:04,0:07:04,0:07:04,0:07:04,"t at Max V [485,610]",,,,,,,,,,,,,,,,,,,,,,,,,,,,,,,,,,,,,,,,,,,,,,,,,,,,,,,,,,,,,,,,,,,,,,,,
,,0:05:52,0:12:01,0:06:53,0:04:40,0:04:01,0:09:05,0:03:06,0:06:40,0:03:06,0:05:09,0:01:16,0:02:08,0:02:31,0:02:45,?????,?????,0:01:09,?????,0:01:10,?????,?????,?????,?????,?????,"Lagtime [485,610]",,,,,,,,,,,,,,,,,,,,,,,,,,,,,,,,,,,,,,,,,,,,,,,,,,,,,,,,,,,,,,,,,,,,,,,,
,O,162466.667,122733.333,91600,79933.333,97166.667,75066.667,85566.667,43666.667,85866.667,52000,65000,41433.333,58600,67233.333,33366.667,17933.333,21233.333,15000,91366.667,43766.667,17300,-24900,-21300,32200,"Max V [485,528]",,,,,,,,,,,,,,,,,,,,,,,,,,,,,,,,,,,,,,,,,,,,,,,,,,,,,,,,,,,,,,,,,,,,,,,,
,,0.907,0.851,0.765,0.718,0.825,0.807,0.828,0.602,0.895,0.777,0.836,0.589,0.834,0.881,0.616,0.903,0.891,0.997,0.997,0.995,0.781,0.885,0.854,0.987,"R-Squared [485,528]",,,,,,,,,,,,,,,,,,,,,,,,,,,,,,,,,,,,,,,,,,,,,,,,,,,,,,,,,,,,,,,,,,,,,,,,
,,0:06:00,0:06:00,0:06:00,0:06:00,0:06:00,0:06:00,0:06:00,0:06:00,0:06:00,0:06:00,0:06:00,0:06:00,0:06:00,0:06:00,0:06:00,0:30:00,0:42:00,0:57:00,0:36:00,0:45:00,0:45:00,0:12:00,0:09:00,0:54:00,"t at Max V [485,528]",,,,,,,,,,,,,,,,,,,,,,,,,,,,,,,,,,,,,,,,,,,,,,,,,,,,,,,,,,,,,,,,,,,,,,,,
,,?????,?????,?????,?????,?????,?????,?????,?????,?????,?????,?????,?????,?????,?????,?????,0:12:56,0:16:56,0:33:22,0:04:21,0:07:28,0:41:27,0:17:00,0:07:34,0:21:16,"Lagtime [485,528]",,,,,,,,,,,,,,,,,,,,,,,,,,,,,,,,,,,,,,,,,,,,,,,,,,,,,,,,,,,,,,,,,,,,,,,,
,,-47166.667,-23866.667,-19866.667,-11566.667,-34333.333,-14200,-19833.333,-20533.333,-32200,-16400,-28100,-23200,-34233.333,-36100,-28533.333,-31566.667,-35800,-29933.333,-54100,-36700,-37433.333,-32666.667,-41233.333,-45733.333,"Max V [485,610]",,,,,,,,,,,,,,,,,,,,,,,,,,,,,,,,,,,,,,,,,,,,,,,,,,,,,,,,,,,,,,,,,,,,,,,,
,,0.988,0.982,0.956,0.936,0.991,0.857,0.979,0.822,0.994,0.937,0.976,0.917,0.976,0.992,0.96,0.992,0.979,0.961,0.995,0.994,0.947,0.981,0.929,0.974,"R-Squared [485,610]",,,,,,,,,,,,,,,,,,,,,,,,,,,,,,,,,,,,,,,,,,,,,,,,,,,,,,,,,,,,,,,,,,,,,,,,
,,0:10:04,0:16:04,0:16:04,0:07:04,0:10:04,0:19:04,0:10:04,0:07:04,0:13:04,0:19:04,0:07:04,0:07:04,0:13:04,0:10:04,0:07:04,0:07:04,0:07:04,0:07:04,0:07:04,0:07:04,0:07:04,0:07:04,0:07:04,0:07:04,"t at Max V [485,610]",,,,,,,,,,,,,,,,,,,,,,,,,,,,,,,,,,,,,,,,,,,,,,,,,,,,,,,,,,,,,,,,,,,,,,,,
,,0:03:43,0:05:36,0:04:47,0:01:52,0:04:17,0:06:47,0:04:50,?????,0:01:36,0:03:01,0:01:29,?????,0:02:26,0:02:55,?????,?????,?????,?????,?????,?????,?????,?????,?????,?????,"Lagtime [485,610]",,,,,,,,,,,,,,,,,,,,,,,,,,,,,,,,,,,,,,,,,,,,,,,,,,,,,,,,,,,,,,,,,,,,,,,,
,P,120600,80766.667,92633.333,75366.667,126000,79033.333,377600,129133.333,102533.333,119900,187500,40266.667,210566.667,42900,83300,-17366.667,-20400,17866.667,48333.333,-30066.667,249833.333,-27866.667,48166.667,-28366.667,"Max V [485,528]",,,,,,,,,,,,,,,,,,,,,,,,,,,,,,,,,,,,,,,,,,,,,,,,,,,,,,,,,,,,,,,,,,,,,,,,
,,0.9,0.633,0.837,0.689,0.94,0.776,0.998,0.988,0.938,0.979,0.997,0.772,0.991,0.841,1,0.999,0.848,0.819,0.982,0.961,0.997,0.976,0.989,0.888,"R-Squared [485,528]",,,,,,,,,,,,,,,,,,,,,,,,,,,,,,,,,,,,,,,,,,,,,,,,,,,,,,,,,,,,,,,,,,,,,,,,
,,0:06:00,0:06:00,0:06:00,0:06:00,0:06:00,0:06:00,0:06:00,0:06:00,0:06:00,0:06:00,0:06:00,0:06:00,0:06:00,0:06:00,0:18:00,0:12:00,0:12:00,1:39:00,0:30:00,0:12:00,0:06:00,0:09:00,0:54:00,0:06:00,"t at Max V [485,528]",,,,,,,,,,,,,,,,,,,,,,,,,,,,,,,,,,,,,,,,,,,,,,,,,,,,,,,,,,,,,,,,,,,,,,,,
,,?????,?????,?????,?????,?????,?????,?????,?????,?????,?????,0:00:03,?????,?????,?????,0:00:54,0:23:45,0:20:32,1:31:23,0:09:34,0:12:10,?????,0:10:05,0:17:46,0:01:21,"Lagtime [485,528]",,,,,,,,,,,,,,,,,,,,,,,,,,,,,,,,,,,,,,,,,,,,,,,,,,,,,,,,,,,,,,,,,,,,,,,,
,,-25733.333,-19566.667,-22066.667,-24366.667,-41800,-20333.333,-111566.667,-44633.333,-39833.333,-49166.667,-66966.667,-31266.667,-81700,-31533.333,-49466.667,-27966.667,-34833.333,-34366.667,-45433.333,-30700,-112566.667,-36233.333,-40566.667,-38400,"Max V [485,610]",,,,,,,,,,,,,,,,,,,,,,,,,,,,,,,,,,,,,,,,,,,,,,,,,,,,,,,,,,,,,,,,,,,,,,,,
,,0.984,0.994,0.977,0.974,0.997,0.949,0.998,0.994,0.989,0.994,0.998,0.984,0.997,0.986,0.998,0.987,0.956,0.956,0.949,0.912,0.994,0.965,0.984,0.932,"R-Squared [485,610]",,,,,,,,,,,,,,,,,,,,,,,,,,,,,,,,,,,,,,,,,,,,,,,,,,,,,,,,,,,,,,,,,,,,,,,,
,,0:07:04,0:07:04,0:10:04,0:10:04,0:10:04,0:16:04,0:07:04,0:10:04,0:10:04,0:07:04,0:10:04,0:07:04,0:10:04,0:07:04,0:07:04,0:07:04,0:07:04,0:07:04,0:07:04,0:07:04,0:07:04,0:07:04,0:07:04,0:07:04,"t at Max V [485,610]",,,,,,,,,,,,,,,,,,,,,,,,,,,,,,,,,,,,,,,,,,,,,,,,,,,,,,,,,,,,,,,,,,,,,,,,
,,0:01:20,0:01:10,0:04:06,0:03:07,0:03:33,0:01:55,0:01:13,0:02:14,0:01:45,?????,0:01:15,?????,0:02:14,0:01:09,?????,0:01:10,?????,?????,?????,?????,?????,?????,?????,?????,"Lagtime [485,610]",,,,,,,,,,,,,,,,,,,,,,,,,,,,,,,,,,,,,,,,,,,,,,,,,,,,,,,,,,,,,,,,,,,,,,,,
