description,pdb_path,complex_plddt,per_chain_plddt_A,per_chain_plddt_B,per_chain_plddt_C,pae_chain_matrix,pae_interface,chainA_len,chainB_len,ptm,iptm,ipae_min
chaina_a159d,/home/achen918/catalytic_binders/251211_paper_revision_1/computational_SSM/af3_complex/output/chaina_a159d/seed-1_sample-3/model.pdb,93.59607717041804,93.66916201117317,97.095,82.31,"[[3.1532005867482287, 3.385921787709497, 2.991061452513967], [6.389944134078212, 3.1839999999999997, 4.430000000000001], [12.322346368715083, 7.860000000000001, 0.8]]",4.887932960893854,179,10,0.89,0.89,1.23
chaina_a159d,/home/achen918/catalytic_binders/251211_paper_revision_1/computational_SSM/af3_complex/output/chaina_a159d/seed-1_sample-4/model.pdb,94.56657234726703,94.07832402234635,97.30900000000001,83.89,"[[2.7678131144471148, 3.0312290502793293, 2.712849162011173], [5.929608938547486, 3.0150000000000006, 4.180000000000001], [11.628491620111731, 7.600000000000001, 0.8]]",4.480418994413408,179,10,0.91,0.9,1.14
chaina_a159d,/home/achen918/catalytic_binders/251211_paper_revision_1/computational_SSM/af3_complex/output/chaina_a159d/seed-1_sample-0/model.pdb,92.8736398713827,93.87525139664804,96.656,82.96,"[[3.2319340844542928, 3.6887150837988827, 2.9061452513966484], [7.0056983240223465, 3.1659999999999995, 4.7], [11.993854748603352, 7.9799999999999995, 0.8]]",5.347206703910615,179,10,0.88,0.87,1.44
chaina_a159d,/home/achen918/catalytic_binders/251211_paper_revision_1/computational_SSM/af3_complex/output/chaina_a159d/seed-1_sample-2/model.pdb,94.03318327974267,94.4031284916201,97.113,83.24,"[[2.919743453699947, 3.150782122905028, 2.7363128491620112], [6.151899441340782, 3.0439999999999996, 4.340000000000001], [11.634078212290502, 7.720000000000001, 0.8]]",4.6513407821229045,179,10,0.9,0.9,1.18
chaina_a159d,/home/achen918/catalytic_binders/251211_paper_revision_1/computational_SSM/af3_complex/output/chaina_a159d/seed-1_sample-1/model.pdb,93.09106109324762,94.2582122905028,96.806,81.56,"[[3.215960800224712, 3.338659217877095, 2.9860335195530725], [6.103854748603353, 3.0290000000000004, 4.279999999999999], [12.319553072625697, 7.8100000000000005, 0.8]]",4.721256983240224,179,10,0.89,0.9,1.12
chaina_a159e,/home/achen918/catalytic_binders/251211_paper_revision_1/computational_SSM/af3_complex/output/chaina_a159e/seed-1_sample-1/model.pdb,93.56628534704384,94.54966480446927,96.69200000000001,83.92,"[[2.897181735900877, 3.3443016759776536, 2.7106145251396647], [6.808547486033519, 3.2800000000000007, 4.470000000000001], [11.385474860335197, 7.3100000000000005, 0.8]]",5.076424581005586,179,10,0.9,0.88,1.53
chaina_a159e,/home/achen918/catalytic_binders/251211_paper_revision_1/computational_SSM/af3_complex/output/chaina_a159e/seed-1_sample-2/model.pdb,93.5519280205657,94.4586033519553,96.538,83.26,"[[2.972763022377579, 3.8002793296089385, 2.83463687150838], [7.896703910614525, 3.5180000000000002, 5.02], [11.964245810055866, 7.910000000000001, 0.8]]",5.848491620111732,179,10,0.89,0.85,1.84
chaina_a159e,/home/achen918/catalytic_binders/251211_paper_revision_1/computational_SSM/af3_complex/output/chaina_a159e/seed-1_sample-0/model.pdb,92.4765809768638,93.86240223463689,96.01299999999999,77.59,"[[3.252301738397678, 4.585530726256984, 3.4765363128491615], [9.121340782122905, 3.7930000000000006, 5.91], [14.352513966480444, 9.16, 0.8]]",6.853435754189944,179,10,0.88,0.81,2.48
chaina_a159e,/home/achen918/catalytic_binders/251211_paper_revision_1/computational_SSM/af3_complex/output/chaina_a159e/seed-1_sample-3/model.pdb,94.04028920308485,93.79810055865921,96.85,84.31,"[[2.8406104678380824, 3.5482122905027933, 2.7715083798882683], [7.588435754189944, 3.5840000000000005, 4.92], [11.725698324022346, 7.589999999999999, 0.8]]",5.568324022346369,179,10,0.9,0.87,1.74
chaina_a159e,/home/achen918/catalytic_binders/251211_paper_revision_1/computational_SSM/af3_complex/output/chaina_a159e/seed-1_sample-4/model.pdb,94.4865681233933,94.23625698324022,96.9,85.05,"[[2.7471146343747077, 3.5862011173184354, 2.707262569832402], [7.600111731843575, 3.448, 4.89], [11.707821229050278, 7.76, 0.8]]",5.5931564245810055,179,10,0.9,0.86,1.79
chaina_a159f,/home/achen918/catalytic_binders/251211_paper_revision_1/computational_SSM/af3_complex/output/chaina_a159f/seed-1_sample-3/model.pdb,92.93999358151478,93.52111731843574,95.439,82.45,"[[2.8975250460347683, 5.921396648044692, 2.770391061452514], [11.601340782122906, 4.336000000000001, 8.010000000000002], [12.839664804469274, 9.169999999999998, 0.8]]",8.7613687150838,179,10,0.89,0.74,3.07
chaina_a159f,/home/achen918/catalytic_binders/251211_paper_revision_1/computational_SSM/af3_complex/output/chaina_a159f/seed-1_sample-4/model.pdb,92.7910397946084,93.33960893854749,94.81000000000002,81.87,"[[2.8682157236041324, 7.360837988826816, 2.838547486033519], [13.711564245810056, 4.655, 9.25], [13.610614525139665, 10.05, 0.8]]",10.536201117318436,179,10,0.89,0.67,3.75
chaina_a159f,/home/achen918/catalytic_binders/251211_paper_revision_1/computational_SSM/af3_complex/output/chaina_a159f/seed-1_sample-0/model.pdb,93.36521822849804,94.25335195530725,95.39699999999999,83.21,"[[2.588290003433101, 6.0231843575419, 2.5201117318435755], [12.124581005586592, 4.329000000000001, 8.6], [11.954189944134079, 9.049999999999999, 0.8]]",9.073882681564246,179,10,0.9,0.73,3.26
chaina_a159f,/home/achen918/catalytic_binders/251211_paper_revision_1/computational_SSM/af3_complex/output/chaina_a159f/seed-1_sample-2/model.pdb,92.57450577663651,93.66921787709495,95.05699999999999,81.63,"[[2.9190818014419024, 6.39927374301676, 2.8162011173184354], [12.656368715083799, 4.448, 8.940000000000001], [13.063687150837987, 9.52, 0.8]]",9.527821229050279,179,10,0.89,0.71,3.55
chaina_a159f,/home/achen918/catalytic_binders/251211_paper_revision_1/computational_SSM/af3_complex/output/chaina_a159f/seed-1_sample-1/model.pdb,93.09409499358159,93.94329608938548,94.25799999999998,83.07,"[[2.679754065104085, 6.856089385474861, 2.660893854748603], [12.89854748603352, 4.266, 6.81], [12.443575418994413, 8.379999999999999, 0.8]]",9.87731843575419,179,10,0.9,0.71,2.72
chaina_a159g,/home/achen918/catalytic_binders/251211_paper_revision_1/computational_SSM/af3_complex/output/chaina_a159g/seed-1_sample-0/model.pdb,95.44464861379748,94.45977653631284,97.649,88.09,"[[2.3566368090883554, 2.4237988826815644, 2.2564245810055863], [4.686033519553073, 2.5420000000000003, 3.21], [10.787709497206704, 7.110000000000001, 0.8]]",3.5549162011173188,179,10,0.93,0.94,0.87
chaina_a159g,/home/achen918/catalytic_binders/251211_paper_revision_1/computational_SSM/af3_complex/output/chaina_a159g/seed-1_sample-4/model.pdb,95.79887169568029,94.10692737430168,97.82,88.82,"[[2.2841577978215417, 2.254245810055866, 2.2033519553072622], [4.261843575418995, 2.402, 2.9899999999999998], [9.12513966480447, 6.28, 0.8]]",3.2580446927374305,179,10,0.93,0.94,0.84
chaina_a159g,/home/achen918/catalytic_binders/251211_paper_revision_1/computational_SSM/af3_complex/output/chaina_a159g/seed-1_sample-3/model.pdb,95.68221147646705,94.27843575418997,97.937,88.09,"[[2.3249367997253514, 2.315530726256983, 2.2715083798882683], [4.396927374301676, 2.459, 3.05], [11.165921787709497, 7.17, 0.8]]",3.356229050279329,179,10,0.93,0.94,0.85
chaina_a159g,/home/achen918/catalytic_binders/251211_paper_revision_1/computational_SSM/af3_complex/output/chaina_a159g/seed-1_sample-1/model.pdb,95.73487427466159,94.6331284916201,97.83,87.11,"[[2.2663680908835557, 2.2886033519553073, 2.2374301675977653], [4.365251396648044, 2.419, 3.15], [11.994413407821229, 7.530000000000001, 0.8]]",3.3269273743016754,179,10,0.93,0.94,0.85
chaina_a159g,/home/achen918/catalytic_binders/251211_paper_revision_1/computational_SSM/af3_complex/output/chaina_a159g/seed-1_sample-2/model.pdb,95.62194068343005,94.4286592178771,97.832,88.11,"[[2.358525014824756, 2.4056983240223464, 2.269832402234637], [4.802905027932962, 2.6140000000000003, 3.17], [10.834078212290503, 7.19, 0.8]]",3.604301675977654,179,10,0.93,0.94,0.86
chaina_a159h,/home/achen918/catalytic_binders/251211_paper_revision_1/computational_SSM/af3_complex/output/chaina_a159h/seed-1_sample-3/model.pdb,93.01106615285809,93.70698324022347,95.97999999999999,80.5,"[[3.0754189944134076, 4.673854748603352, 3.129050279329609], [9.755027932960894, 4.0169999999999995, 6.529999999999999], [13.507821229050277, 8.99, 0.8]]",7.214441340782123,179,10,0.88,0.8,2.45
chaina_a159h,/home/achen918/catalytic_binders/251211_paper_revision_1/computational_SSM/af3_complex/output/chaina_a159h/seed-1_sample-4/model.pdb,93.5847591522158,93.7631843575419,96.147,81.2,"[[2.870987172684997, 4.520670391061452, 3.007821229050279], [9.44608938547486, 3.845000000000001, 6.36], [13.240782122905024, 8.85, 0.8]]",6.983379888268155,179,10,0.89,0.81,2.28
chaina_a159h,/home/achen918/catalytic_binders/251211_paper_revision_1/computational_SSM/af3_complex/output/chaina_a159h/seed-1_sample-0/model.pdb,92.31461143224155,93.49061452513966,95.00200000000001,80.3,"[[3.219849567741331, 5.426368715083799, 3.222905027932961], [10.789664804469274, 4.062, 7.35], [13.807262569832401, 9.540000000000001, 0.8]]",8.108016759776536,179,10,0.88,0.76,2.84
chaina_a159h,/home/achen918/catalytic_binders/251211_paper_revision_1/computational_SSM/af3_complex/output/chaina_a159h/seed-1_sample-2/model.pdb,92.82712267180464,93.65944134078212,95.36,79.92,"[[3.0455728597734146, 4.880391061452514, 3.1206703910614526], [10.234469273743017, 4.051000000000001, 6.82], [13.467597765363127, 9.2, 0.8]]",7.557430167597765,179,10,0.88,0.78,2.5
chaina_a159h,/home/achen918/catalytic_binders/251211_paper_revision_1/computational_SSM/af3_complex/output/chaina_a159h/seed-1_sample-1/model.pdb,92.95556197816299,93.76351955307261,93.9,80.32,"[[2.7963421865734523, 6.620111731843576, 3.060335195530726], [12.633296089385475, 4.136000000000001, 6.67], [13.62458100558659, 8.790000000000001, 0.8]]",9.626703910614525,179,10,0.89,0.71,2.58
chaina_a159i,/home/achen918/catalytic_binders/251211_paper_revision_1/computational_SSM/af3_complex/output/chaina_a159i/seed-1_sample-3/model.pdb,94.75940192926068,94.31905027932962,97.107,87.71,"[[2.568393620673512, 3.6986033519553074, 2.4229050279329614], [8.314581005586593, 3.6710000000000003, 5.340000000000001], [10.393296089385476, 7.05, 0.8]]",6.00659217877095,179,10,0.91,0.86,1.91
chaina_a159i,/home/achen918/catalytic_binders/251211_paper_revision_1/computational_SSM/af3_complex/output/chaina_a159i/seed-1_sample-4/model.pdb,94.84396141479085,94.28379888268158,96.97,88.11,"[[2.545984831934084, 4.287541899441341, 2.435195530726257], [9.157541899441341, 3.784, 5.92], [10.45027932960894, 7.56, 0.8]]",6.722541899441341,179,10,0.91,0.83,2.26
chaina_a159i,/home/achen918/catalytic_binders/251211_paper_revision_1/computational_SSM/af3_complex/output/chaina_a159i/seed-1_sample-0/model.pdb,94.22129903536991,94.37525139664805,96.48700000000001,87.34,"[[2.6450610155737957, 4.574469273743017, 2.488826815642458], [9.394189944134077, 3.7400000000000007, 6.25], [10.50391061452514, 7.68, 0.8]]",6.9843296089385465,179,10,0.91,0.81,2.26
chaina_a159i,/home/achen918/catalytic_binders/251211_paper_revision_1/computational_SSM/af3_complex/output/chaina_a159i/seed-1_sample-2/model.pdb,94.42779421221863,94.26530726256982,96.634,86.93,"[[2.590337380231578, 4.60413407821229, 2.498324022346369], [9.947877094972068, 3.9760000000000004, 6.34], [11.07709497206704, 7.909999999999999, 0.8]]",7.276005586592179,179,10,0.91,0.8,2.38
chaina_a159i,/home/achen918/catalytic_binders/251211_paper_revision_1/computational_SSM/af3_complex/output/chaina_a159i/seed-1_sample-1/model.pdb,94.60196141479106,94.63631284916202,96.67,88.0,"[[2.546702662214038, 4.0401117318435755, 2.395530726256984], [8.620055865921788, 3.6470000000000002, 5.67], [10.246927374301677, 7.42, 0.8]]",6.330083798882682,179,10,0.91,0.84,2.09
chaina_a159k,/home/achen918/catalytic_binders/251211_paper_revision_1/computational_SSM/af3_complex/output/chaina_a159k/seed-1_sample-4/model.pdb,92.99360539845752,93.80184357541899,96.10900000000001,79.19,"[[3.053231796760401, 4.934748603351956, 2.9865921787709504], [9.911564245810053, 3.7760000000000007, 6.75], [12.974301675977651, 8.760000000000002, 0.8]]",7.423156424581005,179,10,0.88,0.8,2.77
chaina_a159k,/home/achen918/catalytic_binders/251211_paper_revision_1/computational_SSM/af3_complex/output/chaina_a159k/seed-1_sample-3/model.pdb,92.61746786632403,93.81787709497208,96.24,79.13,"[[3.114019537467619, 4.525418994413408, 3.0083798882681565], [9.417374301675977, 3.7680000000000007, 6.3100000000000005], [12.850837988826816, 8.34, 0.8]]",6.971396648044692,179,10,0.88,0.81,2.52
chaina_a159k,/home/achen918/catalytic_binders/251211_paper_revision_1/computational_SSM/af3_complex/output/chaina_a159k/seed-1_sample-0/model.pdb,91.61098971722372,93.40575418994412,95.237,78.47,"[[3.628438563091039, 5.531675977653631, 3.2497206703910613], [10.532569832402237, 3.7460000000000004, 7.12], [13.359776536312847, 9.05, 0.8]]",8.032122905027933,179,10,0.86,0.78,3.03
chaina_a159k,/home/achen918/catalytic_binders/251211_paper_revision_1/computational_SSM/af3_complex/output/chaina_a159k/seed-1_sample-2/model.pdb,91.70242287917756,93.41754189944133,95.53299999999999,78.17,"[[3.6719016260416346, 5.612793296089387, 3.3452513966480444], [10.706256983240223, 3.877, 7.199999999999998], [13.186592178770947, 8.889999999999999, 0.8]]",8.159525139664805,179,10,0.86,0.77,2.95
chaina_a159k,/home/achen918/catalytic_binders/251211_paper_revision_1/computational_SSM/af3_complex/output/chaina_a159k/seed-1_sample-1/model.pdb,91.04166452442149,92.98022346368714,92.606,76.85,"[[3.3643612871009014, 7.684748603351956, 3.5005586592178766], [13.937877094972068, 4.383000000000001, 7.45], [14.14804469273743, 9.07, 0.8]]",10.811312849162011,179,10,0.86,0.66,3.35
chaina_a159l,/home/achen918/catalytic_binders/251211_paper_revision_1/computational_SSM/af3_complex/output/chaina_a159l/seed-1_sample-4/model.pdb,93.28266881028934,93.49435754189945,95.55499999999999,78.57,"[[2.7660122967447958, 5.516368715083799, 2.8944134078212294], [11.21737430167598, 4.178999999999999, 7.42], [14.02067039106145, 9.5, 0.8]]",8.366871508379889,179,10,0.89,0.76,3.07
chaina_a159l,/home/achen918/catalytic_binders/251211_paper_revision_1/computational_SSM/af3_complex/output/chaina_a159l/seed-1_sample-3/model.pdb,93.62212861736333,94.08603351955308,96.317,80.49,"[[2.6281951249960986, 4.109441340782123, 2.6407821229050277], [9.1231843575419, 3.7520000000000007, 6.01], [12.637430167597767, 8.3, 0.8]]",6.616312849162012,179,10,0.9,0.82,2.36
chaina_a159l,/home/achen918/catalytic_binders/251211_paper_revision_1/computational_SSM/af3_complex/output/chaina_a159l/seed-1_sample-0/model.pdb,93.13754983922821,93.90653631284917,95.85800000000002,80.54,"[[2.7148060297743517, 4.585474860335196, 2.642458100558659], [9.756983240223464, 3.7700000000000005, 6.65], [12.56759776536313, 8.47, 0.8]]",7.171229050279329,179,10,0.9,0.8,2.7
chaina_a159l,/home/achen918/catalytic_binders/251211_paper_revision_1/computational_SSM/af3_complex/output/chaina_a159l/seed-1_sample-2/model.pdb,93.4649774919614,93.98821229050279,95.97999999999999,79.76,"[[2.6277176118098686, 4.550279329608938, 2.6262569832402236], [9.958882681564246, 3.8840000000000003, 6.710000000000001], [12.564804469273746, 8.49, 0.8]]",7.2545810055865925,179,10,0.9,0.8,2.68
chaina_a159l,/home/achen918/catalytic_binders/251211_paper_revision_1/computational_SSM/af3_complex/output/chaina_a159l/seed-1_sample-1/model.pdb,92.85879099678452,93.59949720670392,93.849,79.13,"[[2.661106082831372, 6.589385474860335, 2.8854748603351954], [13.050335195530726, 4.318, 6.7700000000000005], [14.052513966480445, 8.819999999999999, 0.8]]",9.81986033519553,179,10,0.89,0.71,3.02
chaina_a159m,/home/achen918/catalytic_binders/251211_paper_revision_1/computational_SSM/af3_complex/output/chaina_a159m/seed-1_sample-2/model.pdb,94.74733762057892,94.36849162011173,96.675,83.37,"[[2.405752005243282, 4.575530726256982, 2.5016759776536315], [9.89905027932961, 3.998, 6.4], [13.859217877094974, 9.280000000000001, 0.8]]",7.237290502793296,179,10,0.92,0.82,2.22
chaina_a159m,/home/achen918/catalytic_binders/251211_paper_revision_1/computational_SSM/af3_complex/output/chaina_a159m/seed-1_sample-1/model.pdb,94.82165273311898,94.51379888268157,96.571,83.42,"[[2.38045941137917, 4.262011173184358, 2.4782122905027935], [9.25949720670391, 3.855, 6.180000000000001], [14.114525139664805, 9.31, 0.8]]",6.760754189944134,179,10,0.92,0.83,2.11
chaina_a159m,/home/achen918/catalytic_binders/251211_paper_revision_1/computational_SSM/af3_complex/output/chaina_a159m/seed-1_sample-3/model.pdb,95.13482958199373,94.33379888268156,97.148,84.14,"[[2.3526388065291344, 4.087430167597765, 2.450837988826816], [8.930279329608938, 3.8450000000000006, 5.87], [13.778212290502795, 8.940000000000001, 0.8]]",6.508854748603351,179,10,0.92,0.84,1.95
chaina_a159m,/home/achen918/catalytic_binders/251211_paper_revision_1/computational_SSM/af3_complex/output/chaina_a159m/seed-1_sample-4/model.pdb,95.10839228295838,94.27391061452514,96.91400000000002,89.46,"[[2.379488780000624, 4.320558659217877, 2.329608938547486], [9.371620111731843, 3.8780000000000006, 6.11], [9.487150837988827, 7.5600000000000005, 0.8]]",6.84608938547486,179,10,0.92,0.82,2.07
chaina_a159m,/home/achen918/catalytic_binders/251211_paper_revision_1/computational_SSM/af3_complex/output/chaina_a159m/seed-1_sample-0/model.pdb,94.19199999999998,93.96162011173185,96.281,82.13,"[[2.4902687182048004, 5.058715083798883, 2.586033519553073], [10.498603351955307, 4.137, 6.68], [14.007821229050277, 9.510000000000002, 0.8]]",7.778659217877095,179,10,0.91,0.79,2.41
chaina_a159n,/home/achen918/catalytic_binders/251211_paper_revision_1/computational_SSM/af3_complex/output/chaina_a159n/seed-1_sample-0/model.pdb,93.04393569131834,93.8914525139665,95.90399999999998,83.78,"[[3.022627258824631, 4.5271508379888274, 2.888268156424581], [9.16949720670391, 3.7439999999999998, 5.94], [11.84860335195531, 7.960000000000001, 0.8]]",6.848324022346369,179,10,0.89,0.81,2.41
chaina_a159n,/home/achen918/catalytic_binders/251211_paper_revision_1/computational_SSM/af3_complex/output/chaina_a159n/seed-1_sample-3/model.pdb,93.46801929260457,93.63256983240221,96.553,84.78,"[[2.980543678412035, 4.302402234636871, 2.8798882681564244], [9.02072625698324, 3.95, 5.84], [11.817877094972065, 7.95, 0.8]]",6.661564245810055,179,10,0.89,0.82,2.21
chaina_a159n,/home/achen918/catalytic_binders/251211_paper_revision_1/computational_SSM/af3_complex/output/chaina_a159n/seed-1_sample-4/model.pdb,94.58583279742774,94.31782122905028,96.93299999999999,86.42,"[[2.666898661090478, 3.757039106145251, 2.618435754189944], [8.056089385474861, 3.59, 5.35], [10.930167597765363, 7.459999999999999, 0.8]]",5.906564245810056,179,10,0.91,0.85,1.94
chaina_a159n,/home/achen918/catalytic_binders/251211_paper_revision_1/computational_SSM/af3_complex/output/chaina_a159n/seed-1_sample-1/model.pdb,93.53428295819958,94.30469273743017,96.38199999999999,84.64,"[[2.924162791423489, 3.8887150837988824, 2.7502793296089383], [7.936145251396648, 3.5809999999999995, 5.250000000000001], [11.187709497206704, 7.57, 0.8]]",5.9124301675977655,179,10,0.9,0.85,2.0
chaina_a159n,/home/achen918/catalytic_binders/251211_paper_revision_1/computational_SSM/af3_complex/output/chaina_a159n/seed-1_sample-2/model.pdb,93.72902893890688,94.13385474860334,96.33899999999998,84.22,"[[2.881957491963422, 4.3707821229050285, 2.7860335195530728], [9.1595530726257, 3.834000000000001, 6.06], [11.743575418994416, 8.06, 0.8]]",6.765167597765364,179,10,0.9,0.82,2.29
chaina_a159p,/home/achen918/catalytic_binders/251211_paper_revision_1/computational_SSM/af3_complex/output/chaina_a159p/seed-1_sample-1/model.pdb,96.41071428571436,95.48156424581006,98.301,88.81,"[[2.2472800474392187, 2.112625698324022, 2.1586592178770947], [3.7904469273743016, 2.245, 2.75], [11.375977653631287, 7.33, 0.8]]",2.9515363128491616,179,10,0.93,0.95,0.81
chaina_a159p,/home/achen918/catalytic_binders/251211_paper_revision_1/computational_SSM/af3_complex/output/chaina_a159p/seed-1_sample-2/model.pdb,96.3836100386101,95.43877094972068,98.21799999999999,89.07,"[[2.245569738772198, 2.151284916201117, 2.1709497206703907], [4.162234636871508, 2.372, 2.8200000000000003], [11.402793296089385, 7.279999999999999, 0.8]]",3.1567597765363127,179,10,0.93,0.95,0.81
chaina_a159p,/home/achen918/catalytic_binders/251211_paper_revision_1/computational_SSM/af3_complex/output/chaina_a159p/seed-1_sample-0/model.pdb,96.32647361647365,95.33128491620111,98.28099999999999,90.09,"[[2.2710745607190788, 2.138156424581006, 2.129608938547486], [3.815195530726257, 2.279, 2.7399999999999998], [10.170391061452515, 6.68, 0.8]]",2.976675977653631,179,10,0.93,0.95,0.82
chaina_a159p,/home/achen918/catalytic_binders/251211_paper_revision_1/computational_SSM/af3_complex/output/chaina_a159p/seed-1_sample-3/model.pdb,96.26579150579151,94.95832402234637,98.213,89.07,"[[2.3652258044380634, 2.2531843575418993, 2.2670391061452513], [4.01145251396648, 2.3569999999999998, 2.89], [11.553072625698324, 7.44, 0.8]]",3.13231843575419,179,10,0.93,0.94,0.82
chaina_a159p,/home/achen918/catalytic_binders/251211_paper_revision_1/computational_SSM/af3_complex/output/chaina_a159p/seed-1_sample-4/model.pdb,96.48521879021887,95.20245810055867,98.26599999999999,91.12,"[[2.2069660747167688, 2.0735195530726256, 2.1089385474860336], [3.78586592178771, 2.2359999999999998, 2.65], [8.205586592178772, 5.619999999999999, 0.8]]",2.929692737430168,179,10,0.94,0.95,0.81
chaina_a159q,/home/achen918/catalytic_binders/251211_paper_revision_1/computational_SSM/af3_complex/output/chaina_a159q/seed-1_sample-4/model.pdb,95.01442159383033,94.33759776536313,97.045,88.09,"[[2.512992728067164, 3.873016759776536, 2.494413407821229], [8.467094972067038, 3.678, 5.28], [10.132960893854749, 7.380000000000001, 0.8]]",6.170055865921787,179,10,0.91,0.85,1.88
chaina_a159q,/home/achen918/catalytic_binders/251211_paper_revision_1/computational_SSM/af3_complex/output/chaina_a159q/seed-1_sample-3/model.pdb,94.68301413881733,94.18413407821228,97.02400000000002,82.93,"[[2.5783589775600015, 4.143128491620112, 2.7726256983240223], [8.798044692737431, 3.78, 5.7700000000000005], [14.035754189944132, 9.100000000000001, 0.8]]",6.470586592178771,179,10,0.91,0.84,2.06
chaina_a159q,/home/achen918/catalytic_binders/251211_paper_revision_1/computational_SSM/af3_complex/output/chaina_a159q/seed-1_sample-0/model.pdb,93.79401028277637,94.03698324022346,96.319,80.72,"[[2.743403763927468, 4.581340782122904, 2.8983240223463684], [9.432346368715084, 3.875, 6.0600000000000005], [14.068156424581005, 9.18, 0.8]]",7.006843575418994,179,10,0.9,0.82,2.33
chaina_a159q,/home/achen918/catalytic_binders/251211_paper_revision_1/computational_SSM/af3_complex/output/chaina_a159q/seed-1_sample-2/model.pdb,94.1737275064267,94.09413407821228,96.434,81.46,"[[2.6763865047907367, 4.790502793296089, 2.9245810055865924], [10.077932960893854, 4.023, 6.529999999999999], [14.797765363128487, 9.83, 0.8]]",7.434217877094971,179,10,0.9,0.81,2.29
chaina_a159q,/home/achen918/catalytic_binders/251211_paper_revision_1/computational_SSM/af3_complex/output/chaina_a159q/seed-1_sample-1/model.pdb,94.70877249357332,94.56770949720669,96.808,88.31,"[[2.5713179988140196, 3.4956983240223463, 2.4363128491620114], [7.432290502793297, 3.4319999999999995, 4.720000000000001], [9.481005586592179, 6.93, 0.8]]",5.463994413407821,179,10,0.91,0.87,1.74
chaina_a159r,/home/achen918/catalytic_binders/251211_paper_revision_1/computational_SSM/af3_complex/output/chaina_a159r/seed-1_sample-3/model.pdb,94.70118100128371,94.01016759776536,96.89000000000001,82.32,"[[2.5988452295496396, 4.089553072625699, 2.8150837988826813], [8.911620111731843, 3.9010000000000007, 5.8500000000000005], [14.64189944134078, 9.41, 0.8]]",6.50058659217877,179,10,0.91,0.84,2.11
chaina_a159r,/home/achen918/catalytic_binders/251211_paper_revision_1/computational_SSM/af3_complex/output/chaina_a159r/seed-1_sample-4/model.pdb,95.09517971758655,94.03201117318437,97.03399999999999,88.4,"[[2.499285290721263, 3.855530726256983, 2.4726256983240225], [8.408826815642458, 3.7230000000000008, 5.340000000000001], [10.283240223463688, 7.5699999999999985, 0.8]]",6.132178770949721,179,10,0.92,0.85,1.98
chaina_a159r,/home/achen918/catalytic_binders/251211_paper_revision_1/computational_SSM/af3_complex/output/chaina_a159r/seed-1_sample-0/model.pdb,93.82536585365835,93.62329608938548,96.066,80.43,"[[2.7089510314909018, 5.056256983240224, 2.910614525139665], [10.199385474860335, 4.058, 6.530000000000001], [14.310055865921788, 9.73, 0.8]]",7.62782122905028,179,10,0.9,0.8,2.59
chaina_a159r,/home/achen918/catalytic_binders/251211_paper_revision_1/computational_SSM/af3_complex/output/chaina_a159r/seed-1_sample-2/model.pdb,94.58115532734271,94.33223463687152,96.62399999999998,81.51,"[[2.524234574451484, 4.466871508379888, 2.7486033519553073], [9.708100558659218, 3.9640000000000004, 6.260000000000001], [14.381564245810058, 9.42, 0.8]]",7.0874860335195535,179,10,0.91,0.83,2.29
chaina_a159r,/home/achen918/catalytic_binders/251211_paper_revision_1/computational_SSM/af3_complex/output/chaina_a159r/seed-1_sample-1/model.pdb,94.56308087291391,93.97882681564245,96.40400000000001,87.29,"[[2.639493149402328, 4.0470391061452515, 2.6022346368715086], [8.503575418994414, 3.7760000000000002, 5.529999999999999], [11.441899441340784, 8.080000000000002, 0.8]]",6.275307262569832,179,10,0.91,0.85,2.03
chaina_a159s,/home/achen918/catalytic_binders/251211_paper_revision_1/computational_SSM/af3_complex/output/chaina_a159s/seed-1_sample-0/model.pdb,94.94636188023158,94.17424581005587,97.401,86.28,"[[2.4936643675291035, 2.7787709497206703, 2.4625698324022345], [5.4205586592178765, 2.8049999999999993, 3.6799999999999997], [11.293854748603351, 7.51, 0.8]]",4.099664804469273,179,10,0.92,0.92,1.01
chaina_a159s,/home/achen918/catalytic_binders/251211_paper_revision_1/computational_SSM/af3_complex/output/chaina_a159s/seed-1_sample-4/model.pdb,95.55617514488078,94.10564245810056,97.66199999999999,88.62,"[[2.408226959208514, 2.5818994413407825, 2.335195530726257], [4.964692737430167, 2.654, 3.2700000000000005], [9.143575418994415, 6.37, 0.8]]",3.773296089385475,179,10,0.93,0.93,0.93
chaina_a159s,/home/achen918/catalytic_binders/251211_paper_revision_1/computational_SSM/af3_complex/output/chaina_a159s/seed-1_sample-3/model.pdb,95.33098518995496,94.02111731843574,97.547,84.95,"[[2.505723916232327, 2.8398882681564244, 2.63854748603352], [5.42, 2.795, 3.78], [13.456424581005585, 8.599999999999998, 0.8]]",4.129944134078212,179,10,0.92,0.92,0.99
chaina_a159s,/home/achen918/catalytic_binders/251211_paper_revision_1/computational_SSM/af3_complex/output/chaina_a159s/seed-1_sample-1/model.pdb,95.48746941403745,94.46027932960894,97.60499999999999,88.47,"[[2.3808276895227984, 2.4751396648044692, 2.287709497206704], [4.705530726256984, 2.5839999999999996, 3.2599999999999993], [9.06927374301676, 6.289999999999999, 0.8]]",3.5903351955307263,179,10,0.93,0.93,0.91
chaina_a159s,/home/achen918/catalytic_binders/251211_paper_revision_1/computational_SSM/af3_complex/output/chaina_a159s/seed-1_sample-2/model.pdb,95.23584674822936,94.22569832402236,97.50000000000003,85.78,"[[2.5135045722667835, 2.8130726256983243, 2.5491620111731845], [5.615642458100559, 2.8570000000000007, 3.7600000000000002], [12.380446927374301, 8.059999999999999, 0.8]]",4.2143575418994415,179,10,0.92,0.92,0.99
chaina_a159t,/home/achen918/catalytic_binders/251211_paper_revision_1/computational_SSM/af3_complex/output/chaina_a159t/seed-1_sample-2/model.pdb,94.2923037323039,94.22195530726259,96.52900000000001,86.52,"[[2.6661028057800946, 4.087709497206704, 2.6642458100558657], [8.821731843575419, 3.7740000000000005, 5.5200000000000005], [11.512290502793295, 7.85, 0.8]]",6.454720670391062,179,10,0.91,0.84,2.03
chaina_a159t,/home/achen918/catalytic_binders/251211_paper_revision_1/computational_SSM/af3_complex/output/chaina_a159t/seed-1_sample-1/model.pdb,94.32906692406686,94.3641899441341,96.56400000000001,86.53,"[[2.64998907649574, 3.7227932960893853, 2.5905027932960896], [7.895418994413407, 3.59, 5.02], [11.340782122905027, 7.7, 0.8]]",5.809106145251397,179,10,0.91,0.86,1.85
chaina_a159t,/home/achen918/catalytic_binders/251211_paper_revision_1/computational_SSM/af3_complex/output/chaina_a159t/seed-1_sample-3/model.pdb,94.31181467181476,94.04648044692738,96.93800000000002,86.28,"[[2.7326519147342467, 3.8892737430167594, 2.706703910614525], [8.293575418994413, 3.763000000000001, 5.1899999999999995], [11.855307262569834, 7.769999999999999, 0.8]]",6.091424581005587,179,10,0.91,0.85,1.95
chaina_a159t,/home/achen918/catalytic_binders/251211_paper_revision_1/computational_SSM/af3_complex/output/chaina_a159t/seed-1_sample-4/model.pdb,94.58494851994847,94.09765363128491,96.78,87.15,"[[2.6655691145719547, 4.043128491620112, 2.660335195530726], [8.621731843575418, 3.714, 5.37], [11.501675977653631, 7.8100000000000005, 0.8]]",6.3324301675977654,179,10,0.91,0.84,1.95
chaina_a159t,/home/achen918/catalytic_binders/251211_paper_revision_1/computational_SSM/af3_complex/output/chaina_a159t/seed-1_sample-0/model.pdb,93.16314028314035,93.69966480446926,95.88300000000001,78.48,"[[2.917624293873475, 5.0251396648044695, 3.2592178770949727], [10.226703910614527, 4.029, 6.63], [14.993854748603352, 9.81, 0.8]]",7.625921787709498,179,10,0.89,0.79,2.5
chaina_a159v,/home/achen918/catalytic_binders/251211_paper_revision_1/computational_SSM/af3_complex/output/chaina_a159v/seed-1_sample-0/model.pdb,94.1528314028316,94.08625698324022,96.65400000000001,87.54,"[[2.7250959707874287, 4.199553072625698, 2.5871508379888266], [8.682458100558659, 3.7000000000000006, 5.6499999999999995], [10.75754189944134, 7.68, 0.8]]",6.441005586592178,179,10,0.91,0.83,2.06
chaina_a159v,/home/achen918/catalytic_binders/251211_paper_revision_1/computational_SSM/af3_complex/output/chaina_a159v/seed-1_sample-3/model.pdb,94.8647104247107,94.3510055865922,97.288,88.66,"[[2.5664211479042476, 3.3551396648044696, 2.4206703910614524], [7.617374301675978, 3.592, 4.89], [10.24804469273743, 6.92, 0.8]]",5.486256983240224,179,10,0.91,0.87,1.69
chaina_a159v,/home/achen918/catalytic_binders/251211_paper_revision_1/computational_SSM/af3_complex/output/chaina_a159v/seed-1_sample-4/model.pdb,94.83350707850687,94.25273743016758,97.126,88.59,"[[2.5985424924315716, 3.7330167597765365, 2.4893854748603355], [8.088659217877096, 3.639000000000001, 5.17], [10.405027932960893, 7.3, 0.8]]",5.910837988826816,179,10,0.91,0.86,1.85
chaina_a159v,/home/achen918/catalytic_binders/251211_paper_revision_1/computational_SSM/af3_complex/output/chaina_a159v/seed-1_sample-1/model.pdb,94.636628056628,94.54173184357542,96.77000000000001,88.69,"[[2.5819137979463815, 3.559776536312849, 2.430167597765363], [7.740111731843575, 3.56, 4.9799999999999995], [10.054189944134077, 7.19, 0.8]]",5.649944134078212,179,10,0.91,0.86,1.82
chaina_a159v,/home/achen918/catalytic_binders/251211_paper_revision_1/computational_SSM/af3_complex/output/chaina_a159v/seed-1_sample-2/model.pdb,94.72995495495516,94.45122905027934,97.039,88.38,"[[2.577091851065822, 3.762849162011173, 2.4664804469273744], [8.42268156424581, 3.704, 5.390000000000001], [10.678212290502794, 7.44, 0.8]]",6.092765363128492,179,10,0.91,0.85,1.95
chaina_a159w,/home/achen918/catalytic_binders/251211_paper_revision_1/computational_SSM/af3_complex/output/chaina_a159w/seed-1_sample-3/model.pdb,93.99465727098006,93.67715083798882,96.413,85.6,"[[2.785546643363191, 4.8736312849162005, 2.6832402234636867], [9.968938547486033, 4.081, 6.540000000000001], [11.998882681564247, 8.33, 0.8]]",7.421284916201117,179,10,0.9,0.8,2.3
chaina_a159w,/home/achen918/catalytic_binders/251211_paper_revision_1/computational_SSM/af3_complex/output/chaina_a159w/seed-1_sample-4/model.pdb,94.04486226777718,93.65586592178772,96.225,86.7,"[[2.71481851377922, 5.001620111731844, 2.629050279329609], [10.24391061452514, 4.127000000000001, 6.8], [10.693296089385475, 7.959999999999999, 0.8]]",7.622765363128492,179,10,0.9,0.79,2.3
chaina_a159w,/home/achen918/catalytic_binders/251211_paper_revision_1/computational_SSM/af3_complex/output/chaina_a159w/seed-1_sample-0/model.pdb,93.29459961563097,93.74692737430166,95.53699999999999,78.8,"[[2.7395836584376267, 5.545810055865922, 2.933519553072626], [11.103575418994412, 4.2139999999999995, 7.640000000000001], [14.681564245810057, 9.91, 0.8]]",8.324692737430167,179,10,0.9,0.76,2.8
chaina_a159w,/home/achen918/catalytic_binders/251211_paper_revision_1/computational_SSM/af3_complex/output/chaina_a159w/seed-1_sample-2/model.pdb,93.19602818705971,93.67983240223462,95.23300000000002,78.18,"[[2.8775131862301424, 6.121284916201118, 3.1379888268156413], [12.128044692737431, 4.457000000000001, 8.190000000000001], [15.230167597765362, 10.43, 0.8]]",9.124664804469274,179,10,0.89,0.73,3.0
chaina_a159w,/home/achen918/catalytic_binders/251211_paper_revision_1/computational_SSM/af3_complex/output/chaina_a159w/seed-1_sample-1/model.pdb,93.37145419602825,93.96307262569832,94.465,85.27,"[[2.6220467525982336, 6.593743016759776, 2.6396648044692737], [12.37558659217877, 4.117000000000001, 6.209999999999999], [10.80167597765363, 7.5, 0.8]]",9.484664804469272,179,10,0.9,0.72,2.59
chaina_a159y,/home/achen918/catalytic_binders/251211_paper_revision_1/computational_SSM/af3_complex/output/chaina_a159y/seed-1_sample-0/model.pdb,93.10548428479787,94.01759776536313,95.507,84.27,"[[2.9718829000343305, 5.141899441340782, 2.735195530726257], [10.127597765363129, 3.8620000000000005, 7.06], [11.545810055865921, 8.19, 0.8]]",7.634748603351955,179,10,0.89,0.78,2.67
chaina_a159y,/home/achen918/catalytic_binders/251211_paper_revision_1/computational_SSM/af3_complex/output/chaina_a159y/seed-1_sample-4/model.pdb,93.15204618345105,93.51888268156424,95.547,83.98,"[[2.9847539090540245, 5.4668156424581, 2.8391061452513964], [10.680111731843574, 4.041, 7.25], [11.965921787709497, 8.46, 0.8]]",8.073463687150838,179,10,0.89,0.76,2.72
chaina_a159y,/home/achen918/catalytic_binders/251211_paper_revision_1/computational_SSM/af3_complex/output/chaina_a159y/seed-1_sample-3/model.pdb,92.08198845413729,93.15357541899441,95.22999999999999,82.64,"[[3.4384913080116104, 5.832402234636872, 3.1184357541899437], [10.983296089385474, 4.145, 7.35], [12.51731843575419, 8.709999999999999, 0.8]]",8.407849162011173,179,10,0.86,0.74,2.98
chaina_a159y,/home/achen918/catalytic_binders/251211_paper_revision_1/computational_SSM/af3_complex/output/chaina_a159y/seed-1_sample-1/model.pdb,92.3720333547146,93.51178770949721,93.85100000000001,82.88,"[[3.0623981773352886, 7.0099441340782125, 2.930167597765363], [12.698826815642459, 4.163, 6.67], [11.987709497206705, 8.07, 0.8]]",9.854385474860337,179,10,0.88,0.7,2.88
chaina_a159y,/home/achen918/catalytic_binders/251211_paper_revision_1/computational_SSM/af3_complex/output/chaina_a159y/seed-1_sample-2/model.pdb,92.57836433611294,93.56553072625698,95.04799999999999,82.68,"[[3.161646016041946, 5.405698324022347, 2.9256983240223464], [10.647709497206705, 4.035, 7.42], [11.95530726256983, 8.510000000000002, 0.8]]",8.026703910614525,179,10,0.88,0.76,2.83
chaina_a163d,/home/achen918/catalytic_binders/251211_paper_revision_1/computational_SSM/af3_complex/output/chaina_a163d/seed-1_sample-4/model.pdb,94.93935691318323,93.63463687150838,97.52,86.35,"[[2.4901251521488095, 2.3470949720670387, 2.3664804469273744], [4.111284916201117, 2.4090000000000003, 2.97], [8.42122905027933, 5.57, 0.8]]",3.229189944134078,179,10,0.92,0.94,0.83
chaina_a163d,/home/achen918/catalytic_binders/251211_paper_revision_1/computational_SSM/af3_complex/output/chaina_a163d/seed-1_sample-3/model.pdb,92.16403858520913,94.05703910614524,96.41499999999999,84.56,"[[3.0317780343934335, 2.6455307262569834, 2.585474860335196], [3.8563128491620113, 2.229, 2.7199999999999998], [7.316201117318438, 5.08, 0.8]]",3.2509217877094976,179,10,0.92,0.95,0.81
chaina_a163d,/home/achen918/catalytic_binders/251211_paper_revision_1/computational_SSM/af3_complex/output/chaina_a163d/seed-1_sample-0/model.pdb,94.19716398713817,93.64921787709497,97.427,86.02,"[[2.6795824100371393, 2.497541899441341, 2.503910614525139], [4.263631284916201, 2.4100000000000006, 3.1499999999999995], [9.03072625698324, 6.33, 0.8]]",3.380586592178771,179,10,0.92,0.94,0.85
chaina_a163d,/home/achen918/catalytic_binders/251211_paper_revision_1/computational_SSM/af3_complex/output/chaina_a163d/seed-1_sample-2/model.pdb,94.69541479099682,94.33262569832401,97.537,85.87,"[[2.4819418869573355, 2.312793296089385, 2.3374301675977653], [3.9469832402234637, 2.3150000000000004, 2.88], [8.322905027932961, 5.54, 0.8]]",3.1298882681564244,179,10,0.92,0.94,0.83
chaina_a163d,/home/achen918/catalytic_binders/251211_paper_revision_1/computational_SSM/af3_complex/output/chaina_a163d/seed-1_sample-1/model.pdb,94.35422508038587,93.96837988826816,97.347,86.14,"[[2.6421210324272026, 2.4348603351955305, 2.44804469273743], [4.214078212290503, 2.4170000000000003, 2.96], [8.122346368715084, 5.37, 0.8]]",3.324469273743017,179,10,0.92,0.94,0.83
chaina_a163e,/home/achen918/catalytic_binders/251211_paper_revision_1/computational_SSM/af3_complex/output/chaina_a163e/seed-1_sample-4/model.pdb,95.85918380462735,94.3631843575419,98.029,87.97,"[[2.3676570643862553, 2.2102793296089387, 2.2865921787709493], [3.736983240223464, 2.2460000000000004, 2.7199999999999998], [9.009497206703909, 6.010000000000001, 0.8]]",2.9736312849162014,179,10,0.93,0.94,0.83
chaina_a163e,/home/achen918/catalytic_binders/251211_paper_revision_1/computational_SSM/af3_complex/output/chaina_a163e/seed-1_sample-3/model.pdb,95.65579048843175,94.34910614525141,97.931,87.62,"[[2.4335195530726255, 2.288882681564246, 2.36927374301676], [4.068156424581006, 2.388, 2.8899999999999997], [9.692178770949722, 6.34, 0.8]]",3.178519553072626,179,10,0.93,0.94,0.83
chaina_a163e,/home/achen918/catalytic_binders/251211_paper_revision_1/computational_SSM/af3_complex/output/chaina_a163e/seed-1_sample-0/model.pdb,95.65392673521853,94.85078212290503,97.94900000000001,87.31,"[[2.347423613495209, 2.2081564245810057, 2.3251396648044693], [3.929050279329609, 2.3280000000000003, 2.9], [10.416201117318435, 6.909999999999999, 0.8]]",3.068603351955307,179,10,0.93,0.94,0.84
chaina_a163e,/home/achen918/catalytic_binders/251211_paper_revision_1/computational_SSM/af3_complex/output/chaina_a163e/seed-1_sample-2/model.pdb,95.80646529562978,94.85022346368716,97.945,88.85,"[[2.3568646421772104, 2.203072625698324, 2.2312849162011172], [3.907988826815642, 2.2940000000000005, 2.72], [8.819553072625698, 5.84, 0.8]]",3.055530726256983,179,10,0.93,0.94,0.83
chaina_a163e,/home/achen918/catalytic_binders/251211_paper_revision_1/computational_SSM/af3_complex/output/chaina_a163e/seed-1_sample-1/model.pdb,95.69908097686383,94.67162011173185,97.833,87.71,"[[2.4027433600699104, 2.230949720670391, 2.3156424581005584], [3.7798324022346366, 2.2640000000000002, 2.75], [9.62122905027933, 6.4, 0.8]]",3.0053910614525137,179,10,0.93,0.94,0.82
chaina_a163f,/home/achen918/catalytic_binders/251211_paper_revision_1/computational_SSM/af3_complex/output/chaina_a163f/seed-1_sample-0/model.pdb,94.03030808729127,93.94480446927373,97.281,86.8,"[[2.7499328984738307, 2.7668156424581007, 2.5430167597765365], [5.041620111731843, 2.679, 3.4200000000000004], [9.283798882681564, 6.359999999999999, 0.8]]",3.904217877094972,179,10,0.91,0.92,0.97
chaina_a163f,/home/achen918/catalytic_binders/251211_paper_revision_1/computational_SSM/af3_complex/output/chaina_a163f/seed-1_sample-4/model.pdb,94.76853658536584,94.11882681564248,97.53899999999999,87.52,"[[2.5360132330451606, 2.481564245810056, 2.393296089385475], [4.5365363128491625, 2.494, 3.04], [8.987150837988827, 5.89, 0.8]]",3.5090502793296094,179,10,0.92,0.93,0.88
chaina_a163f,/home/achen918/catalytic_binders/251211_paper_revision_1/computational_SSM/af3_complex/output/chaina_a163f/seed-1_sample-3/model.pdb,94.23329910141219,93.62206703910614,97.42800000000001,85.98,"[[2.7503885646515407, 2.7421787709497205, 2.6145251396648046], [4.897374301675978, 2.7039999999999997, 3.3], [10.716201117318437, 6.9300000000000015, 0.8]]",3.8197765363128493,179,10,0.91,0.92,0.92
chaina_a163f,/home/achen918/catalytic_binders/251211_paper_revision_1/computational_SSM/af3_complex/output/chaina_a163f/seed-1_sample-1/model.pdb,93.96548138639275,93.8854748603352,97.149,86.24,"[[2.804949907930464, 2.7958659217877098, 2.6284916201117317], [4.988659217877095, 2.6879999999999997, 3.3299999999999996], [10.064804469273742, 6.55, 0.8]]",3.8922625698324023,179,10,0.91,0.92,0.93
chaina_a163f,/home/achen918/catalytic_binders/251211_paper_revision_1/computational_SSM/af3_complex/output/chaina_a163f/seed-1_sample-2/model.pdb,94.33474326059043,94.05798882681565,97.386,86.82,"[[2.662850722511782, 2.6143016759776536, 2.5050279329608935], [4.789608938547486, 2.5850000000000004, 3.22], [9.306145251396648, 6.359999999999999, 0.8]]",3.70195530726257,179,10,0.91,0.93,0.92
chaina_a163g,/home/achen918/catalytic_binders/251211_paper_revision_1/computational_SSM/af3_complex/output/chaina_a163g/seed-1_sample-2/model.pdb,95.9025531914894,95.0405586592179,97.76399999999998,86.08,"[[2.1046253238038766, 2.012290502793296, 2.149720670391061], [3.78854748603352, 2.2670000000000003, 2.73], [10.393296089385476, 6.92, 0.8]]",2.900418994413408,179,10,0.94,0.95,0.8
chaina_a163g,/home/achen918/catalytic_binders/251211_paper_revision_1/computational_SSM/af3_complex/output/chaina_a163g/seed-1_sample-1/model.pdb,95.12637653127038,94.00162011173185,97.318,86.7,"[[2.417521300833307, 2.254916201117318, 2.333519553072626], [4.108994413407822, 2.458, 2.9799999999999995], [9.499441340782123, 6.3100000000000005, 0.8]]",3.18195530726257,179,10,0.93,0.94,0.81
chaina_a163g,/home/achen918/catalytic_binders/251211_paper_revision_1/computational_SSM/af3_complex/output/chaina_a163g/seed-1_sample-4/model.pdb,95.82188265635074,94.17843575418993,97.684,88.52,"[[2.1947816859648577, 2.063798882681564, 2.1452513966480447], [3.7546368715083793, 2.2700000000000005, 2.71], [8.081564245810057, 5.6899999999999995, 0.8]]",2.9092178770949717,179,10,0.94,0.95,0.8
chaina_a163g,/home/achen918/catalytic_binders/251211_paper_revision_1/computational_SSM/af3_complex/output/chaina_a163g/seed-1_sample-3/model.pdb,95.61563507414579,94.46340782122904,97.804,88.16,"[[2.2063637214818512, 2.08463687150838, 2.1553072625698326], [3.81195530726257, 2.278, 2.71], [8.299441340782122, 5.6899999999999995, 0.8]]",2.948296089385475,179,10,0.94,0.95,0.81
chaina_a163g,/home/achen918/catalytic_binders/251211_paper_revision_1/computational_SSM/af3_complex/output/chaina_a163g/seed-1_sample-0/model.pdb,94.94196002578973,93.76234636871509,97.42299999999999,86.53,"[[2.484142192815455, 2.318882681564246, 2.4189944134078214], [4.01536312849162, 2.3590000000000004, 2.9299999999999997], [10.231284916201117, 6.919999999999999, 0.8]]",3.1671229050279326,179,10,0.93,0.94,0.82
chaina_a163h,/home/achen918/catalytic_binders/251211_paper_revision_1/computational_SSM/af3_complex/output/chaina_a163h/seed-1_sample-0/model.pdb,95.04458574181129,94.44871508379889,97.789,87.55,"[[2.516422708404856, 2.431675977653631, 2.38659217877095], [4.429385474860334, 2.493, 3.2700000000000005], [9.487150837988827, 6.58, 0.8]]",3.4305307262569826,179,10,0.92,0.93,0.88
chaina_a163h,/home/achen918/catalytic_binders/251211_paper_revision_1/computational_SSM/af3_complex/output/chaina_a163h/seed-1_sample-3/model.pdb,95.2016763005781,93.99810055865922,97.821,86.75,"[[2.554957710433507, 2.4544692737430167, 2.440223463687151], [4.391340782122905, 2.511, 3.0900000000000003], [9.791061452513967, 6.5, 0.8]]",3.422905027932961,179,10,0.92,0.93,0.87
chaina_a163h,/home/achen918/catalytic_binders/251211_paper_revision_1/computational_SSM/af3_complex/output/chaina_a163h/seed-1_sample-4/model.pdb,95.35115606936408,94.08614525139664,97.866,87.0,"[[2.485443650323024, 2.372290502793296, 2.3843575418994414], [4.26513966480447, 2.43, 3.02], [9.501117318435755, 6.28, 0.8]]",3.3187150837988826,179,10,0.92,0.94,0.86
chaina_a163h,/home/achen918/catalytic_binders/251211_paper_revision_1/computational_SSM/af3_complex/output/chaina_a163h/seed-1_sample-1/model.pdb,95.21615285806044,94.37659217877095,97.733,86.24,"[[2.5022876938922005, 2.394301675977654, 2.423463687150838], [4.376201117318436, 2.4990000000000006, 3.0700000000000003], [10.221229050279328, 6.709999999999999, 0.8]]",3.385251396648045,179,10,0.92,0.94,0.85
chaina_a163h,/home/achen918/catalytic_binders/251211_paper_revision_1/computational_SSM/af3_complex/output/chaina_a163h/seed-1_sample-2/model.pdb,95.2609505459215,94.35821229050279,97.82700000000001,87.13,"[[2.520710964077276, 2.42195530726257, 2.411173184357542], [4.411340782122904, 2.518, 3.16], [9.675977653631286, 6.62, 0.8]]",3.416648044692737,179,10,0.92,0.93,0.88
chaina_a163i,/home/achen918/catalytic_binders/251211_paper_revision_1/computational_SSM/af3_complex/output/chaina_a163i/seed-1_sample-2/model.pdb,95.76751768488751,94.76256983240224,98.008,87.88,"[[2.3284323210886053, 2.205139664804469, 2.3134078212290503], [4.165586592178771, 2.406, 2.9299999999999997], [11.012849162011173, 7.18, 0.8]]",3.18536312849162,179,10,0.93,0.94,0.82
chaina_a163i,/home/achen918/catalytic_binders/251211_paper_revision_1/computational_SSM/af3_complex/output/chaina_a163i/seed-1_sample-1/model.pdb,95.99772990353704,95.10005586592176,98.13300000000001,87.44,"[[2.2199837707936707, 2.0675977653631286, 2.2078212290502788], [3.680502793296089, 2.1960000000000006, 2.74], [11.150279329608937, 7.170000000000002, 0.8]]",2.8740502793296088,179,10,0.93,0.95,0.81
chaina_a163i,/home/achen918/catalytic_binders/251211_paper_revision_1/computational_SSM/af3_complex/output/chaina_a163i/seed-1_sample-4/model.pdb,95.75336334405144,94.16039106145251,97.95800000000001,88.41,"[[2.3316438313410943, 2.1885474860335195, 2.2441340782122903], [3.8839106145251394, 2.288, 2.7399999999999998], [8.983798882681564, 6.04, 0.8]]",3.0362290502793297,179,10,0.93,0.95,0.82
chaina_a163i,/home/achen918/catalytic_binders/251211_paper_revision_1/computational_SSM/af3_complex/output/chaina_a163i/seed-1_sample-3/model.pdb,95.97259163987171,95.06765363128493,98.125,88.22,"[[2.2276676757903933, 2.1058659217877094, 2.2033519553072622], [3.9260893854748606, 2.295, 2.8099999999999996], [10.239106145251395, 6.639999999999999, 0.8]]",3.015977653631285,179,10,0.93,0.95,0.82
chaina_a163i,/home/achen918/catalytic_binders/251211_paper_revision_1/computational_SSM/af3_complex/output/chaina_a163i/seed-1_sample-0/model.pdb,95.78790996784561,94.70899441340782,97.968,88.19,"[[2.3130613900939423, 2.1986033519553074, 2.241899441340782], [4.034804469273743, 2.3770000000000002, 2.96], [9.766480446927373, 6.62, 0.8]]",3.1167039106145253,179,10,0.93,0.94,0.83
chaina_a163k,/home/achen918/catalytic_binders/251211_paper_revision_1/computational_SSM/af3_complex/output/chaina_a163k/seed-1_sample-0/model.pdb,94.63735861182525,93.59832402234636,97.333,87.39,"[[2.522802034892794, 2.3625139664804466, 2.3888268156424575], [3.9713966480446925, 2.3360000000000003, 2.84], [9.653072625698323, 6.67, 0.8]]",3.16695530726257,179,10,0.92,0.94,0.82
chaina_a163k,/home/achen918/catalytic_binders/251211_paper_revision_1/computational_SSM/af3_complex/output/chaina_a163k/seed-1_sample-3/model.pdb,95.44965938303342,94.24653631284917,97.84700000000001,88.26,"[[2.2435910240004993, 2.098491620111732, 2.147486033519553], [3.528938547486033, 2.1439999999999997, 2.56], [7.723463687150836, 5.24, 0.8]]",2.8137150837988827,179,10,0.93,0.95,0.8
chaina_a163k,/home/achen918/catalytic_binders/251211_paper_revision_1/computational_SSM/af3_complex/output/chaina_a163k/seed-1_sample-4/model.pdb,95.60636889460157,93.9513966480447,97.87899999999999,88.37,"[[2.2233544521082362, 2.0825698324022346, 2.154189944134078], [3.5017318435754192, 2.1010000000000004, 2.52], [7.326815642458101, 5.11, 0.8]]",2.792150837988827,179,10,0.93,0.95,0.8
chaina_a163k,/home/achen918/catalytic_binders/251211_paper_revision_1/computational_SSM/af3_complex/output/chaina_a163k/seed-1_sample-1/model.pdb,94.95100257069417,93.98703910614525,97.49900000000001,87.64,"[[2.439733466496052, 2.2465921787709497, 2.3145251396648043], [3.7112849162011177, 2.1860000000000004, 2.6399999999999997], [8.400558659217877, 5.710000000000001, 0.8]]",2.9789385474860337,179,10,0.93,0.94,0.81
chaina_a163k,/home/achen918/catalytic_binders/251211_paper_revision_1/computational_SSM/af3_complex/output/chaina_a163k/seed-1_sample-2/model.pdb,95.63073264781495,94.54173184357542,97.94300000000001,87.2,"[[2.1983708373646267, 2.065195530726257, 2.1983240223463687], [3.5877653631284914, 2.161, 2.6600000000000006], [10.813407821229049, 7.159999999999999, 0.8]]",2.8264804469273743,179,10,0.93,0.95,0.81
chaina_a163l,/home/achen918/catalytic_binders/251211_paper_revision_1/computational_SSM/af3_complex/output/chaina_a163l/seed-1_sample-1/model.pdb,95.8611125401929,94.57385474860335,97.90799999999999,88.21,"[[2.2971910989045283, 2.157877094972067, 2.223463687150838], [3.8610055865921793, 2.312, 2.87], [10.187150837988828, 6.659999999999999, 0.8]]",3.009441340782123,179,10,0.93,0.94,0.82
chaina_a163l,/home/achen918/catalytic_binders/251211_paper_revision_1/computational_SSM/af3_complex/output/chaina_a163l/seed-1_sample-2/model.pdb,95.91044372990366,94.85206703910617,98.003,88.3,"[[2.2601916294747353, 2.1545251396648046, 2.216201117318436], [4.098324022346369, 2.401, 2.89], [10.435754189944133, 6.9300000000000015, 0.8]]",3.126424581005587,179,10,0.93,0.94,0.82
chaina_a163l,/home/achen918/catalytic_binders/251211_paper_revision_1/computational_SSM/af3_complex/output/chaina_a163l/seed-1_sample-0/model.pdb,95.83843086816725,94.72882681564248,97.925,88.7,"[[2.23330420398864, 2.126759776536313, 2.149720670391061], [3.902290502793296, 2.336, 2.82], [9.355865921787709, 6.36, 0.8]]",3.0145251396648045,179,10,0.93,0.95,0.83
chaina_a163l,/home/achen918/catalytic_binders/251211_paper_revision_1/computational_SSM/af3_complex/output/chaina_a163l/seed-1_sample-3/model.pdb,96.031427652733,94.76905027932959,98.133,87.69,"[[2.217221684716457, 2.092905027932961, 2.187709497206704], [3.802569832402235, 2.2430000000000003, 2.79], [11.42122905027933, 7.1, 0.8]]",2.9477374301675976,179,10,0.93,0.95,0.82
chaina_a163l,/home/achen918/catalytic_binders/251211_paper_revision_1/computational_SSM/af3_complex/output/chaina_a163l/seed-1_sample-4/model.pdb,95.95790353697748,94.26441340782122,98.067,88.88,"[[2.2651852314222403, 2.126983240223464, 2.1776536312849157], [3.7470391061452513, 2.244, 2.6700000000000004], [8.882122905027934, 5.93, 0.8]]",2.9370111731843576,179,10,0.93,0.95,0.82
chaina_a163m,/home/achen918/catalytic_binders/251211_paper_revision_1/computational_SSM/af3_complex/output/chaina_a163m/seed-1_sample-1/model.pdb,95.86222508038577,94.69240223463689,97.87100000000001,88.19,"[[2.3112137573733658, 2.2175418994413407, 2.2346368715083798], [4.257486033519553, 2.4850000000000008, 2.93], [9.368715083798882, 6.24, 0.8]]",3.2375139664804466,179,10,0.93,0.94,0.83
chaina_a163m,/home/achen918/catalytic_binders/251211_paper_revision_1/computational_SSM/af3_complex/output/chaina_a163m/seed-1_sample-2/model.pdb,95.86544694533764,94.68178770949721,97.878,88.64,"[[2.3220748416091883, 2.2320670391061452, 2.2525139664804468], [4.256983240223463, 2.479, 3.0200000000000005], [9.384357541899442, 6.45, 0.8]]",3.2445251396648045,179,10,0.93,0.94,0.84
chaina_a163m,/home/achen918/catalytic_binders/251211_paper_revision_1/computational_SSM/af3_complex/output/chaina_a163m/seed-1_sample-0/model.pdb,95.6964437299034,94.70726256983241,97.93,86.83,"[[2.302440622951843, 2.249385474860335, 2.3150837988826813], [4.2905586592178775, 2.482, 3.13], [11.236312849162012, 7.26, 0.8]]",3.269972067039106,179,10,0.93,0.94,0.85
chaina_a163m,/home/achen918/catalytic_binders/251211_paper_revision_1/computational_SSM/af3_complex/output/chaina_a163m/seed-1_sample-4/model.pdb,95.9191897106109,94.27508379888268,98.06000000000002,88.62,"[[2.3112668143940573, 2.2113966480446927, 2.240782122905028], [4.143519553072625, 2.417, 2.88], [8.806703910614525, 5.9799999999999995, 0.8]]",3.177458100558659,179,10,0.93,0.94,0.84
chaina_a163m,/home/achen918/catalytic_binders/251211_paper_revision_1/computational_SSM/af3_complex/output/chaina_a163m/seed-1_sample-3/model.pdb,95.86722186495179,94.4101117318436,97.966,88.38,"[[2.3089479104896853, 2.2156983240223465, 2.2223463687150837], [4.140223463687151, 2.448, 2.88], [8.993296089385474, 6.03, 0.8]]",3.1779608938547486,179,10,0.93,0.94,0.83
chaina_a163n,/home/achen918/catalytic_binders/251211_paper_revision_1/computational_SSM/af3_complex/output/chaina_a163n/seed-1_sample-2/model.pdb,95.21113826366567,94.48564245810056,97.60900000000001,87.59,"[[2.5576948285009835, 2.4906145251396654, 2.4474860335195534], [4.679553072625698, 2.5860000000000003, 3.1900000000000004], [9.504469273743018, 6.4799999999999995, 0.8]]",3.585083798882682,179,10,0.92,0.93,0.87
chaina_a163n,/home/achen918/catalytic_binders/251211_paper_revision_1/computational_SSM/af3_complex/output/chaina_a163n/seed-1_sample-1/model.pdb,95.20446945337623,94.69374301675978,97.71600000000001,86.7,"[[2.5091726225773225, 2.397877094972067, 2.3955307262569834], [4.292402234636871, 2.4090000000000003, 2.95], [9.843575418994414, 6.4, 0.8]]",3.345139664804469,179,10,0.92,0.94,0.85
chaina_a163n,/home/achen918/catalytic_binders/251211_paper_revision_1/computational_SSM/af3_complex/output/chaina_a163n/seed-1_sample-4/model.pdb,95.23441800643086,94.38949720670392,97.805,87.58,"[[2.570509659498767, 2.4736312849162005, 2.428491620111732], [4.496536312849162, 2.487, 3.05], [9.190502793296089, 6.05, 0.8]]",3.4850837988826813,179,10,0.92,0.93,0.87
chaina_a163n,/home/achen918/catalytic_binders/251211_paper_revision_1/computational_SSM/af3_complex/output/chaina_a163n/seed-1_sample-3/model.pdb,94.94505466237968,94.07072625698324,97.703,86.96,"[[2.6646078461970597, 2.572346368715084, 2.5072625698324025], [4.57754189944134, 2.566, 3.1599999999999997], [9.91508379888268, 6.58, 0.8]]",3.574944134078212,179,10,0.91,0.93,0.89
chaina_a163n,/home/achen918/catalytic_binders/251211_paper_revision_1/computational_SSM/af3_complex/output/chaina_a163n/seed-1_sample-0/model.pdb,94.74683601286162,94.38307262569832,97.60000000000001,86.37,"[[2.6504478636746667, 2.5913966480446926, 2.5083798882681565], [4.590502793296089, 2.546, 3.3600000000000003], [11.253631284916201, 7.660000000000001, 0.8]]",3.590949720670391,179,10,0.92,0.93,0.9
chaina_a163p,/home/achen918/catalytic_binders/251211_paper_revision_1/computational_SSM/af3_complex/output/chaina_a163p/seed-1_sample-4/model.pdb,96.16177606177631,94.52480446927373,98.09100000000001,89.57,"[[2.2520863893136918, 2.1152513966480444, 2.163687150837989], [3.763575418994413, 2.239, 2.67], [8.527374301675977, 5.78, 0.8]]",2.9394134078212284,179,10,0.93,0.95,0.81
chaina_a163p,/home/achen918/catalytic_binders/251211_paper_revision_1/computational_SSM/af3_complex/output/chaina_a163p/seed-1_sample-3/model.pdb,95.98260617760629,94.43229050279331,98.037,87.56,"[[2.3612465278861454, 2.246145251396648, 2.3363128491620113], [4.011396648044692, 2.36, 2.9699999999999998], [11.580446927374306, 7.459999999999999, 0.8]]",3.12877094972067,179,10,0.93,0.94,0.83
chaina_a163p,/home/achen918/catalytic_binders/251211_paper_revision_1/computational_SSM/af3_complex/output/chaina_a163p/seed-1_sample-0/model.pdb,96.10129343629353,95.048938547486,98.116,88.41,"[[2.2490153241159763, 2.137150837988827, 2.178212290502793], [3.8334636871508376, 2.2810000000000006, 2.8200000000000003], [10.177094972067039, 6.82, 0.8]]",2.9853072625698323,179,10,0.93,0.95,0.83
chaina_a163p,/home/achen918/catalytic_binders/251211_paper_revision_1/computational_SSM/af3_complex/output/chaina_a163p/seed-1_sample-2/model.pdb,96.11086229086251,94.96491620111732,98.101,87.96,"[[2.2809556505727038, 2.1727374301675977, 2.2486033519553073], [3.9983240223463685, 2.334, 2.8399999999999994], [11.181564245810055, 7.31, 0.8]]",3.085530726256983,179,10,0.93,0.94,0.83
chaina_a163p,/home/achen918/catalytic_binders/251211_paper_revision_1/computational_SSM/af3_complex/output/chaina_a163p/seed-1_sample-1/model.pdb,95.87036036036041,94.71502793296091,97.94300000000001,87.15,"[[2.3716613089479104, 2.233296089385475, 2.340223463687151], [3.9620111731843575, 2.318, 2.9199999999999995], [11.823463687150836, 7.57, 0.8]]",3.097653631284916,179,10,0.93,0.94,0.82
chaina_a163q,/home/achen918/catalytic_binders/251211_paper_revision_1/computational_SSM/af3_complex/output/chaina_a163q/seed-1_sample-4/model.pdb,95.91797557840636,94.3740782122905,98.00600000000001,87.99,"[[2.329995942698418, 2.1846927374301677, 2.2435754189944137], [3.9037430167597758, 2.325, 2.8099999999999996], [8.749720670391062, 5.860000000000001, 0.8]]",3.0442178770949715,179,10,0.93,0.94,0.82
chaina_a163q,/home/achen918/catalytic_binders/251211_paper_revision_1/computational_SSM/af3_complex/output/chaina_a163q/seed-1_sample-3/model.pdb,95.80455012853481,94.46128491620114,97.96100000000001,88.58,"[[2.345254517649262, 2.2053072625698324, 2.235754189944134], [3.9982122905027935, 2.3590000000000004, 2.8099999999999996], [8.272067039106146, 5.6, 0.8]]",3.101759776536313,179,10,0.93,0.94,0.82
chaina_a163q,/home/achen918/catalytic_binders/251211_paper_revision_1/computational_SSM/af3_complex/output/chaina_a163q/seed-1_sample-0/model.pdb,95.69510282776345,94.75217877094974,97.916,86.66,"[[2.3543397521925034, 2.2241899441340784, 2.376536312849162], [4.084972067039106, 2.3970000000000002, 3.02], [10.739106145251396, 7.07, 0.8]]",3.1545810055865924,179,10,0.93,0.94,0.83
chaina_a163q,/home/achen918/catalytic_binders/251211_paper_revision_1/computational_SSM/af3_complex/output/chaina_a163q/seed-1_sample-2/model.pdb,95.77652956298196,94.58882681564246,97.89099999999999,88.64,"[[2.3634000187260074, 2.2297765363128494, 2.2508379888268153], [4.104692737430168, 2.412, 2.8500000000000005], [8.92849162011173, 6.07, 0.8]]",3.1672346368715085,179,10,0.93,0.94,0.83
chaina_a163q,/home/achen918/catalytic_binders/251211_paper_revision_1/computational_SSM/af3_complex/output/chaina_a163q/seed-1_sample-1/model.pdb,95.8138881748072,94.60625698324024,97.874,87.34,"[[2.3926656471396024, 2.2373743016759775, 2.3089385474860333], [3.9552513966480447, 2.359, 2.8699999999999997], [9.431843575418995, 6.3100000000000005, 0.8]]",3.096312849162011,179,10,0.93,0.94,0.82
chaina_a163r,/home/achen918/catalytic_binders/251211_paper_revision_1/computational_SSM/af3_complex/output/chaina_a163r/seed-1_sample-4/model.pdb,95.70551989730417,93.85027932960894,97.85900000000001,88.43,"[[2.3995162448113354, 2.279832402234637, 2.2955307262569833], [4.0789944134078215, 2.386, 2.88], [9.385474860335195, 6.3100000000000005, 0.8]]",3.1794134078212295,179,10,0.93,0.94,0.83
chaina_a163r,/home/achen918/catalytic_binders/251211_paper_revision_1/computational_SSM/af3_complex/output/chaina_a163r/seed-1_sample-3/model.pdb,95.84758664955073,94.39938547486032,98.031,86.8,"[[2.3289972223089164, 2.2164804469273744, 2.3167597765363133], [4.082513966480447, 2.396, 2.95], [12.426256983240224, 7.699999999999998, 0.8]]",3.149497206703911,179,10,0.93,0.94,0.83
chaina_a163r,/home/achen918/catalytic_binders/251211_paper_revision_1/computational_SSM/af3_complex/output/chaina_a163r/seed-1_sample-0/model.pdb,95.51752246469832,94.34162011173186,97.71300000000001,87.7,"[[2.388698854592554, 2.3593296089385474, 2.33463687150838], [4.485921787709497, 2.5420000000000003, 3.11], [10.849162011173185, 7.2700000000000005, 0.8]]",3.422625698324022,179,10,0.93,0.94,0.86
chaina_a163r,/home/achen918/catalytic_binders/251211_paper_revision_1/computational_SSM/af3_complex/output/chaina_a163r/seed-1_sample-2/model.pdb,95.60805519897308,94.44681564245809,97.82100000000001,87.33,"[[2.387104022970569, 2.3115083798882683, 2.3737430167597764], [4.379832402234637, 2.5170000000000003, 3.06], [11.839106145251398, 7.67, 0.8]]",3.3456703910614527,179,10,0.93,0.94,0.84
chaina_a163r,/home/achen918/catalytic_binders/251211_paper_revision_1/computational_SSM/af3_complex/output/chaina_a163r/seed-1_sample-1/model.pdb,95.6947047496791,94.48340782122906,97.8,88.64,"[[2.289500951905371, 2.168435754189944, 2.1832402234636867], [3.9945810055865922, 2.328, 2.8200000000000003], [9.210614525139663, 6.14, 0.8]]",3.081508379888268,179,10,0.93,0.94,0.83
chaina_a163s,/home/achen918/catalytic_binders/251211_paper_revision_1/computational_SSM/af3_complex/output/chaina_a163s/seed-1_sample-1/model.pdb,95.79803605924016,94.54888268156425,97.783,88.68,"[[2.2929246902406293, 2.2242458100558657, 2.212849162011173], [4.152625698324022, 2.394, 2.95], [9.484357541899442, 6.3100000000000005, 0.8]]",3.188435754189944,179,10,0.93,0.94,0.83
chaina_a163s,/home/achen918/catalytic_binders/251211_paper_revision_1/computational_SSM/af3_complex/output/chaina_a163s/seed-1_sample-2/model.pdb,95.69848036059248,94.60245810055864,97.771,87.87,"[[2.3601885084735184, 2.36731843575419, 2.3324022346368714], [4.581173184357541, 2.5500000000000003, 3.13], [11.01564245810056, 7.31, 0.8]]",3.4742458100558657,179,10,0.93,0.94,0.85
chaina_a163s,/home/achen918/catalytic_binders/251211_paper_revision_1/computational_SSM/af3_complex/output/chaina_a163s/seed-1_sample-0/model.pdb,95.62356084996799,94.49871508379887,97.77099999999999,88.21,"[[2.3417090602665334, 2.3954189944134074, 2.2787709497206703], [4.48391061452514, 2.503, 3.1900000000000004], [10.21731843575419, 6.92, 0.8]]",3.439664804469274,179,10,0.93,0.94,0.86
chaina_a163s,/home/achen918/catalytic_binders/251211_paper_revision_1/computational_SSM/af3_complex/output/chaina_a163s/seed-1_sample-4/model.pdb,95.76720540888587,93.96849162011173,97.80099999999999,88.52,"[[2.3687775038232264, 2.3256424581005586, 2.2826815642458094], [4.280670391061452, 2.436, 2.96], [9.337988826815643, 6.3100000000000005, 0.8]]",3.3031564245810054,179,10,0.93,0.94,0.84
chaina_a163s,/home/achen918/catalytic_binders/251211_paper_revision_1/computational_SSM/af3_complex/output/chaina_a163s/seed-1_sample-3/model.pdb,95.70676754668372,94.25754189944135,97.92699999999999,87.98,"[[2.3669485971099533, 2.327932960893855, 2.333519553072626], [4.358379888268156, 2.494, 3.0799999999999996], [11.109497206703912, 7.199999999999998, 0.8]]",3.3431564245810055,179,10,0.93,0.94,0.84
chaina_a163t,/home/achen918/catalytic_binders/251211_paper_revision_1/computational_SSM/af3_complex/output/chaina_a163t/seed-1_sample-3/model.pdb,95.59785714285722,94.21251396648046,97.811,88.04,"[[2.413554508286258, 2.4113966480446924, 2.3262569832402233], [4.4889385474860335, 2.559, 3.1300000000000003], [9.473184357541898, 6.37, 0.8]]",3.450167597765363,179,10,0.92,0.93,0.87
chaina_a163t,/home/achen918/catalytic_binders/251211_paper_revision_1/computational_SSM/af3_complex/output/chaina_a163t/seed-1_sample-4/model.pdb,95.70516087516079,94.14251396648046,97.83500000000001,88.4,"[[2.376651789894198, 2.374860335195531, 2.304469273743017], [4.5334078212290505, 2.535, 3.12], [9.169832402234638, 6.200000000000001, 0.8]]",3.4541340782122907,179,10,0.93,0.93,0.87
chaina_a163t,/home/achen918/catalytic_binders/251211_paper_revision_1/computational_SSM/af3_complex/output/chaina_a163t/seed-1_sample-0/model.pdb,95.36689189189191,94.48608938547486,97.663,88.26,"[[2.4148559657938264, 2.4618435754189942, 2.329050279329609], [4.697262569832403, 2.608, 3.4400000000000004], [9.61899441340782, 6.75, 0.8]]",3.5795530726256986,179,10,0.92,0.93,0.91
chaina_a163t,/home/achen918/catalytic_binders/251211_paper_revision_1/computational_SSM/af3_complex/output/chaina_a163t/seed-1_sample-2/model.pdb,95.58826898326893,94.44508379888268,97.66099999999999,88.26,"[[2.4075840329577725, 2.4225698324022344, 2.346368715083799], [4.736312849162011, 2.639, 3.28], [9.525698324022347, 6.640000000000001, 0.8]]",3.5794413407821226,179,10,0.92,0.93,0.87
chaina_a163t,/home/achen918/catalytic_binders/251211_paper_revision_1/computational_SSM/af3_complex/output/chaina_a163t/seed-1_sample-1/model.pdb,95.46772200772197,94.54860335195531,97.61100000000002,87.96,"[[2.4076277269748134, 2.379050279329609, 2.3134078212290503], [4.498715083798883, 2.555, 3.1100000000000003], [9.252513966480446, 6.15, 0.8]]",3.4388826815642464,179,10,0.93,0.93,0.87
chaina_a163v,/home/achen918/catalytic_binders/251211_paper_revision_1/computational_SSM/af3_complex/output/chaina_a163v/seed-1_sample-2/model.pdb,95.47173101673108,94.49882681564246,97.73,88.75,"[[2.443391279922599, 2.474860335195531, 2.346368715083799], [4.710670391061453, 2.593, 3.1900000000000004], [9.664245810055867, 6.619999999999999, 0.8]]",3.5927653631284917,179,10,0.92,0.93,0.89
chaina_a163v,/home/achen918/catalytic_binders/251211_paper_revision_1/computational_SSM/af3_complex/output/chaina_a163v/seed-1_sample-1/model.pdb,95.30935006435011,94.19564245810054,97.538,88.32,"[[2.47602758965076, 2.5015083798882687, 2.377094972067039], [4.648379888268155, 2.5820000000000003, 3.2], [9.960335195530726, 6.65, 0.8]]",3.574944134078212,179,10,0.92,0.93,0.88
chaina_a163v,/home/achen918/catalytic_binders/251211_paper_revision_1/computational_SSM/af3_complex/output/chaina_a163v/seed-1_sample-3/model.pdb,95.64009652509664,94.31368715083799,97.86499999999998,88.62,"[[2.383858181704691, 2.3884916201117314, 2.3], [4.366871508379888, 2.475, 3.03], [9.481564245810056, 6.39, 0.8]]",3.37768156424581,179,10,0.93,0.94,0.86
chaina_a163v,/home/achen918/catalytic_binders/251211_paper_revision_1/computational_SSM/af3_complex/output/chaina_a163v/seed-1_sample-4/model.pdb,95.6846138996139,94.22927374301676,97.881,89.38,"[[2.378421397584345, 2.3766480446927374, 2.2826815642458094], [4.432234636871508, 2.457, 2.9899999999999998], [8.753072625698323, 5.9799999999999995, 0.8]]",3.404441340782123,179,10,0.93,0.94,0.86
chaina_a163v,/home/achen918/catalytic_binders/251211_paper_revision_1/computational_SSM/af3_complex/output/chaina_a163v/seed-1_sample-0/model.pdb,95.23698841698834,94.24944134078213,97.60499999999999,88.81,"[[2.5321431915358446, 2.6007821229050276, 2.4044692737430164], [4.852960893854748, 2.658, 3.37], [10.437988826815642, 7.05, 0.8]]",3.7268715083798876,179,10,0.92,0.93,0.92
chaina_a163w,/home/achen918/catalytic_binders/251211_paper_revision_1/computational_SSM/af3_complex/output/chaina_a163w/seed-1_sample-1/model.pdb,94.73980781550308,94.44692737430168,97.681,88.3,"[[2.504397490715021, 2.4362011173184364, 2.375418994413408], [4.371508379888268, 2.428, 2.9699999999999998], [9.360335195530727, 6.25, 0.8]]",3.403854748603352,179,10,0.92,0.94,0.87
chaina_a163w,/home/achen918/catalytic_binders/251211_paper_revision_1/computational_SSM/af3_complex/output/chaina_a163w/seed-1_sample-2/model.pdb,94.48557975656631,94.11905027932961,97.595,84.9,"[[2.648884242064854, 2.6370949720670387, 2.695530726256983], [4.91391061452514, 2.6460000000000004, 3.3899999999999997], [13.012849162011173, 8.21, 0.8]]",3.775502793296089,179,10,0.92,0.92,0.91
chaina_a163w,/home/achen918/catalytic_binders/251211_paper_revision_1/computational_SSM/af3_complex/output/chaina_a163w/seed-1_sample-0/model.pdb,94.80622677770648,94.53737430167597,97.79599999999999,86.97,"[[2.491551449705065, 2.4329608938547485, 2.424022346368715], [4.3950837988826805, 2.4330000000000003, 3.12], [12.06927374301676, 7.749999999999998, 0.8]]",3.4140223463687143,179,10,0.92,0.93,0.88
chaina_a163w,/home/achen918/catalytic_binders/251211_paper_revision_1/computational_SSM/af3_complex/output/chaina_a163w/seed-1_sample-4/model.pdb,95.12257527226146,94.27966480446926,97.834,88.84,"[[2.451920976249181, 2.3712849162011174, 2.335195530726257], [4.229608938547486, 2.395, 2.92], [9.075418994413408, 5.990000000000001, 0.8]]",3.300446927374302,179,10,0.92,0.94,0.86
chaina_a163w,/home/achen918/catalytic_binders/251211_paper_revision_1/computational_SSM/af3_complex/output/chaina_a163w/seed-1_sample-3/model.pdb,94.98298526585513,94.41715083798881,97.901,85.45,"[[2.4440217221684715, 2.3933519553072626, 2.506703910614525], [4.339162011173184, 2.4120000000000004, 3.08], [12.57653631284916, 7.9399999999999995, 0.8]]",3.3662569832402234,179,10,0.92,0.94,0.86
chaina_a163y,/home/achen918/catalytic_binders/251211_paper_revision_1/computational_SSM/af3_complex/output/chaina_a163y/seed-1_sample-4/model.pdb,94.91276459268744,94.25396648044695,97.727,88.28,"[[2.4839705377485095, 2.452513966480447, 2.3631284916201114], [4.516145251396648, 2.458, 3.0100000000000002], [8.831843575418995, 5.83, 0.8]]",3.4843296089385474,179,10,0.92,0.93,0.89
chaina_a163y,/home/achen918/catalytic_binders/251211_paper_revision_1/computational_SSM/af3_complex/output/chaina_a163y/seed-1_sample-3/model.pdb,94.4472995509943,93.77245810055867,97.505,87.52,"[[2.643416247932336, 2.6293854748603356, 2.493296089385475], [4.668938547486033, 2.576, 3.15], [9.764804469273743, 6.38, 0.8]]",3.6491620111731846,179,10,0.92,0.93,0.9
chaina_a163y,/home/achen918/catalytic_binders/251211_paper_revision_1/computational_SSM/af3_complex/output/chaina_a163y/seed-1_sample-0/model.pdb,94.10683130211676,93.99664804469275,97.26199999999999,87.2,"[[2.7005929902312658, 2.762569832402235, 2.5100558659217875], [5.073798882681563, 2.678, 3.410000000000001], [9.402793296089385, 6.410000000000001, 0.8]]",3.9181843575418993,179,10,0.91,0.92,0.98
chaina_a163y,/home/achen918/catalytic_binders/251211_paper_revision_1/computational_SSM/af3_complex/output/chaina_a163y/seed-1_sample-2/model.pdb,94.66100064143669,94.32737430167597,97.574,87.68,"[[2.5318154864080396, 2.4979329608938547, 2.4022346368715084], [4.635418994413407, 2.525, 3.15], [9.09217877094972, 6.199999999999999, 0.8]]",3.566675977653631,179,10,0.92,0.93,0.91
chaina_a163y,/home/achen918/catalytic_binders/251211_paper_revision_1/computational_SSM/af3_complex/output/chaina_a163y/seed-1_sample-1/model.pdb,94.33400256574733,94.33949720670391,97.422,87.42,"[[2.6384975500140446, 2.603519553072626, 2.4804469273743015], [4.711955307262571, 2.5740000000000003, 3.12], [9.434078212290503, 6.129999999999999, 0.8]]",3.6577374301675984,179,10,0.92,0.93,0.9
chaina_a30d,/home/achen918/catalytic_binders/251211_paper_revision_1/computational_SSM/af3_complex/output/chaina_a30d/seed-1_sample-2/model.pdb,94.95486173633464,94.94530726256983,97.242,86.76,"[[2.0523516744171535, 5.31854748603352, 1.959217877094972], [10.960558659217877, 4.433, 6.44], [11.945810055865923, 8.28, 0.8]]",8.139553072625699,179,10,0.93,0.78,2.73
chaina_a30d,/home/achen918/catalytic_binders/251211_paper_revision_1/computational_SSM/af3_complex/output/chaina_a30d/seed-1_sample-1/model.pdb,94.56909324758848,94.88653631284917,97.226,83.62,"[[1.9802627883024875, 5.082513966480447, 2.1480446927374306], [12.681229050279331, 4.821000000000001, 7.639999999999999], [13.45977653631285, 9.510000000000002, 0.8]]",8.88187150837989,179,10,0.93,0.75,2.8
chaina_a30d,/home/achen918/catalytic_binders/251211_paper_revision_1/computational_SSM/af3_complex/output/chaina_a30d/seed-1_sample-4/model.pdb,92.99911254019304,93.80759776536311,95.713,80.95,"[[2.2993882837614312, 8.779385474860335, 2.4491620111731844], [16.649608938547484, 5.942, 8.97], [14.20167597765363, 10.43, 0.8]]",12.71449720670391,179,10,0.9,0.58,4.82
chaina_a30d,/home/achen918/catalytic_binders/251211_paper_revision_1/computational_SSM/af3_complex/output/chaina_a30d/seed-1_sample-3/model.pdb,93.19989710610919,93.99044692737431,96.36800000000001,81.44,"[[2.2377453887207017, 7.495251396648045, 2.421787709497207], [15.787597765363127, 5.784, 8.239999999999998], [14.581005586592179, 9.65, 0.8]]",11.641424581005586,179,10,0.91,0.62,4.57
chaina_a30d,/home/achen918/catalytic_binders/251211_paper_revision_1/computational_SSM/af3_complex/output/chaina_a30d/seed-1_sample-0/model.pdb,94.43132475884249,94.59877094972067,96.213,84.16,"[[2.0780968134577575, 5.66977653631285, 2.076536312849162], [12.497877094972067, 4.699999999999999, 7.0699999999999985], [13.396089385474859, 8.79, 0.8]]",9.083826815642459,179,10,0.92,0.74,3.24
chaina_a30e,/home/achen918/catalytic_binders/251211_paper_revision_1/computational_SSM/af3_complex/output/chaina_a30e/seed-1_sample-2/model.pdb,94.07891388174814,93.36391061452514,96.13300000000001,82.22,"[[2.5339252832308605, 4.518044692737431, 2.7212290502793297], [8.917430167597765, 3.447, 5.930000000000001], [14.145251396648044, 9.45, 0.8]]",6.717737430167597,179,10,0.92,0.83,2.26
chaina_a30e,/home/achen918/catalytic_binders/251211_paper_revision_1/computational_SSM/af3_complex/output/chaina_a30e/seed-1_sample-1/model.pdb,94.18951799485866,93.52715083798883,95.766,82.34,"[[2.497653007084673, 4.342849162011173, 2.652513966480447], [8.353575418994414, 3.3380000000000005, 5.609999999999999], [14.204469273743014, 9.299999999999999, 0.8]]",6.348212290502794,179,10,0.92,0.84,2.14
chaina_a30e,/home/achen918/catalytic_binders/251211_paper_revision_1/computational_SSM/af3_complex/output/chaina_a30e/seed-1_sample-4/model.pdb,94.2365809768637,93.0245251396648,95.77000000000001,84.75,"[[2.525729534034518, 4.656927374301676, 2.5675977653631286], [8.86709497206704, 3.438, 5.7], [11.865363128491618, 8.620000000000001, 0.8]]",6.762011173184359,179,10,0.92,0.83,2.28
chaina_a30e,/home/achen918/catalytic_binders/251211_paper_revision_1/computational_SSM/af3_complex/output/chaina_a30e/seed-1_sample-3/model.pdb,94.01027634961422,93.18245810055863,96.297,82.4,"[[2.5089635154957715, 4.5448044692737435, 2.672625698324022], [9.045474860335196, 3.528, 6.0200000000000005], [14.110614525139665, 9.24, 0.8]]",6.79513966480447,179,10,0.92,0.83,2.17
chaina_a30e,/home/achen918/catalytic_binders/251211_paper_revision_1/computational_SSM/af3_complex/output/chaina_a30e/seed-1_sample-0/model.pdb,93.32961439588702,92.94374301675978,95.64399999999999,82.29,"[[2.6573109453512687, 5.333296089385475, 2.787150837988827], [9.873016759776535, 3.6619999999999995, 6.37], [14.02625698324022, 9.6, 0.8]]",7.603156424581005,179,10,0.91,0.79,2.66
chaina_a30f,/home/achen918/catalytic_binders/251211_paper_revision_1/computational_SSM/af3_complex/output/chaina_a30f/seed-1_sample-1/model.pdb,93.78354942233642,94.10251396648044,94.74600000000001,83.72,"[[2.3840641677850254, 6.975418994413408, 2.3949720670391064], [13.34882681564246, 4.394, 7.8199999999999985], [12.936871508379888, 9.26, 0.8]]",10.162122905027934,179,10,0.91,0.7,2.98
chaina_a30f,/home/achen918/catalytic_binders/251211_paper_revision_1/computational_SSM/af3_complex/output/chaina_a30f/seed-1_sample-2/model.pdb,93.99626444159188,94.26972067039105,96.335,81.23,"[[2.38015979526232, 7.484804469273743, 2.4966480446927375], [13.48508379888268, 4.449000000000001, 9.69], [14.465921787709496, 10.919999999999998, 0.8]]",10.484944134078212,179,10,0.91,0.68,3.69
chaina_a30f,/home/achen918/catalytic_binders/251211_paper_revision_1/computational_SSM/af3_complex/output/chaina_a30f/seed-1_sample-0/model.pdb,92.66842747111691,93.43631284916201,94.667,79.26,"[[2.5502574826004185, 9.566201117318435, 2.67877094972067], [16.384748603351955, 5.008, 11.84], [14.452513966480447, 11.88, 0.8]]",12.975474860335195,179,10,0.9,0.58,4.62
chaina_a30f,/home/achen918/catalytic_binders/251211_paper_revision_1/computational_SSM/af3_complex/output/chaina_a30f/seed-1_sample-3/model.pdb,93.21159178433898,93.8440782122905,95.48700000000001,79.02,"[[2.4280390749352394, 8.783016759776535, 2.636871508379888], [15.511843575418995, 4.938000000000001, 10.88], [14.156983240223463, 11.239999999999998, 0.8]]",12.147430167597765,179,10,0.9,0.61,4.47
chaina_a30f,/home/achen918/catalytic_binders/251211_paper_revision_1/computational_SSM/af3_complex/output/chaina_a30f/seed-1_sample-4/model.pdb,93.29259306803594,93.70798882681567,95.298,79.12,"[[2.486074092568896, 9.339441340782122, 2.7324022346368713], [15.839944134078213, 4.859, 11.459999999999999], [14.930726256983242, 11.83, 0.8]]",12.589692737430166,179,10,0.9,0.6,4.74
chaina_a30g,/home/achen918/catalytic_binders/251211_paper_revision_1/computational_SSM/af3_complex/output/chaina_a30g/seed-1_sample-2/model.pdb,95.0214635718889,94.09793296089384,97.159,87.52,"[[2.5553228675759185, 3.756703910614525, 2.537988826815643], [7.761340782122905, 3.408, 4.99], [12.612849162011171, 8.430000000000001, 0.8]]",5.759022346368715,179,10,0.92,0.87,1.73
chaina_a30g,/home/achen918/catalytic_binders/251211_paper_revision_1/computational_SSM/af3_complex/output/chaina_a30g/seed-1_sample-1/model.pdb,95.06045132172787,94.11558659217879,97.091,86.66,"[[2.4897163009893575, 3.743184357541899, 2.5195530726256985], [7.680167597765363, 3.3579999999999997, 5.07], [13.38268156424581, 8.760000000000002, 0.8]]",5.711675977653631,179,10,0.92,0.87,1.69
chaina_a30g,/home/achen918/catalytic_binders/251211_paper_revision_1/computational_SSM/af3_complex/output/chaina_a30g/seed-1_sample-4/model.pdb,95.06367504835603,93.63273743016761,97.06800000000001,86.21,"[[2.5342904403732716, 4.08877094972067, 2.6139664804469276], [8.247486033519554, 3.5069999999999997, 5.4], [14.254189944134078, 9.290000000000001, 0.8]]",6.168128491620112,179,10,0.92,0.86,1.86
chaina_a30g,/home/achen918/catalytic_binders/251211_paper_revision_1/computational_SSM/af3_complex/output/chaina_a30g/seed-1_sample-3/model.pdb,95.15983881366854,94.14128491620112,97.35600000000001,87.55,"[[2.4896008239443215, 3.8327374301675974, 2.51731843575419], [7.940782122905028, 3.474, 5.13], [12.955865921787712, 8.48, 0.8]]",5.886759776536312,179,10,0.92,0.86,1.77
chaina_a30g,/home/achen918/catalytic_binders/251211_paper_revision_1/computational_SSM/af3_complex/output/chaina_a30g/seed-1_sample-0/model.pdb,94.36413281753707,93.50553072625698,96.721,86.6,"[[2.6884772635061327, 4.328044692737429, 2.6687150837988827], [8.630167597765363, 3.6620000000000004, 5.430000000000001], [12.643016759776536, 8.809999999999999, 0.8]]",6.4791061452513965,179,10,0.91,0.84,2.05
chaina_a30h,/home/achen918/catalytic_binders/251211_paper_revision_1/computational_SSM/af3_complex/output/chaina_a30h/seed-1_sample-1/model.pdb,92.86797045600511,93.27318435754191,92.237,80.89,"[[2.556221715926469, 7.992346368715084, 2.684916201117318], [14.675251396648047, 4.492, 7.92], [14.369273743016759, 9.16, 0.8]]",11.333798882681565,179,10,0.9,0.65,3.33
chaina_a30h,/home/achen918/catalytic_binders/251211_paper_revision_1/computational_SSM/af3_complex/output/chaina_a30h/seed-1_sample-2/model.pdb,93.70991650610148,93.94586592178771,94.92099999999999,80.1,"[[2.384351299897007, 6.475418994413408, 2.6748603351955307], [12.321620111731844, 4.091, 8.309999999999999], [15.28100558659218, 10.450000000000001, 0.8]]",9.398519553072626,179,10,0.91,0.72,3.01
chaina_a30h,/home/achen918/catalytic_binders/251211_paper_revision_1/computational_SSM/af3_complex/output/chaina_a30h/seed-1_sample-0/model.pdb,93.42807321772624,93.51731843575418,94.07000000000001,80.02,"[[2.5034799163571675, 6.695921787709498, 2.6217877094972066], [12.436201117318438, 4.079, 8.190000000000001], [14.55195530726257, 10.08, 0.8]]",9.566061452513967,179,10,0.91,0.71,3.2
chaina_a30h,/home/achen918/catalytic_binders/251211_paper_revision_1/computational_SSM/af3_complex/output/chaina_a30h/seed-1_sample-4/model.pdb,94.46002569043029,93.92067039106145,95.31400000000001,88.13,"[[2.390995911488406, 5.700391061452514, 2.3284916201117314], [10.83413407821229, 3.7849999999999993, 6.85], [9.955307262569832, 8.169999999999998, 0.8]]",8.267262569832402,179,10,0.91,0.76,2.69
chaina_a30h,/home/achen918/catalytic_binders/251211_paper_revision_1/computational_SSM/af3_complex/output/chaina_a30h/seed-1_sample-3/model.pdb,93.66896596017996,93.53167597765366,94.51899999999999,79.85,"[[2.491064573515184, 6.631061452513966, 2.7167597765363127], [12.536871508379889, 4.234, 8.39], [15.16368715083799, 10.299999999999999, 0.8]]",9.583966480446927,179,10,0.91,0.72,3.11
chaina_a30i,/home/achen918/catalytic_binders/251211_paper_revision_1/computational_SSM/af3_complex/output/chaina_a30i/seed-1_sample-0/model.pdb,95.70141479099674,94.26240223463685,97.916,91.79,"[[2.4337255391529604, 2.3168156424581006, 2.1815642458100557], [4.0202234636871506, 2.358, 2.8], [9.90949720670391, 6.8100000000000005, 0.8]]",3.168519553072626,179,10,0.93,0.94,0.87
chaina_a30i,/home/achen918/catalytic_binders/251211_paper_revision_1/computational_SSM/af3_complex/output/chaina_a30i/seed-1_sample-3/model.pdb,95.88195498392302,94.27787709497206,97.993,91.15,"[[2.378355856558784, 2.2618435754189945, 2.1675977653631286], [3.9197206703910616, 2.3110000000000004, 2.7600000000000002], [10.269832402234636, 7.0200000000000005, 0.8]]",3.0907821229050283,179,10,0.93,0.94,0.86
chaina_a30i,/home/achen918/catalytic_binders/251211_paper_revision_1/computational_SSM/af3_complex/output/chaina_a30i/seed-1_sample-4/model.pdb,95.96693890675252,94.17793296089384,97.91900000000001,91.47,"[[2.34474579445086, 2.2239664804469275, 2.133519553072626], [3.792625698324022, 2.244, 2.63], [10.368156424581006, 6.94, 0.8]]",3.0082960893854747,179,10,0.94,0.94,0.85
chaina_a30i,/home/achen918/catalytic_binders/251211_paper_revision_1/computational_SSM/af3_complex/output/chaina_a30i/seed-1_sample-1/model.pdb,95.84657877813513,94.529217877095,97.71799999999999,90.95,"[[2.3434412159420743, 2.229553072625698, 2.1318435754189946], [3.948435754189944, 2.323, 2.7800000000000002], [10.167039106145252, 6.9399999999999995, 0.8]]",3.0889944134078213,179,10,0.93,0.94,0.85
chaina_a30i,/home/achen918/catalytic_binders/251211_paper_revision_1/computational_SSM/af3_complex/output/chaina_a30i/seed-1_sample-2/model.pdb,95.9500450160772,94.52072625698324,97.93799999999999,91.83,"[[2.3292999594269843, 2.2111173184357544, 2.0955307262569836], [3.8973184357541903, 2.281, 2.67], [9.494972067039106, 6.5, 0.8]]",3.054217877094972,179,10,0.93,0.94,0.85
chaina_a30k,/home/achen918/catalytic_binders/251211_paper_revision_1/computational_SSM/af3_complex/output/chaina_a30k/seed-1_sample-2/model.pdb,92.53999999999982,92.15111731843575,92.606,80.51,"[[2.8375955806622764, 7.690558659217876, 2.9664804469273744], [13.989050279329607, 4.32, 9.459999999999997], [15.31731843575419, 11.149999999999999, 0.8]]",10.83980446927374,179,10,0.89,0.68,3.82
chaina_a30k,/home/achen918/catalytic_binders/251211_paper_revision_1/computational_SSM/af3_complex/output/chaina_a30k/seed-1_sample-1/model.pdb,93.10476221079693,92.67005586592178,92.88600000000001,81.17,"[[2.634689928529072, 7.082960893854748, 2.764804469273743], [12.994189944134078, 4.015000000000001, 8.92], [14.912849162011174, 10.65, 0.8]]",10.038575418994412,179,10,0.9,0.7,3.6
chaina_a30k,/home/achen918/catalytic_binders/251211_paper_revision_1/computational_SSM/af3_complex/output/chaina_a30k/seed-1_sample-3/model.pdb,92.65644601542441,91.98670391061452,92.874,79.95,"[[2.7729877344652167, 7.887430167597765, 2.992737430167598], [14.254357541899441, 4.361, 9.58], [15.450837988826818, 11.16, 0.8]]",11.070893854748604,179,10,0.9,0.66,4.09
chaina_a30k,/home/achen918/catalytic_binders/251211_paper_revision_1/computational_SSM/af3_complex/output/chaina_a30k/seed-1_sample-4/model.pdb,92.9554113110541,92.17994413407821,92.492,84.47,"[[2.7273430916638057, 7.795418994413408, 2.6759776536312847], [14.298938547486033, 4.2139999999999995, 9.02], [11.71340782122905, 9.96, 0.8]]",11.04717877094972,179,10,0.9,0.67,3.97
chaina_a30k,/home/achen918/catalytic_binders/251211_paper_revision_1/computational_SSM/af3_complex/output/chaina_a30k/seed-1_sample-0/model.pdb,92.10861182519297,91.73011173184359,92.132,79.8,"[[2.798764083517992, 8.893351955307264, 3.001117318435754], [15.251564245810055, 4.460999999999999, 10.290000000000001], [15.247486033519554, 11.57, 0.8]]",12.07245810055866,179,10,0.89,0.62,4.65
chaina_a30l,/home/achen918/catalytic_binders/251211_paper_revision_1/computational_SSM/af3_complex/output/chaina_a30l/seed-1_sample-1/model.pdb,94.13936977491966,93.57011173184357,96.085,82.65,"[[2.5263974282949966, 5.5356424581005585, 2.7681564245810053], [10.756424581005586, 3.83, 7.169999999999999], [14.751396648044693, 9.72, 0.8]]",8.146033519553072,179,10,0.91,0.78,2.65
chaina_a30l,/home/achen918/catalytic_binders/251211_paper_revision_1/computational_SSM/af3_complex/output/chaina_a30l/seed-1_sample-2/model.pdb,93.96771061093246,93.48977653631285,96.186,82.51,"[[2.6231484660279016, 5.905195530726257, 2.8815642458100554], [11.322234636871507, 4.011, 7.55], [14.925698324022346, 9.92, 0.8]]",8.613715083798882,179,10,0.91,0.76,2.8
chaina_a30l,/home/achen918/catalytic_binders/251211_paper_revision_1/computational_SSM/af3_complex/output/chaina_a30l/seed-1_sample-0/model.pdb,93.84874598070759,93.66407821229049,95.865,82.83,"[[2.5098280328329325, 6.089217877094972, 2.7055865921787707], [11.635754189944134, 4.087, 7.65], [14.060335195530728, 9.72, 0.8]]",8.862486033519552,179,10,0.91,0.75,2.8
chaina_a30l,/home/achen918/catalytic_binders/251211_paper_revision_1/computational_SSM/af3_complex/output/chaina_a30l/seed-1_sample-4/model.pdb,94.36486173633443,93.17888268156423,96.239,85.23,"[[2.49795574420274, 5.50709497206704, 2.6558659217877096], [10.790614525139663, 3.8650000000000007, 6.67], [13.275977653631285, 9.13, 0.8]]",8.148854748603352,179,10,0.91,0.78,2.63
chaina_a30l,/home/achen918/catalytic_binders/251211_paper_revision_1/computational_SSM/af3_complex/output/chaina_a30l/seed-1_sample-3/model.pdb,94.3640192926045,93.6958659217877,96.47,82.74,"[[2.490958459473799, 5.404804469273743, 2.741899441340782], [10.75391061452514, 3.8990000000000005, 7.029999999999999], [14.723463687150838, 9.54, 0.8]]",8.07935754189944,179,10,0.91,0.78,2.5
chaina_a30m,/home/achen918/catalytic_binders/251211_paper_revision_1/computational_SSM/af3_complex/output/chaina_a30m/seed-1_sample-1/model.pdb,94.03992926045038,93.661843575419,96.28,82.82,"[[2.511663181548641, 5.19586592178771, 2.7117318435754187], [10.298603351955308, 3.8420000000000005, 6.75], [14.507821229050283, 9.58, 0.8]]",7.747234636871509,179,10,0.91,0.79,2.41
chaina_a30m,/home/achen918/catalytic_binders/251211_paper_revision_1/computational_SSM/af3_complex/output/chaina_a30m/seed-1_sample-2/model.pdb,94.01333118971056,93.68089385474859,96.496,82.56,"[[2.5472956524453045, 5.264301675977655, 2.7793296089385473], [10.490167597765364, 3.909, 6.899999999999999], [14.651396648044695, 9.719999999999999, 0.8]]",7.87723463687151,179,10,0.91,0.79,2.51
chaina_a30m,/home/achen918/catalytic_binders/251211_paper_revision_1/computational_SSM/af3_complex/output/chaina_a30m/seed-1_sample-0/model.pdb,93.24070739549833,92.98162011173184,95.68799999999999,81.86,"[[2.632577010705034, 6.528547486033519, 2.8284916201117314], [12.313519553072624, 4.353, 7.94], [14.129050279329608, 9.89, 0.8]]",9.42103351955307,179,10,0.9,0.73,2.86
chaina_a30m,/home/achen918/catalytic_binders/251211_paper_revision_1/computational_SSM/af3_complex/output/chaina_a30m/seed-1_sample-3/model.pdb,94.21206430868179,93.71050279329609,96.60799999999999,83.45,"[[2.4515839081177244, 5.250670391061453, 2.637988826815642], [10.611117318435754, 3.9819999999999998, 6.7], [13.967039106145254, 9.209999999999999, 0.8]]",7.930893854748604,179,10,0.91,0.79,2.4
chaina_a30m,/home/achen918/catalytic_binders/251211_paper_revision_1/computational_SSM/af3_complex/output/chaina_a30m/seed-1_sample-4/model.pdb,94.16811575562704,93.28368715083798,96.283,85.11,"[[2.489994070097687, 5.540446927374303, 2.6033519553072626], [10.865083798882681, 3.9790000000000005, 6.68], [12.78491620111732, 8.95, 0.8]]",8.202765363128492,179,10,0.91,0.78,2.58
chaina_a30n,/home/achen918/catalytic_binders/251211_paper_revision_1/computational_SSM/af3_complex/output/chaina_a30n/seed-1_sample-2/model.pdb,94.67320900321542,94.91547486033521,96.75699999999999,83.86,"[[2.0807246964826316, 7.619497206703912, 2.1357541899441337], [12.907318435754188, 4.439, 8.069999999999999], [12.646927374301677, 9.64, 0.8]]",10.26340782122905,179,10,0.92,0.68,3.77
chaina_a30n,/home/achen918/catalytic_binders/251211_paper_revision_1/computational_SSM/af3_complex/output/chaina_a30n/seed-1_sample-1/model.pdb,94.93443086816713,94.90212290502794,96.93299999999999,85.37,"[[2.098673574482694, 5.970558659217876, 2.1391061452513966], [12.325865921787708, 4.751, 6.790000000000001], [13.446927374301676, 8.79, 0.8]]",9.148212290502792,179,10,0.92,0.74,2.85
chaina_a30n,/home/achen918/catalytic_binders/251211_paper_revision_1/computational_SSM/af3_complex/output/chaina_a30n/seed-1_sample-4/model.pdb,94.51624437299037,94.50530726256984,96.547,85.7,"[[2.201182859461315, 6.556815642458101, 2.258100558659218], [13.238770949720669, 4.7860000000000005, 7.6899999999999995], [11.187150837988828, 8.78, 0.8]]",9.897793296089386,179,10,0.92,0.71,3.14
chaina_a30n,/home/achen918/catalytic_binders/251211_paper_revision_1/computational_SSM/af3_complex/output/chaina_a30n/seed-1_sample-3/model.pdb,94.3257106109325,94.62927374301675,96.90299999999999,82.93,"[[2.1677912674385946, 6.887653631284916, 2.2692737430167593], [13.998659217877094, 5.126, 7.910000000000001], [14.39441340782123, 9.49, 0.8]]",10.443156424581005,179,10,0.91,0.69,3.34
chaina_a30n,/home/achen918/catalytic_binders/251211_paper_revision_1/computational_SSM/af3_complex/output/chaina_a30n/seed-1_sample-0/model.pdb,94.29063665594848,94.52016759776537,96.553,83.45,"[[2.1880746543491147, 6.248435754189943, 2.1960893854748607], [13.141508379888268, 4.813999999999999, 7.8], [13.739106145251398, 9.4, 0.8]]",9.694972067039107,179,10,0.92,0.72,3.08
chaina_a30p,/home/achen918/catalytic_binders/251211_paper_revision_1/computational_SSM/af3_complex/output/chaina_a30p/seed-1_sample-0/model.pdb,95.25873873873856,94.13458100558657,97.74499999999999,91.04,"[[2.603014887175806, 2.996871508379888, 2.3893854748603354], [5.521396648044693, 2.852, 3.7699999999999996], [10.282122905027933, 7.239999999999999, 0.8]]",4.25913407821229,179,10,0.92,0.92,1.06
chaina_a30p,/home/achen918/catalytic_binders/251211_paper_revision_1/computational_SSM/af3_complex/output/chaina_a30p/seed-1_sample-4/model.pdb,95.7866731016731,94.13145251396648,97.752,92.84,"[[2.4713648138322775, 2.8063128491620106, 2.2972067039106148], [5.13122905027933, 2.688, 3.5200000000000005], [7.991061452513967, 6.459999999999999, 0.8]]",3.9687709497206702,179,10,0.93,0.92,1.03
chaina_a30p,/home/achen918/catalytic_binders/251211_paper_revision_1/computational_SSM/af3_complex/output/chaina_a30p/seed-1_sample-3/model.pdb,95.70563063063038,94.18826815642458,97.868,90.83,"[[2.490162604163415, 2.7665921787709498, 2.322905027932961], [5.161508379888268, 2.7629999999999995, 3.6399999999999997], [10.636871508379889, 7.409999999999999, 0.8]]",3.9640502793296086,179,10,0.93,0.93,0.99
chaina_a30p,/home/achen918/catalytic_binders/251211_paper_revision_1/computational_SSM/af3_complex/output/chaina_a30p/seed-1_sample-1/model.pdb,95.66065637065626,94.5849720670391,97.747,90.49,"[[2.4669267501014325, 2.8062569832402238, 2.315642458100559], [5.2422905027932964, 2.7430000000000003, 3.6799999999999997], [11.146368715083797, 7.580000000000001, 0.8]]",4.02427374301676,179,10,0.93,0.92,1.04
chaina_a30p,/home/achen918/catalytic_binders/251211_paper_revision_1/computational_SSM/af3_complex/output/chaina_a30p/seed-1_sample-2/model.pdb,95.57046975546992,94.44530726256983,97.74799999999999,91.33,"[[2.5259792141318935, 2.803519553072625, 2.3262569832402233], [5.270837988826815, 2.7540000000000004, 3.5799999999999996], [10.164804469273744, 7.130000000000001, 0.8]]",4.03717877094972,179,10,0.93,0.93,1.02
chaina_a30q,/home/achen918/catalytic_binders/251211_paper_revision_1/computational_SSM/af3_complex/output/chaina_a30q/seed-1_sample-2/model.pdb,94.49440231362459,93.98977653631285,96.13899999999998,85.74,"[[2.590661964358166, 5.366256983240223, 2.5932960893854746], [10.406983240223465, 3.761, 6.8], [13.54804469273743, 9.43, 0.8]]",7.886620111731844,179,10,0.91,0.79,2.51
chaina_a30q,/home/achen918/catalytic_binders/251211_paper_revision_1/computational_SSM/af3_complex/output/chaina_a30q/seed-1_sample-1/model.pdb,94.50924807197944,94.0341899441341,95.63099999999999,85.26,"[[2.476564401860117, 5.448603351955307, 2.5240223463687155], [10.326033519553073, 3.647, 6.88], [13.911731843575417, 9.52, 0.8]]",7.887318435754191,179,10,0.91,0.78,2.58
chaina_a30q,/home/achen918/catalytic_binders/251211_paper_revision_1/computational_SSM/af3_complex/output/chaina_a30q/seed-1_sample-4/model.pdb,94.6298457583547,93.88798882681563,95.833,84.16,"[[2.483911238725383, 5.519106145251397, 2.6413407821229047], [10.811564245810054, 3.8320000000000003, 7.1], [14.705586592178772, 9.820000000000002, 0.8]]",8.165335195530727,179,10,0.91,0.78,2.6
chaina_a30q,/home/achen918/catalytic_binders/251211_paper_revision_1/computational_SSM/af3_complex/output/chaina_a30q/seed-1_sample-3/model.pdb,94.6242994858613,93.95977653631286,96.223,84.84,"[[2.42003994881558, 5.36826815642458, 2.509497206703911], [10.644301675977653, 3.867, 6.83], [13.819553072625697, 9.45, 0.8]]",8.006284916201118,179,10,0.92,0.79,2.38
chaina_a30q,/home/achen918/catalytic_binders/251211_paper_revision_1/computational_SSM/af3_complex/output/chaina_a30q/seed-1_sample-0/model.pdb,93.9086953727506,93.39508379888267,95.41900000000001,84.91,"[[2.65394338503792, 6.210446927374302, 2.641340782122905], [11.406201117318435, 3.9520000000000004, 7.399999999999999], [13.45810055865922, 9.629999999999999, 0.8]]",8.808324022346369,179,10,0.91,0.75,2.85
chaina_a30r,/home/achen918/catalytic_binders/251211_paper_revision_1/computational_SSM/af3_complex/output/chaina_a30r/seed-1_sample-3/model.pdb,93.28403080872916,92.89810055865921,92.711,83.47,"[[2.6767766299428857, 7.508324022346368, 2.652513966480447], [13.66150837988827, 4.343, 9.02], [13.143016759776536, 10.03, 0.8]]",10.58491620111732,179,10,0.9,0.68,3.76
chaina_a30r,/home/achen918/catalytic_binders/251211_paper_revision_1/computational_SSM/af3_complex/output/chaina_a30r/seed-1_sample-4/model.pdb,93.10036585365846,92.48128491620112,92.23100000000001,83.55,"[[2.738915764177148, 8.100837988826816, 2.7229050279329607], [14.55513966480447, 4.394, 9.319999999999999], [12.973184357541902, 10.32, 0.8]]",11.327988826815643,179,10,0.9,0.66,4.09
chaina_a30r,/home/achen918/catalytic_binders/251211_paper_revision_1/computational_SSM/af3_complex/output/chaina_a30r/seed-1_sample-0/model.pdb,92.42299101412074,92.4149720670391,91.799,79.78,"[[2.7377765987328737, 9.004189944134078, 3.0351955307262566], [15.318882681564245, 4.5120000000000005, 10.53], [15.695530726256985, 11.68, 0.8]]",12.161536312849162,179,10,0.9,0.62,4.76
chaina_a30r,/home/achen918/catalytic_binders/251211_paper_revision_1/computational_SSM/af3_complex/output/chaina_a30r/seed-1_sample-2/model.pdb,93.32532734274706,92.86620111731843,93.263,81.52,"[[2.7091382915639333, 7.057988826815642, 2.895530726256983], [13.045027932960894, 4.166, 9.02], [15.48491620111732, 10.77, 0.8]]",10.051508379888269,179,10,0.9,0.71,3.39
chaina_a30r,/home/achen918/catalytic_binders/251211_paper_revision_1/computational_SSM/af3_complex/output/chaina_a30r/seed-1_sample-1/model.pdb,93.2093774069318,92.9091620111732,92.60400000000001,81.05,"[[2.615024499859555, 7.743240223463688, 2.8318435754189943], [13.812234636871509, 4.135000000000001, 9.43], [15.356424581005587, 10.9, 0.8]]",10.777737430167598,179,10,0.9,0.68,3.88
chaina_a30s,/home/achen918/catalytic_binders/251211_paper_revision_1/computational_SSM/af3_complex/output/chaina_a30s/seed-1_sample-1/model.pdb,95.45710238248556,94.41206703910613,97.136,87.18,"[[2.4758809025935524, 3.028379888268156, 2.4921787709497205], [5.752569832402234, 2.8819999999999997, 4.0600000000000005], [13.091620111731842, 8.510000000000002, 0.8]]",4.390474860335194,179,10,0.92,0.91,1.13
chaina_a30s,/home/achen918/catalytic_binders/251211_paper_revision_1/computational_SSM/af3_complex/output/chaina_a30s/seed-1_sample-2/model.pdb,95.33162910495824,94.27558659217878,97.10999999999999,87.37,"[[2.5096594987672045, 3.1941340782122905, 2.4960893854748605], [6.297318435754191, 2.9410000000000007, 4.250000000000001], [12.680446927374303, 8.309999999999999, 0.8]]",4.74572625698324,179,10,0.92,0.91,1.16
chaina_a30s,/home/achen918/catalytic_binders/251211_paper_revision_1/computational_SSM/af3_complex/output/chaina_a30s/seed-1_sample-0/model.pdb,94.99397939471987,94.1250279329609,97.10999999999999,87.52,"[[2.571043350706907, 3.324525139664804, 2.5435754189944135], [6.329162011173184, 3.0490000000000004, 4.33], [12.449720670391061, 8.23, 0.8]]",4.8268435754189944,179,10,0.92,0.9,1.21
chaina_a30s,/home/achen918/catalytic_binders/251211_paper_revision_1/computational_SSM/af3_complex/output/chaina_a30s/seed-1_sample-4/model.pdb,95.55274307791389,93.896312849162,97.186,89.03,"[[2.4780531194407165, 3.0127374301675975, 2.405027932960894], [5.618212290502795, 2.7969999999999997, 3.75], [10.351396648044693, 7.1899999999999995, 0.8]]",4.315474860335196,179,10,0.92,0.92,1.07
chaina_a30s,/home/achen918/catalytic_binders/251211_paper_revision_1/computational_SSM/af3_complex/output/chaina_a30s/seed-1_sample-3/model.pdb,95.28549903412751,93.92921787709498,97.206,87.51,"[[2.570066477325926, 3.2731284916201115, 2.5709497206703915], [6.27754189944134, 3.029, 4.34], [12.823463687150841, 8.36, 0.8]]",4.775335195530726,179,10,0.92,0.91,1.19
chaina_a30t,/home/achen918/catalytic_binders/251211_paper_revision_1/computational_SSM/af3_complex/output/chaina_a30t/seed-1_sample-1/model.pdb,94.63908622908616,93.91189944134078,96.33,84.5,"[[2.590814893417808, 4.396145251396648, 2.694972067039106], [8.252122905027933, 3.3350000000000004, 5.5200000000000005], [14.175418994413405, 9.19, 0.8]]",6.324134078212291,179,10,0.92,0.84,2.04
chaina_a30t,/home/achen918/catalytic_binders/251211_paper_revision_1/computational_SSM/af3_complex/output/chaina_a30t/seed-1_sample-2/model.pdb,94.77552767052768,94.06882681564245,96.405,84.76,"[[2.530670078961331, 4.457374301675978, 2.64804469273743], [8.589608938547485, 3.4, 5.57], [13.977653631284916, 9.14, 0.8]]",6.523491620111732,179,10,0.92,0.84,2.1
chaina_a30t,/home/achen918/catalytic_binders/251211_paper_revision_1/computational_SSM/af3_complex/output/chaina_a30t/seed-1_sample-0/model.pdb,94.13808236808242,93.36949720670391,96.036,84.21,"[[2.6950625760744047, 5.161731843575419, 2.8312849162011173], [9.43826815642458, 3.5720000000000005, 6.03], [14.098324022346366, 9.459999999999999, 0.8]]",7.3,179,10,0.91,0.81,2.36
chaina_a30t,/home/achen918/catalytic_binders/251211_paper_revision_1/computational_SSM/af3_complex/output/chaina_a30t/seed-1_sample-3/model.pdb,94.57768983268986,93.46044692737429,96.464,84.94,"[[2.613239287163322, 4.789329608938548, 2.718435754189944], [9.03977653631285, 3.542, 5.9399999999999995], [13.958100558659218, 9.150000000000002, 0.8]]",6.914553072625699,179,10,0.91,0.83,2.11
chaina_a30t,/home/achen918/catalytic_binders/251211_paper_revision_1/computational_SSM/af3_complex/output/chaina_a30t/seed-1_sample-4/model.pdb,94.96413770913765,93.40994413407822,96.663,88.04,"[[2.549867357448269, 4.137653631284916, 2.5335195530726256], [8.027039106145253, 3.3059999999999996, 5.0600000000000005], [11.444692737430167, 8.040000000000001, 0.8]]",6.0823463687150845,179,10,0.92,0.86,1.99
chaina_a30v,/home/achen918/catalytic_binders/251211_paper_revision_1/computational_SSM/af3_complex/output/chaina_a30v/seed-1_sample-2/model.pdb,95.65346846846847,94.45536312849161,97.58800000000001,88.87,"[[2.4468930432882865, 2.45463687150838, 2.3033519553072628], [4.593240223463687, 2.5300000000000002, 3.14], [11.046368715083798, 7.299999999999999, 0.8]]",3.5239385474860336,179,10,0.93,0.94,0.89
chaina_a30v,/home/achen918/catalytic_binders/251211_paper_revision_1/computational_SSM/af3_complex/output/chaina_a30v/seed-1_sample-1/model.pdb,95.60302445302457,94.4103351955307,97.547,87.96,"[[2.4394993914047625, 2.4155865921787707, 2.3072625698324023], [4.435307262569832, 2.5069999999999997, 3.18], [11.524581005586592, 7.56, 0.8]]",3.425446927374302,179,10,0.93,0.94,0.88
chaina_a30v,/home/achen918/catalytic_binders/251211_paper_revision_1/computational_SSM/af3_complex/output/chaina_a30v/seed-1_sample-3/model.pdb,95.5653667953669,93.9950837988827,97.60999999999999,88.22,"[[2.4884460534939605, 2.4719553072625695, 2.3642458100558654], [4.5280446927374305, 2.568, 3.25], [11.791061452513967, 7.769999999999999, 0.8]]",3.5,179,10,0.93,0.94,0.89
chaina_a30v,/home/achen918/catalytic_binders/251211_paper_revision_1/computational_SSM/af3_complex/output/chaina_a30v/seed-1_sample-4/model.pdb,95.75549549549582,94.02994413407822,97.69500000000001,87.33,"[[2.434480821447521, 2.4191061452513964, 2.354189944134078], [4.482402234636871, 2.491, 3.16], [12.88212290502793, 8.27, 0.8]]",3.450754189944134,179,10,0.93,0.94,0.87
chaina_a30v,/home/achen918/catalytic_binders/251211_paper_revision_1/computational_SSM/af3_complex/output/chaina_a30v/seed-1_sample-0/model.pdb,95.51528314028306,94.122625698324,97.63199999999999,88.72,"[[2.4719203520489375, 2.4406703910614524, 2.3094972067039103], [4.388156424581005, 2.498, 3.14], [10.939664804469274, 7.24, 0.8]]",3.414413407821229,179,10,0.93,0.94,0.88
chaina_a30w,/home/achen918/catalytic_binders/251211_paper_revision_1/computational_SSM/af3_complex/output/chaina_a30w/seed-1_sample-2/model.pdb,93.9694426649585,94.1954189944134,95.31800000000001,83.44,"[[2.301641646640242, 7.254189944134078, 2.2469273743016758], [13.216312849162012, 4.577, 8.469999999999999], [13.602793296089384, 9.879999999999999, 0.8]]",10.235251396648046,179,10,0.91,0.69,3.15
chaina_a30w,/home/achen918/catalytic_binders/251211_paper_revision_1/computational_SSM/af3_complex/output/chaina_a30w/seed-1_sample-1/model.pdb,94.17935938500973,94.28273743016759,95.625,84.13,"[[2.2137917043787647, 5.710837988826816, 2.2217877094972067], [11.830837988826817, 4.288, 6.529999999999999], [13.934078212290501, 8.39, 0.8]]",8.770837988826816,179,10,0.92,0.75,2.35
chaina_a30w,/home/achen918/catalytic_binders/251211_paper_revision_1/computational_SSM/af3_complex/output/chaina_a30w/seed-1_sample-3/model.pdb,94.12424727738636,94.34184357541899,95.50800000000001,82.24,"[[2.2564120970007178, 6.569944134078213, 2.3284916201117314], [12.651508379888268, 4.566, 7.94], [13.915083798882682, 9.639999999999999, 0.8]]",9.610726256983241,179,10,0.91,0.72,2.92
chaina_a30w,/home/achen918/catalytic_binders/251211_paper_revision_1/computational_SSM/af3_complex/output/chaina_a30w/seed-1_sample-4/model.pdb,93.9948750800769,94.06396648044691,95.286,82.25,"[[2.3234043881277113, 7.086536312849161, 2.3474860335195533], [12.920391061452515, 4.419999999999999, 8.530000000000001], [14.425698324022346, 10.09, 0.8]]",10.003463687150838,179,10,0.91,0.7,3.02
chaina_a30w,/home/achen918/catalytic_binders/251211_paper_revision_1/computational_SSM/af3_complex/output/chaina_a30w/seed-1_sample-0/model.pdb,93.75442664958364,94.17418994413408,95.148,83.2,"[[2.328997222308917, 7.103016759776537, 2.265921787709497], [13.153296089385476, 4.479, 8.6], [13.474860335195531, 10.000000000000002, 0.8]]",10.128156424581007,179,10,0.91,0.69,3.19
chaina_a30y,/home/achen918/catalytic_binders/251211_paper_revision_1/computational_SSM/af3_complex/output/chaina_a30y/seed-1_sample-4/model.pdb,93.94246311738297,93.91687150837986,95.449,85.13,"[[2.3656096875877783, 6.040837988826815, 2.345810055865922], [12.545921787709498, 4.592, 7.260000000000001], [13.089944134078214, 8.77, 0.8]]",9.293379888268156,179,10,0.91,0.73,2.86
chaina_a30y,/home/achen918/catalytic_binders/251211_paper_revision_1/computational_SSM/af3_complex/output/chaina_a30y/seed-1_sample-3/model.pdb,93.30627325208482,93.64391061452515,95.094,82.62,"[[2.403195905246403, 6.625810055865922, 2.4424581005586594], [14.050446927374301, 5.0969999999999995, 7.869999999999999], [14.572625698324023, 8.99, 0.8]]",10.338128491620111,179,10,0.91,0.69,3.1
chaina_a30y,/home/achen918/catalytic_binders/251211_paper_revision_1/computational_SSM/af3_complex/output/chaina_a30y/seed-1_sample-0/model.pdb,93.38495189223873,93.62675977653633,94.23100000000001,83.94,"[[2.3479385786960454, 6.344581005586591, 2.2860335195530728], [13.713966480446928, 5.018, 8.28], [13.999441340782122, 9.53, 0.8]]",10.02927374301676,179,10,0.91,0.7,3.13
chaina_a30y,/home/achen918/catalytic_binders/251211_paper_revision_1/computational_SSM/af3_complex/output/chaina_a30y/seed-1_sample-2/model.pdb,93.72888389993597,94.08011173184356,94.951,85.84,"[[2.2773134421522423, 7.333296089385476, 2.1156424581005586], [13.418547486033518, 4.612, 8.23], [11.94804469273743, 9.370000000000001, 0.8]]",10.375921787709498,179,10,0.91,0.69,3.3
chaina_a30y,/home/achen918/catalytic_binders/251211_paper_revision_1/computational_SSM/af3_complex/output/chaina_a30y/seed-1_sample-1/model.pdb,93.64980115458648,93.95759776536313,95.157,83.81,"[[2.340173527667676, 6.127150837988826, 2.3368715083798883], [12.77486033519553, 4.727000000000001, 7.109999999999999], [14.21340782122905, 8.85, 0.8]]",9.451005586592178,179,10,0.91,0.72,2.91
chaina_a73d,/home/achen918/catalytic_binders/251211_paper_revision_1/computational_SSM/af3_complex/output/chaina_a73d/seed-1_sample-0/model.pdb,94.07332475884236,94.27497206703912,96.08599999999998,85.68,"[[2.15041041166006, 5.278268156424581, 2.0994413407821226], [12.675698324022346, 4.99, 7.980000000000001], [10.101675977653631, 7.69, 0.8]]",8.976983240223463,179,10,0.92,0.75,2.67
chaina_a73d,/home/achen918/catalytic_binders/251211_paper_revision_1/computational_SSM/af3_complex/output/chaina_a73d/seed-1_sample-4/model.pdb,94.76009003215445,94.88256983240223,96.719,84.88,"[[2.102540494990793, 6.891284916201117, 2.0972067039106146], [12.732458100558658, 4.85, 7.970000000000001], [12.735195530726259, 9.17, 0.8]]",9.811871508379888,179,10,0.92,0.7,2.83
chaina_a73d,/home/achen918/catalytic_binders/251211_paper_revision_1/computational_SSM/af3_complex/output/chaina_a73d/seed-1_sample-3/model.pdb,93.89374276527334,94.3273184357542,96.912,85.48,"[[2.109506569707562, 6.056983240223464, 2.0988826815642456], [13.956089385474861, 5.401999999999999, 8.86], [9.255307262569833, 7.99, 0.8]]",10.006536312849162,179,10,0.92,0.71,3.0
chaina_a73d,/home/achen918/catalytic_binders/251211_paper_revision_1/computational_SSM/af3_complex/output/chaina_a73d/seed-1_sample-1/model.pdb,94.58823151125425,94.7258100558659,97.152,82.17,"[[2.0590118910146376, 5.376312849162011, 2.1916201117318437], [12.511173184357542, 4.945, 7.590000000000001], [13.497206703910615, 9.209999999999999, 0.8]]",8.943743016759777,179,10,0.92,0.74,2.61
chaina_a73d,/home/achen918/catalytic_binders/251211_paper_revision_1/computational_SSM/af3_complex/output/chaina_a73d/seed-1_sample-2/model.pdb,95.13988424437314,95.30949720670392,97.046,86.4,"[[1.9585967978527514, 5.8122346368715085, 1.933519553072626], [11.257486033519553, 4.513, 7.2], [10.801117318435754, 8.32, 0.8]]",8.534860335195532,179,10,0.93,0.75,2.57
chaina_a73e,/home/achen918/catalytic_binders/251211_paper_revision_1/computational_SSM/af3_complex/output/chaina_a73e/seed-1_sample-0/model.pdb,94.43316838046267,94.54162011173187,96.388,86.47,"[[2.1135638712899096, 4.894078212290504, 2.039664804469274], [11.917653631284916, 4.77, 7.12], [9.841340782122906, 7.220000000000001, 0.8]]",8.40586592178771,179,10,0.92,0.76,2.43
chaina_a73e,/home/achen918/catalytic_binders/251211_paper_revision_1/computational_SSM/af3_complex/output/chaina_a73e/seed-1_sample-4/model.pdb,94.70516709511584,94.87608938547486,96.88799999999999,83.5,"[[2.077719172310477, 7.002960893854748, 2.1111731843575416], [13.082067039106146, 5.01, 8.14], [13.867039106145251, 9.29, 0.8]]",10.042513966480447,179,10,0.92,0.7,2.89
chaina_a73e,/home/achen918/catalytic_binders/251211_paper_revision_1/computational_SSM/af3_complex/output/chaina_a73e/seed-1_sample-3/model.pdb,94.20941516709517,94.4081005586592,97.006,85.23,"[[2.137511313629412, 5.886536312849163, 2.0977653631284916], [13.55782122905028, 5.479999999999999, 7.65], [10.689385474860336, 8.149999999999999, 0.8]]",9.722178770949721,179,10,0.92,0.72,2.79
chaina_a73e,/home/achen918/catalytic_binders/251211_paper_revision_1/computational_SSM/af3_complex/output/chaina_a73e/seed-1_sample-1/model.pdb,94.69205655527001,94.72877094972067,97.49699999999999,85.98,"[[2.072697481352018, 5.034022346368715, 2.049162011173184], [11.932569832402232, 4.728, 7.1], [9.471508379888268, 7.640000000000001, 0.8]]",8.483296089385473,179,10,0.93,0.75,2.39
chaina_a73e,/home/achen918/catalytic_binders/251211_paper_revision_1/computational_SSM/af3_complex/output/chaina_a73e/seed-1_sample-2/model.pdb,94.96627249357338,95.04687150837988,97.05199999999999,84.65,"[[2.0115789145157765, 6.177374301675978, 2.0089385474860335], [11.999553072625698, 4.748000000000001, 7.6], [12.94413407821229, 8.95, 0.8]]",9.088463687150838,179,10,0.93,0.73,2.69
chaina_a73f,/home/achen918/catalytic_binders/251211_paper_revision_1/computational_SSM/af3_complex/output/chaina_a73f/seed-1_sample-2/model.pdb,94.07561617458289,94.63497206703913,96.14399999999999,83.22,"[[2.4555226116538185, 6.589329608938547, 2.4575418994413405], [12.880614525139665, 4.7909999999999995, 8.399999999999999], [14.475977653631286, 10.690000000000001, 0.8]]",9.734972067039106,179,10,0.91,0.72,3.27
chaina_a73f,/home/achen918/catalytic_binders/251211_paper_revision_1/computational_SSM/af3_complex/output/chaina_a73f/seed-1_sample-1/model.pdb,94.18587933247763,94.54513966480448,95.321,87.97,"[[2.341019318997535, 6.171340782122906, 2.212849162011173], [12.041396648044692, 4.24, 6.6], [9.344134078212292, 7.88, 0.8]]",9.1063687150838,179,10,0.91,0.74,2.53
chaina_a73f,/home/achen918/catalytic_binders/251211_paper_revision_1/computational_SSM/af3_complex/output/chaina_a73f/seed-1_sample-4/model.pdb,94.22834403080871,94.50418994413408,96.23999999999998,82.31,"[[2.3942885677725414, 6.59491620111732, 2.458659217877095], [12.95513966480447, 4.742999999999999, 8.580000000000002], [14.888268156424582, 10.959999999999997, 0.8]]",9.775027932960896,179,10,0.91,0.71,3.28
chaina_a73f,/home/achen918/catalytic_binders/251211_paper_revision_1/computational_SSM/af3_complex/output/chaina_a73f/seed-1_sample-3/model.pdb,94.10583440308098,94.44,96.35100000000001,82.44,"[[2.4831840454417775, 6.399050279329608, 2.531284916201117], [12.76223463687151, 4.824000000000001, 8.379999999999999], [14.951396648044694, 10.61, 0.8]]",9.58064245810056,179,10,0.91,0.72,2.97
chaina_a73f,/home/achen918/catalytic_binders/251211_paper_revision_1/computational_SSM/af3_complex/output/chaina_a73f/seed-1_sample-0/model.pdb,93.50359435173294,94.32106145251397,95.824,82.55,"[[2.4708685746387444, 7.619329608938546, 2.414525139664805], [14.144469273743018, 5.036, 9.49], [14.214525139664808, 11.15, 0.8]]",10.881899441340781,179,10,0.91,0.67,3.75
chaina_a73g,/home/achen918/catalytic_binders/251211_paper_revision_1/computational_SSM/af3_complex/output/chaina_a73g/seed-1_sample-4/model.pdb,94.32141199226312,93.44748603351954,95.864,82.36,"[[2.4932430323647825, 5.819106145251397, 2.7636871508379888], [11.157150837988828, 4.012, 7.280000000000001], [14.824022346368714, 10.08, 0.8]]",8.488128491620113,179,10,0.91,0.76,2.74
chaina_a73g,/home/achen918/catalytic_binders/251211_paper_revision_1/computational_SSM/af3_complex/output/chaina_a73g/seed-1_sample-3/model.pdb,94.57987749838811,93.91011173184357,96.36599999999999,85.39,"[[2.4767454199307135, 4.919776536312849, 2.5558659217877095], [9.949273743016757, 3.8810000000000002, 6.2700000000000005], [13.156424581005586, 8.969999999999999, 0.8]]",7.434525139664803,179,10,0.91,0.81,2.28
chaina_a73g,/home/achen918/catalytic_binders/251211_paper_revision_1/computational_SSM/af3_complex/output/chaina_a73g/seed-1_sample-0/model.pdb,93.85381044487454,93.66452513966479,95.51299999999999,83.43,"[[2.4935551324865015, 5.987709497206704, 2.629608938547486], [11.498603351955307, 4.121999999999999, 7.279999999999999], [13.21340782122905, 9.6, 0.8]]",8.743156424581006,179,10,0.91,0.76,2.85
chaina_a73g,/home/achen918/catalytic_binders/251211_paper_revision_1/computational_SSM/af3_complex/output/chaina_a73g/seed-1_sample-2/model.pdb,94.36629271437785,93.77832402234637,96.122,85.09,"[[2.556075028869261, 5.118770949720671, 2.623463687150838], [10.173296089385476, 3.9130000000000007, 6.580000000000001], [13.214525139664804, 9.16, 0.8]]",7.6460335195530735,179,10,0.91,0.8,2.49
chaina_a73g,/home/achen918/catalytic_binders/251211_paper_revision_1/computational_SSM/af3_complex/output/chaina_a73g/seed-1_sample-1/model.pdb,94.42823339780807,94.0831284916201,95.90700000000001,84.64,"[[2.468065915545707, 5.0184357541899445, 2.5631284916201116], [9.917430167597766, 3.7620000000000005, 6.51], [13.4536312849162, 9.220000000000002, 0.8]]",7.467932960893855,179,10,0.91,0.81,2.39
chaina_a73h,/home/achen918/catalytic_binders/251211_paper_revision_1/computational_SSM/af3_complex/output/chaina_a73h/seed-1_sample-2/model.pdb,94.6956069364162,94.94715083798883,96.80699999999999,87.29,"[[2.040373271745576, 5.694860335195531, 2.015083798882681], [11.440391061452514, 4.5729999999999995, 6.909999999999999], [10.0731843575419, 8.120000000000001, 0.8]]",8.567625698324022,179,10,0.92,0.76,2.63
chaina_a73h,/home/achen918/catalytic_binders/251211_paper_revision_1/computational_SSM/af3_complex/output/chaina_a73h/seed-1_sample-1/model.pdb,93.44512524084779,94.3863687150838,95.886,84.1,"[[2.09362379451328, 7.922960893854748, 2.202234636871508], [15.113128491620111, 5.599, 8.8], [11.856424581005585, 9.639999999999999, 0.8]]",11.51804469273743,179,10,0.91,0.62,4.05
chaina_a73h,/home/achen918/catalytic_binders/251211_paper_revision_1/computational_SSM/af3_complex/output/chaina_a73h/seed-1_sample-3/model.pdb,93.1188053949904,93.92212290502793,96.198,84.33,"[[2.2875066321275863, 7.378324022346369, 2.3111731843575423], [15.06469273743017, 5.76, 8.58], [12.443575418994412, 9.3, 0.8]]",11.22150837988827,179,10,0.91,0.64,3.7
chaina_a73h,/home/achen918/catalytic_binders/251211_paper_revision_1/computational_SSM/af3_complex/output/chaina_a73h/seed-1_sample-4/model.pdb,93.28049454078361,94.04849162011173,96.06499999999998,84.22,"[[2.186404918697918, 7.944357541899441, 2.241340782122905], [15.485418994413406, 5.688999999999998, 9.029999999999998], [11.604469273743016, 9.650000000000002, 0.8]]",11.714888268156423,179,10,0.91,0.63,3.95
chaina_a73h,/home/achen918/catalytic_binders/251211_paper_revision_1/computational_SSM/af3_complex/output/chaina_a73h/seed-1_sample-0/model.pdb,93.74812459858721,94.37217877094972,94.97200000000001,86.64,"[[2.129534034518273, 6.537932960893855, 2.1340782122905027], [13.34530726256983, 4.947, 7.709999999999999], [10.603351955307263, 8.459999999999999, 0.8]]",9.941620111731844,179,10,0.92,0.69,3.52
chaina_a73i,/home/achen918/catalytic_binders/251211_paper_revision_1/computational_SSM/af3_complex/output/chaina_a73i/seed-1_sample-1/model.pdb,95.20721543408366,94.14268156424582,95.839,89.16,"[[2.466277581848257, 2.456648044692738, 2.2519553072625698], [4.832402234636872, 2.7459999999999996, 3.3], [12.498882681564245, 8.05, 0.8]]",3.644525139664805,179,10,0.93,0.93,0.87
chaina_a73i,/home/achen918/catalytic_binders/251211_paper_revision_1/computational_SSM/af3_complex/output/chaina_a73i/seed-1_sample-2/model.pdb,95.46505466237937,94.41039106145251,96.487,90.29,"[[2.449005961112325, 2.4618994413407815, 2.2256983240223462], [5.054748603351955, 2.8240000000000003, 3.289999999999999], [11.81173184357542, 7.760000000000001, 0.8]]",3.7583240223463683,179,10,0.93,0.93,0.86
chaina_a73i,/home/achen918/catalytic_binders/251211_paper_revision_1/computational_SSM/af3_complex/output/chaina_a73i/seed-1_sample-0/model.pdb,95.12736977491973,94.2008379888268,96.24900000000001,89.14,"[[2.461493086982304, 2.495530726256983, 2.2407821229050278], [5.031117318435753, 2.7960000000000003, 3.38], [11.684916201117318, 7.8, 0.8]]",3.763324022346368,179,10,0.93,0.93,0.89
chaina_a73i,/home/achen918/catalytic_binders/251211_paper_revision_1/computational_SSM/af3_complex/output/chaina_a73i/seed-1_sample-3/model.pdb,95.57965916398719,94.07960893854748,96.168,90.18,"[[2.414350363596642, 2.416145251396648, 2.193296089385475], [4.869050279329608, 2.792, 3.21], [11.549162011173186, 7.590000000000001, 0.8]]",3.642597765363128,179,10,0.93,0.93,0.85
chaina_a73i,/home/achen918/catalytic_binders/251211_paper_revision_1/computational_SSM/af3_complex/output/chaina_a73i/seed-1_sample-4/model.pdb,95.38614147909969,93.81033519553073,96.174,89.16,"[[2.4405293218064354, 2.5073184357541902, 2.2603351955307263], [5.078938547486034, 2.8200000000000007, 3.41], [12.669832402234634, 8.25, 0.8]]",3.793128491620112,179,10,0.93,0.93,0.88
chaina_a73k,/home/achen918/catalytic_binders/251211_paper_revision_1/computational_SSM/af3_complex/output/chaina_a73k/seed-1_sample-2/model.pdb,95.14915809768631,95.14720670391061,94.06799999999998,85.34,"[[1.965051028369901, 4.147486033519553, 1.9139664804469274], [9.539832402234637, 4.156000000000001, 6.45], [12.41675977653631, 8.83, 0.8]]",6.843659217877095,179,10,0.94,0.82,2.07
chaina_a73k,/home/achen918/catalytic_binders/251211_paper_revision_1/computational_SSM/af3_complex/output/chaina_a73k/seed-1_sample-1/model.pdb,94.01055912596397,94.29435754189943,95.669,83.08,"[[2.2103149090228142, 5.98072625698324, 2.2094972067039107], [12.853798882681565, 4.734999999999999, 7.460000000000001], [12.972625698324022, 9.27, 0.8]]",9.417262569832403,179,10,0.92,0.73,2.64
chaina_a73k,/home/achen918/catalytic_binders/251211_paper_revision_1/computational_SSM/af3_complex/output/chaina_a73k/seed-1_sample-4/model.pdb,94.50801413881746,94.58469273743019,96.209,83.32,"[[2.1901938141755877, 6.12173184357542, 2.253072625698324], [12.706592178770949, 5.139999999999999, 8.76], [14.656983240223463, 10.389999999999999, 0.8]]",9.414162011173184,179,10,0.92,0.72,2.83
chaina_a73k,/home/achen918/catalytic_binders/251211_paper_revision_1/computational_SSM/af3_complex/output/chaina_a73k/seed-1_sample-3/model.pdb,94.48673521850895,94.84189944134077,95.24199999999999,83.12,"[[2.077435161199713, 5.977039106145251, 2.212849162011173], [12.898156424581005, 5.2909999999999995, 8.51], [14.072625698324023, 10.02, 0.8]]",9.437597765363128,179,10,0.93,0.72,2.9
chaina_a73k,/home/achen918/catalytic_binders/251211_paper_revision_1/computational_SSM/af3_complex/output/chaina_a73k/seed-1_sample-0/model.pdb,94.66550771208222,94.78189944134078,93.42699999999999,84.1,"[[2.09122374457726, 4.7262011173184355, 2.0458100558659216], [10.764245810055867, 4.408, 7.529999999999999], [12.656424581005586, 9.29, 0.8]]",7.745223463687151,179,10,0.93,0.79,2.38
chaina_a73l,/home/achen918/catalytic_binders/251211_paper_revision_1/computational_SSM/af3_complex/output/chaina_a73l/seed-1_sample-3/model.pdb,95.62367202572344,94.13888268156423,96.006,89.83,"[[2.367073437158641, 2.3537430167597764, 2.1642458100558657], [4.787150837988827, 2.7460000000000004, 3.22], [11.96368715083799, 7.82, 0.8]]",3.570446927374302,179,10,0.93,0.93,0.84
chaina_a73l,/home/achen918/catalytic_binders/251211_paper_revision_1/computational_SSM/af3_complex/output/chaina_a73l/seed-1_sample-4/model.pdb,95.58451446945338,94.02262569832402,96.006,89.36,"[[2.3978152991479664, 2.453743016759777, 2.2173184357541897], [5.031452513966481, 2.8220000000000005, 3.45], [12.872625698324022, 8.440000000000001, 0.8]]",3.742597765363129,179,10,0.93,0.93,0.87
chaina_a73l,/home/achen918/catalytic_binders/251211_paper_revision_1/computational_SSM/af3_complex/output/chaina_a73l/seed-1_sample-0/model.pdb,95.06788424437308,94.00262569832402,95.77799999999999,89.15,"[[2.529789956618083, 2.638100558659218, 2.294413407821229], [5.371731843575419, 2.9640000000000004, 3.63], [12.306703910614523, 8.33, 0.8]]",4.004916201117318,179,10,0.92,0.92,0.94
chaina_a73l,/home/achen918/catalytic_binders/251211_paper_revision_1/computational_SSM/af3_complex/output/chaina_a73l/seed-1_sample-2/model.pdb,95.59382636655947,94.51396648044692,96.41399999999999,90.65,"[[2.3746543491151964, 2.37804469273743, 2.160893854748603], [5.0215642458100564, 2.8140000000000005, 3.29], [11.60558659217877, 7.640000000000001, 0.8]]",3.6998044692737433,179,10,0.93,0.93,0.85
chaina_a73l,/home/achen918/catalytic_binders/251211_paper_revision_1/computational_SSM/af3_complex/output/chaina_a73l/seed-1_sample-1/model.pdb,95.43654019292616,94.3927932960894,95.572,89.25,"[[2.358874566961081, 2.343966480446927, 2.1715083798882686], [4.677653631284916, 2.6710000000000007, 3.2399999999999998], [12.492737430167598, 8.129999999999999, 0.8]]",3.510810055865922,179,10,0.93,0.94,0.85
chaina_a73m,/home/achen918/catalytic_binders/251211_paper_revision_1/computational_SSM/af3_complex/output/chaina_a73m/seed-1_sample-0/model.pdb,94.21079099678444,94.42798882681565,96.21300000000001,84.17,"[[2.386295683655317, 6.026871508379888, 2.3396648044692734], [11.677150837988828, 4.319, 8.040000000000001], [14.404469273743015, 10.650000000000002, 0.8]]",8.852011173184358,179,10,0.92,0.75,2.91
chaina_a73m,/home/achen918/catalytic_binders/251211_paper_revision_1/computational_SSM/af3_complex/output/chaina_a73m/seed-1_sample-3/model.pdb,94.70328617363336,94.19614525139666,96.446,84.77,"[[2.3813145657126804, 5.592290502793296, 2.369832402234637], [11.162960893854748, 4.341, 7.62], [14.645810055865924, 10.4, 0.8]]",8.377625698324023,179,10,0.92,0.77,2.6
chaina_a73m,/home/achen918/catalytic_binders/251211_paper_revision_1/computational_SSM/af3_complex/output/chaina_a73m/seed-1_sample-4/model.pdb,94.34846302250786,93.91921787709498,95.95200000000001,83.48,"[[2.4665241409444154, 6.39413407821229, 2.4726256983240225], [12.222569832402236, 4.514, 8.4], [15.254189944134078, 11.110000000000001, 0.8]]",9.308351955307263,179,10,0.91,0.73,2.96
chaina_a73m,/home/achen918/catalytic_binders/251211_paper_revision_1/computational_SSM/af3_complex/output/chaina_a73m/seed-1_sample-1/model.pdb,94.47497749196151,94.42016759776536,96.078,84.6,"[[2.3988795605630284, 5.895530726256983, 2.352513966480447], [11.15703910614525, 4.167999999999999, 7.750000000000002], [14.61675977653631, 10.67, 0.8]]",8.526284916201117,179,10,0.92,0.76,2.79
chaina_a73m,/home/achen918/catalytic_binders/251211_paper_revision_1/computational_SSM/af3_complex/output/chaina_a73m/seed-1_sample-2/model.pdb,94.4806752411576,94.23720670391062,96.285,85.47,"[[2.4627976654910895, 5.469441340782122, 2.3681564245810054], [11.156201117318435, 4.334, 7.609999999999999], [14.562011173184354, 10.39, 0.8]]",8.312821229050279,179,10,0.91,0.78,2.67
chaina_a73n,/home/achen918/catalytic_binders/251211_paper_revision_1/computational_SSM/af3_complex/output/chaina_a73n/seed-1_sample-2/model.pdb,94.19192926045024,94.80413407821229,96.439,81.93,"[[2.111307387409881, 7.4451396648044685, 2.2860335195530728], [13.882905027932962, 5.101, 8.82], [14.363128491620111, 9.94, 0.8]]",10.664022346368714,179,10,0.92,0.68,3.11
chaina_a73n,/home/achen918/catalytic_binders/251211_paper_revision_1/computational_SSM/af3_complex/output/chaina_a73n/seed-1_sample-1/model.pdb,94.4575884244375,94.78726256983241,96.418,86.59,"[[2.1247339346462346, 5.462849162011173, 2.121229050279329], [12.503575418994414, 4.828, 7.08], [10.375418994413408, 7.659999999999999, 0.8]]",8.983212290502793,179,10,0.92,0.75,2.59
chaina_a73n,/home/achen918/catalytic_binders/251211_paper_revision_1/computational_SSM/af3_complex/output/chaina_a73n/seed-1_sample-3/model.pdb,93.97100964630233,94.52720670391061,96.79899999999999,84.89,"[[2.196251677538154, 6.099832402234637, 2.2374301675977653], [13.751564245810055, 5.356999999999998, 7.539999999999999], [11.78268156424581, 8.200000000000001, 0.8]]",9.925698324022346,179,10,0.91,0.71,3.05
chaina_a73n,/home/achen918/catalytic_binders/251211_paper_revision_1/computational_SSM/af3_complex/output/chaina_a73n/seed-1_sample-4/model.pdb,94.3625144694534,94.52787709497207,96.693,85.98,"[[2.2286414281701568, 5.619888268156425, 2.2402234636871508], [12.503798882681567, 4.843, 7.2700000000000005], [11.483798882681567, 8.03, 0.8]]",9.061843575418996,179,10,0.92,0.74,2.65
chaina_a73n,/home/achen918/catalytic_binders/251211_paper_revision_1/computational_SSM/af3_complex/output/chaina_a73n/seed-1_sample-0/model.pdb,94.67276527331191,94.77743016759777,96.79999999999998,88.96,"[[2.1806934864704592, 4.455754189944134, 2.046927374301676], [10.40195530726257, 4.261, 6.130000000000001], [7.839106145251397, 6.540000000000001, 0.8]]",7.428854748603352,179,10,0.92,0.8,2.15
chaina_a73p,/home/achen918/catalytic_binders/251211_paper_revision_1/computational_SSM/af3_complex/output/chaina_a73p/seed-1_sample-2/model.pdb,95.18961389961403,94.17703910614526,96.61000000000001,88.94,"[[2.468911706875566, 2.822067039106145, 2.3536312849162013], [5.883575418994414, 3.022, 3.7399999999999998], [12.293296089385475, 8.16, 0.8]]",4.35282122905028,179,10,0.92,0.92,0.98
chaina_a73p,/home/achen918/catalytic_binders/251211_paper_revision_1/computational_SSM/af3_complex/output/chaina_a73p/seed-1_sample-1/model.pdb,95.22382239382235,94.12949720670392,96.547,88.6,"[[2.470172591367311, 2.6729608938547487, 2.3240223463687153], [5.283240223463687, 2.842, 3.4899999999999998], [12.51564245810056, 8.1, 0.8]]",3.978100558659218,179,10,0.92,0.93,0.93
chaina_a73p,/home/achen918/catalytic_binders/251211_paper_revision_1/computational_SSM/af3_complex/output/chaina_a73p/seed-1_sample-3/model.pdb,95.36990990990996,94.0245251396648,96.93800000000002,89.8,"[[2.443662807028495, 2.7370391061452515, 2.293854748603352], [5.542346368715084, 2.943, 3.5200000000000005], [11.306703910614525, 7.589999999999999, 0.8]]",4.139692737430168,179,10,0.93,0.92,0.94
chaina_a73p,/home/achen918/catalytic_binders/251211_paper_revision_1/computational_SSM/af3_complex/output/chaina_a73p/seed-1_sample-4/model.pdb,95.35326898326912,93.77296089385476,96.84700000000001,90.79,"[[2.489728784994226, 2.749385474860335, 2.374301675977654], [5.413743016759776, 2.884, 3.4899999999999998], [9.868156424581006, 6.88, 0.8]]",4.081564245810055,179,10,0.92,0.92,0.96
chaina_a73p,/home/achen918/catalytic_binders/251211_paper_revision_1/computational_SSM/af3_complex/output/chaina_a73p/seed-1_sample-0/model.pdb,94.8296846846847,93.61044692737428,96.485,88.68,"[[2.615913985206454, 3.0677094972067045, 2.451396648044693], [6.1714525139664795, 3.156, 3.9599999999999995], [12.208938547486031, 8.3, 0.8]]",4.619581005586592,179,10,0.92,0.91,1.05
chaina_a73q,/home/achen918/catalytic_binders/251211_paper_revision_1/computational_SSM/af3_complex/output/chaina_a73q/seed-1_sample-4/model.pdb,94.51314267352195,94.64078212290504,96.38699999999999,83.39,"[[2.1126400549296216, 7.630055865921787, 2.1553072625698326], [13.958882681564246, 5.195999999999999, 8.7], [14.102234636871508, 9.6, 0.8]]",10.794469273743017,179,10,0.92,0.67,3.17
chaina_a73q,/home/achen918/catalytic_binders/251211_paper_revision_1/computational_SSM/af3_complex/output/chaina_a73q/seed-1_sample-3/model.pdb,94.46309125964031,94.63994413407823,97.14800000000001,84.28,"[[2.10443182172841, 5.724581005586592, 2.135195530726257], [13.454748603351955, 5.381, 7.510000000000001], [12.104469273743016, 8.02, 0.8]]",9.589664804469274,179,10,0.92,0.72,2.94
chaina_a73q,/home/achen918/catalytic_binders/251211_paper_revision_1/computational_SSM/af3_complex/output/chaina_a73q/seed-1_sample-0/model.pdb,94.59428020565535,94.37949720670392,96.215,87.6,"[[2.121204082269592, 4.5065921787709495, 2.03072625698324], [11.137150837988827, 4.5680000000000005, 6.9799999999999995], [9.058100558659218, 6.910000000000001, 0.8]]",7.821871508379888,179,10,0.93,0.79,2.33
chaina_a73q,/home/achen918/catalytic_binders/251211_paper_revision_1/computational_SSM/af3_complex/output/chaina_a73q/seed-1_sample-2/model.pdb,95.1011375321337,95.0390502793296,94.80600000000001,86.57,"[[1.8981398832745544, 4.988826815642458, 1.8111731843575416], [10.351620111731842, 4.284, 6.589999999999999], [9.554748603351957, 7.49, 0.8]]",7.67022346368715,179,10,0.93,0.78,2.26
chaina_a73q,/home/achen918/catalytic_binders/251211_paper_revision_1/computational_SSM/af3_complex/output/chaina_a73q/seed-1_sample-1/model.pdb,94.82162596401015,94.86094972067039,97.24199999999999,83.81,"[[1.9835117505695827, 4.821340782122904, 2.101675977653631], [12.03145251396648, 4.797, 7.7299999999999995], [13.528491620111732, 9.42, 0.8]]",8.426396648044692,179,10,0.93,0.77,2.48
chaina_a73r,/home/achen918/catalytic_binders/251211_paper_revision_1/computational_SSM/af3_complex/output/chaina_a73r/seed-1_sample-1/model.pdb,93.93829268292687,94.21502793296091,94.99100000000001,82.48,"[[2.2634405917418308, 6.250167597765363, 2.2899441340782123], [12.967262569832403, 4.77, 7.69], [14.091620111731844, 10.13, 0.8]]",9.608715083798883,179,10,0.91,0.72,2.83
chaina_a73r,/home/achen918/catalytic_binders/251211_paper_revision_1/computational_SSM/af3_complex/output/chaina_a73r/seed-1_sample-2/model.pdb,94.93963414634163,94.82530726256984,93.47,84.15,"[[2.0376143066695795, 4.978826815642457, 2.0016759776536315], [10.434245810055868, 4.2330000000000005, 7.119999999999999], [12.995530726256982, 9.2, 0.8]]",7.706536312849163,179,10,0.93,0.78,2.33
chaina_a73r,/home/achen918/catalytic_binders/251211_paper_revision_1/computational_SSM/af3_complex/output/chaina_a73r/seed-1_sample-0/model.pdb,94.68173940949936,94.65798882681564,93.731,83.74,"[[2.1342217783464936, 5.339441340782123, 2.064804469273743], [11.150782122905028, 4.308, 7.660000000000001], [12.83016759776536, 9.190000000000001, 0.8]]",8.245111731843576,179,10,0.92,0.77,2.61
chaina_a73r,/home/achen918/catalytic_binders/251211_paper_revision_1/computational_SSM/af3_complex/output/chaina_a73r/seed-1_sample-3/model.pdb,94.42633504492936,94.61441340782125,93.576,81.68,"[[2.1094035766673946, 6.426536312849162, 2.234078212290503], [12.784245810055866, 4.976, 8.51], [14.331284916201119, 9.93, 0.8]]",9.605391061452515,179,10,0.92,0.71,2.97
chaina_a73r,/home/achen918/catalytic_binders/251211_paper_revision_1/computational_SSM/af3_complex/output/chaina_a73r/seed-1_sample-4/model.pdb,94.86195121951222,94.64173184357543,93.904,87.91,"[[2.122299553696826, 5.437709497206704, 1.9804469273743017], [11.230279329608937, 4.334999999999999, 7.830000000000001], [8.995530726256982, 8.17, 0.8]]",8.33399441340782,179,10,0.92,0.77,2.56
chaina_a73s,/home/achen918/catalytic_binders/251211_paper_revision_1/computational_SSM/af3_complex/output/chaina_a73s/seed-1_sample-0/model.pdb,94.18614294913071,94.35162011173183,96.248,84.56,"[[2.3439998751599513, 5.894078212290503, 2.3022346368715083], [11.547206703910614, 4.237, 7.85], [13.498324022346369, 10.190000000000001, 0.8]]",8.720642458100558,179,10,0.92,0.76,2.83
chaina_a73s,/home/achen918/catalytic_binders/251211_paper_revision_1/computational_SSM/af3_complex/output/chaina_a73s/seed-1_sample-4/model.pdb,94.42358660656794,93.90944134078212,96.24300000000001,83.11,"[[2.415361567991012, 6.330167597765363, 2.4849162011173185], [12.068324022346367, 4.331, 8.1], [14.896089385474859, 10.6, 0.8]]",9.199245810055865,179,10,0.91,0.74,2.85
chaina_a73s,/home/achen918/catalytic_binders/251211_paper_revision_1/computational_SSM/af3_complex/output/chaina_a73s/seed-1_sample-3/model.pdb,94.53508692852543,94.00446927374303,96.551,84.27,"[[2.4038263474922754, 5.702290502793296, 2.433519553072626], [11.299217877094971, 4.297999999999999, 7.529999999999999], [14.248044692737428, 10.05, 0.8]]",8.500754189944134,179,10,0.91,0.77,2.67
chaina_a73s,/home/achen918/catalytic_binders/251211_paper_revision_1/computational_SSM/af3_complex/output/chaina_a73s/seed-1_sample-1/model.pdb,94.63182227945923,94.42067039106145,96.284,84.31,"[[2.3691457819668544, 5.499608938547485, 2.381005586592179], [10.786648044692736, 4.032, 7.480000000000001], [14.373743016759777, 10.3, 0.8]]",8.14312849162011,179,10,0.92,0.79,2.66
chaina_a73s,/home/achen918/catalytic_binders/251211_paper_revision_1/computational_SSM/af3_complex/output/chaina_a73s/seed-1_sample-2/model.pdb,94.43301996136537,94.17284916201119,96.41499999999999,84.43,"[[2.4519334602540495, 5.868156424581006, 2.4726256983240225], [11.54703910614525, 4.243, 7.9], [14.687150837988828, 10.57, 0.8]]",8.70759776536313,179,10,0.91,0.77,2.85
chaina_a73t,/home/achen918/catalytic_binders/251211_paper_revision_1/computational_SSM/af3_complex/output/chaina_a73t/seed-1_sample-0/model.pdb,94.4643693693694,94.3790502793296,96.834,84.67,"[[2.408966636496988, 5.245810055865922, 2.346368715083799], [10.53335195530726, 4.065, 7.2], [14.120670391061454, 10.06, 0.8]]",7.889581005586591,179,10,0.92,0.79,2.54
chaina_a73t,/home/achen918/catalytic_binders/251211_paper_revision_1/computational_SSM/af3_complex/output/chaina_a73t/seed-1_sample-4/model.pdb,94.53626126126136,93.98284916201118,96.599,83.68,"[[2.4330950969070875, 6.299553072625699, 2.493296089385475], [12.040949720670392, 4.3660000000000005, 8.129999999999999], [15.320111731843577, 10.82, 0.8]]",9.170251396648045,179,10,0.91,0.73,2.98
chaina_a73t,/home/achen918/catalytic_binders/251211_paper_revision_1/computational_SSM/af3_complex/output/chaina_a73t/seed-1_sample-3/model.pdb,94.80660231660228,94.19027932960893,96.94,84.46,"[[2.3724540432570764, 5.319832402234637, 2.4173184357541904], [10.788156424581006, 4.187, 7.3199999999999985], [14.825139664804468, 10.190000000000001, 0.8]]",8.053994413407821,179,10,0.92,0.78,2.53
chaina_a73t,/home/achen918/catalytic_binders/251211_paper_revision_1/computational_SSM/af3_complex/output/chaina_a73t/seed-1_sample-1/model.pdb,94.78694337194322,94.54810055865921,96.58500000000001,85.22,"[[2.365534783558566, 5.133407821229051, 2.317877094972067], [10.255586592178771, 3.9390000000000005, 7.090000000000001], [14.193854748603353, 9.97, 0.8]]",7.694497206703911,179,10,0.92,0.8,2.51
chaina_a73t,/home/achen918/catalytic_binders/251211_paper_revision_1/computational_SSM/af3_complex/output/chaina_a73t/seed-1_sample-2/model.pdb,94.71229729729743,94.37642458100557,96.815,85.22,"[[2.4142817015698634, 5.319217877094972, 2.394972067039106], [10.87581005586592, 4.123, 7.469999999999999], [14.543575418994415, 10.15, 0.8]]",8.097513966480445,179,10,0.92,0.79,2.65
chaina_a73v,/home/achen918/catalytic_binders/251211_paper_revision_1/computational_SSM/af3_complex/output/chaina_a73v/seed-1_sample-2/model.pdb,95.3187516087518,94.306312849162,97.232,89.55,"[[2.479020629818046, 2.700391061452514, 2.306703910614525], [5.572625698324022, 3.003, 3.6599999999999993], [11.954748603351954, 7.8199999999999985, 0.8]]",4.136508379888268,179,10,0.93,0.92,0.94
chaina_a73v,/home/achen918/catalytic_binders/251211_paper_revision_1/computational_SSM/af3_complex/output/chaina_a73v/seed-1_sample-1/model.pdb,95.39752895752915,94.28497206703909,97.167,89.0,"[[2.391969663868169, 2.5187150837988828, 2.2217877094972067], [4.985474860335196, 2.7760000000000002, 3.41], [12.376536312849163, 8.040000000000001, 0.8]]",3.7520949720670393,179,10,0.93,0.93,0.91
chaina_a73v,/home/achen918/catalytic_binders/251211_paper_revision_1/computational_SSM/af3_complex/output/chaina_a73v/seed-1_sample-4/model.pdb,95.48166666666667,93.74005586592179,97.41499999999999,87.18,"[[2.467082800162292, 2.7196089385474864, 2.382122905027933], [5.4775418994413405, 2.931, 3.72], [13.703351955307266, 8.92, 0.8]]",4.098575418994414,179,10,0.93,0.92,0.95
chaina_a73v,/home/achen918/catalytic_binders/251211_paper_revision_1/computational_SSM/af3_complex/output/chaina_a73v/seed-1_sample-3/model.pdb,95.47126126126149,93.69564245810056,97.357,89.08,"[[2.4692300489997194, 2.689385474860335, 2.322905027932961], [5.318826815642457, 2.926, 3.5900000000000007], [12.408938547486033, 8.219999999999999, 0.8]]",4.004106145251396,179,10,0.93,0.92,0.94
chaina_a73v,/home/achen918/catalytic_binders/251211_paper_revision_1/computational_SSM/af3_complex/output/chaina_a73v/seed-1_sample-0/model.pdb,95.24738095238068,94.16659217877096,97.31700000000001,89.88,"[[2.38510346119035, 2.545754189944134, 2.1966480446927372], [5.239162011173184, 2.853, 3.44], [10.421787709497206, 7.08, 0.8]]",3.8924581005586587,179,10,0.93,0.93,0.93
chaina_a73w,/home/achen918/catalytic_binders/251211_paper_revision_1/computational_SSM/af3_complex/output/chaina_a73w/seed-1_sample-4/model.pdb,94.8505445227418,94.25759776536313,96.86800000000001,87.48,"[[2.366405542898162, 3.2872625698324023, 2.2854748603351958], [8.971284916201117, 4.617, 6.3], [10.668156424581005, 8.17, 0.8]]",6.12927374301676,179,10,0.92,0.86,1.19
chaina_a73w,/home/achen918/catalytic_binders/251211_paper_revision_1/computational_SSM/af3_complex/output/chaina_a73w/seed-1_sample-3/model.pdb,94.80167200512494,94.34675977653632,96.91400000000002,85.27,"[[2.334655597515683, 3.1018435754189944, 2.4094972067039104], [8.42268156424581, 4.417999999999999, 5.869999999999999], [13.379888268156424, 9.14, 0.8]]",5.762262569832402,179,10,0.93,0.87,1.12
chaina_a73w,/home/achen918/catalytic_binders/251211_paper_revision_1/computational_SSM/af3_complex/output/chaina_a73w/seed-1_sample-0/model.pdb,94.30836643177435,94.24882681564246,96.76700000000001,85.42,"[[2.430723135982023, 3.4843016759776533, 2.493854748603352], [9.455642458100558, 4.7, 6.93], [13.695530726256983, 9.81, 0.8]]",6.469972067039105,179,10,0.92,0.85,1.31
chaina_a73w,/home/achen918/catalytic_binders/251211_paper_revision_1/computational_SSM/af3_complex/output/chaina_a73w/seed-1_sample-2/model.pdb,94.87609865470849,94.59865921787711,97.057,86.22,"[[2.3064167785025433, 3.0939664804469276, 2.38659217877095], [8.298212290502793, 4.3660000000000005, 6.04], [13.39776536312849, 9.489999999999998, 0.8]]",5.69608938547486,179,10,0.93,0.88,1.15
chaina_a73w,/home/achen918/catalytic_binders/251211_paper_revision_1/computational_SSM/af3_complex/output/chaina_a73w/seed-1_sample-1/model.pdb,94.66975016015357,94.47480446927374,96.79100000000001,84.76,"[[2.4127368059673544, 3.305642458100559, 2.523463687150838], [8.715474860335195, 4.485, 6.279999999999999], [14.170391061452515, 9.86, 0.8]]",6.010558659217877,179,10,0.92,0.87,1.25
chaina_a73y,/home/achen918/catalytic_binders/251211_paper_revision_1/computational_SSM/af3_complex/output/chaina_a73y/seed-1_sample-0/model.pdb,94.05292495189235,94.94687150837987,96.13999999999999,81.79,"[[2.2318591804250802, 6.2293296089385475, 2.2715083798882683], [12.636648044692736, 4.901, 8.35], [13.833519553072625, 10.15, 0.8]]",9.432988826815642,179,10,0.92,0.72,2.81
chaina_a73y,/home/achen918/catalytic_binders/251211_paper_revision_1/computational_SSM/af3_complex/output/chaina_a73y/seed-1_sample-3/model.pdb,94.05671584348943,94.65636871508381,96.529,80.98,"[[2.342186573452764, 5.947486033519553, 2.4720670391061454], [12.517039106145251, 4.952, 7.9], [14.371508379888269, 9.900000000000002, 0.8]]",9.232262569832402,179,10,0.91,0.73,2.56
chaina_a73y,/home/achen918/catalytic_binders/251211_paper_revision_1/computational_SSM/af3_complex/output/chaina_a73y/seed-1_sample-4/model.pdb,94.3174214239899,94.78122905027931,96.516,81.24,"[[2.294507037857745, 5.927988826815643, 2.4078212290502794], [12.194245810055865, 4.796, 7.74], [14.510614525139665, 9.94, 0.8]]",9.061117318435754,179,10,0.92,0.74,2.6
chaina_a73y,/home/achen918/catalytic_binders/251211_paper_revision_1/computational_SSM/af3_complex/output/chaina_a73y/seed-1_sample-1/model.pdb,94.08923669018618,94.54011173184358,95.564,87.11,"[[2.2482974938360223, 5.7018435754189944, 2.146368715083799], [11.728212290502793, 4.329000000000001, 6.5200000000000005], [9.131843575418996, 7.5200000000000005, 0.8]]",8.715027932960894,179,10,0.92,0.76,2.36
chaina_a73y,/home/achen918/catalytic_binders/251211_paper_revision_1/computational_SSM/af3_complex/output/chaina_a73y/seed-1_sample-2/model.pdb,94.40926234765867,95.07396648044694,96.38400000000001,82.16,"[[2.2435629349895447, 5.865251396648044, 2.3039106145251393], [11.93564245810056, 4.779, 7.68], [13.90391061452514, 9.860000000000001, 0.8]]",8.900446927374302,179,10,0.92,0.74,2.58
chaina_a75d,/home/achen918/catalytic_binders/251211_paper_revision_1/computational_SSM/af3_complex/output/chaina_a75d/seed-1_sample-0/model.pdb,95.71630868167209,94.57307262569833,97.96799999999999,89.19,"[[2.3501700945663364, 2.347597765363129, 2.2268156424581007], [4.435754189944134, 2.4829999999999997, 3.12], [9.787709497206704, 6.7299999999999995, 0.8]]",3.3916759776536316,179,10,0.93,0.94,0.87
chaina_a75d,/home/achen918/catalytic_binders/251211_paper_revision_1/computational_SSM/af3_complex/output/chaina_a75d/seed-1_sample-4/model.pdb,95.8051575562703,94.2241340782123,97.969,89.24,"[[2.3622546112792984, 2.3088268156424583, 2.2575418994413408], [4.271284916201117, 2.415, 2.92], [8.697765363128491, 5.97, 0.8]]",3.290055865921788,179,10,0.93,0.94,0.85
chaina_a75d,/home/achen918/catalytic_binders/251211_paper_revision_1/computational_SSM/af3_complex/output/chaina_a75d/seed-1_sample-3/model.pdb,95.77696463022521,94.16815642458101,98.012,88.7,"[[2.3702350113916544, 2.340391061452514, 2.3072625698324023], [4.2936871508379895, 2.458, 3.0799999999999996], [10.873743016759775, 7.219999999999999, 0.8]]",3.317039106145252,179,10,0.93,0.94,0.85
chaina_a75d,/home/achen918/catalytic_binders/251211_paper_revision_1/computational_SSM/af3_complex/output/chaina_a75d/seed-1_sample-1/model.pdb,95.70536977491979,94.51413407821231,97.903,88.09,"[[2.367641459380169, 2.3374301675977653, 2.340223463687151], [4.417094972067039, 2.478, 3.1700000000000004], [11.916759776536312, 7.779999999999999, 0.8]]",3.377262569832402,179,10,0.93,0.94,0.85
chaina_a75d,/home/achen918/catalytic_binders/251211_paper_revision_1/computational_SSM/af3_complex/output/chaina_a75d/seed-1_sample-2/model.pdb,95.72058520900327,94.58653631284918,97.96199999999999,88.47,"[[2.377210449112075, 2.360223463687151, 2.298324022346369], [4.534413407821229, 2.5380000000000003, 3.14], [11.070949720670392, 7.32, 0.8]]",3.44731843575419,179,10,0.93,0.94,0.86
chaina_a75e,/home/achen918/catalytic_binders/251211_paper_revision_1/computational_SSM/af3_complex/output/chaina_a75e/seed-1_sample-4/model.pdb,95.4094858611826,93.68430167597766,97.574,89.24,"[[2.534895914609407, 2.8132402234636875, 2.44804469273743], [5.399441340782123, 2.8080000000000003, 3.47], [9.574860335195531, 6.7700000000000005, 0.8]]",4.106340782122905,179,10,0.92,0.92,1.01
chaina_a75e,/home/achen918/catalytic_binders/251211_paper_revision_1/computational_SSM/af3_complex/output/chaina_a75e/seed-1_sample-3/model.pdb,95.2484575835477,93.73709497206703,97.58,88.36,"[[2.5254392809213195, 2.8741340782122906, 2.4273743016759775], [5.394022346368715, 2.8509999999999995, 3.65], [11.414525139664804, 7.769999999999999, 0.8]]",4.134078212290502,179,10,0.93,0.92,1.0
chaina_a75e,/home/achen918/catalytic_binders/251211_paper_revision_1/computational_SSM/af3_complex/output/chaina_a75e/seed-1_sample-0/model.pdb,95.0647686375321,94.02586592178771,97.50999999999999,89.37,"[[2.497241034924004, 2.832960893854749, 2.3139664804469278], [5.538212290502793, 2.8700000000000006, 3.6599999999999993], [9.502234636871508, 6.869999999999999, 0.8]]",4.185586592178771,179,10,0.93,0.92,1.03
chaina_a75e,/home/achen918/catalytic_binders/251211_paper_revision_1/computational_SSM/af3_complex/output/chaina_a75e/seed-1_sample-2/model.pdb,95.37715295629822,94.25653631284915,97.58600000000001,88.67,"[[2.472566399300896, 2.781508379888268, 2.3608938547486034], [5.496480446927375, 2.8500000000000005, 3.5799999999999996], [10.996648044692737, 7.45, 0.8]]",4.138994413407822,179,10,0.93,0.92,1.01
chaina_a75e,/home/achen918/catalytic_binders/251211_paper_revision_1/computational_SSM/af3_complex/output/chaina_a75e/seed-1_sample-1/model.pdb,95.25893316195379,94.1064245810056,97.48100000000001,88.12,"[[2.493477107456072, 2.755586592178771, 2.4044692737430164], [5.324469273743016, 2.8080000000000003, 3.6700000000000004], [12.022905027932962, 8.05, 0.8]]",4.040027932960894,179,10,0.93,0.92,1.0
chaina_a75f,/home/achen918/catalytic_binders/251211_paper_revision_1/computational_SSM/af3_complex/output/chaina_a75f/seed-1_sample-3/model.pdb,95.14865211809996,93.84787709497206,97.86699999999999,87.79,"[[2.521566118410786, 2.4564245810055865, 2.437988826815643], [4.366312849162012, 2.468, 3.0699999999999994], [11.491061452513964, 7.549999999999999, 0.8]]",3.411368715083799,179,10,0.93,0.94,0.85
chaina_a75f,/home/achen918/catalytic_binders/251211_paper_revision_1/computational_SSM/af3_complex/output/chaina_a75f/seed-1_sample-4/model.pdb,95.10086649550702,93.19703910614525,97.684,87.89,"[[2.601591710620767, 2.5360893854748605, 2.484916201117318], [4.431564245810057, 2.5170000000000003, 3.05], [10.57486033519553, 7.040000000000001, 0.8]]",3.4838268156424586,179,10,0.92,0.93,0.87
chaina_a75f,/home/achen918/catalytic_binders/251211_paper_revision_1/computational_SSM/af3_complex/output/chaina_a75f/seed-1_sample-0/model.pdb,94.78600128369716,93.55318435754191,97.60099999999998,88.59,"[[2.634112543303892, 2.605642458100559, 2.4491620111731844], [4.595698324022347, 2.5629999999999997, 3.22], [10.05586592178771, 6.840000000000001, 0.8]]",3.600670391061453,179,10,0.92,0.93,0.89
chaina_a75f,/home/achen918/catalytic_binders/251211_paper_revision_1/computational_SSM/af3_complex/output/chaina_a75f/seed-1_sample-2/model.pdb,95.11731707317078,93.98653631284917,97.751,88.36,"[[2.529003464311351, 2.5114525139664803, 2.411173184357542], [4.759888268156424, 2.617, 3.15], [10.827374301675977, 7.25, 0.8]]",3.6356703910614523,179,10,0.93,0.94,0.86
chaina_a75f,/home/achen918/catalytic_binders/251211_paper_revision_1/computational_SSM/af3_complex/output/chaina_a75f/seed-1_sample-1/model.pdb,94.95306803594367,93.9368156424581,97.613,87.25,"[[2.599500639805249, 2.5701117318435753, 2.505586592178771], [4.56413407821229, 2.536, 3.2600000000000002], [11.90949720670391, 7.6800000000000015, 0.8]]",3.567122905027933,179,10,0.92,0.94,0.88
chaina_a75g,/home/achen918/catalytic_binders/251211_paper_revision_1/computational_SSM/af3_complex/output/chaina_a75g/seed-1_sample-1/model.pdb,95.5623791102516,94.28351955307262,97.68400000000001,87.91,"[[2.4342717143659685, 2.503575418994413, 2.3642458100558654], [4.604581005586593, 2.54, 3.31], [11.779888268156425, 7.75, 0.8]]",3.554078212290503,179,10,0.93,0.94,0.89
chaina_a75g,/home/achen918/catalytic_binders/251211_paper_revision_1/computational_SSM/af3_complex/output/chaina_a75g/seed-1_sample-2/model.pdb,95.6960477111542,94.38212290502793,97.80300000000001,88.72,"[[2.3709403576667394, 2.405027932960894, 2.281005586592179], [4.633687150837988, 2.563, 3.1399999999999997], [10.730167597765364, 7.26, 0.8]]",3.519357541899441,179,10,0.93,0.94,0.85
chaina_a75g,/home/achen918/catalytic_binders/251211_paper_revision_1/computational_SSM/af3_complex/output/chaina_a75g/seed-1_sample-0/model.pdb,95.54379110251459,94.19508379888269,97.663,89.0,"[[2.3930276832807964, 2.4930726256983236, 2.269832402234637], [4.59195530726257, 2.565, 3.28], [9.980446927374302, 6.909999999999999, 0.8]]",3.5425139664804464,179,10,0.93,0.94,0.87
chaina_a75g,/home/achen918/catalytic_binders/251211_paper_revision_1/computational_SSM/af3_complex/output/chaina_a75g/seed-1_sample-4/model.pdb,95.75341715022584,93.91564245810056,97.783,89.73,"[[2.393152523329484, 2.3659217877094973, 2.294972067039106], [4.366480446927374, 2.467, 2.9899999999999993], [8.927932960893854, 6.2, 0.8]]",3.366201117318436,179,10,0.93,0.94,0.84
chaina_a75g,/home/achen918/catalytic_binders/251211_paper_revision_1/computational_SSM/af3_complex/output/chaina_a75g/seed-1_sample-3/model.pdb,95.66548033526747,94.28307262569831,97.83000000000001,88.55,"[[2.3960488124590364, 2.414692737430167, 2.3167597765363124], [4.552458100558659, 2.557, 3.19], [11.159217877094973, 7.31, 0.8]]",3.483575418994413,179,10,0.93,0.94,0.86
chaina_a75h,/home/achen918/catalytic_binders/251211_paper_revision_1/computational_SSM/af3_complex/output/chaina_a75h/seed-1_sample-3/model.pdb,95.54341040462403,93.99122905027936,97.97,88.12,"[[2.3998938859586154, 2.3787709497206704, 2.322905027932961], [4.340949720670391, 2.4590000000000005, 3.08], [11.29217877094972, 7.42, 0.8]]",3.3598603351955307,179,10,0.93,0.94,0.85
chaina_a75h,/home/achen918/catalytic_binders/251211_paper_revision_1/computational_SSM/af3_complex/output/chaina_a75h/seed-1_sample-4/model.pdb,95.35562620423897,93.44100558659217,97.718,88.25,"[[2.5343372553915295, 2.519832402234637, 2.4083798882681564], [4.4708379888268155, 2.5220000000000002, 3.07], [9.956424581005589, 6.75, 0.8]]",3.495335195530726,179,10,0.93,0.93,0.88
chaina_a75h,/home/achen918/catalytic_binders/251211_paper_revision_1/computational_SSM/af3_complex/output/chaina_a75h/seed-1_sample-0/model.pdb,95.11868978805384,93.85608938547487,97.791,89.11,"[[2.5114665584719575, 2.5230167597765365, 2.331284916201117], [4.5888268156424585, 2.5500000000000007, 3.1699999999999995], [9.700000000000001, 6.68, 0.8]]",3.5559217877094973,179,10,0.92,0.93,0.89
chaina_a75h,/home/achen918/catalytic_binders/251211_paper_revision_1/computational_SSM/af3_complex/output/chaina_a75h/seed-1_sample-2/model.pdb,95.52292870905575,94.45569832402235,97.93699999999998,88.92,"[[2.349215068193877, 2.3385474860335194, 2.2385474860335193], [4.448100558659218, 2.5060000000000002, 2.9899999999999993], [10.203351955307262, 6.82, 0.8]]",3.3933240223463685,179,10,0.93,0.94,0.85
chaina_a75h,/home/achen918/catalytic_binders/251211_paper_revision_1/computational_SSM/af3_complex/output/chaina_a75h/seed-1_sample-1/model.pdb,95.3523570969814,94.24553072625699,97.79400000000001,87.9,"[[2.4649636403358195, 2.445698324022346, 2.3854748603351954], [4.584189944134079, 2.5469999999999997, 3.18], [11.896089385474859, 7.720000000000001, 0.8]]",3.5149441340782124,179,10,0.93,0.94,0.87
chaina_a75i,/home/achen918/catalytic_binders/251211_paper_revision_1/computational_SSM/af3_complex/output/chaina_a75i/seed-1_sample-0/model.pdb,95.08109324758853,93.82569832402237,97.413,88.85,"[[2.4848350550856715, 2.7335754189944135, 2.3391061452513964], [5.208882681564246, 2.7829999999999995, 3.5699999999999994], [10.081005586592179, 7.07, 0.8]]",3.9712290502793297,179,10,0.92,0.93,0.95
chaina_a75i,/home/achen918/catalytic_binders/251211_paper_revision_1/computational_SSM/af3_complex/output/chaina_a75i/seed-1_sample-3/model.pdb,95.36610289389066,93.93765363128492,97.723,88.73,"[[2.4504197746637124, 2.549385474860335, 2.3435754189944134], [4.878882681564245, 2.7150000000000007, 3.3899999999999997], [11.014525139664805, 7.38, 0.8]]",3.71413407821229,179,10,0.93,0.93,0.9
chaina_a75i,/home/achen918/catalytic_binders/251211_paper_revision_1/computational_SSM/af3_complex/output/chaina_a75i/seed-1_sample-4/model.pdb,95.57349196141475,93.87564245810059,97.784,89.56,"[[2.424262663462439, 2.452458100558659, 2.317877094972067], [4.5343016759776535, 2.5240000000000005, 3.07], [9.144692737430168, 6.3500000000000005, 0.8]]",3.4933798882681564,179,10,0.93,0.94,0.87
chaina_a75i,/home/achen918/catalytic_binders/251211_paper_revision_1/computational_SSM/af3_complex/output/chaina_a75i/seed-1_sample-1/model.pdb,95.36263022508021,94.27932960893855,97.58900000000001,88.09,"[[2.4397553135045724, 2.532290502793296, 2.3692737430167594], [4.8722905027932955, 2.6650000000000005, 3.4099999999999993], [11.887150837988825, 7.75, 0.8]]",3.7022905027932955,179,10,0.93,0.93,0.89
chaina_a75i,/home/achen918/catalytic_binders/251211_paper_revision_1/computational_SSM/af3_complex/output/chaina_a75i/seed-1_sample-2/model.pdb,95.38508038585218,94.22201117318434,97.69000000000001,88.6,"[[2.439973783589776, 2.588994413407821, 2.3329608938547484], [5.056983240223464, 2.7230000000000008, 3.4200000000000004], [11.078212290502794, 7.38, 0.8]]",3.8229888268156422,179,10,0.93,0.93,0.91
chaina_a75k,/home/achen918/catalytic_binders/251211_paper_revision_1/computational_SSM/af3_complex/output/chaina_a75k/seed-1_sample-2/model.pdb,95.50438303341909,94.28474860335196,97.879,88.82,"[[2.4268655784775754, 2.3722346368715086, 2.293296089385475], [4.443798882681564, 2.516, 3.02], [10.207262569832402, 6.959999999999999, 0.8]]",3.4080167597765367,179,10,0.93,0.94,0.84
chaina_a75k,/home/achen918/catalytic_binders/251211_paper_revision_1/computational_SSM/af3_complex/output/chaina_a75k/seed-1_sample-1/model.pdb,95.74130462724949,94.58709497206706,97.905,88.21,"[[2.365160263412503, 2.316927374301676, 2.2882681564245813], [4.292067039106146, 2.438, 3.02], [11.275977653631283, 7.33, 0.8]]",3.3044972067039113,179,10,0.93,0.94,0.85
chaina_a75k,/home/achen918/catalytic_binders/251211_paper_revision_1/computational_SSM/af3_complex/output/chaina_a75k/seed-1_sample-3/model.pdb,95.70499999999997,94.0654189944134,97.942,88.59,"[[2.3668892980868264, 2.323854748603352, 2.2832402234636873], [4.239776536312849, 2.416, 2.98], [10.816759776536314, 7.130000000000001, 0.8]]",3.281815642458101,179,10,0.93,0.94,0.85
chaina_a75k,/home/achen918/catalytic_binders/251211_paper_revision_1/computational_SSM/af3_complex/output/chaina_a75k/seed-1_sample-4/model.pdb,95.75579691516698,93.86033519553075,97.917,89.12,"[[2.3719796510720643, 2.32391061452514, 2.2748603351955308], [4.229385474860336, 2.406, 2.8600000000000003], [8.756424581005588, 6.02, 0.8]]",3.2766480446927377,179,10,0.93,0.94,0.85
chaina_a75k,/home/achen918/catalytic_binders/251211_paper_revision_1/computational_SSM/af3_complex/output/chaina_a75k/seed-1_sample-0/model.pdb,95.39056555269917,94.01106145251399,97.73799999999997,89.04,"[[2.4896445179613615, 2.5359776536312846, 2.3324022346368714], [4.581173184357542, 2.551, 3.1699999999999995], [10.083240223463688, 6.910000000000001, 0.8]]",3.5585754189944137,179,10,0.93,0.93,0.88
chaina_a75l,/home/achen918/catalytic_binders/251211_paper_revision_1/computational_SSM/af3_complex/output/chaina_a75l/seed-1_sample-2/model.pdb,95.91627009646292,94.81642458100558,98.028,88.81,"[[2.2277893948378638, 2.140558659217877, 2.145810055865922], [4.068882681564245, 2.342, 2.82], [10.156983240223463, 6.8, 0.8]]",3.1047206703910613,179,10,0.94,0.95,0.82
chaina_a75l,/home/achen918/catalytic_binders/251211_paper_revision_1/computational_SSM/af3_complex/output/chaina_a75l/seed-1_sample-1/model.pdb,95.65744694533765,94.44977653631285,97.878,87.79,"[[2.3540307730720014, 2.292011173184358, 2.3016759776536313], [4.192402234636871, 2.403, 3.0600000000000005], [11.693296089385477, 7.5, 0.8]]",3.2422067039106146,179,10,0.93,0.94,0.84
chaina_a75l,/home/achen918/catalytic_binders/251211_paper_revision_1/computational_SSM/af3_complex/output/chaina_a75l/seed-1_sample-3/model.pdb,95.89435369774921,94.53508379888268,98.02300000000001,89.11,"[[2.2277144908086512, 2.1485474860335194, 2.154189944134078], [3.9979329608938543, 2.3280000000000003, 2.81], [10.042458100558658, 6.63, 0.8]]",3.073240223463687,179,10,0.94,0.95,0.82
chaina_a75l,/home/achen918/catalytic_binders/251211_paper_revision_1/computational_SSM/af3_complex/output/chaina_a75l/seed-1_sample-4/model.pdb,95.82944051446968,94.20106145251395,97.95899999999999,89.59,"[[2.292278642988671, 2.188882681564246, 2.2044692737430167], [3.9312849162011174, 2.2750000000000004, 2.75], [8.683798882681563, 5.85, 0.8]]",3.0600837988826814,179,10,0.93,0.94,0.83
chaina_a75l,/home/achen918/catalytic_binders/251211_paper_revision_1/computational_SSM/af3_complex/output/chaina_a75l/seed-1_sample-0/model.pdb,95.67924115755635,94.42513966480446,97.829,89.06,"[[2.2943385037920163, 2.2856983240223463, 2.1743016759776537], [4.275530726256983, 2.4280000000000004, 3.0], [9.453072625698326, 6.38, 0.8]]",3.280614525139665,179,10,0.93,0.94,0.85
chaina_a75m,/home/achen918/catalytic_binders/251211_paper_revision_1/computational_SSM/af3_complex/output/chaina_a75m/seed-1_sample-0/model.pdb,95.45853376205775,94.17491620111733,97.762,89.48,"[[2.4152929059642334, 2.4079888268156426, 2.2374301675977653], [4.360893854748603, 2.4760000000000004, 3.06], [9.12905027932961, 6.409999999999999, 0.8]]",3.384441340782123,179,10,0.93,0.94,0.86
chaina_a75m,/home/achen918/catalytic_binders/251211_paper_revision_1/computational_SSM/af3_complex/output/chaina_a75m/seed-1_sample-4/model.pdb,95.57698392282961,93.49150837988829,97.81800000000001,89.2,"[[2.4317280983739584, 2.3731843575418994, 2.3128491620111733], [4.184189944134078, 2.416, 2.9199999999999995], [9.081564245810057, 6.209999999999999, 0.8]]",3.278687150837989,179,10,0.93,0.94,0.85
chaina_a75m,/home/achen918/catalytic_binders/251211_paper_revision_1/computational_SSM/af3_complex/output/chaina_a75m/seed-1_sample-3/model.pdb,95.77406430868189,94.31491620111733,97.958,89.13,"[[2.2991542086701413, 2.2449162011173183, 2.2039106145251397], [4.115810055865922, 2.373, 2.88], [10.026256983240222, 6.67, 0.8]]",3.1803631284916203,179,10,0.93,0.94,0.84
chaina_a75m,/home/achen918/catalytic_binders/251211_paper_revision_1/computational_SSM/af3_complex/output/chaina_a75m/seed-1_sample-1/model.pdb,95.53448231511273,94.29,97.77799999999999,88.28,"[[2.4177959489404204, 2.377765363128492, 2.317877094972067], [4.319441340782124, 2.458, 3.0899999999999994], [11.312849162011172, 7.390000000000001, 0.8]]",3.348603351955308,179,10,0.93,0.94,0.86
chaina_a75m,/home/achen918/catalytic_binders/251211_paper_revision_1/computational_SSM/af3_complex/output/chaina_a75m/seed-1_sample-2/model.pdb,95.46497106109332,94.18614525139665,97.833,89.35,"[[2.4298898286570334, 2.3811731843575417, 2.264804469273743], [4.413184357541899, 2.5069999999999997, 2.96], [9.612290502793295, 6.67, 0.8]]",3.3971787709497203,179,10,0.93,0.94,0.84
chaina_a75n,/home/achen918/catalytic_binders/251211_paper_revision_1/computational_SSM/af3_complex/output/chaina_a75n/seed-1_sample-1/model.pdb,95.63883601286186,94.61569832402235,97.97099999999998,87.99,"[[2.336390874192441, 2.2309497206703908, 2.26536312849162], [4.099944134078212, 2.37, 2.89], [11.594413407821227, 7.6800000000000015, 0.8]]",3.1654469273743016,179,10,0.93,0.94,0.83
chaina_a75n,/home/achen918/catalytic_binders/251211_paper_revision_1/computational_SSM/af3_complex/output/chaina_a75n/seed-1_sample-2/model.pdb,95.47050160771707,94.29486033519555,97.987,88.63,"[[2.4337192971505255, 2.34340782122905, 2.310614525139665], [4.2970391061452515, 2.451, 2.92], [10.675977653631286, 7.210000000000001, 0.8]]",3.320223463687151,179,10,0.93,0.94,0.83
chaina_a75n,/home/achen918/catalytic_binders/251211_paper_revision_1/computational_SSM/af3_complex/output/chaina_a75n/seed-1_sample-0/model.pdb,95.14437942122181,93.96083798882682,97.772,88.73,"[[2.5491994631877906, 2.5110614525139665, 2.3787709497206704], [4.460279329608938, 2.529, 3.1699999999999995], [10.312849162011172, 7.0, 0.8]]",3.4856703910614524,179,10,0.92,0.93,0.88
chaina_a75n,/home/achen918/catalytic_binders/251211_paper_revision_1/computational_SSM/af3_complex/output/chaina_a75n/seed-1_sample-4/model.pdb,95.63895176848881,94.04664804469273,98.002,89.98,"[[2.4061920664149055, 2.309664804469274, 2.2860335195530728], [4.139162011173185, 2.3720000000000003, 2.8200000000000003], [8.335754189944133, 5.7700000000000005, 0.8]]",3.2244134078212294,179,10,0.93,0.94,0.84
chaina_a75n,/home/achen918/catalytic_binders/251211_paper_revision_1/computational_SSM/af3_complex/output/chaina_a75n/seed-1_sample-3/model.pdb,95.56816077170411,94.05536312849163,98.015,88.07,"[[2.408626447364314, 2.333519553072626, 2.330167597765363], [4.1996089385474855, 2.399, 2.97], [11.386033519553076, 7.540000000000001, 0.8]]",3.2665642458100557,179,10,0.93,0.94,0.84
chaina_a75p,/home/achen918/catalytic_binders/251211_paper_revision_1/computational_SSM/af3_complex/output/chaina_a75p/seed-1_sample-2/model.pdb,94.99014800514803,93.97988826815643,97.26299999999999,87.96,"[[2.602112917824038, 3.089664804469274, 2.518994413407821], [6.291173184357542, 3.1480000000000006, 4.13], [11.40782122905028, 7.839999999999999, 0.8]]",4.690418994413408,179,10,0.92,0.91,1.13
chaina_a75p,/home/achen918/catalytic_binders/251211_paper_revision_1/computational_SSM/af3_complex/output/chaina_a75p/seed-1_sample-1/model.pdb,94.71845559845565,93.59111731843576,96.94300000000001,86.41,"[[2.668044068537187, 3.215474860335196, 2.6575418994413407], [6.352569832402235, 3.1550000000000007, 4.3100000000000005], [12.964245810055866, 8.53, 0.8]]",4.784022346368715,179,10,0.92,0.91,1.15
chaina_a75p,/home/achen918/catalytic_binders/251211_paper_revision_1/computational_SSM/af3_complex/output/chaina_a75p/seed-1_sample-3/model.pdb,95.05321750321764,93.58932960893854,97.279,87.52,"[[2.604981117942636, 3.117094972067039, 2.570391061452514], [6.165698324022347, 3.14, 4.0600000000000005], [12.355307262569832, 8.23, 0.8]]",4.641396648044693,179,10,0.92,0.91,1.13
chaina_a75p,/home/achen918/catalytic_binders/251211_paper_revision_1/computational_SSM/af3_complex/output/chaina_a75p/seed-1_sample-4/model.pdb,95.32308236808242,93.56625698324022,97.33400000000002,88.93,"[[2.5298648606472955, 2.8700558659217874, 2.458659217877095], [5.650335195530727, 2.931, 3.6400000000000006], [9.225698324022346, 6.640000000000001, 0.8]]",4.260195530726257,179,10,0.92,0.92,1.05
chaina_a75p,/home/achen918/catalytic_binders/251211_paper_revision_1/computational_SSM/af3_complex/output/chaina_a75p/seed-1_sample-0/model.pdb,94.73489703989698,93.65927374301675,97.173,87.35,"[[2.561699073062638, 3.2553072625698323, 2.4910614525139665], [6.490167597765364, 3.153, 4.220000000000001], [11.2731843575419, 7.839999999999999, 0.8]]",4.872737430167598,179,10,0.92,0.91,1.23
chaina_a75q,/home/achen918/catalytic_binders/251211_paper_revision_1/computational_SSM/af3_complex/output/chaina_a75q/seed-1_sample-2/model.pdb,95.50000642673524,94.25122905027933,97.878,89.1,"[[2.427180799600512, 2.417262569832402, 2.276536312849162], [4.57122905027933, 2.553, 3.04], [10.293854748603351, 6.94, 0.8]]",3.494245810055866,179,10,0.93,0.94,0.86
chaina_a75q,/home/achen918/catalytic_binders/251211_paper_revision_1/computational_SSM/af3_complex/output/chaina_a75q/seed-1_sample-1/model.pdb,95.6156169665811,94.46212290502794,97.813,88.4,"[[2.406585312568272, 2.3962569832402236, 2.3128491620111733], [4.507597765363128, 2.532, 3.15], [11.539106145251397, 7.55, 0.8]]",3.451927374301676,179,10,0.93,0.94,0.86
chaina_a75q,/home/achen918/catalytic_binders/251211_paper_revision_1/computational_SSM/af3_complex/output/chaina_a75q/seed-1_sample-3/model.pdb,95.68455012853464,94.17743016759778,97.937,89.01,"[[2.380009987203895, 2.390335195530726, 2.2659217877094973], [4.392737430167598, 2.485, 3.0600000000000005], [10.530167597765363, 7.050000000000002, 0.8]]",3.391536312849162,179,10,0.93,0.94,0.86
chaina_a75q,/home/achen918/catalytic_binders/251211_paper_revision_1/computational_SSM/af3_complex/output/chaina_a75q/seed-1_sample-4/model.pdb,95.61469794344477,93.86597765363129,97.85,89.54,"[[2.4287381792078904, 2.4232960893854747, 2.3184357541899443], [4.469385474860335, 2.498, 2.9899999999999998], [9.001117318435753, 6.24, 0.8]]",3.446340782122905,179,10,0.93,0.94,0.86
chaina_a75q,/home/achen918/catalytic_binders/251211_paper_revision_1/computational_SSM/af3_complex/output/chaina_a75q/seed-1_sample-0/model.pdb,95.2625835475579,94.03798882681566,97.701,89.12,"[[2.507537217939515, 2.6056424581005584, 2.341340782122905], [4.7072067039106145, 2.6000000000000005, 3.31], [10.015083798882682, 6.85, 0.8]]",3.656424581005586,179,10,0.93,0.93,0.9
chaina_a75r,/home/achen918/catalytic_binders/251211_paper_revision_1/computational_SSM/af3_complex/output/chaina_a75r/seed-1_sample-4/model.pdb,95.70450577663678,94.02513966480447,97.94600000000001,89.53,"[[2.391117630535876, 2.280055865921788, 2.264245810055866], [3.952513966480447, 2.299, 2.75], [8.92346368715084, 6.09, 0.8]]",3.1162849162011175,179,10,0.93,0.94,0.84
chaina_a75r,/home/achen918/catalytic_binders/251211_paper_revision_1/computational_SSM/af3_complex/output/chaina_a75r/seed-1_sample-3/model.pdb,95.66602695763797,94.2209497206704,97.97900000000001,88.4,"[[2.3802315782903154, 2.2922905027932967, 2.298882681564246], [4.187206703910615, 2.426, 2.9300000000000006], [10.993854748603352, 7.2, 0.8]]",3.2397486033519556,179,10,0.93,0.94,0.84
chaina_a75r,/home/achen918/catalytic_binders/251211_paper_revision_1/computational_SSM/af3_complex/output/chaina_a75r/seed-1_sample-0/model.pdb,95.32784980744533,93.87424581005585,97.74,88.8,"[[2.503326987297525, 2.471731843575419, 2.3502793296089384], [4.436815642458101, 2.5020000000000002, 3.0899999999999994], [10.343016759776537, 6.960000000000001, 0.8]]",3.45427374301676,179,10,0.93,0.94,0.87
chaina_a75r,/home/achen918/catalytic_binders/251211_paper_revision_1/computational_SSM/af3_complex/output/chaina_a75r/seed-1_sample-2/model.pdb,95.67168164313249,94.34067039106147,97.95400000000001,88.92,"[[2.37096220467526, 2.2756424581005583, 2.2525139664804463], [4.184748603351955, 2.3970000000000002, 2.87], [10.338547486033521, 7.029999999999999, 0.8]]",3.230195530726257,179,10,0.93,0.94,0.83
chaina_a75r,/home/achen918/catalytic_binders/251211_paper_revision_1/computational_SSM/af3_complex/output/chaina_a75r/seed-1_sample-1/model.pdb,95.69724005134778,94.53927374301678,97.934,88.17,"[[2.3734995786648354, 2.2741340782122905, 2.2955307262569833], [4.14217877094972, 2.3750000000000004, 2.93], [11.535754189944132, 7.460000000000001, 0.8]]",3.2081564245810057,179,10,0.93,0.94,0.84
chaina_a75s,/home/achen918/catalytic_binders/251211_paper_revision_1/computational_SSM/af3_complex/output/chaina_a75s/seed-1_sample-0/model.pdb,95.36777205408899,94.24262569832402,97.54,88.86,"[[2.3682843856309104, 2.554189944134078, 2.2379888268156423], [4.878324022346368, 2.644, 3.35], [9.812290502793296, 6.94, 0.8]]",3.716256983240223,179,10,0.93,0.93,0.91
chaina_a75s,/home/achen918/catalytic_binders/251211_paper_revision_1/computational_SSM/af3_complex/output/chaina_a75s/seed-1_sample-4/model.pdb,95.63495814552485,93.82877094972066,97.655,89.39,"[[2.404974875940202, 2.504804469273743, 2.304469273743017], [4.75268156424581, 2.5860000000000003, 3.19], [9.42849162011173, 6.660000000000001, 0.8]]",3.6287430167597767,179,10,0.93,0.94,0.88
chaina_a75s,/home/achen918/catalytic_binders/251211_paper_revision_1/computational_SSM/af3_complex/output/chaina_a75s/seed-1_sample-3/model.pdb,95.4816097875079,93.94206703910615,97.705,88.52,"[[2.4533316687993514, 2.5767597765363126, 2.37877094972067], [4.898994413407822, 2.6700000000000004, 3.37], [11.597206703910613, 7.67, 0.8]]",3.737877094972067,179,10,0.93,0.93,0.89
chaina_a75s,/home/achen918/catalytic_binders/251211_paper_revision_1/computational_SSM/af3_complex/output/chaina_a75s/seed-1_sample-1/model.pdb,95.50441081777223,94.27391061452515,97.564,88.18,"[[2.404422458724759, 2.5339106145251398, 2.363128491620112], [5.0016759776536315, 2.7020000000000004, 3.44], [12.26927374301676, 8.110000000000001, 0.8]]",3.7677932960893856,179,10,0.93,0.93,0.9
chaina_a75s,/home/achen918/catalytic_binders/251211_paper_revision_1/computational_SSM/af3_complex/output/chaina_a75s/seed-1_sample-2/model.pdb,95.60607211848045,94.35139664804468,97.735,88.97,"[[2.380553041415686, 2.509553072625698, 2.2748603351955308], [4.974804469273744, 2.702, 3.3], [10.79050279329609, 7.3, 0.8]]",3.742178770949721,179,10,0.93,0.93,0.9
chaina_a75t,/home/achen918/catalytic_binders/251211_paper_revision_1/computational_SSM/af3_complex/output/chaina_a75t/seed-1_sample-1/model.pdb,95.5002509652509,94.37564245810054,97.63900000000001,88.11,"[[2.395499516244812, 2.51877094972067, 2.3268156424581004], [4.865474860335196, 2.6559999999999997, 3.3899999999999997], [11.843016759776539, 7.7700000000000005, 0.8]]",3.692122905027933,179,10,0.93,0.93,0.9
chaina_a75t,/home/achen918/catalytic_binders/251211_paper_revision_1/computational_SSM/af3_complex/output/chaina_a75t/seed-1_sample-2/model.pdb,95.53790218790222,94.29960893854746,97.707,88.91,"[[2.4102774570082084, 2.5487709497206703, 2.2882681564245813], [5.034525139664805, 2.727, 3.3600000000000003], [10.640782122905026, 7.19, 0.8]]",3.791648044692738,179,10,0.93,0.93,0.91
chaina_a75t,/home/achen918/catalytic_binders/251211_paper_revision_1/computational_SSM/af3_complex/output/chaina_a75t/seed-1_sample-0/model.pdb,95.31635778635803,94.2550279329609,97.62899999999999,89.05,"[[2.381167878655473, 2.5838547486033523, 2.2340782122905027], [4.989217877094973, 2.6860000000000004, 3.3999999999999995], [9.820111731843577, 6.9, 0.8]]",3.7865363128491625,179,10,0.93,0.93,0.92
chaina_a75t,/home/achen918/catalytic_binders/251211_paper_revision_1/computational_SSM/af3_complex/output/chaina_a75t/seed-1_sample-4/model.pdb,95.50342342342348,93.78670391061452,97.596,89.12,"[[2.4433132548921694, 2.5877653631284914, 2.33854748603352], [4.815418994413408, 2.628, 3.2399999999999998], [9.50167597765363, 6.76, 0.8]]",3.70159217877095,179,10,0.93,0.93,0.91
chaina_a75t,/home/achen918/catalytic_binders/251211_paper_revision_1/computational_SSM/af3_complex/output/chaina_a75t/seed-1_sample-3/model.pdb,95.54227155727173,93.93586592178771,97.744,88.81,"[[2.4280390749352394, 2.553072625698324, 2.33854748603352], [4.832402234636872, 2.681000000000001, 3.3699999999999997], [11.004469273743016, 7.37, 0.8]]",3.6927374301675977,179,10,0.93,0.93,0.89
chaina_a75v,/home/achen918/catalytic_binders/251211_paper_revision_1/computational_SSM/af3_complex/output/chaina_a75v/seed-1_sample-0/model.pdb,95.16296653796648,93.9772625698324,97.42,89.09,"[[2.4433194968946035, 2.74927374301676, 2.2944134078212293], [5.343687150837989, 2.784, 3.5400000000000005], [9.878212290502795, 7.08, 0.8]]",4.046480446927375,179,10,0.93,0.93,0.96
chaina_a75v,/home/achen918/catalytic_binders/251211_paper_revision_1/computational_SSM/af3_complex/output/chaina_a75v/seed-1_sample-3/model.pdb,95.31648648648645,93.80759776536314,97.61599999999999,88.46,"[[2.499881401953747, 2.6714525139664804, 2.405586592178771], [5.071284916201117, 2.7640000000000002, 3.5199999999999996], [11.60782122905028, 7.660000000000001, 0.8]]",3.8713687150837988,179,10,0.93,0.93,0.92
chaina_a75v,/home/achen918/catalytic_binders/251211_paper_revision_1/computational_SSM/af3_complex/output/chaina_a75v/seed-1_sample-4/model.pdb,95.62945302445294,93.97340782122905,97.71400000000001,90.31,"[[2.3457632408476643, 2.4134078212290504, 2.2340782122905027], [4.597206703910614, 2.521, 3.0799999999999996], [8.396648044692737, 6.02, 0.8]]",3.5053072625698323,179,10,0.93,0.94,0.88
chaina_a75v,/home/achen918/catalytic_binders/251211_paper_revision_1/computational_SSM/af3_complex/output/chaina_a75v/seed-1_sample-1/model.pdb,95.34276705276694,94.20994413407823,97.47200000000001,87.98,"[[2.4460316469523424, 2.6226256983240224, 2.3720670391061454], [5.002178770949721, 2.701, 3.5100000000000002], [12.243575418994412, 8.0, 0.8]]",3.8124022346368713,179,10,0.93,0.93,0.92
chaina_a75v,/home/achen918/catalytic_binders/251211_paper_revision_1/computational_SSM/af3_complex/output/chaina_a75v/seed-1_sample-2/model.pdb,95.4194980694981,94.17653631284915,97.6,88.85,"[[2.450098311538342, 2.658603351955307, 2.3290502793296093], [5.1390502793296085, 2.752, 3.41], [10.937430167597766, 7.390000000000001, 0.8]]",3.8988268156424577,179,10,0.93,0.93,0.93
chaina_a75w,/home/achen918/catalytic_binders/251211_paper_revision_1/computational_SSM/af3_complex/output/chaina_a75w/seed-1_sample-2/model.pdb,95.18893657911595,93.98430167597766,97.82900000000001,88.61,"[[2.502309540900721, 2.4387150837988827, 2.3731843575418994], [4.511173184357541, 2.536, 2.9999999999999996], [10.943016759776537, 7.3, 0.8]]",3.474944134078212,179,10,0.93,0.94,0.85
chaina_a75w,/home/achen918/catalytic_binders/251211_paper_revision_1/computational_SSM/af3_complex/output/chaina_a75w/seed-1_sample-1/model.pdb,95.16926969891104,94.1927374301676,97.74000000000001,87.95,"[[2.5325988577135545, 2.4544692737430167, 2.4212290502793294], [4.422178770949721, 2.495, 3.09], [11.893296089385473, 7.709999999999999, 0.8]]",3.438324022346369,179,10,0.93,0.94,0.86
chaina_a75w,/home/achen918/catalytic_binders/251211_paper_revision_1/computational_SSM/af3_complex/output/chaina_a75w/seed-1_sample-4/model.pdb,95.21183215887253,93.23525139664805,97.701,88.55,"[[2.563818232889111, 2.5007821229050275, 2.4279329608938545], [4.318324022346369, 2.471, 2.9799999999999995], [9.929050279329608, 6.779999999999999, 0.8]]",3.409553072625698,179,10,0.92,0.94,0.86
chaina_a75w,/home/achen918/catalytic_binders/251211_paper_revision_1/computational_SSM/af3_complex/output/chaina_a75w/seed-1_sample-3/model.pdb,95.27395259449061,93.6664804469274,97.852,88.13,"[[2.500692862270216, 2.4325698324022347, 2.402234636871509], [4.314692737430168, 2.474, 3.0399999999999996], [11.450837988826814, 7.56, 0.8]]",3.3736312849162013,179,10,0.93,0.94,0.85
chaina_a75w,/home/achen918/catalytic_binders/251211_paper_revision_1/computational_SSM/af3_complex/output/chaina_a75w/seed-1_sample-0/model.pdb,94.7316976297246,93.45134078212288,97.57300000000001,88.44,"[[2.6734340376392747, 2.6343016759776536, 2.4932960893854745], [4.4956424581005585, 2.5250000000000004, 3.2199999999999998], [10.818435754189943, 7.26, 0.8]]",3.564972067039106,179,10,0.92,0.93,0.89
chaina_a75y,/home/achen918/catalytic_binders/251211_paper_revision_1/computational_SSM/af3_complex/output/chaina_a75y/seed-1_sample-1/model.pdb,94.87681205901214,93.79877094972066,97.589,87.53,"[[2.582010548984114, 2.6040782122905024, 2.4972067039106145], [4.813184357541899, 2.605, 3.35], [12.106703910614524, 7.85, 0.8]]",3.7086312849162004,179,10,0.92,0.93,0.9
chaina_a75y,/home/achen918/catalytic_binders/251211_paper_revision_1/computational_SSM/af3_complex/output/chaina_a75y/seed-1_sample-2/model.pdb,95.00084669660043,93.93201117318436,97.747,88.35,"[[2.5254517649261885, 2.546871508379888, 2.412849162011173], [4.826145251396648, 2.6400000000000006, 3.21], [10.925698324022347, 7.31, 0.8]]",3.686508379888268,179,10,0.93,0.93,0.88
chaina_a75y,/home/achen918/catalytic_binders/251211_paper_revision_1/computational_SSM/af3_complex/output/chaina_a75y/seed-1_sample-0/model.pdb,94.59275817831949,93.40223463687151,97.49,88.48,"[[2.652248681376986, 2.721061452513967, 2.4737430167597765], [4.805418994413408, 2.635, 3.34], [10.185474860335194, 6.94, 0.8]]",3.7632402234636873,179,10,0.92,0.93,0.92
chaina_a75y,/home/achen918/catalytic_binders/251211_paper_revision_1/computational_SSM/af3_complex/output/chaina_a75y/seed-1_sample-3/model.pdb,95.12834509300805,93.63480446927375,97.799,87.99,"[[2.497593708061546, 2.504469273743017, 2.429608938547486], [4.527709497206704, 2.54, 3.2199999999999998], [11.548603351955306, 7.6, 0.8]]",3.5160893854748605,179,10,0.93,0.94,0.87
chaina_a75y,/home/achen918/catalytic_binders/251211_paper_revision_1/computational_SSM/af3_complex/output/chaina_a75y/seed-1_sample-4/model.pdb,95.02966003848614,93.30441340782122,97.685,89.01,"[[2.572831684404357, 2.5686033519553066, 2.431843575418994], [4.674469273743016, 2.573, 3.0700000000000003], [9.39608938547486, 6.4399999999999995, 0.8]]",3.6215363128491616,179,10,0.92,0.93,0.89
chaina_a78d,/home/achen918/catalytic_binders/251211_paper_revision_1/computational_SSM/af3_complex/output/chaina_a78d/seed-1_sample-2/model.pdb,95.73848874598086,94.48955307262571,97.754,88.46,"[[2.3304984238943853, 2.369162011173184, 2.298324022346369], [4.611787709497207, 2.523, 3.1799999999999997], [11.310055865921788, 7.45, 0.8]]",3.490474860335196,179,10,0.93,0.94,0.87
chaina_a78d,/home/achen918/catalytic_binders/251211_paper_revision_1/computational_SSM/af3_complex/output/chaina_a78d/seed-1_sample-1/model.pdb,95.72133762057872,94.50793296089384,97.718,87.98,"[[2.3479385786960454, 2.37927374301676, 2.3441340782122904], [4.533631284916201, 2.4730000000000003, 3.2299999999999995], [12.303351955307264, 7.92, 0.8]]",3.4564525139664806,179,10,0.93,0.94,0.87
chaina_a78d,/home/achen918/catalytic_binders/251211_paper_revision_1/computational_SSM/af3_complex/output/chaina_a78d/seed-1_sample-3/model.pdb,95.8035691318329,94.2222346368715,97.825,89.18,"[[2.3349708186386193, 2.3543575418994416, 2.2715083798882683], [4.419497206703911, 2.4899999999999998, 3.13], [10.631284916201118, 7.089999999999999, 0.8]]",3.386927374301676,179,10,0.93,0.94,0.86
chaina_a78d,/home/achen918/catalytic_binders/251211_paper_revision_1/computational_SSM/af3_complex/output/chaina_a78d/seed-1_sample-4/model.pdb,95.92298392282963,94.22402234636873,97.832,90.04,"[[2.2658063106644617, 2.263463687150838, 2.1972067039106142], [4.350502793296089, 2.432, 2.9200000000000004], [8.460335195530726, 5.89, 0.8]]",3.306983240223463,179,10,0.93,0.94,0.84
chaina_a78d,/home/achen918/catalytic_binders/251211_paper_revision_1/computational_SSM/af3_complex/output/chaina_a78d/seed-1_sample-0/model.pdb,95.76281028938911,94.46553072625699,97.67399999999999,89.21,"[[2.2827564682750223, 2.376703910614525, 2.201675977653631], [4.571117318435755, 2.5269999999999997, 3.2299999999999995], [9.716759776536312, 6.7, 0.8]]",3.47391061452514,179,10,0.93,0.94,0.87
chaina_a78e,/home/achen918/catalytic_binders/251211_paper_revision_1/computational_SSM/af3_complex/output/chaina_a78e/seed-1_sample-0/model.pdb,95.63800771208214,94.41860335195531,97.597,89.1,"[[2.344480509347399, 2.465251396648045, 2.2391061452513963], [4.6779329608938545, 2.5750000000000006, 3.31], [9.771508379888267, 6.780000000000001, 0.8]]",3.57159217877095,179,10,0.93,0.94,0.88
chaina_a78e,/home/achen918/catalytic_binders/251211_paper_revision_1/computational_SSM/af3_complex/output/chaina_a78e/seed-1_sample-3/model.pdb,95.68107969151666,94.18581005586593,97.77499999999999,88.75,"[[2.374732374145626, 2.383966480446927, 2.312290502793296], [4.477765363128491, 2.521, 3.1599999999999997], [11.212290502793294, 7.290000000000001, 0.8]]",3.430865921787709,179,10,0.93,0.94,0.86
chaina_a78e,/home/achen918/catalytic_binders/251211_paper_revision_1/computational_SSM/af3_complex/output/chaina_a78e/seed-1_sample-4/model.pdb,95.78787917737792,94.05826815642459,97.76,89.17,"[[2.3242345744514843, 2.3124581005586595, 2.2513966480446927], [4.35145251396648, 2.4390000000000005, 3.0], [9.275418994413409, 6.39, 0.8]]",3.33195530726257,179,10,0.93,0.94,0.84
chaina_a78e,/home/achen918/catalytic_binders/251211_paper_revision_1/computational_SSM/af3_complex/output/chaina_a78e/seed-1_sample-1/model.pdb,95.80450514138815,94.63145251396648,97.779,88.1,"[[2.3021690958459473, 2.3098324022346373, 2.288268156424581], [4.429776536312849, 2.4549999999999996, 3.1500000000000004], [12.135754189944135, 7.8100000000000005, 0.8]]",3.3698044692737428,179,10,0.93,0.94,0.85
chaina_a78e,/home/achen918/catalytic_binders/251211_paper_revision_1/computational_SSM/af3_complex/output/chaina_a78e/seed-1_sample-2/model.pdb,95.72137532133668,94.44067039106146,97.7,88.52,"[[2.352869760619207, 2.4035195530726257, 2.3033519553072623], [4.667877094972067, 2.5600000000000005, 3.22], [11.176536312849164, 7.380000000000001, 0.8]]",3.5356983240223467,179,10,0.93,0.94,0.87
chaina_a78f,/home/achen918/catalytic_binders/251211_paper_revision_1/computational_SSM/af3_complex/output/chaina_a78f/seed-1_sample-4/model.pdb,95.87971758664952,94.26564245810056,97.897,89.52,"[[2.2844823819481292, 2.219106145251397, 2.2173184357541897], [4.190111731843575, 2.385, 2.87], [8.270949720670393, 5.7700000000000005, 0.8]]",3.2046089385474863,179,10,0.93,0.94,0.84
chaina_a78f,/home/achen918/catalytic_binders/251211_paper_revision_1/computational_SSM/af3_complex/output/chaina_a78f/seed-1_sample-3/model.pdb,95.84684852374825,94.38882681564245,97.94,88.07,"[[2.2579663556068787, 2.20195530726257, 2.2491620111731847], [4.142905027932961, 2.361, 2.95], [10.629050279329608, 6.87, 0.8]]",3.1724301675977653,179,10,0.93,0.94,0.84
chaina_a78f,/home/achen918/catalytic_binders/251211_paper_revision_1/computational_SSM/af3_complex/output/chaina_a78f/seed-1_sample-0/model.pdb,95.85603337612334,94.77223463687153,97.929,88.53,"[[2.201335788520958, 2.1577653631284917, 2.120670391061452], [4.005977653631285, 2.307, 2.88], [9.08268156424581, 6.28, 0.8]]",3.081871508379888,179,10,0.94,0.94,0.83
chaina_a78f,/home/achen918/catalytic_binders/251211_paper_revision_1/computational_SSM/af3_complex/output/chaina_a78f/seed-1_sample-2/model.pdb,95.5875481386394,94.53078212290504,97.857,87.69,"[[2.37217315314753, 2.3273184357541896, 2.3279329608938544], [4.32949720670391, 2.4200000000000004, 3.03], [11.00391061452514, 7.12, 0.8]]",3.3284078212290495,179,10,0.93,0.94,0.86
chaina_a78f,/home/achen918/catalytic_binders/251211_paper_revision_1/computational_SSM/af3_complex/output/chaina_a78f/seed-1_sample-1/model.pdb,95.64001925545563,94.38441340782121,97.804,86.79,"[[2.3905215193033924, 2.3454748603351954, 2.3977653631284914], [4.304022346368715, 2.4350000000000005, 3.17], [12.08659217877095, 7.670000000000002, 0.8]]",3.324748603351955,179,10,0.93,0.94,0.85
chaina_a78g,/home/achen918/catalytic_binders/251211_paper_revision_1/computational_SSM/af3_complex/output/chaina_a78g/seed-1_sample-1/model.pdb,95.33716956802081,94.25391061452514,97.32300000000001,87.82,"[[2.425901189101464, 2.952960893854749, 2.421787709497207], [5.745698324022347, 2.8959999999999995, 3.9699999999999998], [12.479329608938546, 8.28, 0.8]]",4.349329608938548,179,10,0.93,0.92,1.09
chaina_a78g,/home/achen918/catalytic_binders/251211_paper_revision_1/computational_SSM/af3_complex/output/chaina_a78g/seed-1_sample-2/model.pdb,95.34679561573174,94.0986592178771,97.45599999999999,88.49,"[[2.4774289191972785, 2.934804469273743, 2.436312849162011], [5.980279329608939, 2.9870000000000005, 3.8899999999999997], [11.608379888268155, 7.869999999999999, 0.8]]",4.457541899441341,179,10,0.92,0.92,1.07
chaina_a78g,/home/achen918/catalytic_binders/251211_paper_revision_1/computational_SSM/af3_complex/output/chaina_a78g/seed-1_sample-0/model.pdb,95.01565441650557,93.81458100558658,97.13499999999999,88.23,"[[2.489672606972317, 3.144804469273743, 2.424022346368715], [6.167150837988827, 3.0269999999999997, 4.000000000000001], [10.873743016759777, 7.7700000000000005, 0.8]]",4.655977653631285,179,10,0.92,0.91,1.16
chaina_a78g,/home/achen918/catalytic_binders/251211_paper_revision_1/computational_SSM/af3_complex/output/chaina_a78g/seed-1_sample-4/model.pdb,95.63558349451964,93.95145251396647,97.553,89.32,"[[2.4077244780125464, 2.805586592178771, 2.3636871508379884], [5.510726256983241, 2.8280000000000003, 3.59], [9.75754189944134, 6.93, 0.8]]",4.158156424581006,179,10,0.93,0.92,1.01
chaina_a78g,/home/achen918/catalytic_binders/251211_paper_revision_1/computational_SSM/af3_complex/output/chaina_a78g/seed-1_sample-3/model.pdb,95.37903932946476,93.94469273743016,97.549,88.37,"[[2.4651696264161544, 2.9165363128491624, 2.4324022346368714], [5.76977653631285, 2.992, 3.8899999999999997], [11.941899441340782, 7.910000000000001, 0.8]]",4.343156424581006,179,10,0.92,0.92,1.04
chaina_a78h,/home/achen918/catalytic_binders/251211_paper_revision_1/computational_SSM/af3_complex/output/chaina_a78h/seed-1_sample-1/model.pdb,95.6506936416185,94.48240223463687,97.786,87.4,"[[2.342339502512406, 2.35268156424581, 2.3659217877094973], [4.52122905027933, 2.471, 3.21], [12.026815642458102, 7.69, 0.8]]",3.4369553072625703,179,10,0.93,0.94,0.86
chaina_a78h,/home/achen918/catalytic_binders/251211_paper_revision_1/computational_SSM/af3_complex/output/chaina_a78h/seed-1_sample-2/model.pdb,95.58259473346172,94.39497206703909,97.708,87.61,"[[2.3670890421647264, 2.4028491620111736, 2.358100558659218], [4.672625698324023, 2.5530000000000004, 3.2300000000000004], [11.388268156424582, 7.55, 0.8]]",3.5377374301675983,179,10,0.93,0.94,0.88
chaina_a78h,/home/achen918/catalytic_binders/251211_paper_revision_1/computational_SSM/af3_complex/output/chaina_a78h/seed-1_sample-0/model.pdb,95.48877970455997,94.5308379888268,97.721,88.64,"[[2.327858056864642, 2.3674860335195533, 2.240782122905028], [4.434525139664804, 2.47, 3.1799999999999997], [9.501675977653631, 6.63, 0.8]]",3.401005586592179,179,10,0.93,0.94,0.86
chaina_a78h,/home/achen918/catalytic_binders/251211_paper_revision_1/computational_SSM/af3_complex/output/chaina_a78h/seed-1_sample-3/model.pdb,95.5910533076429,94.13418994413408,97.85999999999999,87.98,"[[2.3824911831715614, 2.3758659217877094, 2.35195530726257], [4.451508379888269, 2.472, 3.15], [11.154189944134078, 7.220000000000001, 0.8]]",3.413687150837989,179,10,0.93,0.94,0.86
chaina_a78h,/home/achen918/catalytic_binders/251211_paper_revision_1/computational_SSM/af3_complex/output/chaina_a78h/seed-1_sample-4/model.pdb,95.85561335902393,94.32385474860335,97.83599999999998,89.78,"[[2.260909459754689, 2.2360893854748602, 2.17877094972067], [4.287932960893855, 2.4090000000000003, 2.8899999999999997], [8.10391061452514, 5.72, 0.8]]",3.2620111731843577,179,10,0.93,0.94,0.84
chaina_a78i,/home/achen918/catalytic_binders/251211_paper_revision_1/computational_SSM/af3_complex/output/chaina_a78i/seed-1_sample-1/model.pdb,95.68282315112552,94.34279329608938,97.873,85.81,"[[2.3356792859149214, 2.306201117318436, 2.4201117318435754], [4.226871508379888, 2.3810000000000002, 3.16], [12.307821229050278, 7.880000000000001, 0.8]]",3.266536312849162,179,10,0.93,0.94,0.85
chaina_a78i,/home/achen918/catalytic_binders/251211_paper_revision_1/computational_SSM/af3_complex/output/chaina_a78i/seed-1_sample-2/model.pdb,95.65729903536982,94.53491620111731,97.886,86.71,"[[2.3268281264629693, 2.2827374301675976, 2.368715083798883], [4.254860335195531, 2.371, 3.02], [11.636312849162008, 7.459999999999999, 0.8]]",3.268798882681564,179,10,0.93,0.94,0.86
chaina_a78i,/home/achen918/catalytic_binders/251211_paper_revision_1/computational_SSM/af3_complex/output/chaina_a78i/seed-1_sample-0/model.pdb,95.81515112540181,94.69586592178771,98.00800000000001,87.54,"[[2.2174526388065288, 2.175530726256983, 2.2061452513966477], [4.044860335195531, 2.29, 2.98], [9.90782122905028, 6.590000000000001, 0.8]]",3.1101955307262568,179,10,0.94,0.94,0.84
chaina_a78i,/home/achen918/catalytic_binders/251211_paper_revision_1/computational_SSM/af3_complex/output/chaina_a78i/seed-1_sample-4/model.pdb,95.88145337620588,94.32899441340781,97.94,89.17,"[[2.2638463219000653, 2.1820670391061454, 2.1983240223463687], [3.932178770949721, 2.2720000000000002, 2.79], [8.255307262569833, 5.79, 0.8]]",3.057122905027933,179,10,0.94,0.94,0.83
chaina_a78i,/home/achen918/catalytic_binders/251211_paper_revision_1/computational_SSM/af3_complex/output/chaina_a78i/seed-1_sample-3/model.pdb,95.95407717041812,94.52882681564246,98.078,87.43,"[[2.186498548734434, 2.141731843575419, 2.2502793296089383], [4.070279329608939, 2.321, 2.93], [10.65977653631285, 6.88, 0.8]]",3.106005586592179,179,10,0.94,0.94,0.83
chaina_a78k,/home/achen918/catalytic_binders/251211_paper_revision_1/computational_SSM/af3_complex/output/chaina_a78k/seed-1_sample-2/model.pdb,95.27224293059128,94.00000000000001,97.58900000000001,86.98,"[[2.4438843981149154, 2.7949720670391063, 2.4653631284916204], [5.342346368715084, 2.7089999999999996, 3.6], [11.913966480446927, 8.0, 0.8]]",4.068659217877095,179,10,0.93,0.93,1.0
chaina_a78k,/home/achen918/catalytic_binders/251211_paper_revision_1/computational_SSM/af3_complex/output/chaina_a78k/seed-1_sample-1/model.pdb,95.18303984575837,93.78072625698324,97.394,85.55,"[[2.4665428669517175, 2.96463687150838, 2.545251396648045], [5.391675977653631, 2.7539999999999996, 3.9299999999999997], [12.920111731843575, 8.56, 0.8]]",4.1781564245810054,179,10,0.93,0.92,1.06
chaina_a78k,/home/achen918/catalytic_binders/251211_paper_revision_1/computational_SSM/af3_complex/output/chaina_a78k/seed-1_sample-4/model.pdb,95.47391388174813,93.91391061452514,97.61600000000001,88.65,"[[2.3602665335039483, 2.55391061452514, 2.304469273743017], [4.757486033519553, 2.573, 3.2999999999999994], [9.2731843575419, 6.659999999999999, 0.8]]",3.655698324022346,179,10,0.93,0.93,0.91
chaina_a78k,/home/achen918/catalytic_binders/251211_paper_revision_1/computational_SSM/af3_complex/output/chaina_a78k/seed-1_sample-3/model.pdb,95.20041131105405,93.64055865921787,97.54,86.39,"[[2.439820854530133, 2.800055865921788, 2.501117318435754], [5.3220670391061455, 2.718, 3.66], [12.443016759776537, 8.200000000000001, 0.8]]",4.061061452513966,179,10,0.93,0.92,1.0
chaina_a78k,/home/achen918/catalytic_binders/251211_paper_revision_1/computational_SSM/af3_complex/output/chaina_a78k/seed-1_sample-0/model.pdb,95.2292802056557,94.16094972067037,97.619,87.18,"[[2.367160825192722, 2.7410055865921787, 2.3446927374301674], [5.042290502793296, 2.633, 3.5800000000000005], [10.747486033519554, 7.3, 0.8]]",3.8916480446927375,179,10,0.93,0.93,0.99
chaina_a78l,/home/achen918/catalytic_binders/251211_paper_revision_1/computational_SSM/af3_complex/output/chaina_a78l/seed-1_sample-2/model.pdb,95.6972475884244,94.7127932960894,97.88399999999999,87.48,"[[2.302437501950626, 2.2727932960893855, 2.2977653631284918], [4.2802793296089385, 2.38, 3.04], [11.316759776536312, 7.279999999999999, 0.8]]",3.276536312849162,179,10,0.93,0.94,0.86
chaina_a78l,/home/achen918/catalytic_binders/251211_paper_revision_1/computational_SSM/af3_complex/output/chaina_a78l/seed-1_sample-1/model.pdb,95.67843729903535,94.30977653631285,97.8,86.69,"[[2.352201866358728, 2.342793296089386, 2.387709497206704], [4.320614525139665, 2.427, 3.2], [12.1268156424581, 7.81, 0.8]]",3.331703910614525,179,10,0.93,0.94,0.86
chaina_a78l,/home/achen918/catalytic_binders/251211_paper_revision_1/computational_SSM/af3_complex/output/chaina_a78l/seed-1_sample-4/model.pdb,95.95354340836025,94.47782122905029,97.929,89.45,"[[2.220870135139353, 2.1503351955307264, 2.143575418994413], [3.9550279329608937, 2.285, 2.81], [8.387150837988827, 5.82, 0.8]]",3.05268156424581,179,10,0.93,0.95,0.83
chaina_a78l,/home/achen918/catalytic_binders/251211_paper_revision_1/computational_SSM/af3_complex/output/chaina_a78l/seed-1_sample-3/model.pdb,95.94047588424434,94.63033519553073,98.049,87.98,"[[2.175965169626416, 2.15877094972067, 2.201675977653631], [4.148938547486034, 2.342, 2.96], [10.478212290502794, 6.85, 0.8]]",3.1538547486033517,179,10,0.94,0.94,0.83
chaina_a78l,/home/achen918/catalytic_binders/251211_paper_revision_1/computational_SSM/af3_complex/output/chaina_a78l/seed-1_sample-0/model.pdb,95.71272025723472,94.72983240223463,97.93199999999999,87.88,"[[2.2574108173902188, 2.2363128491620112, 2.2206703910614527], [4.146815642458101, 2.3440000000000003, 3.04], [10.001117318435753, 6.7, 0.8]]",3.1915642458100564,179,10,0.93,0.94,0.85
chaina_a78m,/home/achen918/catalytic_binders/251211_paper_revision_1/computational_SSM/af3_complex/output/chaina_a78m/seed-1_sample-2/model.pdb,95.55879742765273,94.31748603351956,97.779,87.34,"[[2.3736056927062203, 2.3891620111731844, 2.3608938547486034], [4.512011173184357, 2.483, 3.1599999999999993], [11.210614525139665, 7.290000000000001, 0.8]]",3.4505865921787704,179,10,0.93,0.94,0.87
chaina_a78m,/home/achen918/catalytic_binders/251211_paper_revision_1/computational_SSM/af3_complex/output/chaina_a78m/seed-1_sample-1/model.pdb,95.6013440514469,94.16329608938547,97.741,86.66,"[[2.391033363503012, 2.405586592178771, 2.3966480446927374], [4.406256983240224, 2.459, 3.21], [11.81787709497207, 7.660000000000001, 0.8]]",3.405921787709498,179,10,0.93,0.94,0.87
chaina_a78m,/home/achen918/catalytic_binders/251211_paper_revision_1/computational_SSM/af3_complex/output/chaina_a78m/seed-1_sample-3/model.pdb,95.8075434083603,94.25178770949721,97.90799999999999,87.99,"[[2.2735557566867453, 2.278324022346369, 2.281564245810056], [4.36072625698324, 2.443, 3.1099999999999994], [10.637430167597765, 6.970000000000001, 0.8]]",3.3195251396648047,179,10,0.93,0.94,0.85
chaina_a78m,/home/achen918/catalytic_binders/251211_paper_revision_1/computational_SSM/af3_complex/output/chaina_a78m/seed-1_sample-4/model.pdb,95.80237299035373,94.10022346368716,97.804,88.61,"[[2.335173683717737, 2.30659217877095, 2.2810055865921783], [4.27122905027933, 2.422, 2.99], [9.183798882681565, 6.33, 0.8]]",3.2889106145251397,179,10,0.93,0.94,0.85
chaina_a78m,/home/achen918/catalytic_binders/251211_paper_revision_1/computational_SSM/af3_complex/output/chaina_a78m/seed-1_sample-0/model.pdb,95.70600000000006,94.58843575418996,97.81700000000001,88.08,"[[2.2529259386411162, 2.291340782122905, 2.207262569832402], [4.300893854748603, 2.404, 3.12], [9.744134078212289, 6.609999999999999, 0.8]]",3.296117318435754,179,10,0.93,0.94,0.86
chaina_a78n,/home/achen918/catalytic_binders/251211_paper_revision_1/computational_SSM/af3_complex/output/chaina_a78n/seed-1_sample-1/model.pdb,95.68781350482308,94.37162011173184,97.695,88.18,"[[2.3913579476295994, 2.476536312849162, 2.3413407821229053], [4.777206703910615, 2.6020000000000003, 3.35], [11.915642458100558, 7.840000000000001, 0.8]]",3.6268715083798884,179,10,0.93,0.94,0.89
chaina_a78n,/home/achen918/catalytic_binders/251211_paper_revision_1/computational_SSM/af3_complex/output/chaina_a78n/seed-1_sample-2/model.pdb,95.70717041800648,94.49966480446925,97.71900000000001,88.38,"[[2.362017415186792, 2.4645810055865924, 2.3022346368715083], [4.846145251396647, 2.6220000000000003, 3.3], [11.398324022346369, 7.540000000000001, 0.8]]",3.65536312849162,179,10,0.93,0.94,0.89
chaina_a78n,/home/achen918/catalytic_binders/251211_paper_revision_1/computational_SSM/af3_complex/output/chaina_a78n/seed-1_sample-0/model.pdb,95.54610289389056,94.3364804469274,97.57700000000001,89.14,"[[2.4345494834742984, 2.5542458100558663, 2.2905027932960893], [4.797653631284915, 2.638, 3.38], [9.937430167597766, 6.969999999999999, 0.8]]",3.675949720670391,179,10,0.93,0.93,0.89
chaina_a78n,/home/achen918/catalytic_binders/251211_paper_revision_1/computational_SSM/af3_complex/output/chaina_a78n/seed-1_sample-3/model.pdb,95.88452090032163,94.26217877094972,97.89200000000001,89.3,"[[2.329196966386817, 2.3621787709497206, 2.2396648044692737], [4.499497206703911, 2.539, 3.1599999999999997], [10.48659217877095, 6.99, 0.8]]",3.4308379888268155,179,10,0.93,0.94,0.86
chaina_a78n,/home/achen918/catalytic_binders/251211_paper_revision_1/computational_SSM/af3_complex/output/chaina_a78n/seed-1_sample-4/model.pdb,95.8744372990353,94.18754189944134,97.79800000000002,89.96,"[[2.3493555132486503, 2.3459217877094978, 2.247486033519553], [4.400614525139664, 2.471, 3.01], [9.039664804469274, 6.31, 0.8]]",3.373268156424581,179,10,0.93,0.94,0.85
chaina_a78p,/home/achen918/catalytic_binders/251211_paper_revision_1/computational_SSM/af3_complex/output/chaina_a78p/seed-1_sample-3/model.pdb,94.01231660231673,93.76648044692736,96.292,83.64,"[[2.715336599981274, 5.418212290502794, 2.8217877094972064], [10.77290502793296, 4.221, 7.029999999999999], [14.574860335195531, 10.030000000000001, 0.8]]",8.095558659217877,179,10,0.9,0.78,2.34
chaina_a78p,/home/achen918/catalytic_binders/251211_paper_revision_1/computational_SSM/af3_complex/output/chaina_a78p/seed-1_sample-4/model.pdb,94.46675675675674,93.94469273743016,96.285,84.44,"[[2.598851471552074, 4.842458100558659, 2.6826815642458097], [10.178826815642458, 4.0360000000000005, 6.7], [14.265921787709495, 9.74, 0.8]]",7.510642458100558,179,10,0.91,0.8,2.23
chaina_a78p,/home/achen918/catalytic_binders/251211_paper_revision_1/computational_SSM/af3_complex/output/chaina_a78p/seed-1_sample-0/model.pdb,93.76160231660232,93.92899441340782,95.687,83.35,"[[2.648069660747167, 5.365810055865921, 2.7022346368715087], [10.968268156424582, 4.16, 7.090000000000001], [13.779888268156425, 9.849999999999998, 0.8]]",8.167039106145252,179,10,0.9,0.78,2.45
chaina_a78p,/home/achen918/catalytic_binders/251211_paper_revision_1/computational_SSM/af3_complex/output/chaina_a78p/seed-1_sample-2/model.pdb,94.33675032175029,94.00150837988825,96.29499999999999,85.08,"[[2.593492712462158, 4.825642458100558, 2.6145251396648046], [10.242011173184355, 4.0760000000000005, 6.590000000000001], [13.514525139664807, 9.349999999999998, 0.8]]",7.533826815642456,179,10,0.91,0.81,2.16
chaina_a78p,/home/achen918/catalytic_binders/251211_paper_revision_1/computational_SSM/af3_complex/output/chaina_a78p/seed-1_sample-1/model.pdb,94.45440154440158,94.40240223463687,96.25500000000002,84.7,"[[2.5674479573047035, 4.6667597765363125, 2.591061452513966], [9.658100558659218, 3.8790000000000004, 6.43], [13.843016759776539, 9.43, 0.8]]",7.1624301675977655,179,10,0.91,0.82,2.11
chaina_a78q,/home/achen918/catalytic_binders/251211_paper_revision_1/computational_SSM/af3_complex/output/chaina_a78q/seed-1_sample-2/model.pdb,95.72617609254493,94.51195530726257,97.87700000000001,87.62,"[[2.3493118192316103, 2.3878212290502794, 2.332960893854749], [4.622290502793297, 2.525, 3.2], [11.324581005586593, 7.44, 0.8]]",3.505055865921788,179,10,0.93,0.94,0.87
chaina_a78q,/home/achen918/catalytic_binders/251211_paper_revision_1/computational_SSM/af3_complex/output/chaina_a78q/seed-1_sample-1/model.pdb,95.63274421593833,94.27016759776537,97.77099999999999,86.92,"[[2.388115227364939, 2.424022346368715, 2.389944134078212], [4.458994413407821, 2.4699999999999998, 3.2399999999999998], [11.991061452513964, 7.779999999999999, 0.8]]",3.441508379888268,179,10,0.93,0.94,0.88
chaina_a78q,/home/achen918/catalytic_binders/251211_paper_revision_1/computational_SSM/af3_complex/output/chaina_a78q/seed-1_sample-3/model.pdb,95.71503213367619,94.23407821229051,97.88,87.7,"[[2.337074373459006, 2.348379888268156, 2.3379888268156424], [4.50709497206704, 2.5020000000000002, 3.1499999999999995], [11.372625698324022, 7.37, 0.8]]",3.427737430167598,179,10,0.93,0.94,0.87
chaina_a78q,/home/achen918/catalytic_binders/251211_paper_revision_1/computational_SSM/af3_complex/output/chaina_a78q/seed-1_sample-4/model.pdb,95.88519922879172,94.33351955307263,97.835,88.92,"[[2.2987578415155583, 2.2721787709497208, 2.2318435754189943], [4.16072625698324, 2.369, 2.92], [9.075977653631284, 6.3100000000000005, 0.8]]",3.2164525139664804,179,10,0.93,0.94,0.85
chaina_a78q,/home/achen918/catalytic_binders/251211_paper_revision_1/computational_SSM/af3_complex/output/chaina_a78q/seed-1_sample-0/model.pdb,95.38978149100261,94.2032402234637,97.69500000000001,87.76,"[[2.439321494335383, 2.5473743016759776, 2.389385474860335], [4.6777094972067035, 2.536, 3.3600000000000003], [10.878212290502795, 7.269999999999999, 0.8]]",3.6125418994413403,179,10,0.93,0.93,0.9
chaina_a78r,/home/achen918/catalytic_binders/251211_paper_revision_1/computational_SSM/af3_complex/output/chaina_a78r/seed-1_sample-2/model.pdb,95.53051347881899,94.16983240223465,97.77499999999999,87.85,"[[2.4192128834930244, 2.5246368715083802, 2.3737430167597764], [4.869497206703911, 2.62, 3.3199999999999994], [11.067597765363129, 7.469999999999999, 0.8]]",3.6970670391061455,179,10,0.93,0.93,0.89
chaina_a78r,/home/achen918/catalytic_binders/251211_paper_revision_1/computational_SSM/af3_complex/output/chaina_a78r/seed-1_sample-1/model.pdb,95.51245186136084,94.21547486033519,97.70599999999999,86.9,"[[2.3915015136855904, 2.4722346368715087, 2.3893854748603354], [4.520167597765363, 2.48, 3.3], [11.91340782122905, 7.739999999999999, 0.8]]",3.496201117318436,179,10,0.93,0.94,0.89
chaina_a78r,/home/achen918/catalytic_binders/251211_paper_revision_1/computational_SSM/af3_complex/output/chaina_a78r/seed-1_sample-4/model.pdb,95.91021822849831,94.64474860335196,97.91499999999999,90.04,"[[2.2163946193939017, 2.2048603351955305, 2.1351955307262567], [4.196424581005587, 2.37, 2.88], [7.741340782122905, 5.5600000000000005, 0.8]]",3.2006424581005586,179,10,0.94,0.94,0.84
chaina_a78r,/home/achen918/catalytic_binders/251211_paper_revision_1/computational_SSM/af3_complex/output/chaina_a78r/seed-1_sample-3/model.pdb,95.46127727856215,94.08592178770948,97.778,87.34,"[[2.3939358946349985, 2.4760335195530727, 2.393854748603352], [4.739553072625698, 2.5860000000000003, 3.3299999999999996], [12.0536312849162, 7.74, 0.8]]",3.6077932960893855,179,10,0.93,0.93,0.89
chaina_a78r,/home/achen918/catalytic_binders/251211_paper_revision_1/computational_SSM/af3_complex/output/chaina_a78r/seed-1_sample-0/model.pdb,95.45343388960191,94.3672625698324,97.76700000000001,88.25,"[[2.358837114946475, 2.426368715083799, 2.2770949720670393], [4.484581005586593, 2.475, 3.2299999999999995], [9.955307262569832, 6.8, 0.8]]",3.4554748603351957,179,10,0.93,0.94,0.88
chaina_a78s,/home/achen918/catalytic_binders/251211_paper_revision_1/computational_SSM/af3_complex/output/chaina_a78s/seed-1_sample-1/model.pdb,95.42043142305208,94.22614525139666,97.50300000000001,87.84,"[[2.429836771636341, 2.643296089385475, 2.374301675977654], [5.052960893854749, 2.698, 3.5200000000000005], [12.52122905027933, 8.200000000000001, 0.8]]",3.8481284916201117,179,10,0.93,0.93,0.93
chaina_a78s,/home/achen918/catalytic_binders/251211_paper_revision_1/computational_SSM/af3_complex/output/chaina_a78s/seed-1_sample-2/model.pdb,95.45036703155182,94.26754189944134,97.523,88.46,"[[2.4242876314721764, 2.673575418994414, 2.342458100558659], [5.283743016759776, 2.7790000000000004, 3.4899999999999998], [11.379888268156424, 7.62, 0.8]]",3.978659217877095,179,10,0.93,0.93,0.95
chaina_a78s,/home/achen918/catalytic_binders/251211_paper_revision_1/computational_SSM/af3_complex/output/chaina_a78s/seed-1_sample-0/model.pdb,95.33637475853197,94.048156424581,97.37,88.87,"[[2.4012671264941794, 2.7298324022346367, 2.2899441340782123], [5.396033519553073, 2.802, 3.5900000000000007], [10.31731843575419, 7.26, 0.8]]",4.062932960893855,179,10,0.93,0.93,0.97
chaina_a78s,/home/achen918/catalytic_binders/251211_paper_revision_1/computational_SSM/af3_complex/output/chaina_a78s/seed-1_sample-4/model.pdb,95.58289117836445,93.75625698324023,97.583,89.44,"[[2.427296276645548, 2.607597765363128, 2.3497206703910614], [5.027932960893855, 2.6889999999999996, 3.29], [9.46927374301676, 6.68, 0.8]]",3.8177653631284914,179,10,0.93,0.93,0.93
chaina_a78s,/home/achen918/catalytic_binders/251211_paper_revision_1/computational_SSM/af3_complex/output/chaina_a78s/seed-1_sample-3/model.pdb,95.48285254346428,93.98413407821226,97.65799999999999,88.55,"[[2.4359539340220344, 2.636871508379888, 2.354189944134078], [5.070614525139665, 2.724, 3.4199999999999995], [11.618994413407822, 7.67, 0.8]]",3.8537430167597764,179,10,0.93,0.93,0.92
chaina_a78t,/home/achen918/catalytic_binders/251211_paper_revision_1/computational_SSM/af3_complex/output/chaina_a78t/seed-1_sample-3/model.pdb,95.56449806949799,94.06748603351954,97.659,89.14,"[[2.404981117942636, 2.5786033519553073, 2.3268156424581004], [4.898100558659218, 2.6710000000000003, 3.3599999999999994], [11.166480446927373, 7.459999999999999, 0.8]]",3.7383519553072624,179,10,0.93,0.93,0.91
chaina_a78t,/home/achen918/catalytic_binders/251211_paper_revision_1/computational_SSM/af3_complex/output/chaina_a78t/seed-1_sample-4/model.pdb,95.72229729729723,93.90877094972066,97.65599999999999,90.25,"[[2.3352766767579043, 2.4588826815642455, 2.2536312849162012], [4.779385474860335, 2.5980000000000003, 3.1700000000000004], [8.5, 6.14, 0.8]]",3.61913407821229,179,10,0.93,0.94,0.89
chaina_a78t,/home/achen918/catalytic_binders/251211_paper_revision_1/computational_SSM/af3_complex/output/chaina_a78t/seed-1_sample-0/model.pdb,95.2482754182756,94.08458100558659,97.464,88.82,"[[2.4172778627383664, 2.693351955307263, 2.3033519553072623], [5.183854748603352, 2.7530000000000006, 3.53], [10.28659217877095, 7.32, 0.8]]",3.938603351955307,179,10,0.93,0.93,0.94
chaina_a78t,/home/achen918/catalytic_binders/251211_paper_revision_1/computational_SSM/af3_complex/output/chaina_a78t/seed-1_sample-2/model.pdb,95.44263191763196,94.34005586592178,97.48400000000001,88.27,"[[2.3999344589744385, 2.719832402234637, 2.357541899441341], [5.338882681564246, 2.7539999999999996, 3.5699999999999994], [11.66536312849162, 7.869999999999999, 0.8]]",4.029357541899442,179,10,0.93,0.93,0.96
chaina_a78t,/home/achen918/catalytic_binders/251211_paper_revision_1/computational_SSM/af3_complex/output/chaina_a78t/seed-1_sample-1/model.pdb,95.54927927927922,94.36810055865921,97.532,88.25,"[[2.3718048750039014, 2.5421229050279326, 2.323463687150838], [4.85927374301676, 2.6290000000000004, 3.44], [11.937430167597766, 7.87, 0.8]]",3.7006983240223463,179,10,0.93,0.94,0.9
chaina_a78v,/home/achen918/catalytic_binders/251211_paper_revision_1/computational_SSM/af3_complex/output/chaina_a78v/seed-1_sample-3/model.pdb,95.9683075933079,94.51625698324023,98.01199999999999,88.46,"[[2.2214631253706187, 2.195139664804469, 2.205586592178771], [4.165474860335196, 2.3750000000000004, 2.99], [10.552513966480447, 6.9, 0.8]]",3.1803072625698325,179,10,0.94,0.94,0.83
chaina_a78v,/home/achen918/catalytic_binders/251211_paper_revision_1/computational_SSM/af3_complex/output/chaina_a78v/seed-1_sample-4/model.pdb,95.9254761904763,94.31195530726256,97.9,89.72,"[[2.2725820043069818, 2.2135754189944135, 2.1849162011173187], [4.089553072625698, 2.3480000000000003, 2.88], [8.395530726256982, 5.880000000000001, 0.8]]",3.1515642458100555,179,10,0.93,0.94,0.83
chaina_a78v,/home/achen918/catalytic_binders/251211_paper_revision_1/computational_SSM/af3_complex/output/chaina_a78v/seed-1_sample-0/model.pdb,95.90814671814672,94.85027932960894,97.958,88.81,"[[2.175671795512, 2.1636312849162014, 2.1201117318435756], [4.07463687150838, 2.3280000000000003, 2.97], [9.538547486033519, 6.470000000000001, 0.8]]",3.1191340782122907,179,10,0.94,0.95,0.83
chaina_a78v,/home/achen918/catalytic_binders/251211_paper_revision_1/computational_SSM/af3_complex/output/chaina_a78v/seed-1_sample-2/model.pdb,95.83967181467189,94.77865921787708,97.92699999999999,87.91,"[[2.2719078680440683, 2.254804469273743, 2.2636871508379888], [4.278826815642458, 2.407, 3.03], [11.17877094972067, 7.3, 0.8]]",3.2668156424581003,179,10,0.93,0.94,0.85
chaina_a78v,/home/achen918/catalytic_binders/251211_paper_revision_1/computational_SSM/af3_complex/output/chaina_a78v/seed-1_sample-1/model.pdb,95.78256113256114,94.55083798882681,97.85799999999999,87.06,"[[2.2900315221122933, 2.2819553072625705, 2.3206703910614523], [4.256871508379889, 2.399, 3.17], [11.993296089385476, 7.640000000000001, 0.8]]",3.2694134078212294,179,10,0.93,0.94,0.84
chaina_a78w,/home/achen918/catalytic_binders/251211_paper_revision_1/computational_SSM/af3_complex/output/chaina_a78w/seed-1_sample-1/model.pdb,95.59580397181303,94.39715083798885,97.777,87.23,"[[2.387690771199401, 2.391340782122905, 2.410055865921788], [4.5541899441340785, 2.4830000000000005, 3.2], [12.303351955307262, 7.840000000000001, 0.8]]",3.4727653631284916,179,10,0.93,0.94,0.87
chaina_a78w,/home/achen918/catalytic_binders/251211_paper_revision_1/computational_SSM/af3_complex/output/chaina_a78w/seed-1_sample-2/model.pdb,95.50590006406149,94.41776536312848,97.743,87.46,"[[2.398099310258731, 2.4106703910614526, 2.37877094972067], [4.529441340782123, 2.5010000000000003, 3.1799999999999997], [11.429608938547487, 7.4, 0.8]]",3.470055865921788,179,10,0.93,0.94,0.87
chaina_a78w,/home/achen918/catalytic_binders/251211_paper_revision_1/computational_SSM/af3_complex/output/chaina_a78w/seed-1_sample-0/model.pdb,95.63392056374137,94.54027932960894,97.79799999999999,88.26,"[[2.2745451140725943, 2.283296089385475, 2.2229050279329607], [4.23927374301676, 2.387, 3.09], [9.963128491620111, 6.720000000000001, 0.8]]",3.2612849162011175,179,10,0.93,0.94,0.86
chaina_a78w,/home/achen918/catalytic_binders/251211_paper_revision_1/computational_SSM/af3_complex/output/chaina_a78w/seed-1_sample-4/model.pdb,95.8700256245996,94.4177094972067,97.892,89.66,"[[2.2671420991854188, 2.233128491620112, 2.1983240223463687], [4.206480446927374, 2.378, 2.87], [8.317877094972067, 5.8500000000000005, 0.8]]",3.2198044692737433,179,10,0.93,0.94,0.84
chaina_a78w,/home/achen918/catalytic_binders/251211_paper_revision_1/computational_SSM/af3_complex/output/chaina_a78w/seed-1_sample-3/model.pdb,95.77065342729017,94.4445251396648,97.87899999999999,88.18,"[[2.2791517118691678, 2.2621787709497205, 2.2575418994413408], [4.260446927374302, 2.406, 3.0300000000000002], [10.75586592178771, 7.010000000000001, 0.8]]",3.261312849162011,179,10,0.93,0.94,0.85
chaina_a78y,/home/achen918/catalytic_binders/251211_paper_revision_1/computational_SSM/af3_complex/output/chaina_a78y/seed-1_sample-0/model.pdb,95.596356638871,94.45949720670392,97.749,88.14,"[[2.3080615461440033, 2.3265921787709494, 2.240782122905028], [4.325251396648045, 2.423, 3.13], [10.127932960893855, 6.780000000000001, 0.8]]",3.325921787709497,179,10,0.93,0.94,0.86
chaina_a78y,/home/achen918/catalytic_binders/251211_paper_revision_1/computational_SSM/af3_complex/output/chaina_a78y/seed-1_sample-4/model.pdb,95.75298268120592,94.06793296089387,97.819,89.01,"[[2.351287413002091, 2.3059776536312846, 2.2798882681564248], [4.261396648044692, 2.418, 2.9499999999999997], [9.244134078212289, 6.36, 0.8]]",3.2836871508379883,179,10,0.93,0.94,0.85
chaina_a78y,/home/achen918/catalytic_binders/251211_paper_revision_1/computational_SSM/af3_complex/output/chaina_a78y/seed-1_sample-3/model.pdb,95.72769724182152,94.27804469273744,97.86300000000001,87.65,"[[2.2979994382197813, 2.2942458100558665, 2.3083798882681568], [4.394692737430168, 2.442, 3.12], [11.57150837988827, 7.410000000000001, 0.8]]",3.344469273743017,179,10,0.93,0.94,0.86
chaina_a78y,/home/achen918/catalytic_binders/251211_paper_revision_1/computational_SSM/af3_complex/output/chaina_a78y/seed-1_sample-1/model.pdb,95.50568313021172,94.18262569832402,97.70700000000001,86.79,"[[2.424459286539122, 2.4352513966480447, 2.422905027932961], [4.462122905027933, 2.47, 3.2700000000000005], [12.345810055865922, 7.9, 0.8]]",3.448687150837989,179,10,0.93,0.94,0.88
chaina_a78y,/home/achen918/catalytic_binders/251211_paper_revision_1/computational_SSM/af3_complex/output/chaina_a78y/seed-1_sample-2/model.pdb,95.45927517639494,94.35262569832403,97.78200000000001,87.79,"[[2.40327705127805, 2.3998324022346367, 2.3614525139664804], [4.503743016759776, 2.486, 3.1499999999999995], [11.30558659217877, 7.37, 0.8]]",3.4517877094972063,179,10,0.93,0.94,0.87
chaina_a79d,/home/achen918/catalytic_binders/251211_paper_revision_1/computational_SSM/af3_complex/output/chaina_a79d/seed-1_sample-2/model.pdb,95.70930546623815,94.36988826815642,97.80199999999999,89.16,"[[2.4184607221996814, 2.705530726256983, 2.3430167597765363], [5.272011173184358, 2.76, 3.5], [11.150837988826815, 7.51, 0.8]]",3.9887709497206707,179,10,0.93,0.93,1.0
chaina_a79d,/home/achen918/catalytic_binders/251211_paper_revision_1/computational_SSM/af3_complex/output/chaina_a79d/seed-1_sample-1/model.pdb,95.83506752411584,94.80938547486033,97.86699999999999,88.76,"[[2.322773945881839, 2.5237430167597767, 2.298324022346369], [4.947597765363128, 2.641, 3.4699999999999998], [11.798882681564246, 7.779999999999999, 0.8]]",3.7356703910614524,179,10,0.93,0.93,0.95
chaina_a79d,/home/achen918/catalytic_binders/251211_paper_revision_1/computational_SSM/af3_complex/output/chaina_a79d/seed-1_sample-4/model.pdb,95.99436655948564,94.45698324022344,97.911,90.82,"[[2.3133734902156613, 2.5240782122905028, 2.2346368715083798], [4.852737430167598, 2.6090000000000004, 3.1900000000000004], [8.402234636871508, 6.08, 0.8]]",3.6884078212290503,179,10,0.93,0.93,0.92
chaina_a79d,/home/achen918/catalytic_binders/251211_paper_revision_1/computational_SSM/af3_complex/output/chaina_a79d/seed-1_sample-3/model.pdb,95.7656270096465,94.49720670391062,97.84,88.78,"[[2.340676008863644, 2.604525139664805, 2.3268156424581004], [5.01340782122905, 2.68, 3.46], [11.571508379888266, 7.62, 0.8]]",3.8089664804469274,179,10,0.93,0.93,0.97
chaina_a79d,/home/achen918/catalytic_binders/251211_paper_revision_1/computational_SSM/af3_complex/output/chaina_a79d/seed-1_sample-0/model.pdb,95.71749839228283,94.58787709497206,97.74600000000001,89.12,"[[2.353615679910115, 2.6219553072625694, 2.269832402234637], [4.920446927374302, 2.6239999999999997, 3.41], [10.53072625698324, 7.200000000000001, 0.8]]",3.7712011173184354,179,10,0.93,0.93,0.96
chaina_a79e,/home/achen918/catalytic_binders/251211_paper_revision_1/computational_SSM/af3_complex/output/chaina_a79e/seed-1_sample-1/model.pdb,95.7293444730077,94.5603910614525,97.811,88.49,"[[2.3764458038138634, 2.595530726256983, 2.3513966480446924], [5.05195530726257, 2.6870000000000003, 3.5300000000000002], [11.846368715083798, 7.83, 0.8]]",3.823743016759776,179,10,0.93,0.93,0.96
chaina_a79e,/home/achen918/catalytic_binders/251211_paper_revision_1/computational_SSM/af3_complex/output/chaina_a79e/seed-1_sample-2/model.pdb,95.60642673521868,94.32581005586592,97.70899999999999,88.78,"[[2.42669392341063, 2.7699441340782127, 2.3798882681564244], [5.37391061452514, 2.799, 3.5800000000000005], [11.232960893854747, 7.56, 0.8]]",4.071927374301676,179,10,0.93,0.93,1.01
chaina_a79e,/home/achen918/catalytic_binders/251211_paper_revision_1/computational_SSM/af3_complex/output/chaina_a79e/seed-1_sample-0/model.pdb,95.73522493573272,94.65117318435755,97.811,88.83,"[[2.327112137573734, 2.5553072625698325, 2.2597765363128492], [4.896759776536313, 2.6620000000000004, 3.3599999999999994], [10.349720670391061, 7.080000000000001, 0.8]]",3.7260335195530727,179,10,0.93,0.93,0.94
chaina_a79e,/home/achen918/catalytic_binders/251211_paper_revision_1/computational_SSM/af3_complex/output/chaina_a79e/seed-1_sample-3/model.pdb,95.7111503856041,94.39497206703909,97.868,88.59,"[[2.3889797447021, 2.593184357541899, 2.364804469273743], [5.011340782122905, 2.718, 3.45], [11.498882681564247, 7.5600000000000005, 0.8]]",3.802262569832402,179,10,0.93,0.93,0.94
chaina_a79e,/home/achen918/catalytic_binders/251211_paper_revision_1/computational_SSM/af3_complex/output/chaina_a79e/seed-1_sample-4/model.pdb,95.82337403598967,94.12715083798884,97.83399999999999,90.18,"[[2.3470053993321054, 2.565642458100559, 2.2715083798882683], [4.982569832402234, 2.7, 3.3], [8.821787709497206, 6.33, 0.8]]",3.7741061452513964,179,10,0.93,0.93,0.94
chaina_a79f,/home/achen918/catalytic_binders/251211_paper_revision_1/computational_SSM/af3_complex/output/chaina_a79f/seed-1_sample-4/model.pdb,94.91155327342763,93.75659217877096,96.58500000000001,88.02,"[[2.4742018039387035, 4.937039106145251, 2.5541899441340785], [9.980279329608937, 3.799, 6.049999999999999], [10.996648044692739, 8.319999999999999, 0.8]]",7.458659217877094,179,10,0.92,0.8,2.35
chaina_a79f,/home/achen918/catalytic_binders/251211_paper_revision_1/computational_SSM/af3_complex/output/chaina_a79f/seed-1_sample-3/model.pdb,94.34802952503205,93.82798882681564,96.357,83.62,"[[2.5765581598576826, 5.868938547486034, 2.7430167597765363], [11.149608938547486, 4.113, 7.029999999999999], [14.0731843575419, 9.59, 0.8]]",8.50927374301676,179,10,0.91,0.76,2.59
chaina_a79f,/home/achen918/catalytic_binders/251211_paper_revision_1/computational_SSM/af3_complex/output/chaina_a79f/seed-1_sample-0/model.pdb,94.00838254172022,93.78960893854746,95.93299999999999,82.64,"[[2.568999094909647, 6.044469273743017, 2.7402234636871508], [11.473910614525138, 4.0569999999999995, 7.220000000000001], [13.997206703910615, 9.790000000000001, 0.8]]",8.759189944134079,179,10,0.91,0.75,2.75
chaina_a79f,/home/achen918/catalytic_binders/251211_paper_revision_1/computational_SSM/af3_complex/output/chaina_a79f/seed-1_sample-2/model.pdb,94.5073812580232,94.17592178770951,96.29400000000001,83.69,"[[2.4804906213913425, 5.567765363128491, 2.6631284916201117], [11.053240223463687, 4.053, 6.970000000000001], [14.125139664804466, 9.6, 0.8]]",8.31050279329609,179,10,0.91,0.77,2.66
chaina_a79f,/home/achen918/catalytic_binders/251211_paper_revision_1/computational_SSM/af3_complex/output/chaina_a79f/seed-1_sample-1/model.pdb,94.62644415917856,94.2949720670391,96.311,83.31,"[[2.462888174526388, 5.165642458100558, 2.6486033519553076], [10.292849162011171, 3.8340000000000005, 6.589999999999999], [14.39050279329609, 9.61, 0.8]]",7.729245810055865,179,10,0.92,0.8,2.44
chaina_a79g,/home/achen918/catalytic_binders/251211_paper_revision_1/computational_SSM/af3_complex/output/chaina_a79g/seed-1_sample-2/model.pdb,95.6726370083819,94.26519553072625,97.845,87.05,"[[2.395908367404263, 2.392737430167598, 2.437988826815643], [4.7, 2.6180000000000008, 3.25], [12.035195530726257, 7.900000000000001, 0.8]]",3.546368715083799,179,10,0.93,0.93,0.85
chaina_a79g,/home/achen918/catalytic_binders/251211_paper_revision_1/computational_SSM/af3_complex/output/chaina_a79g/seed-1_sample-1/model.pdb,95.71428755641529,94.38240223463687,97.88399999999999,86.19,"[[2.345613432789239, 2.2889944134078206, 2.4519553072625695], [4.465418994413408, 2.489, 3.2099999999999995], [13.15977653631285, 8.4, 0.8]]",3.3772067039106144,179,10,0.93,0.94,0.84
chaina_a79g,/home/achen918/catalytic_binders/251211_paper_revision_1/computational_SSM/af3_complex/output/chaina_a79g/seed-1_sample-4/model.pdb,95.96936814958097,94.39290502793297,97.91999999999999,88.96,"[[2.282491183171561, 2.2150837988826817, 2.2391061452513967], [4.1864245810055865, 2.41, 2.88], [8.9, 6.17, 0.8]]",3.200754189944134,179,10,0.93,0.94,0.83
chaina_a79g,/home/achen918/catalytic_binders/251211_paper_revision_1/computational_SSM/af3_complex/output/chaina_a79g/seed-1_sample-3/model.pdb,95.78473887814327,94.27178770949722,97.94600000000001,87.07,"[[2.327002902531132, 2.299944134078212, 2.388268156424581], [4.415754189944135, 2.4760000000000004, 3.18], [11.825698324022348, 7.589999999999999, 0.8]]",3.3578491620111732,179,10,0.93,0.94,0.84
chaina_a79g,/home/achen918/catalytic_binders/251211_paper_revision_1/computational_SSM/af3_complex/output/chaina_a79g/seed-1_sample-0/model.pdb,95.74388781431341,94.43614525139665,97.861,87.55,"[[2.326556599357074, 2.288435754189944, 2.3145251396648043], [4.3066480446927375, 2.438, 3.13], [10.845251396648045, 7.169999999999999, 0.8]]",3.297541899441341,179,10,0.93,0.94,0.84
chaina_a79h,/home/achen918/catalytic_binders/251211_paper_revision_1/computational_SSM/af3_complex/output/chaina_a79h/seed-1_sample-2/model.pdb,95.62387283237,94.50067039106145,97.692,88.2,"[[2.320367653943385, 2.5343575418994413, 2.253631284916201], [4.964413407821229, 2.6500000000000004, 3.3], [10.964245810055866, 7.24, 0.8]]",3.7493854748603352,179,10,0.93,0.93,0.95
chaina_a79h,/home/achen918/catalytic_binders/251211_paper_revision_1/computational_SSM/af3_complex/output/chaina_a79h/seed-1_sample-1/model.pdb,95.58146435452794,94.31117318435753,97.72,87.97,"[[2.320533067007896, 2.424748603351955, 2.2659217877094973], [4.676424581005586, 2.549, 3.2699999999999996], [11.910614525139664, 7.659999999999999, 0.8]]",3.5505865921787705,179,10,0.93,0.94,0.9
chaina_a79h,/home/achen918/catalytic_binders/251211_paper_revision_1/computational_SSM/af3_complex/output/chaina_a79h/seed-1_sample-3/model.pdb,95.63618497109816,94.14536312849162,97.795,88.75,"[[2.3628257545020444, 2.5075977653631285, 2.287709497206704], [4.756480446927375, 2.595, 3.28], [11.146927374301677, 7.32, 0.8]]",3.6320391061452515,179,10,0.93,0.93,0.91
chaina_a79h,/home/achen918/catalytic_binders/251211_paper_revision_1/computational_SSM/af3_complex/output/chaina_a79h/seed-1_sample-4/model.pdb,95.82278741168916,93.94178770949722,97.78399999999999,90.32,"[[2.3024811959676663, 2.3922346368715086, 2.2083798882681567], [4.557430167597765, 2.519, 3.01], [8.512290502793295, 6.07, 0.8]]",3.474832402234637,179,10,0.93,0.94,0.88
chaina_a79h,/home/achen918/catalytic_binders/251211_paper_revision_1/computational_SSM/af3_complex/output/chaina_a79h/seed-1_sample-0/model.pdb,95.38075144508684,93.94832402234637,97.616,88.34,"[[2.4079179800880124, 2.639608938547486, 2.3061452513966483], [5.06949720670391, 2.7020000000000004, 3.4300000000000006], [11.1268156424581, 7.4, 0.8]]",3.854553072625698,179,10,0.93,0.93,0.96
chaina_a79i,/home/achen918/catalytic_binders/251211_paper_revision_1/computational_SSM/af3_complex/output/chaina_a79i/seed-1_sample-2/model.pdb,95.44244372990343,94.43793296089385,97.82799999999999,88.17,"[[2.4307012889735025, 2.4882122905027932, 2.3670391061452514], [4.843798882681565, 2.655, 3.3], [10.924022346368716, 7.220000000000001, 0.8]]",3.666005586592179,179,10,0.92,0.93,0.9
chaina_a79i,/home/achen918/catalytic_binders/251211_paper_revision_1/computational_SSM/af3_complex/output/chaina_a79i/seed-1_sample-1/model.pdb,95.67088745980716,94.83050279329609,97.842,87.38,"[[2.2676820323959928, 2.3006703910614523, 2.2497206703910613], [4.391061452513966, 2.416, 3.13], [11.696089385474862, 7.37, 0.8]]",3.345865921787709,179,10,0.93,0.94,0.88
chaina_a79i,/home/achen918/catalytic_binders/251211_paper_revision_1/computational_SSM/af3_complex/output/chaina_a79i/seed-1_sample-3/model.pdb,95.52938263665588,94.40966480446929,97.862,87.68,"[[2.3225523547954183, 2.3613407821229053, 2.322346368715084], [4.557597765363128, 2.512, 3.1999999999999997], [11.37541899441341, 7.37, 0.8]]",3.4594692737430166,179,10,0.93,0.93,0.9
chaina_a79i,/home/achen918/catalytic_binders/251211_paper_revision_1/computational_SSM/af3_complex/output/chaina_a79i/seed-1_sample-4/model.pdb,95.71100964630216,94.22301675977653,97.904,89.63,"[[2.2905558503167813, 2.2874301675977655, 2.189944134078212], [4.398044692737431, 2.451, 2.96], [8.599441340782123, 5.909999999999998, 0.8]]",3.342737430167598,179,10,0.93,0.94,0.87
chaina_a79i,/home/achen918/catalytic_binders/251211_paper_revision_1/computational_SSM/af3_complex/output/chaina_a79i/seed-1_sample-0/model.pdb,95.43382636655934,94.56821229050279,97.62799999999999,88.31,"[[2.313638775319122, 2.422346368715084, 2.2385474860335193], [4.718882681564246, 2.5810000000000004, 3.29], [10.073743016759776, 6.839999999999999, 0.8]]",3.570614525139665,179,10,0.93,0.93,0.91
chaina_a79k,/home/achen918/catalytic_binders/251211_paper_revision_1/computational_SSM/af3_complex/output/chaina_a79k/seed-1_sample-2/model.pdb,95.31091902313618,94.18715083798882,97.541,88.29,"[[2.405330670078962, 2.6589944134078216, 2.327374301675978], [5.1964804469273735, 2.7450000000000006, 3.47], [10.95195530726257, 7.31, 0.8]]",3.9277374301675976,179,10,0.93,0.93,0.95
chaina_a79k,/home/achen918/catalytic_binders/251211_paper_revision_1/computational_SSM/af3_complex/output/chaina_a79k/seed-1_sample-1/model.pdb,95.29133676092565,94.23541899441341,97.549,87.84,"[[2.400808339315252, 2.5375418994413406, 2.3553072625698324], [4.888826815642458, 2.6630000000000003, 3.4], [11.825698324022344, 7.589999999999999, 0.8]]",3.7131843575418992,179,10,0.93,0.93,0.91
chaina_a79k,/home/achen918/catalytic_binders/251211_paper_revision_1/computational_SSM/af3_complex/output/chaina_a79k/seed-1_sample-4/model.pdb,95.52511568123391,93.83329608938547,97.572,89.58,"[[2.342738990668207, 2.4565921787709493, 2.2530726256983242], [4.707262569832403, 2.575, 3.11], [8.558659217877095, 6.1499999999999995, 0.8]]",3.581927374301676,179,10,0.93,0.94,0.89
chaina_a79k,/home/achen918/catalytic_binders/251211_paper_revision_1/computational_SSM/af3_complex/output/chaina_a79k/seed-1_sample-3/model.pdb,95.2966966580978,93.82340782122905,97.568,88.27,"[[2.4543928092131955, 2.6400558659217874, 2.3927374301675974], [5.087541899441341, 2.7750000000000004, 3.4800000000000004], [11.23854748603352, 7.38, 0.8]]",3.8637988826815644,179,10,0.93,0.93,0.93
chaina_a79k,/home/achen918/catalytic_binders/251211_paper_revision_1/computational_SSM/af3_complex/output/chaina_a79k/seed-1_sample-0/model.pdb,95.28619537275063,93.93944134078212,97.35,88.16,"[[2.3515277300958144, 2.625474860335195, 2.282122905027933], [5.158100558659218, 2.7390000000000003, 3.4899999999999998], [10.539106145251397, 7.199999999999998, 0.8]]",3.8917877094972066,179,10,0.93,0.93,0.95
chaina_a79l,/home/achen918/catalytic_binders/251211_paper_revision_1/computational_SSM/af3_complex/output/chaina_a79l/seed-1_sample-4/model.pdb,95.52314469453376,93.6982122905028,97.655,89.9,"[[2.3605942386317533, 2.5686033519553066, 2.2748603351955308], [4.894078212290504, 2.646000000000001, 3.25], [8.239106145251398, 6.0200000000000005, 0.8]]",3.7313407821229054,179,10,0.93,0.93,0.94
chaina_a79l,/home/achen918/catalytic_binders/251211_paper_revision_1/computational_SSM/af3_complex/output/chaina_a79l/seed-1_sample-3/model.pdb,95.41392926045016,94.01849162011172,97.687,88.05,"[[2.4004681501825784, 2.654245810055866, 2.37877094972067], [5.125642458100558, 2.7460000000000004, 3.53], [11.704469273743015, 7.640000000000001, 0.8]]",3.8899441340782124,179,10,0.93,0.93,0.97
chaina_a79l,/home/achen918/catalytic_binders/251211_paper_revision_1/computational_SSM/af3_complex/output/chaina_a79l/seed-1_sample-0/model.pdb,95.12427652733118,93.8577653631285,97.405,88.18,"[[2.4179020629818044, 2.7007821229050277, 2.3162011173184354], [5.331005586592179, 2.797000000000001, 3.5900000000000007], [10.412290502793294, 7.109999999999999, 0.8]]",4.015893854748603,179,10,0.93,0.92,1.01
chaina_a79l,/home/achen918/catalytic_binders/251211_paper_revision_1/computational_SSM/af3_complex/output/chaina_a79l/seed-1_sample-2/model.pdb,95.43504823151117,94.31765363128493,97.6,88.33,"[[2.356487001029931, 2.652067039106145, 2.293296089385475], [5.303687150837988, 2.7710000000000004, 3.5700000000000003], [10.945810055865923, 7.339999999999999, 0.8]]",3.977877094972067,179,10,0.93,0.93,0.99
chaina_a79l,/home/achen918/catalytic_binders/251211_paper_revision_1/computational_SSM/af3_complex/output/chaina_a79l/seed-1_sample-1/model.pdb,95.30486816720251,94.15212290502794,97.482,87.1,"[[2.404472394744234, 2.7643016759776535, 2.375977653631285], [5.232122905027933, 2.7290000000000005, 3.71], [12.280446927374301, 7.99, 0.8]]",3.998212290502793,179,10,0.93,0.92,1.03
chaina_a79m,/home/achen918/catalytic_binders/251211_paper_revision_1/computational_SSM/af3_complex/output/chaina_a79m/seed-1_sample-0/model.pdb,94.98756270096459,93.99525139664806,97.33900000000001,87.42,"[[2.4152086389313694, 2.80731843575419, 2.36536312849162], [5.609944134078212, 2.8720000000000003, 3.72], [10.64245810055866, 7.219999999999999, 0.8]]",4.208631284916201,179,10,0.92,0.92,1.09
chaina_a79m,/home/achen918/catalytic_binders/251211_paper_revision_1/computational_SSM/af3_complex/output/chaina_a79m/seed-1_sample-3/model.pdb,95.06727974276532,93.68111731843574,97.473,87.07,"[[2.497275365937393, 2.9308938547486036, 2.51731843575419], [5.665698324022347, 2.8970000000000002, 3.81], [12.104469273743016, 7.9, 0.8]]",4.298296089385476,179,10,0.92,0.92,1.1
chaina_a79m,/home/achen918/catalytic_binders/251211_paper_revision_1/computational_SSM/af3_complex/output/chaina_a79m/seed-1_sample-4/model.pdb,95.24789710610935,93.5605027932961,97.46600000000001,88.85,"[[2.394931494023283, 2.7298882681564245, 2.3240223463687153], [5.272737430167598, 2.7489999999999997, 3.4500000000000006], [8.607262569832402, 6.21, 0.8]]",4.001312849162011,179,10,0.93,0.92,1.03
chaina_a79m,/home/achen918/catalytic_binders/251211_paper_revision_1/computational_SSM/af3_complex/output/chaina_a79m/seed-1_sample-1/model.pdb,95.17183279742774,94.10039106145253,97.42999999999999,86.96,"[[2.4057488842420645, 2.7206145251396645, 2.4117318435754185], [5.286759776536313, 2.7509999999999994, 3.6599999999999993], [11.993854748603352, 7.68, 0.8]]",4.0036871508379885,179,10,0.93,0.92,1.02
chaina_a79m,/home/achen918/catalytic_binders/251211_paper_revision_1/computational_SSM/af3_complex/output/chaina_a79m/seed-1_sample-2/model.pdb,95.07333118971059,93.96122905027934,97.33600000000001,86.98,"[[2.486632751786773, 2.952625698324023, 2.489944134078212], [5.814301675977654, 2.936000000000001, 3.87], [11.739664804469275, 7.83, 0.8]]",4.383463687150838,179,10,0.92,0.91,1.12
chaina_a79n,/home/achen918/catalytic_binders/251211_paper_revision_1/computational_SSM/af3_complex/output/chaina_a79n/seed-1_sample-0/model.pdb,95.4149774919615,93.91893854748602,97.684,88.84,"[[2.4211042102306424, 2.5164245810055865, 2.3], [4.699329608938547, 2.588, 3.29], [10.64581005586592, 7.139999999999999, 0.8]]",3.607877094972067,179,10,0.93,0.94,0.88
chaina_a79n,/home/achen918/catalytic_binders/251211_paper_revision_1/computational_SSM/af3_complex/output/chaina_a79n/seed-1_sample-4/model.pdb,95.80926688102919,93.91765363128492,97.86099999999999,90.74,"[[2.286383071689398, 2.2856424581005585, 2.1776536312849157], [4.30195530726257, 2.428, 2.9000000000000004], [8.18100558659218, 5.87, 0.8]]",3.293798882681564,179,10,0.94,0.94,0.84
chaina_a79n,/home/achen918/catalytic_binders/251211_paper_revision_1/computational_SSM/af3_complex/output/chaina_a79n/seed-1_sample-3/model.pdb,95.6257234726688,93.99988826815644,97.852,88.93,"[[2.3335913361006213, 2.343072625698324, 2.253072625698324], [4.438491620111733, 2.4959999999999996, 3.0900000000000003], [10.983240223463687, 7.2299999999999995, 0.8]]",3.390782122905028,179,10,0.93,0.94,0.85
chaina_a79n,/home/achen918/catalytic_binders/251211_paper_revision_1/computational_SSM/af3_complex/output/chaina_a79n/seed-1_sample-1/model.pdb,95.58317041800652,94.28245810055867,97.74499999999999,88.44,"[[2.336156799101152, 2.388156424581006, 2.2547486033519553], [4.593798882681564, 2.5340000000000003, 3.19], [11.418994413407821, 7.5, 0.8]]",3.490977653631285,179,10,0.93,0.94,0.87
chaina_a79n,/home/achen918/catalytic_binders/251211_paper_revision_1/computational_SSM/af3_complex/output/chaina_a79n/seed-1_sample-2/model.pdb,95.63412861736344,94.09245810055866,97.799,88.68,"[[2.364096001997441, 2.4437430167597767, 2.2681564245810057], [4.778435754189944, 2.6140000000000003, 3.19], [10.99608938547486, 7.330000000000001, 0.8]]",3.6110893854748607,179,10,0.93,0.94,0.87
chaina_a79p,/home/achen918/catalytic_binders/251211_paper_revision_1/computational_SSM/af3_complex/output/chaina_a79p/seed-1_sample-0/model.pdb,95.10944658944672,94.21877094972066,97.52099999999999,87.39,"[[2.406298180456291, 2.629608938547486, 2.3620111731843574], [5.27754189944134, 2.8, 3.6399999999999997], [11.03854748603352, 7.390000000000001, 0.8]]",3.9535754189944132,179,10,0.92,0.92,0.97
chaina_a79p,/home/achen918/catalytic_binders/251211_paper_revision_1/computational_SSM/af3_complex/output/chaina_a79p/seed-1_sample-4/model.pdb,95.41779279279278,93.90553072625698,97.696,89.24,"[[2.3909959114884054, 2.47536312849162, 2.294413407821229], [4.834581005586592, 2.6660000000000004, 3.22], [8.855307262569832, 6.119999999999999, 0.8]]",3.6549720670391057,179,10,0.93,0.93,0.91
chaina_a79p,/home/achen918/catalytic_binders/251211_paper_revision_1/computational_SSM/af3_complex/output/chaina_a79p/seed-1_sample-3/model.pdb,95.15126769626778,94.12877094972066,97.685,86.42,"[[2.525348771886021, 2.7404469273743013, 2.556983240223463], [5.308603351955307, 2.8740000000000006, 3.7400000000000007], [12.822905027932961, 8.190000000000001, 0.8]]",4.024525139664805,179,10,0.92,0.92,0.96
chaina_a79p,/home/achen918/catalytic_binders/251211_paper_revision_1/computational_SSM/af3_complex/output/chaina_a79p/seed-1_sample-1/model.pdb,95.06378378378392,94.24055865921787,97.549,86.01,"[[2.5330108298742235, 2.7117877094972065, 2.5564245810055866], [5.270949720670391, 2.8250000000000006, 3.7399999999999998], [13.005586592178771, 8.330000000000002, 0.8]]",3.991368715083799,179,10,0.92,0.93,0.95
chaina_a79p,/home/achen918/catalytic_binders/251211_paper_revision_1/computational_SSM/af3_complex/output/chaina_a79p/seed-1_sample-2/model.pdb,95.22259330759344,94.35530726256982,97.558,86.58,"[[2.506950469710683, 2.7402234636871508, 2.5351955307262575], [5.533575418994413, 2.9339999999999997, 3.7699999999999996], [12.540782122905027, 8.15, 0.8]]",4.136899441340782,179,10,0.92,0.92,0.96
chaina_a79q,/home/achen918/catalytic_binders/251211_paper_revision_1/computational_SSM/af3_complex/output/chaina_a79q/seed-1_sample-3/model.pdb,95.41670951156823,93.84659217877095,97.775,88.05,"[[2.4105957991323614, 2.4188268156424586, 2.366480446927374], [4.517486033519553, 2.515, 3.2199999999999998], [11.398324022346369, 7.369999999999999, 0.8]]",3.468156424581006,179,10,0.93,0.94,0.87
chaina_a79q,/home/achen918/catalytic_binders/251211_paper_revision_1/computational_SSM/af3_complex/output/chaina_a79q/seed-1_sample-4/model.pdb,95.66539845758363,93.85748603351954,97.80099999999999,89.53,"[[2.3296807215754813, 2.3187150837988826, 2.2452513966480447], [4.390391061452514, 2.468, 2.9800000000000004], [8.472067039106145, 5.99, 0.8]]",3.3545530726256985,179,10,0.93,0.94,0.85
chaina_a79q,/home/achen918/catalytic_binders/251211_paper_revision_1/computational_SSM/af3_complex/output/chaina_a79q/seed-1_sample-0/model.pdb,95.47339331619534,94.3058100558659,97.74600000000001,88.27,"[[2.33138166723885, 2.38463687150838, 2.2586592178770952], [4.509832402234637, 2.497, 3.21], [10.39608938547486, 6.94, 0.8]]",3.4472346368715083,179,10,0.93,0.94,0.86
chaina_a79q,/home/achen918/catalytic_binders/251211_paper_revision_1/computational_SSM/af3_complex/output/chaina_a79q/seed-1_sample-2/model.pdb,95.40460796915181,94.18111731843574,97.65700000000001,88.39,"[[2.423185918042508, 2.5043016759776537, 2.345810055865922], [4.860111731843575, 2.629000000000001, 3.28], [10.669832402234638, 7.13, 0.8]]",3.682206703910614,179,10,0.93,0.93,0.89
chaina_a79q,/home/achen918/catalytic_binders/251211_paper_revision_1/computational_SSM/af3_complex/output/chaina_a79q/seed-1_sample-1/model.pdb,95.49514781491001,94.39173184357543,97.803,87.94,"[[2.3450797415810993, 2.335921787709497, 2.310055865921788], [4.467094972067039, 2.495, 3.1899999999999995], [11.47932960893855, 7.390000000000001, 0.8]]",3.401508379888268,179,10,0.93,0.94,0.86
chaina_a79r,/home/achen918/catalytic_binders/251211_paper_revision_1/computational_SSM/af3_complex/output/chaina_a79r/seed-1_sample-0/model.pdb,95.72043645699607,94.51815642458101,97.814,88.53,"[[2.2599918853968357, 2.2927932960893855, 2.1871508379888267], [4.354357541899441, 2.452, 3.1], [10.462011173184356, 6.94, 0.8]]",3.3235754189944133,179,10,0.93,0.94,0.85
chaina_a79r,/home/achen918/catalytic_binders/251211_paper_revision_1/computational_SSM/af3_complex/output/chaina_a79r/seed-1_sample-3/model.pdb,95.47047496790778,94.11972067039106,97.805,88.53,"[[2.398305296339066, 2.406759776536313, 2.3217877094972064], [4.520837988826815, 2.5210000000000004, 3.19], [10.910055865921787, 7.15, 0.8]]",3.463798882681564,179,10,0.93,0.94,0.87
chaina_a79r,/home/achen918/catalytic_binders/251211_paper_revision_1/computational_SSM/af3_complex/output/chaina_a79r/seed-1_sample-4/model.pdb,95.60770218228501,93.86240223463689,97.713,89.57,"[[2.3754751724353174, 2.361787709497207, 2.275418994413408], [4.41463687150838, 2.486, 3.0200000000000005], [8.826256983240224, 6.25, 0.8]]",3.3882122905027936,179,10,0.93,0.94,0.85
chaina_a79r,/home/achen918/catalytic_binders/251211_paper_revision_1/computational_SSM/af3_complex/output/chaina_a79r/seed-1_sample-1/model.pdb,95.63530808729138,94.62446927374302,97.862,88.35,"[[2.319893261758372, 2.3078212290502793, 2.246927374301676], [4.319888268156425, 2.441, 3.09], [10.770391061452512, 6.95, 0.8]]",3.313854748603352,179,10,0.93,0.94,0.85
chaina_a79r,/home/achen918/catalytic_binders/251211_paper_revision_1/computational_SSM/af3_complex/output/chaina_a79r/seed-1_sample-2/model.pdb,95.49815147625156,94.32765363128492,97.66,87.95,"[[2.38746918011298, 2.508268156424581, 2.345810055865922], [4.902513966480447, 2.6270000000000007, 3.28], [11.468156424581004, 7.55, 0.8]]",3.705391061452514,179,10,0.93,0.93,0.89
chaina_a79s,/home/achen918/catalytic_binders/251211_paper_revision_1/computational_SSM/af3_complex/output/chaina_a79s/seed-1_sample-0/model.pdb,95.6915067611078,94.45905027932962,97.716,89.21,"[[2.2684654037015073, 2.305195530726257, 2.164804469273743], [4.508435754189945, 2.4960000000000004, 3.1], [9.600558659217876, 6.68, 0.8]]",3.406815642458101,179,10,0.93,0.94,0.86
chaina_a79s,/home/achen918/catalytic_binders/251211_paper_revision_1/computational_SSM/af3_complex/output/chaina_a79s/seed-1_sample-4/model.pdb,95.68119124275593,93.85899441340783,97.725,89.89,"[[2.3694953341031804, 2.3558100558659216, 2.2720670391061453], [4.441396648044693, 2.485, 2.9899999999999998], [8.439106145251396, 5.959999999999999, 0.8]]",3.398603351955307,179,10,0.93,0.94,0.85
chaina_a79s,/home/achen918/catalytic_binders/251211_paper_revision_1/computational_SSM/af3_complex/output/chaina_a79s/seed-1_sample-3/model.pdb,95.44471345782347,93.92798882681565,97.72699999999999,88.28,"[[2.440120470646984, 2.4564245810055865, 2.3675977653631284], [4.554357541899441, 2.5290000000000004, 3.2099999999999995], [11.389385474860335, 7.5, 0.8]]",3.5053910614525137,179,10,0.93,0.94,0.87
chaina_a79s,/home/achen918/catalytic_binders/251211_paper_revision_1/computational_SSM/af3_complex/output/chaina_a79s/seed-1_sample-1/model.pdb,95.45850611719266,94.33039106145252,97.64099999999999,87.52,"[[2.3958459473799194, 2.4054189944134077, 2.3480446927374303], [4.56754189944134, 2.5229999999999997, 3.25], [12.04804469273743, 7.8, 0.8]]",3.486480446927374,179,10,0.93,0.94,0.85
chaina_a79s,/home/achen918/catalytic_binders/251211_paper_revision_1/computational_SSM/af3_complex/output/chaina_a79s/seed-1_sample-2/model.pdb,95.52442369607212,94.40385474860334,97.709,88.36,"[[2.3955369682594174, 2.4637430167597767, 2.310055865921788], [4.834525139664804, 2.6220000000000003, 3.2399999999999998], [10.95027932960894, 7.2700000000000005, 0.8]]",3.6491340782122905,179,10,0.93,0.94,0.87
chaina_a79t,/home/achen918/catalytic_binders/251211_paper_revision_1/computational_SSM/af3_complex/output/chaina_a79t/seed-1_sample-0/model.pdb,95.5271685971687,94.04709497206704,97.604,89.91,"[[2.3415842202178463, 2.455195530726257, 2.182122905027933], [4.691731843575419, 2.5870000000000006, 3.1799999999999997], [9.48659217877095, 6.67, 0.8]]",3.573463687150838,179,10,0.93,0.94,0.88
chaina_a79t,/home/achen918/catalytic_binders/251211_paper_revision_1/computational_SSM/af3_complex/output/chaina_a79t/seed-1_sample-3/model.pdb,95.52909266409272,93.97486033519553,97.71700000000001,89.5,"[[2.438872070160107, 2.5316759776536313, 2.2955307262569833], [4.865083798882681, 2.7290000000000005, 3.29], [10.878212290502793, 7.32, 0.8]]",3.698379888268156,179,10,0.93,0.93,0.89
chaina_a79t,/home/achen918/catalytic_binders/251211_paper_revision_1/computational_SSM/af3_complex/output/chaina_a79t/seed-1_sample-4/model.pdb,95.71110038610036,93.79027932960894,97.724,90.91,"[[2.3475266065353764, 2.3768715083798884, 2.2284916201117317], [4.525977653631285, 2.5320000000000005, 3.0], [8.393296089385476, 6.01, 0.8]]",3.451424581005587,179,10,0.93,0.94,0.86
chaina_a79t,/home/achen918/catalytic_binders/251211_paper_revision_1/computational_SSM/af3_complex/output/chaina_a79t/seed-1_sample-1/model.pdb,95.53593307593307,94.29016759776536,97.65799999999999,89.21,"[[2.387194532005868, 2.4660893854748602, 2.255307262569832], [4.703184357541899, 2.6200000000000006, 3.2599999999999993], [11.167039106145252, 7.44, 0.8]]",3.5846368715083794,179,10,0.93,0.94,0.89
chaina_a79t,/home/achen918/catalytic_binders/251211_paper_revision_1/computational_SSM/af3_complex/output/chaina_a79t/seed-1_sample-2/model.pdb,95.57669884169874,94.23290502793296,97.726,89.59,"[[2.4148466027901754, 2.539776536312849, 2.2564245810055863], [4.978379888268156, 2.7159999999999997, 3.2699999999999996], [10.607262569832402, 7.18, 0.8]]",3.7590782122905027,179,10,0.93,0.93,0.89
chaina_a79v,/home/achen918/catalytic_binders/251211_paper_revision_1/computational_SSM/af3_complex/output/chaina_a79v/seed-1_sample-4/model.pdb,95.47638352638354,94.08614525139666,97.667,89.59,"[[2.3737149277488223, 2.4974860335195532, 2.2743016759776538], [4.868156424581006, 2.661, 3.2199999999999998], [8.6, 5.93, 0.8]]",3.6828212290502798,179,10,0.93,0.93,0.96
chaina_a79v,/home/achen918/catalytic_binders/251211_paper_revision_1/computational_SSM/af3_complex/output/chaina_a79v/seed-1_sample-3/model.pdb,95.15772200772197,94.30022346368715,97.599,86.97,"[[2.4671108891732465, 2.68463687150838, 2.475977653631285], [5.32368715083799, 2.833, 3.6499999999999995], [12.131284916201118, 7.659999999999999, 0.8]]",4.004162011173185,179,10,0.92,0.92,1.01
chaina_a79v,/home/achen918/catalytic_binders/251211_paper_revision_1/computational_SSM/af3_complex/output/chaina_a79v/seed-1_sample-0/model.pdb,94.76663449163446,93.95027932960893,97.16499999999999,86.3,"[[2.540825816922069, 2.921452513966481, 2.502793296089385], [6.069050279329608, 3.0500000000000007, 3.9799999999999995], [11.652513966480448, 7.81, 0.8]]",4.495251396648045,179,10,0.92,0.91,1.13
chaina_a79v,/home/achen918/catalytic_binders/251211_paper_revision_1/computational_SSM/af3_complex/output/chaina_a79v/seed-1_sample-2/model.pdb,95.1814864864865,94.22972067039106,97.495,86.98,"[[2.511291782403795, 2.8660893854748606, 2.5011173184357545], [5.741005586592178, 2.9330000000000003, 3.8299999999999996], [11.8268156424581, 7.720000000000001, 0.8]]",4.303547486033519,179,10,0.92,0.92,1.08
chaina_a79v,/home/achen918/catalytic_binders/251211_paper_revision_1/computational_SSM/af3_complex/output/chaina_a79v/seed-1_sample-1/model.pdb,95.18996138996144,94.4231843575419,97.58,86.66,"[[2.449318061234044, 2.6286033519553076, 2.4491620111731844], [5.1736871508379885, 2.7300000000000004, 3.6099999999999994], [12.494972067039106, 7.849999999999999, 0.8]]",3.901145251396648,179,10,0.92,0.93,0.99
chaina_a79w,/home/achen918/catalytic_binders/251211_paper_revision_1/computational_SSM/af3_complex/output/chaina_a79w/seed-1_sample-2/model.pdb,94.25417680973749,93.8927932960894,96.148,84.27,"[[2.516516338441372, 6.029050279329609, 2.6374301675977647], [11.489497206703911, 4.027, 7.090000000000001], [13.781564245810056, 9.55, 0.8]]",8.75927374301676,179,10,0.91,0.76,2.83
chaina_a79w,/home/achen918/catalytic_binders/251211_paper_revision_1/computational_SSM/af3_complex/output/chaina_a79w/seed-1_sample-1/model.pdb,94.45785393978215,94.00212290502793,96.235,84.28,"[[2.4846415530102055, 5.4239106145251395, 2.594413407821229], [10.480949720670392, 3.7969999999999997, 6.7299999999999995], [14.272625698324024, 9.599999999999998, 0.8]]",7.9524301675977656,179,10,0.91,0.79,2.54
chaina_a79w,/home/achen918/catalytic_binders/251211_paper_revision_1/computational_SSM/af3_complex/output/chaina_a79w/seed-1_sample-3/model.pdb,94.35616912235753,93.53698324022348,96.41300000000001,84.92,"[[2.580933803564183, 5.615027932960894, 2.66145251396648], [10.73078212290503, 3.965, 6.75], [13.802234636871509, 9.379999999999999, 0.8]]",8.172905027932963,179,10,0.91,0.78,2.53
chaina_a79w,/home/achen918/catalytic_binders/251211_paper_revision_1/computational_SSM/af3_complex/output/chaina_a79w/seed-1_sample-4/model.pdb,94.91155028827693,93.98329608938549,96.792,84.39,"[[2.3800131082051124, 4.908994413407822, 2.532402234636872], [9.947821229050279, 3.758000000000001, 6.409999999999999], [14.369832402234636, 9.489999999999998, 0.8]]",7.42840782122905,179,10,0.92,0.81,2.39
chaina_a79w,/home/achen918/catalytic_binders/251211_paper_revision_1/computational_SSM/af3_complex/output/chaina_a79w/seed-1_sample-0/model.pdb,93.91539397821909,93.408156424581,95.889,83.39,"[[2.5307855560063666, 6.0553072625698325, 2.6547486033519547], [11.442290502793297, 4.023000000000001, 7.1], [13.758100558659217, 9.620000000000001, 0.8]]",8.748798882681564,179,10,0.91,0.75,2.79
chaina_a79y,/home/achen918/catalytic_binders/251211_paper_revision_1/computational_SSM/af3_complex/output/chaina_a79y/seed-1_sample-2/model.pdb,94.42616420782569,93.95681564245812,96.49100000000001,83.9,"[[2.5632065166505416, 5.453016759776536, 2.7486033519553073], [10.571117318435755, 3.8640000000000008, 6.62], [13.821787709497208, 9.25, 0.8]]",8.012067039106146,179,10,0.91,0.78,2.55
chaina_a79y,/home/achen918/catalytic_binders/251211_paper_revision_1/computational_SSM/af3_complex/output/chaina_a79y/seed-1_sample-1/model.pdb,94.63673508659409,94.26173184357543,96.547,83.56,"[[2.468112730563965, 4.934692737430167, 2.654189944134078], [9.647765363128492, 3.616, 6.2700000000000005], [14.09217877094972, 9.26, 0.8]]",7.2912290502793295,179,10,0.92,0.81,2.36
chaina_a79y,/home/achen918/catalytic_binders/251211_paper_revision_1/computational_SSM/af3_complex/output/chaina_a79y/seed-1_sample-3/model.pdb,94.47348941629241,93.8049720670391,96.631,83.89,"[[2.562638494429013, 5.363240223463688, 2.7480446927374302], [10.251843575418993, 3.863000000000001, 6.5200000000000005], [13.898324022346369, 9.309999999999999, 0.8]]",7.807541899441341,179,10,0.91,0.79,2.4
chaina_a79y,/home/achen918/catalytic_binders/251211_paper_revision_1/computational_SSM/af3_complex/output/chaina_a79y/seed-1_sample-4/model.pdb,94.99273252084689,93.77162011173183,96.884,87.98,"[[2.4659842077338414, 4.4489385474860335, 2.525139664804469], [8.909832402234636, 3.5710000000000006, 5.42], [10.827374301675977, 8.059999999999999, 0.8]]",6.679385474860335,179,10,0.92,0.83,2.18
chaina_a79y,/home/achen918/catalytic_binders/251211_paper_revision_1/computational_SSM/af3_complex/output/chaina_a79y/seed-1_sample-0/model.pdb,93.97157793457343,93.87491620111732,96.18199999999999,83.09,"[[2.592166286944852, 5.8617877094972055, 2.7977653631284918], [10.882737430167596, 3.8810000000000002, 6.8], [13.64245810055866, 9.430000000000001, 0.8]]",8.372262569832401,179,10,0.91,0.77,2.69
chaina_a81d,/home/achen918/catalytic_binders/251211_paper_revision_1/computational_SSM/af3_complex/output/chaina_a81d/seed-1_sample-4/model.pdb,94.7346559485531,93.83156424581007,96.565,87.79,"[[2.4031397272244934, 4.7986033519553075, 2.440782122905028], [9.384525139664806, 3.5860000000000007, 5.91], [10.510614525139665, 7.92, 0.8]]",7.091564245810057,179,10,0.92,0.81,2.35
chaina_a81d,/home/achen918/catalytic_binders/251211_paper_revision_1/computational_SSM/af3_complex/output/chaina_a81d/seed-1_sample-3/model.pdb,94.26775562700963,93.57949720670393,96.43099999999998,82.65,"[[2.5312037701694705, 5.49558659217877, 2.8000000000000003], [10.55094972067039, 3.8710000000000004, 6.919999999999999], [14.649162011173186, 9.740000000000002, 0.8]]",8.02326815642458,179,10,0.91,0.78,2.39
chaina_a81d,/home/achen918/catalytic_binders/251211_paper_revision_1/computational_SSM/af3_complex/output/chaina_a81d/seed-1_sample-0/model.pdb,94.07663022508036,93.89178770949721,96.119,82.43,"[[2.473312318591804, 5.630893854748603, 2.7229050279329607], [10.638268156424582, 3.795, 6.83], [14.141340782122906, 9.54, 0.8]]",8.134581005586593,179,10,0.92,0.77,2.67
chaina_a81d,/home/achen918/catalytic_binders/251211_paper_revision_1/computational_SSM/af3_complex/output/chaina_a81d/seed-1_sample-2/model.pdb,94.41832797427656,93.80111731843576,96.713,83.55,"[[2.4969601448144565, 5.165921787709498, 2.7050279329608937], [10.168882681564245, 3.7539999999999996, 6.610000000000001], [14.168156424581005, 9.51, 0.8]]",7.667402234636871,179,10,0.92,0.8,2.41
chaina_a81d,/home/achen918/catalytic_binders/251211_paper_revision_1/computational_SSM/af3_complex/output/chaina_a81d/seed-1_sample-1/model.pdb,94.23047588424427,93.67743016759778,96.16099999999999,82.93,"[[2.5063356324708965, 5.46586592178771, 2.7290502793296088], [10.237877094972069, 3.7030000000000003, 6.789999999999999], [14.386033519553072, 9.610000000000001, 0.8]]",7.851871508379889,179,10,0.92,0.78,2.6
chaina_a81e,/home/achen918/catalytic_binders/251211_paper_revision_1/computational_SSM/af3_complex/output/chaina_a81e/seed-1_sample-3/model.pdb,94.3054627249359,93.52949720670392,96.321,82.63,"[[2.4805717674229895, 5.29977653631285, 2.698882681564246], [10.484413407821227, 3.8679999999999994, 6.8100000000000005], [14.559776536312848, 9.760000000000002, 0.8]]",7.892094972067039,179,10,0.91,0.78,2.37
chaina_a81e,/home/achen918/catalytic_binders/251211_paper_revision_1/computational_SSM/af3_complex/output/chaina_a81e/seed-1_sample-4/model.pdb,94.6463817480719,93.72022346368716,96.472,87.99,"[[2.382135389032802, 4.968994413407821, 2.437430167597766], [9.918603351955307, 3.701, 6.130000000000001], [11.324022346368714, 8.32, 0.8]]",7.443798882681564,179,10,0.92,0.8,2.27
chaina_a81e,/home/achen918/catalytic_binders/251211_paper_revision_1/computational_SSM/af3_complex/output/chaina_a81e/seed-1_sample-0/model.pdb,94.33973007712075,94.12687150837988,96.411,82.41,"[[2.3854904653412814, 4.93072625698324, 2.5480446927374305], [9.83346368715084, 3.626000000000001, 6.43], [13.898882681564244, 9.330000000000002, 0.8]]",7.38209497206704,179,10,0.92,0.8,2.31
chaina_a81e,/home/achen918/catalytic_binders/251211_paper_revision_1/computational_SSM/af3_complex/output/chaina_a81e/seed-1_sample-2/model.pdb,94.37484575835485,93.74837988826815,96.512,83.21,"[[2.459280297119316, 4.9346368715083795, 2.6357541899441346], [9.856648044692738, 3.6510000000000002, 6.38], [14.23296089385475, 9.489999999999998, 0.8]]",7.395642458100559,179,10,0.92,0.81,2.3
chaina_a81e,/home/achen918/catalytic_binders/251211_paper_revision_1/computational_SSM/af3_complex/output/chaina_a81e/seed-1_sample-1/model.pdb,93.87484575835455,93.82458100558658,94.75299999999999,87.42,"[[2.3152117599325863, 6.542290502793296, 2.310614525139665], [12.460055865921788, 3.9369999999999994, 6.43], [9.254189944134078, 7.17, 0.8]]",9.501173184357542,179,10,0.91,0.73,2.53
chaina_a81f,/home/achen918/catalytic_binders/251211_paper_revision_1/computational_SSM/af3_complex/output/chaina_a81f/seed-1_sample-1/model.pdb,94.39754172015408,94.26100558659219,95.906,87.47,"[[2.2887331856059423, 5.345977653631285, 2.224581005586592], [11.455810055865923, 4.302, 6.25], [9.539106145251397, 7.290000000000001, 0.8]]",8.400893854748604,179,10,0.91,0.76,2.46
chaina_a81f,/home/achen918/catalytic_binders/251211_paper_revision_1/computational_SSM/af3_complex/output/chaina_a81f/seed-1_sample-2/model.pdb,94.16638639281119,94.20804469273745,95.756,81.34,"[[2.3115133734902162, 6.970558659217876, 2.4804469273743015], [12.836648044692737, 4.449, 8.02], [14.210614525139663, 9.82, 0.8]]",9.903603351955306,179,10,0.91,0.7,3.2
chaina_a81f,/home/achen918/catalytic_binders/251211_paper_revision_1/computational_SSM/af3_complex/output/chaina_a81f/seed-1_sample-0/model.pdb,94.29172657252902,94.30608938547486,95.782,85.86,"[[2.269523423114135, 5.167039106145252, 2.220111731843576], [11.5531843575419, 4.333, 6.489999999999999], [11.518994413407821, 7.55, 0.8]]",8.360111731843576,179,10,0.91,0.77,2.4
chaina_a81f,/home/achen918/catalytic_binders/251211_paper_revision_1/computational_SSM/af3_complex/output/chaina_a81f/seed-1_sample-4/model.pdb,94.4318934531452,94.2072625698324,96.29999999999998,87.15,"[[2.3618083081052403, 5.219329608938549, 2.317877094972067], [11.175139664804469, 4.22, 6.1899999999999995], [10.439106145251396, 7.409999999999999, 0.8]]",8.197234636871508,179,10,0.91,0.77,2.41
chaina_a81f,/home/achen918/catalytic_binders/251211_paper_revision_1/computational_SSM/af3_complex/output/chaina_a81f/seed-1_sample-3/model.pdb,94.12081514762518,94.04195530726258,96.357,86.45,"[[2.3913891576417714, 5.597039106145252, 2.3240223463687153], [11.823016759776536, 4.399, 6.4], [10.297206703910614, 7.55, 0.8]]",8.710027932960895,179,10,0.9,0.74,2.49
chaina_a81g,/home/achen918/catalytic_binders/251211_paper_revision_1/computational_SSM/af3_complex/output/chaina_a81g/seed-1_sample-0/model.pdb,95.27836879432631,94.02184357541897,97.529,87.96,"[[2.429421678474455, 2.854581005586592, 2.345810055865922], [5.452458100558659, 2.78, 3.7700000000000005], [11.010055865921787, 7.480000000000001, 0.8]]",4.153519553072625,179,10,0.93,0.92,1.07
chaina_a81g,/home/achen918/catalytic_binders/251211_paper_revision_1/computational_SSM/af3_complex/output/chaina_a81g/seed-1_sample-3/model.pdb,95.24859445519036,93.63150837988827,97.585,87.25,"[[2.429839892637558, 2.7788268156424576, 2.422905027932961], [5.421061452513967, 2.793, 3.7599999999999993], [12.205027932960894, 8.03, 0.8]]",4.099944134078212,179,10,0.93,0.92,1.03
chaina_a81g,/home/achen918/catalytic_binders/251211_paper_revision_1/computational_SSM/af3_complex/output/chaina_a81g/seed-1_sample-4/model.pdb,95.59493230174088,93.84,97.565,89.88,"[[2.373415311631972, 2.661117318435754, 2.2921787709497203], [4.969608938547485, 2.6310000000000002, 3.3600000000000003], [8.946927374301676, 6.510000000000001, 0.8]]",3.8153631284916196,179,10,0.93,0.93,0.98
chaina_a81g,/home/achen918/catalytic_binders/251211_paper_revision_1/computational_SSM/af3_complex/output/chaina_a81g/seed-1_sample-1/model.pdb,95.34983881366865,93.8131284916201,97.422,87.05,"[[2.4372959645454264, 2.836759776536313, 2.4290502793296085], [5.357765363128492, 2.7740000000000005, 3.84], [12.406703910614526, 8.279999999999998, 0.8]]",4.097262569832402,179,10,0.93,0.92,1.07
chaina_a81g,/home/achen918/catalytic_binders/251211_paper_revision_1/computational_SSM/af3_complex/output/chaina_a81g/seed-1_sample-2/model.pdb,95.48035460992901,94.05117318435754,97.65200000000002,88.24,"[[2.375943322617896, 2.6640782122905033, 2.3184357541899443], [5.260223463687151, 2.733, 3.5799999999999996], [11.091620111731844, 7.57, 0.8]]",3.962150837988827,179,10,0.93,0.92,1.03
chaina_a81h,/home/achen918/catalytic_binders/251211_paper_revision_1/computational_SSM/af3_complex/output/chaina_a81h/seed-1_sample-2/model.pdb,94.58269107257566,94.63564245810055,96.525,85.98,"[[2.353983958053744, 4.70804469273743, 2.316201117318436], [10.292737430167598, 4.199000000000001, 5.409999999999999], [10.813407821229049, 7.489999999999999, 0.8]]",7.500391061452515,179,10,0.91,0.79,2.34
chaina_a81h,/home/achen918/catalytic_binders/251211_paper_revision_1/computational_SSM/af3_complex/output/chaina_a81h/seed-1_sample-1/model.pdb,93.99338471419408,94.42122905027934,95.84900000000002,82.76,"[[2.4070004057301584, 5.519162011173184, 2.48268156424581], [11.834916201117318, 4.558, 6.3], [11.819553072625697, 8.18, 0.8]]",8.677039106145251,179,10,0.91,0.74,2.77
chaina_a81h,/home/achen918/catalytic_binders/251211_paper_revision_1/computational_SSM/af3_complex/output/chaina_a81h/seed-1_sample-3/model.pdb,93.53330122029531,94.13932960893854,95.87700000000001,82.12,"[[2.5174027027870545, 5.675363128491621, 2.579888268156424], [12.338324022346368, 4.6080000000000005, 6.4], [12.139664804469273, 8.24, 0.8]]",9.006843575418994,179,10,0.9,0.73,2.85
chaina_a81h,/home/achen918/catalytic_binders/251211_paper_revision_1/computational_SSM/af3_complex/output/chaina_a81h/seed-1_sample-4/model.pdb,94.11728323699425,94.44826815642459,96.19800000000001,82.83,"[[2.434786679566805, 5.239441340782122, 2.488826815642458], [11.112011173184358, 4.2459999999999996, 5.94], [12.105027932960894, 8.079999999999998, 0.8]]",8.17572625698324,179,10,0.91,0.76,2.72
chaina_a81h,/home/achen918/catalytic_binders/251211_paper_revision_1/computational_SSM/af3_complex/output/chaina_a81h/seed-1_sample-0/model.pdb,94.64053949903662,94.77156424581004,96.263,86.48,"[[2.2962267095284163, 4.433966480446927, 2.2329608938547487], [9.95653631284916, 4.054000000000001, 5.34], [9.941340782122905, 7.01, 0.8]]",7.195251396648043,179,10,0.92,0.8,2.22
chaina_a81i,/home/achen918/catalytic_binders/251211_paper_revision_1/computational_SSM/af3_complex/output/chaina_a81i/seed-1_sample-2/model.pdb,94.15086173633442,93.89849162011174,96.101,82.85,"[[2.469579601136044, 6.368379888268156, 2.6508379888268156], [12.126871508379887, 4.105, 8.2], [14.426815642458099, 10.16, 0.8]]",9.247625698324022,179,10,0.91,0.74,2.94
chaina_a81i,/home/achen918/catalytic_binders/251211_paper_revision_1/computational_SSM/af3_complex/output/chaina_a81i/seed-1_sample-1/model.pdb,93.77144051446933,93.78491620111731,94.54599999999998,86.61,"[[2.4667613370369215, 6.918938547486033, 2.483240223463687], [13.2263687150838, 4.2, 6.959999999999999], [11.077094972067037, 7.88, 0.8]]",10.072653631284917,179,10,0.9,0.71,2.54
chaina_a81i,/home/achen918/catalytic_binders/251211_paper_revision_1/computational_SSM/af3_complex/output/chaina_a81i/seed-1_sample-4/model.pdb,93.87678456591641,93.52256983240224,95.643,81.73,"[[2.5576698604912456, 7.211675977653631, 2.819553072625698], [13.405698324022344, 4.349, 8.85], [15.283798882681563, 10.64, 0.8]]",10.308687150837988,179,10,0.9,0.69,3.14
chaina_a81i,/home/achen918/catalytic_binders/251211_paper_revision_1/computational_SSM/af3_complex/output/chaina_a81i/seed-1_sample-3/model.pdb,94.0590032154343,93.67994413407821,96.173,82.49,"[[2.53463687150838, 6.368938547486033, 2.7150837988826817], [12.165810055865924, 4.212000000000001, 8.069999999999999], [14.413966480446925, 9.959999999999999, 0.8]]",9.267374301675979,179,10,0.9,0.73,2.86
chaina_a81i,/home/achen918/catalytic_binders/251211_paper_revision_1/computational_SSM/af3_complex/output/chaina_a81i/seed-1_sample-0/model.pdb,93.63934405144717,93.60379888268157,95.37800000000001,81.73,"[[2.473655628725695, 7.228491620111732, 2.6675977653631286], [13.555921787709496, 4.451, 8.97], [14.455307262569832, 10.489999999999998, 0.8]]",10.392206703910613,179,10,0.9,0.69,3.32
chaina_a81k,/home/achen918/catalytic_binders/251211_paper_revision_1/computational_SSM/af3_complex/output/chaina_a81k/seed-1_sample-1/model.pdb,93.25753856041115,93.19402234636873,94.33399999999999,81.86,"[[2.578455728597734, 4.922625698324023, 2.6625698324022347], [12.172513966480446, 4.913, 6.709999999999999], [13.06312849162011, 8.46, 0.8]]",8.547569832402235,179,10,0.9,0.74,3.18
chaina_a81k,/home/achen918/catalytic_binders/251211_paper_revision_1/computational_SSM/af3_complex/output/chaina_a81k/seed-1_sample-2/model.pdb,93.4997300771208,93.44150837988826,94.471,82.02,"[[2.449517805311944, 4.596983240223464, 2.5519553072625696], [11.91027932960894, 4.903999999999999, 6.45], [13.300558659217877, 8.27, 0.8]]",8.253631284916203,179,10,0.91,0.76,2.87
chaina_a81k,/home/achen918/catalytic_binders/251211_paper_revision_1/computational_SSM/af3_complex/output/chaina_a81k/seed-1_sample-0/model.pdb,94.01355398457578,94.02502793296091,95.406,85.39,"[[2.4119971286788804, 3.7406145251396654, 2.3435754189944134], [9.542067039106145, 4.225, 5.159999999999999], [11.14581005586592, 7.3, 0.8]]",6.641340782122906,179,10,0.91,0.81,2.35
chaina_a81k,/home/achen918/catalytic_binders/251211_paper_revision_1/computational_SSM/af3_complex/output/chaina_a81k/seed-1_sample-3/model.pdb,93.31928663239073,93.42860335195532,95.79499999999999,82.2,"[[2.579351455947067, 4.483743016759776, 2.569832402234637], [11.337932960893855, 4.707999999999999, 6.1499999999999995], [12.547486033519553, 8.1, 0.8]]",7.910837988826816,179,10,0.9,0.76,2.78
chaina_a81k,/home/achen918/catalytic_binders/251211_paper_revision_1/computational_SSM/af3_complex/output/chaina_a81k/seed-1_sample-4/model.pdb,93.55078406169667,93.38290502793296,95.00399999999999,82.77,"[[2.5366530382946846, 4.586648044692738, 2.602793296089385], [11.6036312849162, 4.7330000000000005, 6.290000000000001], [13.002234636871506, 8.309999999999999, 0.8]]",8.095139664804469,179,10,0.9,0.77,2.96
chaina_a81l,/home/achen918/catalytic_binders/251211_paper_revision_1/computational_SSM/af3_complex/output/chaina_a81l/seed-1_sample-4/model.pdb,94.28866881028921,93.44530726256983,96.05199999999999,87.12,"[[2.4634312287381794, 5.946480446927374, 2.5139664804469275], [11.629385474860335, 4.028999999999999, 7.5], [12.200558659217876, 9.02, 0.8]]",8.787932960893855,179,10,0.91,0.75,2.8
chaina_a81l,/home/achen918/catalytic_binders/251211_paper_revision_1/computational_SSM/af3_complex/output/chaina_a81l/seed-1_sample-3/model.pdb,94.17196784565911,93.58754189944133,96.364,82.8,"[[2.4488218220405105, 5.860391061452513, 2.6519553072625697], [11.591787709497208, 4.159, 7.58], [14.31173184357542, 9.76, 0.8]]",8.726089385474861,179,10,0.91,0.76,2.7
chaina_a81l,/home/achen918/catalytic_binders/251211_paper_revision_1/computational_SSM/af3_complex/output/chaina_a81l/seed-1_sample-0/model.pdb,93.57744051446957,93.41731843575417,95.54599999999999,82.29,"[[2.4878405792578255, 6.842178770949721, 2.635195530726257], [12.914525139664805, 4.302, 8.5], [14.033519553072626, 10.149999999999999, 0.8]]",9.878351955307263,179,10,0.91,0.71,3.13
chaina_a81l,/home/achen918/catalytic_binders/251211_paper_revision_1/computational_SSM/af3_complex/output/chaina_a81l/seed-1_sample-2/model.pdb,94.72801286173656,94.43234636871506,96.643,84.29,"[[2.219712243687775, 5.134189944134079, 2.3681564245810054], [10.50312849162011, 3.7470000000000003, 7.090000000000001], [13.539664804469275, 9.350000000000001, 0.8]]",7.818659217877094,179,10,0.92,0.79,2.52
chaina_a81l,/home/achen918/catalytic_binders/251211_paper_revision_1/computational_SSM/af3_complex/output/chaina_a81l/seed-1_sample-1/model.pdb,93.74454019292604,93.53977653631286,94.40200000000002,86.44,"[[2.461234043881277, 6.795642458100559, 2.5027932960893855], [13.060502793296092, 4.171, 6.76], [10.932960893854748, 7.789999999999999, 0.8]]",9.928072625698325,179,10,0.91,0.72,2.56
chaina_a81m,/home/achen918/catalytic_binders/251211_paper_revision_1/computational_SSM/af3_complex/output/chaina_a81m/seed-1_sample-2/model.pdb,94.3246237942123,93.8758659217877,96.471,83.12,"[[2.4957616803470555, 5.693687150837988, 2.7497206703910613], [11.112011173184358, 3.9160000000000004, 7.44], [14.50391061452514, 9.9, 0.8]]",8.402849162011172,179,10,0.91,0.77,2.63
chaina_a81m,/home/achen918/catalytic_binders/251211_paper_revision_1/computational_SSM/af3_complex/output/chaina_a81m/seed-1_sample-1/model.pdb,93.9074340836013,93.83463687150837,94.928,87.4,"[[2.3917012577634904, 6.4739664804469275, 2.443016759776536], [12.454469273743017, 3.992, 6.36], [9.370949720670392, 7.109999999999999, 0.8]]",9.464217877094972,179,10,0.91,0.74,2.45
chaina_a81m,/home/achen918/catalytic_binders/251211_paper_revision_1/computational_SSM/af3_complex/output/chaina_a81m/seed-1_sample-3/model.pdb,94.38736334405158,93.67128491620113,96.674,82.93,"[[2.501064261415062, 5.485307262569833, 2.7430167597765363], [10.827653631284916, 3.944, 7.110000000000001], [14.433519553072628, 9.54, 0.8]]",8.156480446927375,179,10,0.91,0.78,2.41
chaina_a81m,/home/achen918/catalytic_binders/251211_paper_revision_1/computational_SSM/af3_complex/output/chaina_a81m/seed-1_sample-4/model.pdb,94.59932475884243,93.5471508379888,96.56,87.52,"[[2.450981554882806, 5.409608938547486, 2.53463687150838], [10.540055865921786, 3.7840000000000003, 6.65], [11.201117318435756, 8.39, 0.8]]",7.974832402234636,179,10,0.92,0.78,2.48
chaina_a81m,/home/achen918/catalytic_binders/251211_paper_revision_1/computational_SSM/af3_complex/output/chaina_a81m/seed-1_sample-0/model.pdb,93.74750482315116,93.55100558659218,95.873,81.87,"[[2.520860772135701, 6.627150837988827, 2.770391061452514], [12.316648044692739, 4.173, 8.08], [14.270391061452512, 10.149999999999999, 0.8]]",9.471899441340783,179,10,0.91,0.73,2.99
chaina_a81n,/home/achen918/catalytic_binders/251211_paper_revision_1/computational_SSM/af3_complex/output/chaina_a81n/seed-1_sample-2/model.pdb,94.24627009646294,93.59430167597766,96.218,82.37,"[[2.48353671857932, 5.5128491620111735, 2.7508379888268153], [10.954134078212292, 3.9200000000000004, 7.220000000000001], [14.730167597765362, 9.95, 0.8]]",8.233491620111732,179,10,0.91,0.77,2.58
chaina_a81n,/home/achen918/catalytic_binders/251211_paper_revision_1/computational_SSM/af3_complex/output/chaina_a81n/seed-1_sample-1/model.pdb,94.2417877813505,93.75072625698327,95.787,82.23,"[[2.438956337192972, 5.525642458100559, 2.6709497206703907], [10.595139664804469, 3.745, 7.100000000000001], [14.564804469273746, 9.85, 0.8]]",8.060391061452513,179,10,0.92,0.78,2.6
chaina_a81n,/home/achen918/catalytic_binders/251211_paper_revision_1/computational_SSM/af3_complex/output/chaina_a81n/seed-1_sample-3/model.pdb,94.15839871382627,93.39296089385475,96.17299999999999,82.3,"[[2.516391498392685, 5.644748603351956, 2.7787709497206703], [11.084972067039105, 4.065, 7.279999999999999], [14.649720670391062, 9.82, 0.8]]",8.36486033519553,179,10,0.91,0.77,2.5
chaina_a81n,/home/achen918/catalytic_binders/251211_paper_revision_1/computational_SSM/af3_complex/output/chaina_a81n/seed-1_sample-4/model.pdb,94.53563987138259,93.54709497206704,96.272,87.67,"[[2.424924315720483, 5.1973743016759775, 2.493296089385475], [10.299050279329608, 3.8120000000000003, 6.58], [10.873743016759777, 8.29, 0.8]]",7.748212290502792,179,10,0.92,0.79,2.47
chaina_a81n,/home/achen918/catalytic_binders/251211_paper_revision_1/computational_SSM/af3_complex/output/chaina_a81n/seed-1_sample-0/model.pdb,94.00127974276532,93.90273743016762,95.75399999999999,81.82,"[[2.382378827127743, 5.826759776536312, 2.6486033519553076], [11.316592178770948, 3.9600000000000004, 7.37], [14.198882681564248, 9.72, 0.8]]",8.57167597765363,179,10,0.92,0.76,2.75
chaina_a81p,/home/achen918/catalytic_binders/251211_paper_revision_1/computational_SSM/af3_complex/output/chaina_a81p/seed-1_sample-2/model.pdb,93.8116924066925,93.51217877094972,96.132,85.33,"[[2.7616647420492493, 4.421564245810056, 2.631284916201117], [9.429441340782121, 4.013999999999999, 5.93], [13.542458100558658, 9.49, 0.8]]",6.925502793296088,179,10,0.9,0.82,2.2
chaina_a81p,/home/achen918/catalytic_binders/251211_paper_revision_1/computational_SSM/af3_complex/output/chaina_a81p/seed-1_sample-1/model.pdb,94.55790218790226,94.36675977653633,96.71000000000001,87.03,"[[2.573602571705003, 3.6041899441340783, 2.411173184357542], [7.527597765363129, 3.536, 5.17], [12.962011173184356, 8.739999999999998, 0.8]]",5.565893854748603,179,10,0.91,0.86,1.61
chaina_a81p,/home/achen918/catalytic_binders/251211_paper_revision_1/computational_SSM/af3_complex/output/chaina_a81p/seed-1_sample-4/model.pdb,94.14290862290845,93.19474860335195,96.217,86.21,"[[2.7975344090384193, 4.461396648044692, 2.6793296089385477], [9.101452513966482, 3.9, 6.029999999999999], [14.191620111731845, 9.74, 0.8]]",6.781424581005587,179,10,0.9,0.82,2.14
chaina_a81p,/home/achen918/catalytic_binders/251211_paper_revision_1/computational_SSM/af3_complex/output/chaina_a81p/seed-1_sample-3/model.pdb,94.62713642213667,93.97418994413408,96.964,88.04,"[[2.611653818544989, 3.6546927374301674, 2.4441340782122905], [7.7624022346368715, 3.681, 5.17], [12.922346368715083, 8.69, 0.8]]",5.7085474860335195,179,10,0.91,0.86,1.63
chaina_a81p,/home/achen918/catalytic_binders/251211_paper_revision_1/computational_SSM/af3_complex/output/chaina_a81p/seed-1_sample-0/model.pdb,93.53722651222637,93.46324022346367,96.09700000000001,85.12,"[[2.8392309853000848, 4.485418994413408, 2.7061452513966477], [9.220949720670392, 3.898, 6.07], [13.890502793296088, 9.73, 0.8]]",6.8531843575419,179,10,0.9,0.82,2.28
chaina_a81q,/home/achen918/catalytic_binders/251211_paper_revision_1/computational_SSM/af3_complex/output/chaina_a81q/seed-1_sample-1/model.pdb,93.82351542416457,93.90877094972066,95.18599999999999,84.26,"[[2.4268281264629694, 6.977932960893855, 2.4117318435754194], [13.093798882681565, 4.609, 7.3], [12.528491620111732, 8.92, 0.8]]",10.03586592178771,179,10,0.91,0.7,2.73
chaina_a81q,/home/achen918/catalytic_binders/251211_paper_revision_1/computational_SSM/af3_complex/output/chaina_a81q/seed-1_sample-2/model.pdb,94.22915809768651,94.33944134078213,96.16799999999999,81.59,"[[2.294616272900346, 6.88195530726257, 2.4173184357541904], [12.288435754189946, 4.3199999999999985, 8.559999999999999], [14.074301675977654, 10.06, 0.8]]",9.585195530726258,179,10,0.91,0.71,2.99
chaina_a81q,/home/achen918/catalytic_binders/251211_paper_revision_1/computational_SSM/af3_complex/output/chaina_a81q/seed-1_sample-0/model.pdb,93.63086760925452,93.88134078212289,95.526,80.24,"[[2.3465934271714364, 7.569888268156425, 2.4899441340782125], [13.5395530726257, 4.595, 9.32], [14.0608938547486, 10.370000000000001, 0.8]]",10.554720670391063,179,10,0.91,0.67,3.38
chaina_a81q,/home/achen918/catalytic_binders/251211_paper_revision_1/computational_SSM/af3_complex/output/chaina_a81q/seed-1_sample-3/model.pdb,93.48540488431883,93.51927374301677,95.704,79.55,"[[2.465647139602384, 7.880055865921787, 2.6681564245810057], [13.93441340782123, 4.762, 9.370000000000001], [14.456983240223465, 10.4, 0.8]]",10.90723463687151,179,10,0.9,0.66,3.41
chaina_a81q,/home/achen918/catalytic_binders/251211_paper_revision_1/computational_SSM/af3_complex/output/chaina_a81q/seed-1_sample-4/model.pdb,93.9285668380464,93.66988826815643,95.61300000000001,85.59,"[[2.4569457882088575, 6.653519553072625, 2.4296089385474864], [12.622569832402233, 4.49, 7.17], [11.153072625698325, 8.610000000000001, 0.8]]",9.638044692737429,179,10,0.91,0.72,2.72
chaina_a81r,/home/achen918/catalytic_binders/251211_paper_revision_1/computational_SSM/af3_complex/output/chaina_a81r/seed-1_sample-1/model.pdb,93.11984595635434,93.45882681564247,94.712,81.36,"[[2.457604319465685, 7.407988826815642, 2.5569832402234636], [14.74804469273743, 5.501, 8.190000000000001], [13.544134078212288, 9.53, 0.8]]",11.078016759776537,179,10,0.9,0.65,4.1
chaina_a81r,/home/achen918/catalytic_binders/251211_paper_revision_1/computational_SSM/af3_complex/output/chaina_a81r/seed-1_sample-2/model.pdb,94.09193838254171,94.50569832402235,95.027,83.09,"[[2.1940888236946416, 4.829329608938549, 2.2653631284916202], [11.274357541899443, 4.465999999999999, 6.06], [11.71117318435754, 7.539999999999999, 0.8]]",8.051843575418996,179,10,0.92,0.77,2.74
chaina_a81r,/home/achen918/catalytic_binders/251211_paper_revision_1/computational_SSM/af3_complex/output/chaina_a81r/seed-1_sample-0/model.pdb,93.81491655969194,93.99396648044691,94.761,84.16,"[[2.3149308698230393, 5.635139664804469, 2.3256983240223468], [12.292625698324022, 4.906000000000001, 6.9], [11.572625698324023, 8.03, 0.8]]",8.963882681564245,179,10,0.91,0.73,3.07
chaina_a81r,/home/achen918/catalytic_binders/251211_paper_revision_1/computational_SSM/af3_complex/output/chaina_a81r/seed-1_sample-3/model.pdb,93.30096919127111,93.96011173184358,95.769,82.21,"[[2.408336194251116, 6.199664804469275, 2.4], [13.489664804469275, 5.231, 7.2799999999999985], [11.440223463687149, 8.09, 0.8]]",9.844664804469275,179,10,0.9,0.69,3.61
chaina_a81r,/home/achen918/catalytic_binders/251211_paper_revision_1/computational_SSM/af3_complex/output/chaina_a81r/seed-1_sample-4/model.pdb,93.11731065468558,93.52536312849162,94.78799999999998,81.22,"[[2.4337536281639154, 7.2451955307262565, 2.5368715083798885], [14.621508379888269, 5.388999999999999, 8.16], [13.475418994413408, 9.309999999999999, 0.8]]",10.933351955307263,179,10,0.9,0.66,4.1
chaina_a81s,/home/achen918/catalytic_binders/251211_paper_revision_1/computational_SSM/af3_complex/output/chaina_a81s/seed-1_sample-2/model.pdb,95.71635544108193,94.4390502793296,97.922,87.37,"[[2.365887456696108, 2.405307262569832, 2.374860335195531], [4.701452513966481, 2.5669999999999997, 3.2700000000000005], [11.527374301675975, 7.69, 0.8]]",3.5533798882681564,179,10,0.93,0.94,0.87
chaina_a81s,/home/achen918/catalytic_binders/251211_paper_revision_1/computational_SSM/af3_complex/output/chaina_a81s/seed-1_sample-1/model.pdb,95.68455247907269,94.40268156424582,97.84700000000001,86.11,"[[2.3648700102993043, 2.4060335195530724, 2.409497206703911], [4.494972067039106, 2.4979999999999998, 3.35], [12.575977653631284, 8.15, 0.8]]",3.450502793296089,179,10,0.93,0.94,0.88
chaina_a81s,/home/achen918/catalytic_binders/251211_paper_revision_1/computational_SSM/af3_complex/output/chaina_a81s/seed-1_sample-3/model.pdb,95.72070830650357,94.15078212290501,97.95400000000001,87.18,"[[2.3439998751599513, 2.3768156424581006, 2.370949720670391], [4.5343016759776535, 2.503, 3.25], [11.68826815642458, 7.63, 0.8]]",3.455558659217877,179,10,0.93,0.94,0.87
chaina_a81s,/home/achen918/catalytic_binders/251211_paper_revision_1/computational_SSM/af3_complex/output/chaina_a81s/seed-1_sample-4/model.pdb,95.89363811976814,94.26430167597766,97.88199999999999,88.99,"[[2.2862457476358418, 2.265754189944134, 2.2195530726256982], [4.201396648044693, 2.4019999999999997, 2.91], [8.631843575418994, 6.049999999999999, 0.8]]",3.2335754189944135,179,10,0.93,0.94,0.85
chaina_a81s,/home/achen918/catalytic_binders/251211_paper_revision_1/computational_SSM/af3_complex/output/chaina_a81s/seed-1_sample-0/model.pdb,95.71175144880903,94.38435754189943,97.864,87.35,"[[2.2714365968602728, 2.304189944134078, 2.2687150837988828], [4.393351955307263, 2.4390000000000005, 3.2], [11.007262569832402, 7.25, 0.8]]",3.34877094972067,179,10,0.93,0.94,0.85
chaina_a81t,/home/achen918/catalytic_binders/251211_paper_revision_1/computational_SSM/af3_complex/output/chaina_a81t/seed-1_sample-2/model.pdb,95.1201737451737,94.00474860335194,97.47399999999999,86.5,"[[2.5028276271027745, 3.049441340782123, 2.507821229050279], [6.04391061452514, 2.9550000000000005, 4.050000000000001], [12.634078212290502, 8.48, 0.8]]",4.546675977653631,179,10,0.92,0.9,1.14
chaina_a81t,/home/achen918/catalytic_binders/251211_paper_revision_1/computational_SSM/af3_complex/output/chaina_a81t/seed-1_sample-1/model.pdb,95.36877734877736,94.26910614525138,97.50699999999999,86.51,"[[2.424980493742392, 2.9330167597765366, 2.4329608938547485], [5.605474860335195, 2.861, 4.0], [12.82737430167598, 8.55, 0.8]]",4.269245810055866,179,10,0.93,0.91,1.11
chaina_a81t,/home/achen918/catalytic_binders/251211_paper_revision_1/computational_SSM/af3_complex/output/chaina_a81t/seed-1_sample-3/model.pdb,95.24268983268976,93.82843575418995,97.518,86.91,"[[2.423885022315159, 3.0546927374301673, 2.4726256983240225], [6.02122905027933, 2.968, 4.0600000000000005], [12.426256983240224, 8.319999999999999, 0.8]]",4.537960893854748,179,10,0.93,0.9,1.14
chaina_a81t,/home/achen918/catalytic_binders/251211_paper_revision_1/computational_SSM/af3_complex/output/chaina_a81t/seed-1_sample-4/model.pdb,95.40610682110682,93.89910614525141,97.43299999999999,89.45,"[[2.436278518148622, 3.027541899441341, 2.3642458100558663], [5.801620111731844, 2.8840000000000003, 3.8300000000000005], [9.167597765363128, 6.839999999999999, 0.8]]",4.414581005586593,179,10,0.92,0.9,1.17
chaina_a81t,/home/achen918/catalytic_binders/251211_paper_revision_1/computational_SSM/af3_complex/output/chaina_a81t/seed-1_sample-0/model.pdb,95.15923423423426,94.3677094972067,97.396,86.46,"[[2.398920133578852, 2.999888268156424, 2.398324022346369], [5.959888268156425, 2.9309999999999996, 4.03], [11.818435754189943, 7.970000000000001, 0.8]]",4.479888268156425,179,10,0.93,0.9,1.12
chaina_a81v,/home/achen918/catalytic_binders/251211_paper_revision_1/computational_SSM/af3_complex/output/chaina_a81v/seed-1_sample-1/model.pdb,94.52476833976837,93.65201117318435,96.574,84.17,"[[2.5879841453138166, 4.432067039106146, 2.7815642458100562], [8.771955307262571, 3.508, 5.7], [14.207821229050278, 9.440000000000001, 0.8]]",6.6020111731843585,179,10,0.92,0.83,2.09
chaina_a81v,/home/achen918/catalytic_binders/251211_paper_revision_1/computational_SSM/af3_complex/output/chaina_a81v/seed-1_sample-2/model.pdb,94.29587516087511,93.43815642458098,96.44599999999998,84.23,"[[2.65068818076839, 4.757486033519553, 2.831843575418995], [9.606983240223464, 3.597, 6.0200000000000005], [13.977653631284916, 9.33, 0.8]]",7.182234636871508,179,10,0.91,0.81,2.33
chaina_a81v,/home/achen918/catalytic_binders/251211_paper_revision_1/computational_SSM/af3_complex/output/chaina_a81v/seed-1_sample-0/model.pdb,94.23488416988414,93.72525139664806,96.21200000000002,83.24,"[[2.50720951281171, 4.829720670391062, 2.724581005586592], [9.49145251396648, 3.576, 5.829999999999999], [13.8927374301676, 9.32, 0.8]]",7.160586592178771,179,10,0.91,0.81,2.19
chaina_a81v,/home/achen918/catalytic_binders/251211_paper_revision_1/computational_SSM/af3_complex/output/chaina_a81v/seed-1_sample-3/model.pdb,94.570102960103,93.596312849162,96.74600000000001,84.3,"[[2.559330233138791, 4.495083798882682, 2.7502793296089387], [9.019273743016761, 3.5439999999999996, 5.76], [13.970391061452514, 9.120000000000001, 0.8]]",6.7571787709497215,179,10,0.91,0.83,2.16
chaina_a81v,/home/achen918/catalytic_binders/251211_paper_revision_1/computational_SSM/af3_complex/output/chaina_a81v/seed-1_sample-4/model.pdb,94.79957528957513,93.42592178770951,96.65299999999999,88.45,"[[2.515835960176024, 4.06072625698324, 2.512849162011173], [8.21854748603352, 3.3840000000000003, 5.220000000000001], [10.417877094972068, 7.609999999999999, 0.8]]",6.13963687150838,179,10,0.92,0.84,1.98
chaina_a81w,/home/achen918/catalytic_binders/251211_paper_revision_1/computational_SSM/af3_complex/output/chaina_a81w/seed-1_sample-2/model.pdb,93.64198590647028,93.09256983240223,95.83500000000001,82.16,"[[2.664398739115508, 5.239553072625698, 2.7731843575418993], [10.224804469273744, 3.821, 6.74], [14.088826815642456, 9.290000000000001, 0.8]]",7.732178770949721,179,10,0.9,0.79,2.45
chaina_a81w,/home/achen918/catalytic_binders/251211_paper_revision_1/computational_SSM/af3_complex/output/chaina_a81w/seed-1_sample-1/model.pdb,92.76502882767471,92.43167597765364,93.523,86.2,"[[2.6455291657563746, 7.037318435754189, 2.5318435754189945], [13.08072625698324, 4.143, 6.609999999999999], [9.791620111731843, 7.530000000000001, 0.8]]",10.059022346368714,179,10,0.9,0.7,2.71
chaina_a81w,/home/achen918/catalytic_binders/251211_paper_revision_1/computational_SSM/af3_complex/output/chaina_a81w/seed-1_sample-3/model.pdb,93.71463164638061,93.12698324022347,96.101,81.98,"[[2.6588433569489087, 5.328100558659218, 2.815642458100559], [10.525083798882683, 4.025, 6.92], [14.324022346368714, 9.419999999999998, 0.8]]",7.92659217877095,179,10,0.9,0.78,2.42
chaina_a81w,/home/achen918/catalytic_binders/251211_paper_revision_1/computational_SSM/af3_complex/output/chaina_a81w/seed-1_sample-4/model.pdb,93.79664958360013,92.75117318435754,95.68800000000002,87.51,"[[2.657507568427952, 5.345195530726258, 2.5810055865921786], [10.554022346368715, 3.91, 6.62], [10.041340782122905, 7.85, 0.8]]",7.949608938547486,179,10,0.9,0.78,2.43
chaina_a81w,/home/achen918/catalytic_binders/251211_paper_revision_1/computational_SSM/af3_complex/output/chaina_a81w/seed-1_sample-0/model.pdb,93.44262652146065,93.14703910614524,95.55199999999999,81.15,"[[2.6176555038856466, 5.864860335195531, 2.7916201117318438], [11.265642458100558, 3.997, 7.4300000000000015], [14.353631284916203, 9.7, 0.8]]",8.565251396648044,179,10,0.9,0.76,2.75
chaina_a81y,/home/achen918/catalytic_binders/251211_paper_revision_1/computational_SSM/af3_complex/output/chaina_a81y/seed-1_sample-1/model.pdb,93.21003207184087,93.56111731843576,95.244,85.07,"[[2.2282575450204427, 7.629999999999999, 2.2519553072625698], [14.755251396648044, 5.411999999999998, 8.25], [10.799441340782122, 9.23, 0.8]]",11.192625698324022,179,10,0.91,0.65,3.92
chaina_a81y,/home/achen918/catalytic_binders/251211_paper_revision_1/computational_SSM/af3_complex/output/chaina_a81y/seed-1_sample-2/model.pdb,93.75431045542014,94.05603351955307,95.80600000000001,82.35,"[[2.126281951249961, 6.637430167597765, 2.2502793296089387], [13.347653631284913, 4.973, 7.67], [14.244134078212292, 9.61, 0.8]]",9.992541899441338,179,10,0.92,0.7,3.69
chaina_a81y,/home/achen918/catalytic_binders/251211_paper_revision_1/computational_SSM/af3_complex/output/chaina_a81y/seed-1_sample-0/model.pdb,93.61831302116738,93.77513966480448,95.01599999999999,82.76,"[[2.187528479136107, 5.955530726256984, 2.246368715083799], [12.71877094972067, 4.827, 7.469999999999999], [13.298324022346371, 8.999999999999998, 0.8]]",9.337150837988826,179,10,0.92,0.72,3.33
chaina_a81y,/home/achen918/catalytic_binders/251211_paper_revision_1/computational_SSM/af3_complex/output/chaina_a81y/seed-1_sample-4/model.pdb,93.27182809493291,93.58737430167598,95.669,85.08,"[[2.2415530102056738, 7.202681564245809, 2.2681564245810057], [14.04441340782123, 5.117, 7.839999999999999], [10.956983240223465, 8.98, 0.8]]",10.62354748603352,179,10,0.91,0.67,3.87
chaina_a81y,/home/achen918/catalytic_binders/251211_paper_revision_1/computational_SSM/af3_complex/output/chaina_a81y/seed-1_sample-3/model.pdb,92.89507376523414,93.57519553072625,95.517,83.74,"[[2.3112636933928403, 8.032513966480447, 2.3597765363128493], [15.28804469273743, 5.57, 8.41], [11.867597765363127, 9.570000000000002, 0.8]]",11.660279329608938,179,10,0.91,0.63,4.13
chaina_a84d,/home/achen918/catalytic_binders/251211_paper_revision_1/computational_SSM/af3_complex/output/chaina_a84d/seed-1_sample-2/model.pdb,94.57238585209006,94.0290502793296,96.69000000000001,84.5,"[[2.4837177366499175, 5.028659217877094, 2.524022346368715], [10.192458100558659, 3.978, 6.449999999999998], [13.655865921787708, 9.209999999999999, 0.8]]",7.610558659217876,179,10,0.91,0.8,2.31
chaina_a84d,/home/achen918/catalytic_binders/251211_paper_revision_1/computational_SSM/af3_complex/output/chaina_a84d/seed-1_sample-1/model.pdb,94.65702250803866,94.01402234636873,96.664,84.66,"[[2.5224556037576855, 4.654357541899441, 2.53463687150838], [9.190446927374303, 3.713, 6.08], [13.735195530726253, 9.04, 0.8]]",6.922402234636872,179,10,0.92,0.82,2.08
chaina_a84d,/home/achen918/catalytic_binders/251211_paper_revision_1/computational_SSM/af3_complex/output/chaina_a84d/seed-1_sample-3/model.pdb,94.82947266881013,93.96899441340783,96.96099999999998,85.5,"[[2.469083361942511, 4.615083798882681, 2.4843575418994415], [9.44877094972067, 3.8930000000000002, 6.179999999999999], [13.31173184357542, 8.84, 0.8]]",7.0319273743016755,179,10,0.92,0.82,2.02
chaina_a84d,/home/achen918/catalytic_binders/251211_paper_revision_1/computational_SSM/af3_complex/output/chaina_a84d/seed-1_sample-4/model.pdb,94.96523472668802,93.8105586592179,96.997,83.95,"[[2.506981679722855, 4.762402234636871, 2.6050279329608936], [9.3295530726257, 3.772, 6.24], [14.601675977653631, 9.52, 0.8]]",7.045977653631285,179,10,0.91,0.81,2.18
chaina_a84d,/home/achen918/catalytic_binders/251211_paper_revision_1/computational_SSM/af3_complex/output/chaina_a84d/seed-1_sample-0/model.pdb,94.54607717041807,94.00290502793297,96.55199999999999,84.2,"[[2.455057582472457, 4.937374301675979, 2.497765363128492], [9.842737430167597, 3.884000000000001, 6.28], [13.47821229050279, 9.2, 0.8]]",7.390055865921788,179,10,0.92,0.8,2.2
chaina_a84e,/home/achen918/catalytic_binders/251211_paper_revision_1/computational_SSM/af3_complex/output/chaina_a84e/seed-1_sample-0/model.pdb,94.04944730077113,93.58290502793297,96.36699999999999,83.8,"[[2.5720764021097966, 5.030167597765363, 2.654189944134078], [10.082737430167597, 3.847, 6.33], [13.449720670391061, 9.120000000000001, 0.8]]",7.55645251396648,179,10,0.91,0.8,2.23
chaina_a84e,/home/achen918/catalytic_binders/251211_paper_revision_1/computational_SSM/af3_complex/output/chaina_a84e/seed-1_sample-4/model.pdb,94.564473007712,93.4368715083799,96.618,83.6,"[[2.567722605411816, 5.0363128491620115, 2.707821229050279], [9.991564245810057, 3.807, 6.5], [14.664804469273744, 9.57, 0.8]]",7.513938547486035,179,10,0.91,0.8,2.25
chaina_a84e,/home/achen918/catalytic_binders/251211_paper_revision_1/computational_SSM/af3_complex/output/chaina_a84e/seed-1_sample-3/model.pdb,94.42300771208248,93.71245810055865,96.649,84.12,"[[2.59601136044443, 4.993519553072625, 2.7329608938547487], [9.882513966480447, 3.8709999999999996, 6.33], [14.134636871508379, 9.279999999999998, 0.8]]",7.438016759776536,179,10,0.91,0.8,2.21
chaina_a84e,/home/achen918/catalytic_binders/251211_paper_revision_1/computational_SSM/af3_complex/output/chaina_a84e/seed-1_sample-1/model.pdb,94.29321336760923,93.70837988826815,96.52900000000001,83.84,"[[2.61404138447614, 4.87782122905028, 2.7435754189944133], [9.599329608938548, 3.687, 6.27], [14.27094972067039, 9.35, 0.8]]",7.238575418994414,179,10,0.91,0.81,2.16
chaina_a84e,/home/achen918/catalytic_binders/251211_paper_revision_1/computational_SSM/af3_complex/output/chaina_a84e/seed-1_sample-2/model.pdb,94.46624678663234,93.99541899441341,96.739,84.92,"[[2.6089666364969886, 4.665195530726257, 2.6430167597765357], [9.32145251396648, 3.708, 5.96], [13.604469273743016, 8.97, 0.8]]",6.9933240223463695,179,10,0.91,0.82,2.13
chaina_a84f,/home/achen918/catalytic_binders/251211_paper_revision_1/computational_SSM/af3_complex/output/chaina_a84f/seed-1_sample-1/model.pdb,94.93131578947354,93.92916201117318,97.14700000000002,86.03,"[[2.559102400049936, 3.666927374301676, 2.600558659217877], [7.057262569832402, 3.236, 4.75], [13.34022346368715, 8.8, 0.8]]",5.362094972067039,179,10,0.92,0.87,1.67
chaina_a84f,/home/achen918/catalytic_binders/251211_paper_revision_1/computational_SSM/af3_complex/output/chaina_a84f/seed-1_sample-2/model.pdb,94.93267008985866,93.9891061452514,97.268,87.33,"[[2.5694079460690986, 3.4842458100558655, 2.5458100558659216], [7.013463687150837, 3.2370000000000005, 4.58], [12.32625698324022, 8.26, 0.8]]",5.248854748603351,179,10,0.92,0.88,1.56
chaina_a84f,/home/achen918/catalytic_binders/251211_paper_revision_1/computational_SSM/af3_complex/output/chaina_a84f/seed-1_sample-0/model.pdb,94.85439024390242,93.94525139664805,96.94800000000001,86.9,"[[2.465675228613339, 3.695810055865922, 2.4837988826815645], [7.286871508379888, 3.2990000000000004, 4.700000000000001], [11.989385474860335, 8.299999999999999, 0.8]]",5.491340782122905,179,10,0.92,0.87,1.71
chaina_a84f,/home/achen918/catalytic_binders/251211_paper_revision_1/computational_SSM/af3_complex/output/chaina_a84f/seed-1_sample-4/model.pdb,95.174781771502,93.64340782122905,97.204,88.59,"[[2.534424643425611, 3.484245810055866, 2.50391061452514], [6.844692737430168, 3.25, 4.4399999999999995], [10.836312849162011, 7.540000000000001, 0.8]]",5.164469273743017,179,10,0.92,0.88,1.6
chaina_a84f,/home/achen918/catalytic_binders/251211_paper_revision_1/computational_SSM/af3_complex/output/chaina_a84f/seed-1_sample-3/model.pdb,94.8578369704748,93.63653631284917,97.213,86.38,"[[2.5783121625417436, 3.7211731843575415, 2.625698324022346], [7.4223463687150835, 3.351000000000001, 4.859999999999999], [13.232402234636874, 8.64, 0.8]]",5.571759776536313,179,10,0.92,0.87,1.68
chaina_a84g,/home/achen918/catalytic_binders/251211_paper_revision_1/computational_SSM/af3_complex/output/chaina_a84g/seed-1_sample-0/model.pdb,93.95458413926491,93.47664804469274,96.49499999999998,85.15,"[[2.6514403420617336, 5.024189944134077, 2.723463687150838], [9.58905027932961, 3.761, 5.8100000000000005], [12.925698324022346, 9.05, 0.8]]",7.306620111731844,179,10,0.91,0.8,2.3
chaina_a84g,/home/achen918/catalytic_binders/251211_paper_revision_1/computational_SSM/af3_complex/output/chaina_a84g/seed-1_sample-4/model.pdb,94.85458413926513,93.55977653631287,96.91400000000002,87.97,"[[2.5033738023157825, 4.261229050279329, 2.545251396648045], [8.640502793296088, 3.5400000000000005, 5.239999999999999], [10.895530726256984, 7.9799999999999995, 0.8]]",6.450865921787709,179,10,0.92,0.84,2.05
chaina_a84g,/home/achen918/catalytic_binders/251211_paper_revision_1/computational_SSM/af3_complex/output/chaina_a84g/seed-1_sample-3/model.pdb,94.60171502256601,93.61960893854749,96.97800000000001,85.72,"[[2.6104241440654166, 4.580949720670391, 2.7078212290502797], [8.82608938547486, 3.6209999999999996, 5.61], [13.53966480446927, 8.870000000000001, 0.8]]",6.703519553072626,179,10,0.91,0.83,2.07
chaina_a84g,/home/achen918/catalytic_binders/251211_paper_revision_1/computational_SSM/af3_complex/output/chaina_a84g/seed-1_sample-1/model.pdb,94.58580270793013,93.81843575418995,96.83700000000002,85.26,"[[2.562082956212353, 4.361899441340782, 2.6776536312849166], [8.557541899441341, 3.5269999999999997, 5.6499999999999995], [13.883798882681564, 9.110000000000001, 0.8]]",6.459720670391062,179,10,0.92,0.84,2.03
chaina_a84g,/home/achen918/catalytic_binders/251211_paper_revision_1/computational_SSM/af3_complex/output/chaina_a84g/seed-1_sample-2/model.pdb,94.57551257253401,93.9322346368715,96.99199999999999,86.16,"[[2.6025592209980966, 4.452625698324022, 2.6553072625698326], [8.944301675977654, 3.59, 5.619999999999999], [13.061452513966481, 8.71, 0.8]]",6.698463687150838,179,10,0.91,0.83,2.11
chaina_a84h,/home/achen918/catalytic_binders/251211_paper_revision_1/computational_SSM/af3_complex/output/chaina_a84h/seed-1_sample-0/model.pdb,93.87217084136155,93.53983240223462,96.10300000000001,82.79,"[[2.5327986017914546, 5.780837988826816, 2.764245810055866], [10.82927374301676, 3.8990000000000005, 6.890000000000001], [13.81731843575419, 9.549999999999999, 0.8]]",8.305055865921787,179,10,0.91,0.77,2.65
chaina_a84h,/home/achen918/catalytic_binders/251211_paper_revision_1/computational_SSM/af3_complex/output/chaina_a84h/seed-1_sample-3/model.pdb,94.27738599871554,93.57189944134076,96.537,83.51,"[[2.5282949970350486, 5.634692737430168, 2.776536312849162], [10.843798882681565, 3.931000000000001, 6.909999999999999], [14.376536312849163, 9.620000000000001, 0.8]]",8.239245810055866,179,10,0.91,0.77,2.59
chaina_a84h,/home/achen918/catalytic_binders/251211_paper_revision_1/computational_SSM/af3_complex/output/chaina_a84h/seed-1_sample-4/model.pdb,94.47199743095705,93.62491620111732,96.61099999999999,82.19,"[[2.4577853375362815, 5.6084916201117325, 2.7899441340782123], [10.765530726256983, 3.839, 6.9799999999999995], [14.935754189944134, 9.93, 0.8]]",8.187011173184358,179,10,0.91,0.77,2.75
chaina_a84h,/home/achen918/catalytic_binders/251211_paper_revision_1/computational_SSM/af3_complex/output/chaina_a84h/seed-1_sample-1/model.pdb,94.03806037251117,93.89882681564245,95.05699999999999,83.27,"[[2.4089167004775134, 6.198491620111732, 2.7391061452513963], [12.296256983240223, 3.9619999999999997, 6.2700000000000005], [13.679888268156427, 8.129999999999999, 0.8]]",9.247374301675977,179,10,0.91,0.75,2.35
chaina_a84h,/home/achen918/catalytic_binders/251211_paper_revision_1/computational_SSM/af3_complex/output/chaina_a84h/seed-1_sample-2/model.pdb,94.43770070648696,93.99469273743016,96.72200000000001,84.41,"[[2.515136855903374, 5.26782122905028, 2.6659217877094976], [10.255195530726258, 3.737, 6.39], [13.716201117318437, 9.23, 0.8]]",7.761508379888269,179,10,0.91,0.79,2.47
chaina_a84i,/home/achen918/catalytic_binders/251211_paper_revision_1/computational_SSM/af3_complex/output/chaina_a84i/seed-1_sample-2/model.pdb,95.11856591639865,94.39329608938549,97.059,85.66,"[[2.301800817702319, 4.501787709497207, 2.4497206703910615], [9.177430167597764, 3.532, 5.92], [13.629608938547484, 9.08, 0.8]]",6.839608938547485,179,10,0.92,0.83,2.35
chaina_a84i,/home/achen918/catalytic_binders/251211_paper_revision_1/computational_SSM/af3_complex/output/chaina_a84i/seed-1_sample-1/model.pdb,94.82373633440518,94.171843575419,96.701,84.48,"[[2.36039761555507, 4.713351955307264, 2.512290502793296], [9.148156424581005, 3.513, 6.110000000000001], [14.015642458100555, 9.330000000000002, 0.8]]",6.9307541899441345,179,10,0.92,0.82,2.28
chaina_a84i,/home/achen918/catalytic_binders/251211_paper_revision_1/computational_SSM/af3_complex/output/chaina_a84i/seed-1_sample-4/model.pdb,95.1569389067523,94.11379888268158,97.008,84.8,"[[2.3036734184326333, 4.518156424581005, 2.5139664804469275], [9.146312849162012, 3.552, 6.110000000000001], [14.494972067039107, 9.499999999999998, 0.8]]",6.832234636871508,179,10,0.92,0.82,2.36
chaina_a84i,/home/achen918/catalytic_binders/251211_paper_revision_1/computational_SSM/af3_complex/output/chaina_a84i/seed-1_sample-3/model.pdb,94.60882958199362,93.82452513966483,96.731,84.31,"[[2.456892731188165, 5.140726256983241, 2.6502793296089386], [10.48117318435754, 3.915999999999999, 6.68], [14.306145251396648, 9.419999999999998, 0.8]]",7.810949720670391,179,10,0.91,0.79,2.42
chaina_a84i,/home/achen918/catalytic_binders/251211_paper_revision_1/computational_SSM/af3_complex/output/chaina_a84i/seed-1_sample-0/model.pdb,94.77747909967833,94.08391061452512,96.73100000000001,84.84,"[[2.3181611060828313, 4.75268156424581, 2.476536312849162], [9.379776536312848, 3.596, 6.049999999999999], [13.633519553072624, 9.2, 0.8]]",7.066229050279329,179,10,0.92,0.81,2.38
chaina_a84k,/home/achen918/catalytic_binders/251211_paper_revision_1/computational_SSM/af3_complex/output/chaina_a84k/seed-1_sample-0/model.pdb,93.96098971722375,93.76441340782124,96.20899999999999,84.57,"[[2.2454917137417683, 3.964748603351955, 2.2430167597765363], [10.704860335195532, 4.515, 5.92], [11.42905027932961, 7.65, 0.8]]",7.3348044692737435,179,10,0.92,0.81,2.72
chaina_a84k,/home/achen918/catalytic_binders/251211_paper_revision_1/computational_SSM/af3_complex/output/chaina_a84k/seed-1_sample-3/model.pdb,93.83316195372758,93.7913966480447,96.336,84.09,"[[2.18345869354889, 4.351955307262569, 2.2201117318435752], [12.177430167597764, 4.97, 6.7], [10.562569832402236, 7.590000000000001, 0.8]]",8.264692737430167,179,10,0.92,0.78,2.89
chaina_a84k,/home/achen918/catalytic_binders/251211_paper_revision_1/computational_SSM/af3_complex/output/chaina_a84k/seed-1_sample-4/model.pdb,93.65489074550145,93.25776536312848,95.52600000000001,83.49,"[[2.2977965731406638, 4.436536312849162, 2.3480446927374303], [12.128770949720671, 4.870000000000001, 6.969999999999999], [11.802234636871509, 7.94, 0.8]]",8.282653631284916,179,10,0.92,0.78,3.05
chaina_a84k,/home/achen918/catalytic_binders/251211_paper_revision_1/computational_SSM/af3_complex/output/chaina_a84k/seed-1_sample-1/model.pdb,93.72356683804621,93.47675977653631,95.40899999999999,83.82,"[[2.2307668299990637, 4.28, 2.2625698324022347], [11.820670391061453, 4.855, 6.69], [10.7, 7.610000000000001, 0.8]]",8.050335195530726,179,10,0.92,0.78,2.93
chaina_a84k,/home/achen918/catalytic_binders/251211_paper_revision_1/computational_SSM/af3_complex/output/chaina_a84k/seed-1_sample-2/model.pdb,93.92216580976886,93.62759776536313,96.092,84.12,"[[2.1776567522861336, 4.01072625698324, 2.2145251396648042], [11.401508379888266, 4.7589999999999995, 6.279999999999999], [10.445251396648043, 7.239999999999999, 0.8]]",7.706117318435753,179,10,0.92,0.8,2.79
chaina_a84l,/home/achen918/catalytic_binders/251211_paper_revision_1/computational_SSM/af3_complex/output/chaina_a84l/seed-1_sample-1/model.pdb,94.71663022508027,93.9718994413408,96.65,85.8,"[[2.410280578009425, 4.41659217877095, 2.388268156424581], [8.987374301675976, 3.5849999999999995, 5.92], [13.18100558659218, 8.99, 0.8]]",6.701983240223463,179,10,0.92,0.83,2.14
chaina_a84l,/home/achen918/catalytic_binders/251211_paper_revision_1/computational_SSM/af3_complex/output/chaina_a84l/seed-1_sample-2/model.pdb,94.76389710610945,93.94363128491618,96.807,86.05,"[[2.413395337224182, 4.5906145251396655, 2.4262569832402234], [9.694413407821228, 3.7970000000000006, 6.1899999999999995], [12.994413407821229, 8.940000000000001, 0.8]]",7.142513966480447,179,10,0.92,0.82,2.23
chaina_a84l,/home/achen918/catalytic_binders/251211_paper_revision_1/computational_SSM/af3_complex/output/chaina_a84l/seed-1_sample-0/model.pdb,94.32324758842466,93.73441340782122,96.32300000000001,84.85,"[[2.4264036702974314, 5.206703910614525, 2.4553072625698324], [10.2831843575419, 3.9000000000000004, 6.6], [13.271508379888271, 9.389999999999999, 0.8]]",7.744944134078213,179,10,0.92,0.79,2.43
chaina_a84l,/home/achen918/catalytic_binders/251211_paper_revision_1/computational_SSM/af3_complex/output/chaina_a84l/seed-1_sample-4/model.pdb,94.84451446945336,93.64636871508378,96.86299999999999,85.19,"[[2.4221435036359664, 4.734078212290503, 2.463687150837989], [9.62290502793296, 3.761, 6.3100000000000005], [13.994972067039107, 9.419999999999998, 0.8]]",7.178491620111732,179,10,0.92,0.81,2.32
chaina_a84l,/home/achen918/catalytic_binders/251211_paper_revision_1/computational_SSM/af3_complex/output/chaina_a84l/seed-1_sample-3/model.pdb,94.63940836012874,93.86804469273744,96.84,85.71,"[[2.430660715957679, 4.803072625698324, 2.4664804469273744], [10.030111731843576, 3.912, 6.489999999999999], [13.398324022346369, 9.1, 0.8]]",7.41659217877095,179,10,0.91,0.81,2.2
chaina_a84m,/home/achen918/catalytic_binders/251211_paper_revision_1/computational_SSM/af3_complex/output/chaina_a84m/seed-1_sample-1/model.pdb,94.08760771704179,93.77849162011172,95.07000000000001,87.33,"[[2.372051434100059, 6.007430167597765, 2.301117318435754], [11.619050279329608, 3.8939999999999992, 6.069999999999999], [10.049720670391062, 7.140000000000001, 0.8]]",8.813240223463687,179,10,0.92,0.76,2.36
chaina_a84m,/home/achen918/catalytic_binders/251211_paper_revision_1/computational_SSM/af3_complex/output/chaina_a84m/seed-1_sample-2/model.pdb,94.3188360128618,93.93815642458101,96.49099999999999,84.88,"[[2.4162323273306074, 5.3436312849162, 2.4273743016759775], [10.614525139664805, 3.903, 6.74], [13.01564245810056, 9.21, 0.8]]",7.979078212290503,179,10,0.92,0.79,2.41
chaina_a84m,/home/achen918/catalytic_binders/251211_paper_revision_1/computational_SSM/af3_complex/output/chaina_a84m/seed-1_sample-0/model.pdb,93.9773054662379,93.84798882681565,95.97399999999999,83.97,"[[2.315920227208889, 5.296368715083799, 2.3256983240223463], [10.806033519553072, 3.98, 6.839999999999999], [12.684357541899441, 9.100000000000001, 0.8]]",8.051201117318435,179,10,0.92,0.78,2.38
chaina_a84m,/home/achen918/catalytic_binders/251211_paper_revision_1/computational_SSM/af3_complex/output/chaina_a84m/seed-1_sample-3/model.pdb,93.80618006430853,93.24458100558658,96.11499999999998,83.93,"[[2.522480571767423, 6.092458100558659, 2.56927374301676], [11.811620111731845, 4.2540000000000004, 7.410000000000001], [13.644692737430166, 9.57, 0.8]]",8.952039106145252,179,10,0.91,0.75,2.59
chaina_a84m,/home/achen918/catalytic_binders/251211_paper_revision_1/computational_SSM/af3_complex/output/chaina_a84m/seed-1_sample-4/model.pdb,94.2393697749196,93.67201117318436,96.212,83.59,"[[2.3830810524016104, 5.940670391061453, 2.4854748603351955], [11.616312849162009, 4.107, 7.43], [14.04804469273743, 9.84, 0.8]]",8.778491620111732,179,10,0.92,0.76,2.62
chaina_a84n,/home/achen918/catalytic_binders/251211_paper_revision_1/computational_SSM/af3_complex/output/chaina_a84n/seed-1_sample-1/model.pdb,94.11227652733125,93.75368715083799,95.013,82.65,"[[2.4489279360818954, 6.209162011173184, 2.65195530726257], [12.178268156424581, 3.9989999999999997, 6.55], [13.878212290502795, 8.2, 0.8]]",9.193715083798882,179,10,0.91,0.75,2.35
chaina_a84n,/home/achen918/catalytic_binders/251211_paper_revision_1/computational_SSM/af3_complex/output/chaina_a84n/seed-1_sample-2/model.pdb,94.22536977491981,93.67385474860336,96.25399999999999,83.59,"[[2.474385943010518, 6.248379888268156, 2.589385474860335], [11.910614525139664, 4.111000000000001, 7.6], [13.735195530726257, 9.540000000000001, 0.8]]",9.079497206703909,179,10,0.91,0.74,3.01
chaina_a84n,/home/achen918/catalytic_binders/251211_paper_revision_1/computational_SSM/af3_complex/output/chaina_a84n/seed-1_sample-0/model.pdb,94.2012154340835,93.74094972067037,96.185,83.11,"[[2.4443307012889735, 5.874972067039106, 2.543575418994413], [11.26882681564246, 3.9530000000000003, 7.210000000000001], [13.532960893854746, 9.500000000000002, 0.8]]",8.571899441340783,179,10,0.92,0.76,2.79
chaina_a84n,/home/achen918/catalytic_binders/251211_paper_revision_1/computational_SSM/af3_complex/output/chaina_a84n/seed-1_sample-3/model.pdb,94.6173440514469,93.74759776536312,96.661,84.67,"[[2.4490777441403204, 5.6109497206703915, 2.5508379888268156], [10.940111731843572, 3.991, 7.019999999999999], [13.752513966480446, 9.27, 0.8]]",8.275530726256981,179,10,0.91,0.77,2.64
chaina_a84n,/home/achen918/catalytic_binders/251211_paper_revision_1/computational_SSM/af3_complex/output/chaina_a84n/seed-1_sample-4/model.pdb,94.57495819935697,93.48324022346368,96.619,84.07,"[[2.457342155363441, 5.884301675977654, 2.5743016759776536], [11.187374301675979, 3.948, 7.33], [14.1072625698324, 9.61, 0.8]]",8.535837988826817,179,10,0.92,0.76,2.84
chaina_a84p,/home/achen918/catalytic_binders/251211_paper_revision_1/computational_SSM/af3_complex/output/chaina_a84p/seed-1_sample-3/model.pdb,92.6669305019304,92.58083798882683,95.825,80.96,"[[3.2679629225055398, 5.7610614525139665, 3.403351955307263], [10.22927374301676, 3.7969999999999997, 6.8], [15.547486033519553, 10.11, 0.8]]",7.995167597765363,179,10,0.88,0.77,2.68
chaina_a84p,/home/achen918/catalytic_binders/251211_paper_revision_1/computational_SSM/af3_complex/output/chaina_a84p/seed-1_sample-4/model.pdb,93.26316602316615,92.76094972067038,96.08,87.52,"[[3.079441964982366, 4.71, 2.9424581005586594], [8.600279329608938, 3.4720000000000004, 5.28], [10.69050279329609, 7.95, 0.8]]",6.655139664804469,179,10,0.89,0.82,2.15
chaina_a84p,/home/achen918/catalytic_binders/251211_paper_revision_1/computational_SSM/af3_complex/output/chaina_a84p/seed-1_sample-0/model.pdb,91.87350707850702,92.63156424581007,95.05199999999999,80.01,"[[3.3163103523610378, 6.057039106145251, 3.4726256983240225], [10.88949720670391, 3.8900000000000006, 6.9799999999999995], [15.26536312849162, 10.34, 0.8]]",8.47326815642458,179,10,0.88,0.75,2.73
chaina_a84p,/home/achen918/catalytic_binders/251211_paper_revision_1/computational_SSM/af3_complex/output/chaina_a84p/seed-1_sample-2/model.pdb,92.62837837837843,92.78664804469274,95.734,80.69,"[[3.2162822633500827, 5.736480446927374, 3.3893854748603354], [10.26832402234637, 3.8129999999999997, 6.850000000000001], [15.44245810055866, 10.18, 0.8]]",8.002402234636872,179,10,0.89,0.78,2.59
chaina_a84p,/home/achen918/catalytic_binders/251211_paper_revision_1/computational_SSM/af3_complex/output/chaina_a84p/seed-1_sample-1/model.pdb,92.85299227799234,93.39324022346368,95.96799999999999,81.04,"[[3.14242376954527, 5.243296089385475, 3.3], [9.446256983240223, 3.546, 6.43], [15.40391061452514, 10.02, 0.8]]",7.34477653631285,179,10,0.89,0.8,2.35
chaina_a84q,/home/achen918/catalytic_binders/251211_paper_revision_1/computational_SSM/af3_complex/output/chaina_a84q/seed-1_sample-1/model.pdb,93.76433161953747,93.67664804469275,95.18100000000001,87.6,"[[2.384694610030898, 6.820391061452514, 2.252513966480447], [12.94709497206704, 4.294999999999999, 6.869999999999999], [9.53072625698324, 7.85, 0.8]]",9.883743016759777,179,10,0.91,0.71,2.54
chaina_a84q,/home/achen918/catalytic_binders/251211_paper_revision_1/computational_SSM/af3_complex/output/chaina_a84q/seed-1_sample-2/model.pdb,94.62766066838049,94.53709497206704,96.589,84.19,"[[2.213616928310602, 5.51731843575419, 2.2240223463687148], [10.831452513966482, 3.9920000000000004, 7.17], [12.61731843575419, 8.809999999999999, 0.8]]",8.174385474860337,179,10,0.92,0.77,2.52
chaina_a84q,/home/achen918/catalytic_binders/251211_paper_revision_1/computational_SSM/af3_complex/output/chaina_a84q/seed-1_sample-0/model.pdb,94.20424807197958,94.25452513966479,96.262,82.94,"[[2.2499984394993913, 5.847597765363129, 2.2558659217877093], [11.382067039106147, 4.148, 7.540000000000001], [12.506703910614524, 9.23, 0.8]]",8.614832402234638,179,10,0.92,0.75,2.59
chaina_a84q,/home/achen918/catalytic_binders/251211_paper_revision_1/computational_SSM/af3_complex/output/chaina_a84q/seed-1_sample-3/model.pdb,93.90564267352181,93.68363128491617,96.21499999999999,82.13,"[[2.460250928497862, 6.737709497206704, 2.5139664804469275], [12.569385474860336, 4.502999999999999, 8.29], [13.65418994413408, 9.75, 0.8]]",9.65354748603352,179,10,0.91,0.72,2.82
chaina_a84q,/home/achen918/catalytic_binders/251211_paper_revision_1/computational_SSM/af3_complex/output/chaina_a84q/seed-1_sample-4/model.pdb,94.26661953727525,93.8604469273743,96.42099999999999,82.02,"[[2.348412970881059, 6.745865921787709, 2.475418994413408], [12.515530726256985, 4.329000000000001, 8.3], [14.434078212290501, 9.959999999999999, 0.8]]",9.630698324022347,179,10,0.91,0.71,2.87
chaina_a84r,/home/achen918/catalytic_binders/251211_paper_revision_1/computational_SSM/af3_complex/output/chaina_a84r/seed-1_sample-1/model.pdb,94.17043645699627,94.15837988826817,96.71700000000001,86.49,"[[2.1411441590462217, 4.829720670391062, 2.125698324022346], [12.482458100558658, 5.132, 7.08], [8.945810055865921, 7.37, 0.8]]",8.65608938547486,179,10,0.92,0.75,2.84
chaina_a84r,/home/achen918/catalytic_binders/251211_paper_revision_1/computational_SSM/af3_complex/output/chaina_a84r/seed-1_sample-2/model.pdb,94.23793966623859,94.31569832402234,96.881,85.45,"[[2.1056521332043316, 4.133798882681564, 2.140223463687151], [11.338491620111732, 4.598, 6.18], [9.481564245810056, 6.760000000000001, 0.8]]",7.736145251396648,179,10,0.93,0.78,2.57
chaina_a84r,/home/achen918/catalytic_binders/251211_paper_revision_1/computational_SSM/af3_complex/output/chaina_a84r/seed-1_sample-0/model.pdb,94.31025673940955,94.16910614525138,96.965,87.29,"[[2.1924253300458787, 4.131005586592178, 2.124581005586592], [11.18586592178771, 4.698, 6.42], [9.027374301675978, 6.859999999999999, 0.8]]",7.658435754189945,179,10,0.92,0.79,2.47
chaina_a84r,/home/achen918/catalytic_binders/251211_paper_revision_1/computational_SSM/af3_complex/output/chaina_a84r/seed-1_sample-3/model.pdb,93.6356996148909,93.90944134078212,96.546,85.18,"[[2.25018882057364, 5.186368715083798, 2.2329608938547487], [13.318715083798883, 5.329999999999997, 7.43], [9.4268156424581, 7.539999999999999, 0.8]]",9.25254189944134,179,10,0.91,0.73,3.12
chaina_a84r,/home/achen918/catalytic_binders/251211_paper_revision_1/computational_SSM/af3_complex/output/chaina_a84r/seed-1_sample-4/model.pdb,94.15623234916556,94.0994972067039,96.722,85.73,"[[2.1816422708404857, 4.869050279329608, 2.2150837988826817], [12.43905027932961, 5.096, 7.029999999999999], [9.883240223463687, 7.63, 0.8]]",8.65405027932961,179,10,0.92,0.75,2.95
chaina_a84s,/home/achen918/catalytic_binders/251211_paper_revision_1/computational_SSM/af3_complex/output/chaina_a84s/seed-1_sample-0/model.pdb,94.87079201545406,93.95938547486033,97.00000000000001,87.64,"[[2.477104335070691, 3.5078212290502795, 2.423463687150838], [6.943463687150839, 3.188, 4.46], [11.220111731843575, 7.849999999999999, 0.8]]",5.225642458100559,179,10,0.92,0.89,1.55
chaina_a84s,/home/achen918/catalytic_binders/251211_paper_revision_1/computational_SSM/af3_complex/output/chaina_a84s/seed-1_sample-3/model.pdb,95.09760463618787,93.89,97.304,87.43,"[[2.534593177491339, 3.4532960893854745, 2.5134078212290505], [6.765586592178771, 3.226000000000001, 4.47], [12.599441340782123, 8.23, 0.8]]",5.109441340782123,179,10,0.92,0.89,1.43
chaina_a84s,/home/achen918/catalytic_binders/251211_paper_revision_1/computational_SSM/af3_complex/output/chaina_a84s/seed-1_sample-4/model.pdb,95.20848036059245,93.50474860335197,97.146,88.98,"[[2.528020348927936, 3.3663687150837984, 2.481005586592179], [6.587765363128492, 3.16, 4.220000000000001], [10.198882681564246, 7.260000000000001, 0.8]]",4.977067039106145,179,10,0.92,0.89,1.39
chaina_a84s,/home/achen918/catalytic_binders/251211_paper_revision_1/computational_SSM/af3_complex/output/chaina_a84s/seed-1_sample-1/model.pdb,94.90162266580823,94.04536312849163,97.033,86.58,"[[2.560806466714522, 3.559944134078212, 2.568715083798883], [6.984134078212292, 3.254000000000001, 4.68], [13.217318435754187, 8.63, 0.8]]",5.272039106145252,179,10,0.92,0.89,1.5
chaina_a84s,/home/achen918/catalytic_binders/251211_paper_revision_1/computational_SSM/af3_complex/output/chaina_a84s/seed-1_sample-2/model.pdb,94.75651641983262,93.66888268156427,96.978,87.03,"[[2.5881994943978026, 3.756145251396648, 2.571508379888268], [7.479664804469273, 3.3469999999999995, 4.76], [12.418994413407821, 8.31, 0.8]]",5.61790502793296,179,10,0.92,0.88,1.65
chaina_a84t,/home/achen918/catalytic_binders/251211_paper_revision_1/computational_SSM/af3_complex/output/chaina_a84t/seed-1_sample-0/model.pdb,94.67309523809526,94.25251396648045,96.78399999999999,85.04,"[[2.405386848100871, 4.704245810055866, 2.493854748603352], [9.432067039106146, 3.661, 6.0200000000000005], [13.162569832402237, 9.09, 0.8]]",7.068156424581006,179,10,0.92,0.82,2.13
chaina_a84t,/home/achen918/catalytic_binders/251211_paper_revision_1/computational_SSM/af3_complex/output/chaina_a84t/seed-1_sample-3/model.pdb,94.91243886743916,94.02413407821228,96.985,85.48,"[[2.4717455759807745, 4.754972067039106, 2.5972067039106146], [9.516424581005587, 3.6929999999999996, 6.1499999999999995], [13.796648044692738, 9.16, 0.8]]",7.135698324022346,179,10,0.92,0.82,2.13
chaina_a84t,/home/achen918/catalytic_binders/251211_paper_revision_1/computational_SSM/af3_complex/output/chaina_a84t/seed-1_sample-4/model.pdb,95.19985199485198,94.11441340782125,97.123,87.31,"[[2.411884772635062, 4.3026256983240225, 2.4441340782122905], [8.787988826815642, 3.531, 5.549999999999999], [11.716759776536314, 8.3, 0.8]]",6.545307262569832,179,10,0.92,0.84,2.03
chaina_a84t,/home/achen918/catalytic_binders/251211_paper_revision_1/computational_SSM/af3_complex/output/chaina_a84t/seed-1_sample-1/model.pdb,94.83317889317888,94.29011173184358,96.946,84.97,"[[2.441075497019444, 4.4842458100558655, 2.5502793296089385], [9.050614525139665, 3.5580000000000003, 5.99], [13.848044692737428, 9.09, 0.8]]",6.767430167597765,179,10,0.92,0.83,2.08
chaina_a84t,/home/achen918/catalytic_binders/251211_paper_revision_1/computational_SSM/af3_complex/output/chaina_a84t/seed-1_sample-2/model.pdb,94.7235263835264,94.22150837988828,96.80199999999999,84.94,"[[2.462366967323117, 5.038324022346369, 2.589385474860335], [10.143519553072627, 3.7850000000000006, 6.34], [13.878212290502793, 9.28, 0.8]]",7.590921787709497,179,10,0.92,0.8,2.28
chaina_a84v,/home/achen918/catalytic_binders/251211_paper_revision_1/computational_SSM/af3_complex/output/chaina_a84v/seed-1_sample-3/model.pdb,95.23313384813407,94.11016759776537,97.384,87.04,"[[2.434249867357448, 3.5349162011173183, 2.475977653631285], [7.2472067039106145, 3.327, 4.83], [12.813407821229047, 8.48, 0.8]]",5.391061452513966,179,10,0.92,0.88,1.6
chaina_a84v,/home/achen918/catalytic_binders/251211_paper_revision_1/computational_SSM/af3_complex/output/chaina_a84v/seed-1_sample-4/model.pdb,95.47091377091382,94.05754189944133,97.482,86.21,"[[2.3858618644861274, 3.306368715083799, 2.4625698324022345], [6.808770949720671, 3.227000000000001, 4.64], [13.61675977653631, 8.73, 0.8]]",5.057569832402235,179,10,0.93,0.89,1.42
chaina_a84v,/home/achen918/catalytic_binders/251211_paper_revision_1/computational_SSM/af3_complex/output/chaina_a84v/seed-1_sample-0/model.pdb,95.15553410553404,94.0867039106145,97.18100000000001,87.49,"[[2.379626104054181, 3.46072625698324, 2.3782122905027934], [7.011508379888268, 3.258, 4.62], [11.624581005586593, 7.94, 0.8]]",5.236117318435754,179,10,0.93,0.88,1.63
chaina_a84v,/home/achen918/catalytic_binders/251211_paper_revision_1/computational_SSM/af3_complex/output/chaina_a84v/seed-1_sample-2/model.pdb,95.36305019305024,94.29106145251396,97.362,87.24,"[[2.4043974907150214, 3.5595530726256985, 2.43072625698324], [7.3368156424581015, 3.2879999999999994, 4.81], [12.442458100558659, 8.33, 0.8]]",5.4481843575419,179,10,0.92,0.88,1.59
chaina_a84v,/home/achen918/catalytic_binders/251211_paper_revision_1/computational_SSM/af3_complex/output/chaina_a84v/seed-1_sample-1/model.pdb,95.37160875160895,94.44525139664803,97.4,87.11,"[[2.371480290877314, 3.3060335195530723, 2.3983240223463684], [6.7594972067039105, 3.207, 4.65], [12.603910614525141, 8.25, 0.8]]",5.032765363128491,179,10,0.93,0.89,1.51
chaina_a84w,/home/achen918/catalytic_binders/251211_paper_revision_1/computational_SSM/af3_complex/output/chaina_a84w/seed-1_sample-2/model.pdb,94.36974375400379,93.57430167597765,96.77600000000001,85.01,"[[2.5530819887019756, 5.246480446927375, 2.610614525139665], [10.117039106145251, 3.724, 6.58], [13.549720670391064, 9.2, 0.8]]",7.681759776536313,179,10,0.91,0.8,2.63
chaina_a84w,/home/achen918/catalytic_binders/251211_paper_revision_1/computational_SSM/af3_complex/output/chaina_a84w/seed-1_sample-1/model.pdb,94.00864830237039,93.27474860335195,95.131,83.04,"[[2.4808682625386225, 5.694636871508379, 2.7083798882681567], [11.691843575418995, 3.935, 6.279999999999999], [14.542458100558658, 8.41, 0.8]]",8.693240223463686,179,10,0.91,0.77,2.29
chaina_a84w,/home/achen918/catalytic_binders/251211_paper_revision_1/computational_SSM/af3_complex/output/chaina_a84w/seed-1_sample-4/model.pdb,94.10827674567578,93.0877094972067,96.31700000000001,82.96,"[[2.600524328204488, 6.090670391061452, 2.7731843575418993], [11.2936312849162, 3.9309999999999996, 7.37], [14.632960893854749, 9.93, 0.8]]",8.692150837988827,179,10,0.91,0.76,3.04
chaina_a84w,/home/achen918/catalytic_binders/251211_paper_revision_1/computational_SSM/af3_complex/output/chaina_a84w/seed-1_sample-3/model.pdb,94.02763613068542,93.29217877094972,96.36499999999998,84.1,"[[2.5797727911113886, 5.6319553072625705, 2.67877094972067], [11.02, 4.013, 7.13], [14.114525139664805, 9.32, 0.8]]",8.325977653631284,179,10,0.91,0.78,2.76
chaina_a84w,/home/achen918/catalytic_binders/251211_paper_revision_1/computational_SSM/af3_complex/output/chaina_a84w/seed-1_sample-0/model.pdb,94.16705957719402,93.51620111731845,96.356,84.84,"[[2.507821229050279, 5.318547486033519, 2.5564245810055866], [10.150558659217877, 3.7560000000000002, 6.63], [13.052513966480447, 9.040000000000001, 0.8]]",7.7345530726256975,179,10,0.91,0.79,2.73
chaina_a84y,/home/achen918/catalytic_binders/251211_paper_revision_1/computational_SSM/af3_complex/output/chaina_a84y/seed-1_sample-2/model.pdb,95.09556125721609,94.01692737430167,97.32499999999999,87.16,"[[2.497406447988515, 2.8906145251396653, 2.498882681564246], [5.641843575418994, 2.8549999999999995, 3.7600000000000002], [12.037430167597764, 7.970000000000001, 0.8]]",4.26622905027933,179,10,0.92,0.92,1.03
chaina_a84y,/home/achen918/catalytic_binders/251211_paper_revision_1/computational_SSM/af3_complex/output/chaina_a84y/seed-1_sample-1/model.pdb,94.97269403463748,93.84351955307264,97.176,86.07,"[[2.4890733747386165, 3.0064245810055867, 2.525139664804469], [5.560335195530726, 2.787, 3.9], [12.658659217877096, 8.34, 0.8]]",4.283379888268156,179,10,0.92,0.91,1.09
chaina_a84y,/home/achen918/catalytic_binders/251211_paper_revision_1/computational_SSM/af3_complex/output/chaina_a84y/seed-1_sample-4/model.pdb,95.43434894162932,93.89089385474861,97.429,88.82,"[[2.3809431665678344, 2.6915083798882677, 2.3374301675977653], [5.078715083798882, 2.67, 3.3600000000000003], [9.243575418994412, 6.609999999999999, 0.8]]",3.8851117318435753,179,10,0.93,0.93,0.98
chaina_a84y,/home/achen918/catalytic_binders/251211_paper_revision_1/computational_SSM/af3_complex/output/chaina_a84y/seed-1_sample-3/model.pdb,95.18897370109059,93.96324022346367,97.39300000000001,86.91,"[[2.4144408726319404, 2.8097206703910613, 2.446927374301676], [5.529273743016761, 2.8629999999999995, 3.7700000000000005], [12.211173184357543, 7.970000000000001, 0.8]]",4.169497206703911,179,10,0.93,0.92,1.04
chaina_a84y,/home/achen918/catalytic_binders/251211_paper_revision_1/computational_SSM/af3_complex/output/chaina_a84y/seed-1_sample-0/model.pdb,94.99267479153286,93.74078212290502,97.19699999999999,87.15,"[[2.4372491495271684, 2.900670391061453, 2.412849162011173], [5.396983240223464, 2.7459999999999996, 3.6399999999999997], [11.14804469273743, 7.639999999999999, 0.8]]",4.148826815642458,179,10,0.93,0.92,1.05
chaina_d123a,/home/achen918/catalytic_binders/251211_paper_revision_1/computational_SSM/af3_complex/output/chaina_d123a/seed-1_sample-1/model.pdb,94.90162685603626,94.26972067039108,97.373,87.93,"[[2.5329265628413595, 2.3477094972067043, 2.3201117318435753], [3.786424581005587, 2.2079999999999997, 2.7299999999999995], [8.495530726256982, 5.82, 0.8]]",3.0670670391061456,179,10,0.93,0.95,0.82
chaina_d123a,/home/achen918/catalytic_binders/251211_paper_revision_1/computational_SSM/af3_complex/output/chaina_d123a/seed-1_sample-2/model.pdb,94.18779857972893,94.06106145251397,97.22999999999999,86.41,"[[2.8009487843700263, 2.5991620111731844, 2.645810055865922], [4.2608379888268155, 2.39, 3.0000000000000004], [11.907262569832401, 7.82, 0.8]]",3.4299999999999997,179,10,0.92,0.94,0.85
chaina_d123a,/home/achen918/catalytic_binders/251211_paper_revision_1/computational_SSM/af3_complex/output/chaina_d123a/seed-1_sample-0/model.pdb,94.43127178825048,93.74530726256984,97.02,86.63,"[[2.7428232577010707, 2.5934078212290506, 2.587709497206704], [4.313240223463687, 2.426, 3.0700000000000003], [11.211731843575418, 7.43, 0.8]]",3.4533240223463686,179,10,0.93,0.94,0.84
chaina_d123a,/home/achen918/catalytic_binders/251211_paper_revision_1/computational_SSM/af3_complex/output/chaina_d123a/seed-1_sample-4/model.pdb,95.07256294383488,93.68664804469273,97.432,88.23,"[[2.462376330326769, 2.31536312849162, 2.2905027932960893], [3.914301675977654, 2.2960000000000007, 2.73], [8.006703910614526, 5.519999999999999, 0.8]]",3.114832402234637,179,10,0.93,0.95,0.81
chaina_d123a,/home/achen918/catalytic_binders/251211_paper_revision_1/computational_SSM/af3_complex/output/chaina_d123a/seed-1_sample-3/model.pdb,92.71834086507427,93.98407821229048,96.451,85.59,"[[2.9328142067975413, 2.625418994413408, 2.5648044692737426], [3.8304469273743016, 2.1900000000000004, 2.71], [9.701117318435754, 6.43, 0.8]]",3.2279329608938547,179,10,0.92,0.95,0.81
chaina_d123e,/home/achen918/catalytic_binders/251211_paper_revision_1/computational_SSM/af3_complex/output/chaina_d123e/seed-1_sample-1/model.pdb,94.5850869285254,93.78692737430168,97.13700000000001,85.82,"[[2.796657407696389, 2.7358659217877097, 2.698882681564246], [4.770726256983241, 2.5380000000000003, 3.3899999999999997], [12.736871508379888, 8.23, 0.8]]",3.753296089385475,179,10,0.92,0.93,0.87
chaina_d123e,/home/achen918/catalytic_binders/251211_paper_revision_1/computational_SSM/af3_complex/output/chaina_d123e/seed-1_sample-2/model.pdb,95.00779137153894,93.94804469273744,97.266,86.68,"[[2.6136793483349456, 2.6150837988826816, 2.5653631284916205], [4.961340782122905, 2.6120000000000005, 3.35], [12.095530726256985, 8.02, 0.8]]",3.788212290502793,179,10,0.92,0.93,0.89
chaina_d123e,/home/achen918/catalytic_binders/251211_paper_revision_1/computational_SSM/af3_complex/output/chaina_d123e/seed-1_sample-0/model.pdb,94.43598197037988,93.45916201117318,97.10900000000001,86.61,"[[2.830342373833526, 2.838156424581005, 2.705586592178771], [4.9766480446927375, 2.6430000000000002, 3.4799999999999995], [11.771508379888267, 7.81, 0.8]]",3.907402234636871,179,10,0.92,0.93,0.9
chaina_d123e,/home/achen918/catalytic_binders/251211_paper_revision_1/computational_SSM/af3_complex/output/chaina_d123e/seed-1_sample-3/model.pdb,93.74743077913722,94.83692737430168,97.155,88.08,"[[2.739983146593427, 2.459385474860335, 2.380446927374302], [3.8373184357541907, 2.2230000000000003, 2.6900000000000004], [8.591620111731844, 5.85, 0.8]]",3.148351955307263,179,10,0.93,0.95,0.81
chaina_d123e,/home/achen918/catalytic_binders/251211_paper_revision_1/computational_SSM/af3_complex/output/chaina_d123e/seed-1_sample-4/model.pdb,95.32050225370244,93.76016759776536,97.47,88.34,"[[2.5524858774694925, 2.495418994413408, 2.421787709497207], [4.492513966480447, 2.4820000000000007, 3.04], [9.589944134078213, 6.49, 0.8]]",3.493966480446928,179,10,0.93,0.94,0.86
chaina_d123f,/home/achen918/catalytic_binders/251211_paper_revision_1/computational_SSM/af3_complex/output/chaina_d123f/seed-1_sample-4/model.pdb,95.48030225080399,93.81692737430167,97.44200000000001,88.32,"[[2.5029618301551135, 2.4644134078212288, 2.4039106145251394], [4.575083798882681, 2.5540000000000003, 3.12], [9.232960893854749, 6.3500000000000005, 0.8]]",3.519748603351955,179,10,0.93,0.94,0.84
chaina_d123f,/home/achen918/catalytic_binders/251211_paper_revision_1/computational_SSM/af3_complex/output/chaina_d123f/seed-1_sample-3/model.pdb,94.52344694533761,95.10251396648044,97.77799999999999,88.64,"[[2.522212165662745, 2.332290502793296, 2.227932960893855], [3.77804469273743, 2.232, 2.66], [7.950837988826816, 5.47, 0.8]]",3.055167597765363,179,10,0.93,0.95,0.81
chaina_d123f,/home/achen918/catalytic_binders/251211_paper_revision_1/computational_SSM/af3_complex/output/chaina_d123f/seed-1_sample-0/model.pdb,94.73872025723477,93.57843575418995,96.993,86.32,"[[2.6527823725851256, 2.798603351955307, 2.602793296089385], [5.164245810055866, 2.7340000000000004, 3.6300000000000003], [11.551396648044694, 7.850000000000001, 0.8]]",3.9814245810055864,179,10,0.92,0.93,0.89
chaina_d123f,/home/achen918/catalytic_binders/251211_paper_revision_1/computational_SSM/af3_complex/output/chaina_d123f/seed-1_sample-2/model.pdb,95.15828295819944,94.34279329608938,97.30699999999999,86.6,"[[2.5412783620985615, 2.5503351955307263, 2.493854748603352], [4.826536312849162, 2.6030000000000006, 3.3200000000000003], [11.575418994413408, 7.7299999999999995, 0.8]]",3.688435754189944,179,10,0.93,0.94,0.87
chaina_d123f,/home/achen918/catalytic_binders/251211_paper_revision_1/computational_SSM/af3_complex/output/chaina_d123f/seed-1_sample-1/model.pdb,95.10625080385863,94.11513966480447,97.189,84.93,"[[2.567950438500671, 2.5380446927374303, 2.5787709497206706], [4.82268156424581, 2.6140000000000003, 3.45], [13.272067039106147, 8.64, 0.8]]",3.6803631284916203,179,10,0.93,0.94,0.84
chaina_d123g,/home/achen918/catalytic_binders/251211_paper_revision_1/computational_SSM/af3_complex/output/chaina_d123g/seed-1_sample-1/model.pdb,94.52754521963823,94.32150837988826,97.532,84.95,"[[2.7784900596111233, 2.575977653631285, 2.6553072625698326], [3.9384916201117317, 2.269, 2.91], [12.539664804469275, 8.22, 0.8]]",3.2572346368715084,179,10,0.93,0.94,0.82
chaina_d123g,/home/achen918/catalytic_binders/251211_paper_revision_1/computational_SSM/af3_complex/output/chaina_d123g/seed-1_sample-2/model.pdb,94.33913436692517,94.48815642458099,97.652,85.57,"[[2.753256764770138, 2.5557541899441336, 2.620670391061452], [3.911061452513966, 2.281, 2.8600000000000003], [11.53072625698324, 7.630000000000001, 0.8]]",3.23340782122905,179,10,0.93,0.94,0.82
chaina_d123g,/home/achen918/catalytic_binders/251211_paper_revision_1/computational_SSM/af3_complex/output/chaina_d123g/seed-1_sample-0/model.pdb,95.0702131782945,94.28692737430168,97.689,87.94,"[[2.5173434037639275, 2.371564245810056, 2.3698324022346373], [3.8652513966480444, 2.261, 2.83], [10.077653631284917, 6.95, 0.8]]",3.1184078212290505,179,10,0.93,0.95,0.81
chaina_d123g,/home/achen918/catalytic_binders/251211_paper_revision_1/computational_SSM/af3_complex/output/chaina_d123g/seed-1_sample-3/model.pdb,94.4119444444444,94.16094972067037,97.598,87.02,"[[2.789887956056303, 2.620335195530726, 2.636871508379888], [3.94608938547486, 2.258, 2.9000000000000004], [11.016201117318436, 7.340000000000001, 0.8]]",3.283212290502793,179,10,0.93,0.95,0.82
chaina_d123g,/home/achen918/catalytic_binders/251211_paper_revision_1/computational_SSM/af3_complex/output/chaina_d123g/seed-1_sample-4/model.pdb,94.95633074935405,94.04944134078214,97.80900000000001,87.53,"[[2.5729565244530446, 2.384022346368715, 2.3815642458100554], [3.650949720670391, 2.1510000000000002, 2.68], [8.283798882681564, 5.619999999999999, 0.8]]",3.0174860335195532,179,10,0.93,0.95,0.81
chaina_d123h,/home/achen918/catalytic_binders/251211_paper_revision_1/computational_SSM/af3_complex/output/chaina_d123h/seed-1_sample-1/model.pdb,95.42001287001303,94.35312849162011,97.474,88.14,"[[2.469766861209076, 2.412625698324022, 2.35195530726257], [4.327877094972067, 2.4330000000000003, 3.09], [9.260335195530725, 6.35, 0.8]]",3.3702513966480443,179,10,0.93,0.94,0.84
chaina_d123h,/home/achen918/catalytic_binders/251211_paper_revision_1/computational_SSM/af3_complex/output/chaina_d123h/seed-1_sample-2/model.pdb,95.32904761904764,94.60586592178771,97.522,87.31,"[[2.5173746137760995, 2.5265921787709495, 2.463687150837989], [4.80050279329609, 2.5850000000000004, 3.2900000000000005], [11.347486033519552, 7.55, 0.8]]",3.6635474860335195,179,10,0.93,0.94,0.86
chaina_d123h,/home/achen918/catalytic_binders/251211_paper_revision_1/computational_SSM/af3_complex/output/chaina_d123h/seed-1_sample-0/model.pdb,95.06477477477485,94.05631284916203,97.346,86.99,"[[2.5833026434880306, 2.640391061452514, 2.5178770949720675], [4.879441340782122, 2.641, 3.4699999999999998], [11.056424581005587, 7.4300000000000015, 0.8]]",3.759916201117318,179,10,0.93,0.93,0.88
chaina_d123h,/home/achen918/catalytic_binders/251211_paper_revision_1/computational_SSM/af3_complex/output/chaina_d123h/seed-1_sample-4/model.pdb,95.63976833976848,94.06424581005587,97.63399999999999,88.29,"[[2.4645984831934085, 2.42877094972067, 2.376536312849162], [4.438491620111732, 2.4960000000000004, 3.04], [9.297765363128491, 6.34, 0.8]]",3.433631284916201,179,10,0.93,0.94,0.85
chaina_d123h,/home/achen918/catalytic_binders/251211_paper_revision_1/computational_SSM/af3_complex/output/chaina_d123h/seed-1_sample-3/model.pdb,95.72948519948537,94.38324022346367,97.82799999999999,88.05,"[[2.3512655659935704, 2.3191061452513972, 2.2910614525139663], [4.214748603351955, 2.4160000000000004, 3.0100000000000002], [10.769832402234638, 7.08, 0.8]]",3.2669273743016762,179,10,0.93,0.94,0.84
chaina_d123i,/home/achen918/catalytic_binders/251211_paper_revision_1/computational_SSM/af3_complex/output/chaina_d123i/seed-1_sample-2/model.pdb,93.2815979381443,93.97709497206705,96.55499999999999,85.04,"[[2.7464467401142287, 2.485027932960894, 2.4513966480446925], [4.137486033519553, 2.4420000000000006, 2.8400000000000003], [10.763687150837988, 7.17, 0.8]]",3.3112569832402237,179,10,0.92,0.95,0.81
chaina_d123i,/home/achen918/catalytic_binders/251211_paper_revision_1/computational_SSM/af3_complex/output/chaina_d123i/seed-1_sample-1/model.pdb,91.72243556701024,93.30279329608939,95.414,83.29,"[[3.7618832121344528, 3.290614525139665, 3.3368715083798888], [4.857486033519552, 2.6459999999999995, 3.2600000000000002], [12.031843575418996, 8.040000000000001, 0.8]]",4.074050279329608,179,10,0.9,0.94,0.83
chaina_d123i,/home/achen918/catalytic_binders/251211_paper_revision_1/computational_SSM/af3_complex/output/chaina_d123i/seed-1_sample-4/model.pdb,94.65390463917538,93.77312849162011,96.87899999999999,89.33,"[[2.5208014731125745, 2.3027932960893853, 2.2044692737430167], [3.845530726256983, 2.3410000000000006, 2.7299999999999995], [7.1022346368715095, 5.1899999999999995, 0.8]]",3.0741620111731844,179,10,0.93,0.95,0.79
chaina_d123i,/home/achen918/catalytic_binders/251211_paper_revision_1/computational_SSM/af3_complex/output/chaina_d123i/seed-1_sample-3/model.pdb,91.43242912371139,92.84826815642458,95.414,83.54,"[[3.8579944446178334, 3.424357541899441, 3.423463687150838], [5.140837988826815, 2.782, 3.4299999999999997], [11.798882681564246, 7.879999999999998, 0.8]]",4.282597765363128,179,10,0.9,0.94,0.84
chaina_d123i,/home/achen918/catalytic_binders/251211_paper_revision_1/computational_SSM/af3_complex/output/chaina_d123i/seed-1_sample-0/model.pdb,91.787474226804,93.08486033519553,95.262,84.65,"[[3.4704815704878125, 3.074245810055866, 3.129050279329609], [4.782402234636871, 2.668, 3.19], [11.4, 7.749999999999998, 0.8]]",3.9283240223463682,179,10,0.9,0.94,0.82
chaina_d123k,/home/achen918/catalytic_binders/251211_paper_revision_1/computational_SSM/af3_complex/output/chaina_d123k/seed-1_sample-2/model.pdb,94.99672247263382,93.92620111731844,97.23600000000002,85.94,"[[2.604066664585999, 2.629608938547486, 2.596648044692737], [5.063128491620112, 2.68, 3.4799999999999995], [12.559776536312848, 8.309999999999999, 0.8]]",3.846368715083799,179,10,0.92,0.93,0.89
chaina_d123k,/home/achen918/catalytic_binders/251211_paper_revision_1/computational_SSM/af3_complex/output/chaina_d123k/seed-1_sample-1/model.pdb,95.17711526078561,94.13262569832403,97.295,86.64,"[[2.516176149308698, 2.4571508379888267, 2.4273743016759775], [4.495977653631286, 2.486, 3.16], [10.7, 7.079999999999998, 0.8]]",3.4765642458100565,179,10,0.93,0.94,0.85
chaina_d123k,/home/achen918/catalytic_binders/251211_paper_revision_1/computational_SSM/af3_complex/output/chaina_d123k/seed-1_sample-4/model.pdb,95.58315518351574,93.86977653631284,97.581,88.2,"[[2.415090040885116, 2.3757541899441343, 2.3307262569832403], [4.411899441340783, 2.491, 3.0300000000000002], [9.197206703910613, 6.319999999999999, 0.8]]",3.3938268156424583,179,10,0.93,0.94,0.85
chaina_d123k,/home/achen918/catalytic_binders/251211_paper_revision_1/computational_SSM/af3_complex/output/chaina_d123k/seed-1_sample-3/model.pdb,94.09933032839685,94.76363128491622,97.275,88.09,"[[2.647869916669267, 2.401005586592179, 2.3318435754189943], [3.8663128491620116, 2.263, 2.71], [8.457541899441342, 5.819999999999999, 0.8]]",3.1336592178770952,179,10,0.93,0.95,0.81
chaina_d123k,/home/achen918/catalytic_binders/251211_paper_revision_1/computational_SSM/af3_complex/output/chaina_d123k/seed-1_sample-0/model.pdb,94.7135608499679,93.8586592178771,97.204,86.56,"[[2.688861146655847, 2.7464804469273743, 2.6184357541899446], [4.956703910614525, 2.6710000000000003, 3.4799999999999995], [11.232402234636872, 7.540000000000001, 0.8]]",3.8515921787709497,179,10,0.92,0.93,0.91
chaina_d123l,/home/achen918/catalytic_binders/251211_paper_revision_1/computational_SSM/af3_complex/output/chaina_d123l/seed-1_sample-1/model.pdb,93.46864690721668,94.11530726256984,96.53900000000002,87.03,"[[2.7604194625635903, 2.473296089385475, 2.4117318435754185], [4.146815642458101, 2.4360000000000004, 2.8699999999999997], [8.373743016759777, 5.79, 0.8]]",3.310055865921788,179,10,0.93,0.95,0.8
chaina_d123l,/home/achen918/catalytic_binders/251211_paper_revision_1/computational_SSM/af3_complex/output/chaina_d123l/seed-1_sample-2/model.pdb,93.4489046391752,94.33256983240223,96.85900000000001,84.94,"[[2.7390967822477448, 2.4424581005586594, 2.4558659217877095], [3.9664245810055863, 2.318, 2.79], [10.881564245810056, 7.200000000000001, 0.8]]",3.2044413407821226,179,10,0.93,0.95,0.8
chaina_d123l,/home/achen918/catalytic_binders/251211_paper_revision_1/computational_SSM/af3_complex/output/chaina_d123l/seed-1_sample-0/model.pdb,93.60370489690717,93.50581005586592,96.796,87.2,"[[2.7829999063699637, 2.4886592178770948, 2.4620111731843575], [4.105083798882681, 2.405, 2.8699999999999997], [9.726256983240223, 6.65, 0.8]]",3.296871508379888,179,10,0.93,0.95,0.8
chaina_d123l,/home/achen918/catalytic_binders/251211_paper_revision_1/computational_SSM/af3_complex/output/chaina_d123l/seed-1_sample-3/model.pdb,92.25587628866005,93.76318435754189,95.99799999999999,84.87,"[[3.365438032520833, 2.9475977653631285, 3.030167597765363], [4.359720670391061, 2.4390000000000005, 2.9799999999999995], [11.079329608938547, 7.49, 0.8]]",3.653659217877095,179,10,0.91,0.94,0.81
chaina_d123l,/home/achen918/catalytic_binders/251211_paper_revision_1/computational_SSM/af3_complex/output/chaina_d123l/seed-1_sample-4/model.pdb,94.01817010309279,93.87374301675976,96.921,88.09,"[[2.689566492930932, 2.39072625698324, 2.3513966480446924], [3.8177653631284914, 2.2950000000000004, 2.7600000000000002], [7.790502793296089, 5.5600000000000005, 0.8]]",3.1042458100558656,179,10,0.93,0.95,0.79
chaina_d123m,/home/achen918/catalytic_binders/251211_paper_revision_1/computational_SSM/af3_complex/output/chaina_d123m/seed-1_sample-1/model.pdb,91.85903994845353,93.42262569832403,95.156,84.3,"[[3.395774164351924, 2.9849162011173185, 3.0178770949720666], [4.536815642458101, 2.575, 3.0300000000000002], [10.797765363128493, 7.109999999999999, 0.8]]",3.7608659217877096,179,10,0.91,0.94,0.81
chaina_d123m,/home/achen918/catalytic_binders/251211_paper_revision_1/computational_SSM/af3_complex/output/chaina_d123m/seed-1_sample-2/model.pdb,92.32574097938145,93.44731843575418,96.04299999999999,84.02,"[[3.3632782996785373, 2.9994972067039107, 3.0083798882681565], [4.7141340782122905, 2.641, 3.17], [11.54804469273743, 7.720000000000001, 0.8]]",3.8568156424581006,179,10,0.91,0.94,0.83
chaina_d123m,/home/achen918/catalytic_binders/251211_paper_revision_1/computational_SSM/af3_complex/output/chaina_d123m/seed-1_sample-0/model.pdb,92.61752577319585,93.4450279329609,96.43599999999999,85.78,"[[3.0340938172965886, 2.712849162011173, 2.694972067039106], [4.301787709497207, 2.519, 2.9200000000000004], [9.35418994413408, 6.460000000000001, 0.8]]",3.50731843575419,179,10,0.92,0.94,0.8
chaina_d123m,/home/achen918/catalytic_binders/251211_paper_revision_1/computational_SSM/af3_complex/output/chaina_d123m/seed-1_sample-3/model.pdb,91.60088917525772,93.70882681564244,95.765,83.96,"[[3.486008551543335, 3.0810055865921786, 3.0955307262569827], [4.561899441340782, 2.5500000000000003, 3.04], [10.69832402234637, 7.1, 0.8]]",3.8214525139664803,179,10,0.91,0.94,0.81
chaina_d123m,/home/achen918/catalytic_binders/251211_paper_revision_1/computational_SSM/af3_complex/output/chaina_d123m/seed-1_sample-4/model.pdb,92.36013530927819,92.60245810055868,96.12100000000001,84.77,"[[3.4392809213195594, 3.0335754189944137, 2.984916201117318], [4.698324022346369, 2.6479999999999997, 3.16], [8.783240223463686, 5.930000000000001, 0.8]]",3.8659497206703914,179,10,0.91,0.94,0.82
chaina_d123n,/home/achen918/catalytic_binders/251211_paper_revision_1/computational_SSM/af3_complex/output/chaina_d123n/seed-1_sample-1/model.pdb,95.90732603092786,94.86636871508381,97.812,87.41,"[[2.2893449018445113, 2.3267039106145253, 2.2787709497206703], [4.427765363128492, 2.448, 3.22], [11.711731843575416, 7.6, 0.8]]",3.3772346368715085,179,10,0.93,0.94,0.85
chaina_d123n,/home/achen918/catalytic_binders/251211_paper_revision_1/computational_SSM/af3_complex/output/chaina_d123n/seed-1_sample-2/model.pdb,95.80693943298972,94.64620111731844,97.70200000000001,88.03,"[[2.3485721419431353, 2.4562569832402232, 2.3245810055865923], [4.858603351955307, 2.6170000000000004, 3.31], [11.339664804469274, 7.55, 0.8]]",3.657430167597765,179,10,0.93,0.94,0.88
chaina_d123n,/home/achen918/catalytic_binders/251211_paper_revision_1/computational_SSM/af3_complex/output/chaina_d123n/seed-1_sample-0/model.pdb,95.7035953608246,94.61256983240224,97.763,88.67,"[[2.3636465778221654, 2.4973743016759777, 2.2854748603351958], [4.777039106145251, 2.5870000000000006, 3.3200000000000003], [10.301117318435754, 7.039999999999999, 0.8]]",3.637206703910614,179,10,0.93,0.93,0.89
chaina_d123n,/home/achen918/catalytic_binders/251211_paper_revision_1/computational_SSM/af3_complex/output/chaina_d123n/seed-1_sample-4/model.pdb,95.95095360824752,94.24279329608937,97.76500000000001,88.65,"[[2.3427702006803783, 2.3985474860335194, 2.287150837988827], [4.545195530726257, 2.507, 3.12], [9.565921787709499, 6.610000000000001, 0.8]]",3.4718715083798886,179,10,0.93,0.94,0.87
chaina_d123n,/home/achen918/catalytic_binders/251211_paper_revision_1/computational_SSM/af3_complex/output/chaina_d123n/seed-1_sample-3/model.pdb,95.91208762886599,94.22832402234638,97.86699999999999,88.45,"[[2.350148247557817, 2.3918435754189944, 2.3256983240223468], [4.5531843575419, 2.5470000000000006, 3.2399999999999998], [11.246368715083799, 7.4399999999999995, 0.8]]",3.472513966480447,179,10,0.93,0.94,0.86
chaina_d123p,/home/achen918/catalytic_binders/251211_paper_revision_1/computational_SSM/af3_complex/output/chaina_d123p/seed-1_sample-2/model.pdb,94.359316569955,93.9349162011173,97.26700000000001,84.35,"[[2.6993477107456076, 2.5817318435754193, 2.6039106145251396], [4.183240223463687, 2.373, 3.0500000000000003], [11.618994413407822, 7.739999999999999, 0.8]]",3.3824860335195535,179,10,0.93,0.94,0.84
chaina_d123p,/home/achen918/catalytic_binders/251211_paper_revision_1/computational_SSM/af3_complex/output/chaina_d123p/seed-1_sample-1/model.pdb,94.4436492585428,93.89569832402233,97.211,83.88,"[[2.7773290471583283, 2.6727374301675977, 2.7106145251396647], [4.212905027932961, 2.341, 3.16], [12.483240223463685, 8.190000000000001, 0.8]]",3.4428212290502795,179,10,0.92,0.94,0.85
chaina_d123p,/home/achen918/catalytic_binders/251211_paper_revision_1/computational_SSM/af3_complex/output/chaina_d123p/seed-1_sample-3/model.pdb,94.15372018052878,93.59385474860336,97.28699999999999,85.47,"[[2.7766424268905467, 2.620558659217877, 2.6363128491620116], [4.201173184357542, 2.4050000000000002, 3.0], [11.113966480446928, 7.38, 0.8]]",3.4108659217877095,179,10,0.93,0.94,0.83
chaina_d123p,/home/achen918/catalytic_binders/251211_paper_revision_1/computational_SSM/af3_complex/output/chaina_d123p/seed-1_sample-4/model.pdb,94.16252095422315,93.29916201117318,97.116,86.35,"[[2.8709465996691743, 2.7188826815642457, 2.6162011173184356], [4.405418994413408, 2.463, 3.0], [8.85754189944134, 6.159999999999999, 0.8]]",3.5621508379888267,179,10,0.92,0.94,0.84
chaina_d123p,/home/achen918/catalytic_binders/251211_paper_revision_1/computational_SSM/af3_complex/output/chaina_d123p/seed-1_sample-0/model.pdb,93.90114764667976,93.52201117318435,96.88,84.33,"[[2.8436877750382323, 2.836927374301676, 2.7312849162011172], [4.668994413407821, 2.5180000000000002, 3.3099999999999996], [11.365921787709498, 7.68, 0.8]]",3.7529608938547487,179,10,0.92,0.94,0.86
chaina_d123q,/home/achen918/catalytic_binders/251211_paper_revision_1/computational_SSM/af3_complex/output/chaina_d123q/seed-1_sample-1/model.pdb,95.17947842884725,94.08642458100559,97.29499999999999,85.85,"[[2.5136980743422495, 2.5458100558659216, 2.5094972067039105], [4.738659217877095, 2.551, 3.4199999999999995], [13.159776536312851, 8.459999999999999, 0.8]]",3.6422346368715086,179,10,0.93,0.94,0.86
chaina_d123q,/home/achen918/catalytic_binders/251211_paper_revision_1/computational_SSM/af3_complex/output/chaina_d123q/seed-1_sample-2/model.pdb,95.18939471989711,94.27893854748604,97.35799999999999,86.93,"[[2.512427826846853, 2.597821229050279, 2.4720670391061454], [5.067988826815643, 2.658, 3.4299999999999997], [11.772067039106144, 7.830000000000001, 0.8]]",3.832905027932961,179,10,0.93,0.93,0.89
chaina_d123q,/home/achen918/catalytic_binders/251211_paper_revision_1/computational_SSM/af3_complex/output/chaina_d123q/seed-1_sample-0/model.pdb,95.02846748229231,93.97715083798883,97.45600000000002,87.45,"[[2.564039823975531, 2.6774301675977656, 2.489944134078212], [4.9531843575418995, 2.639000000000001, 3.4200000000000004], [11.137988826815642, 7.549999999999999, 0.8]]",3.8153072625698323,179,10,0.93,0.93,0.89
chaina_d123q,/home/achen918/catalytic_binders/251211_paper_revision_1/computational_SSM/af3_complex/output/chaina_d123q/seed-1_sample-3/model.pdb,93.9669349645846,94.43994413407822,97.13700000000001,88.49,"[[2.7301176617458878, 2.5038547486033518, 2.391620111731844], [3.965418994413408, 2.2800000000000002, 2.75], [8.477653631284916, 5.8, 0.8]]",3.23463687150838,179,10,0.93,0.95,0.83
chaina_d123q,/home/achen918/catalytic_binders/251211_paper_revision_1/computational_SSM/af3_complex/output/chaina_d123q/seed-1_sample-4/model.pdb,95.66331616226657,93.99994413407822,97.626,88.83,"[[2.419955681782716, 2.419608938547486, 2.323463687150838], [4.503798882681564, 2.505, 3.06], [9.14581005586592, 6.3100000000000005, 0.8]]",3.461703910614525,179,10,0.93,0.94,0.85
chaina_d123r,/home/achen918/catalytic_binders/251211_paper_revision_1/computational_SSM/af3_complex/output/chaina_d123r/seed-1_sample-2/model.pdb,91.40642443729908,93.05061452513965,96.125,83.64,"[[3.6176242938734746, 3.2208379888268164, 3.2094972067039107], [4.420614525139665, 2.4760000000000004, 3.05], [10.718435754189944, 6.970000000000001, 0.8]]",3.8207262569832405,179,10,0.9,0.94,0.84
chaina_d123r,/home/achen918/catalytic_binders/251211_paper_revision_1/computational_SSM/af3_complex/output/chaina_d123r/seed-1_sample-1/model.pdb,92.34616720257235,93.08955307262569,95.623,85.05,"[[3.158147373677476, 2.8537988826815646, 2.775977653631285], [4.486312849162011, 2.555, 3.0699999999999994], [9.250837988826817, 6.21, 0.8]]",3.6700558659217877,179,10,0.92,0.94,0.82
chaina_d123r,/home/achen918/catalytic_binders/251211_paper_revision_1/computational_SSM/af3_complex/output/chaina_d123r/seed-1_sample-3/model.pdb,91.87133762057876,93.21988826815642,96.264,84.42,"[[3.4606629006585314, 3.094916201117319, 3.12122905027933], [4.364245810055866, 2.434, 2.99], [11.416201117318435, 7.68, 0.8]]",3.7295810055865926,179,10,0.91,0.94,0.82
chaina_d123r,/home/achen918/catalytic_binders/251211_paper_revision_1/computational_SSM/af3_complex/output/chaina_d123r/seed-1_sample-4/model.pdb,91.58693247588404,92.87039106145251,95.924,85.23,"[[3.57136169283106, 3.1634078212290504, 3.110055865921788], [4.385921787709498, 2.4630000000000005, 2.95], [9.313966480446927, 6.17, 0.8]]",3.7746648044692743,179,10,0.91,0.94,0.82
chaina_d123r,/home/achen918/catalytic_binders/251211_paper_revision_1/computational_SSM/af3_complex/output/chaina_d123r/seed-1_sample-0/model.pdb,91.31311254019293,92.99525139664806,96.057,84.23,"[[3.7232764270778067, 3.303631284916201, 3.3469273743016754], [4.526871508379889, 2.47, 3.0699999999999994], [11.231284916201117, 7.609999999999999, 0.8]]",3.915251396648045,179,10,0.9,0.94,0.84
chaina_d123s,/home/achen918/catalytic_binders/251211_paper_revision_1/computational_SSM/af3_complex/output/chaina_d123s/seed-1_sample-1/model.pdb,95.25807096774199,94.34351955307261,97.453,86.46,"[[2.5065821915670545, 2.464413407821229, 2.459776536312849], [4.4779888268156425, 2.47, 3.28], [12.559217877094975, 8.129999999999999, 0.8]]",3.4712011173184356,179,10,0.93,0.94,0.85
chaina_d123s,/home/achen918/catalytic_binders/251211_paper_revision_1/computational_SSM/af3_complex/output/chaina_d123s/seed-1_sample-2/model.pdb,95.25136129032263,94.24804469273744,97.511,86.82,"[[2.484242064854405, 2.5351396648044693, 2.4592178770949724], [4.89391061452514, 2.6090000000000004, 3.37], [12.21508379888268, 8.129999999999999, 0.8]]",3.7145251396648047,179,10,0.93,0.93,0.87
chaina_d123s,/home/achen918/catalytic_binders/251211_paper_revision_1/computational_SSM/af3_complex/output/chaina_d123s/seed-1_sample-0/model.pdb,94.87569677419363,94.01078212290503,97.44500000000001,87.43,"[[2.60532130707531, 2.7084916201117317, 2.5134078212290505], [4.931284916201117, 2.63, 3.4200000000000004], [10.975418994413408, 7.5, 0.8]]",3.819888268156425,179,10,0.92,0.93,0.9
chaina_d123s,/home/achen918/catalytic_binders/251211_paper_revision_1/computational_SSM/af3_complex/output/chaina_d123s/seed-1_sample-4/model.pdb,95.71441935483887,94.05368715083799,97.70599999999999,88.9,"[[2.399759682906277, 2.373966480446928, 2.3033519553072623], [4.378379888268157, 2.461, 3.0199999999999996], [8.92346368715084, 6.24, 0.8]]",3.376173184357542,179,10,0.93,0.94,0.85
chaina_d123s,/home/achen918/catalytic_binders/251211_paper_revision_1/computational_SSM/af3_complex/output/chaina_d123s/seed-1_sample-3/model.pdb,95.21121935483887,93.77162011173186,97.61600000000001,87.28,"[[2.582044879997503, 2.6002234636871506, 2.524581005586592], [4.665195530726257, 2.5950000000000006, 3.3299999999999996], [12.179329608938547, 7.99, 0.8]]",3.632709497206704,179,10,0.93,0.93,0.87
chaina_d123t,/home/achen918/catalytic_binders/251211_paper_revision_1/computational_SSM/af3_complex/output/chaina_d123t/seed-1_sample-1/model.pdb,95.71032237266263,94.60888268156424,97.675,87.12,"[[2.319281545519803, 2.370279329608939, 2.3139664804469273], [4.537988826815642, 2.5180000000000002, 3.29], [12.414525139664804, 8.03, 0.8]]",3.4541340782122907,179,10,0.93,0.94,0.86
chaina_d123t,/home/achen918/catalytic_binders/251211_paper_revision_1/computational_SSM/af3_complex/output/chaina_d123t/seed-1_sample-2/model.pdb,95.57256608639587,94.4396089385475,97.586,87.72,"[[2.3892762398177334, 2.5293296089385473, 2.372625698324023], [5.006536312849162, 2.688, 3.38], [11.65810055865922, 7.7, 0.8]]",3.7679329608938548,179,10,0.93,0.93,0.89
chaina_d123t,/home/achen918/catalytic_binders/251211_paper_revision_1/computational_SSM/af3_complex/output/chaina_d123t/seed-1_sample-0/model.pdb,95.49482269503571,94.29849162011173,97.605,88.23,"[[2.375375300396367, 2.465586592178771, 2.306145251396648], [4.697262569832403, 2.5920000000000005, 3.35], [10.603351955307263, 7.17, 0.8]]",3.581424581005587,179,10,0.93,0.94,0.87
chaina_d123t,/home/achen918/catalytic_binders/251211_paper_revision_1/computational_SSM/af3_complex/output/chaina_d123t/seed-1_sample-4/model.pdb,95.78007736943897,94.07458100558658,97.7,89.17,"[[2.362033020192878, 2.397597765363128, 2.283240223463687], [4.54, 2.532, 3.1100000000000003], [9.144692737430168, 6.409999999999999, 0.8]]",3.468798882681564,179,10,0.93,0.94,0.86
chaina_d123t,/home/achen918/catalytic_binders/251211_paper_revision_1/computational_SSM/af3_complex/output/chaina_d123t/seed-1_sample-3/model.pdb,95.55733075435204,93.94670391061452,97.72,87.87,"[[2.4413220561156015, 2.4695530726256982, 2.417877094972067], [4.604860335195531, 2.5640000000000005, 3.29], [12.029050279329608, 7.87, 0.8]]",3.5372067039106145,179,10,0.93,0.94,0.86
chaina_d123v,/home/achen918/catalytic_binders/251211_paper_revision_1/computational_SSM/af3_complex/output/chaina_d123v/seed-1_sample-0/model.pdb,91.24183107672472,92.89703910614524,95.387,84.17,"[[3.7996816578758468, 3.3251396648044693, 3.4290502793296094], [4.85703910614525, 2.718, 3.3], [10.703351955307262, 7.31, 0.8]]",4.091089385474859,179,10,0.9,0.94,0.82
chaina_d123v,/home/achen918/catalytic_binders/251211_paper_revision_1/computational_SSM/af3_complex/output/chaina_d123v/seed-1_sample-3/model.pdb,90.75003868471973,92.9404469273743,95.45,82.49,"[[4.086467338722262, 3.53, 3.6631284916201112], [4.852625698324022, 2.7280000000000006, 3.25], [11.494413407821229, 7.74, 0.8]]",4.191312849162011,179,10,0.89,0.94,0.83
chaina_d123v,/home/achen918/catalytic_binders/251211_paper_revision_1/computational_SSM/af3_complex/output/chaina_d123v/seed-1_sample-4/model.pdb,94.4775435203097,93.69698324022347,97.11999999999999,87.62,"[[2.559121126057239, 2.331508379888268, 2.2932960893854744], [3.882011173184358, 2.3430000000000004, 2.74], [6.739664804469275, 4.87, 0.8]]",3.106759776536313,179,10,0.93,0.95,0.79
chaina_d123v,/home/achen918/catalytic_binders/251211_paper_revision_1/computational_SSM/af3_complex/output/chaina_d123v/seed-1_sample-1/model.pdb,91.10590586718241,93.0982122905028,95.216,82.22,"[[3.911029618301551, 3.340111731843575, 3.441340782122905], [4.61022346368715, 2.568, 3.13], [11.224581005586593, 7.4799999999999995, 0.8]]",3.9751675977653624,179,10,0.9,0.94,0.82
chaina_d123v,/home/achen918/catalytic_binders/251211_paper_revision_1/computational_SSM/af3_complex/output/chaina_d123v/seed-1_sample-2/model.pdb,90.6329529335911,93.03854748603352,95.508,82.11,"[[4.10774320401985, 3.544916201117318, 3.6692737430167597], [4.850391061452514, 2.7119999999999997, 3.2199999999999998], [11.235195530726259, 7.6, 0.8]]",4.197653631284917,179,10,0.89,0.94,0.84
chaina_d123w,/home/achen918/catalytic_binders/251211_paper_revision_1/computational_SSM/af3_complex/output/chaina_d123w/seed-1_sample-0/model.pdb,90.32006418485251,92.72368715083799,95.18199999999999,83.14,"[[4.0110514653100715, 3.4980446927374307, 3.5351955307262566], [5.003687150837988, 2.633, 3.2399999999999998], [11.544692737430168, 7.839999999999999, 0.8]]",4.250865921787709,179,10,0.89,0.94,0.82
chaina_d123w,/home/achen918/catalytic_binders/251211_paper_revision_1/computational_SSM/af3_complex/output/chaina_d123w/seed-1_sample-4/model.pdb,93.32709884467268,93.00469273743016,96.453,86.66,"[[2.883539839580538, 2.623128491620112, 2.494413407821229], [4.283072625698323, 2.4280000000000004, 2.9699999999999998], [8.008938547486032, 5.66, 0.8]]",3.4531005586592176,179,10,0.92,0.94,0.81
chaina_d123w,/home/achen918/catalytic_binders/251211_paper_revision_1/computational_SSM/af3_complex/output/chaina_d123w/seed-1_sample-3/model.pdb,91.11900513478821,93.22871508379889,95.684,84.53,"[[3.7129115820355167, 3.218379888268156, 3.2631284916201113], [4.494469273743017, 2.4330000000000003, 3.0300000000000002], [10.886592178770949, 7.290000000000001, 0.8]]",3.8564245810055864,179,10,0.9,0.94,0.82
chaina_d123w,/home/achen918/catalytic_binders/251211_paper_revision_1/computational_SSM/af3_complex/output/chaina_d123w/seed-1_sample-1/model.pdb,93.14079589216948,93.55798882681565,96.22,84.98,"[[2.8960488124590364, 2.644916201117318, 2.5843575418994416], [4.419608938547486, 2.5230000000000006, 3.0699999999999994], [11.552513966480445, 7.58, 0.8]]",3.532262569832402,179,10,0.92,0.94,0.81
chaina_d123w,/home/achen918/catalytic_binders/251211_paper_revision_1/computational_SSM/af3_complex/output/chaina_d123w/seed-1_sample-2/model.pdb,90.46548138639278,93.12061452513967,95.676,82.78,"[[3.9135420242813894, 3.40513966480447, 3.4798882681564245], [4.635698324022346, 2.5090000000000003, 3.0999999999999996], [11.817877094972067, 7.910000000000001, 0.8]]",4.020418994413408,179,10,0.89,0.94,0.83
chaina_d123y,/home/achen918/catalytic_binders/251211_paper_revision_1/computational_SSM/af3_complex/output/chaina_d123y/seed-1_sample-3/model.pdb,94.58580976863739,93.90921787709497,97.497,86.11,"[[2.5439249711307386, 2.4337430167597764, 2.423463687150838], [3.9993296089385475, 2.2950000000000004, 2.9], [11.543016759776535, 7.58, 0.8]]",3.216536312849162,179,10,0.93,0.95,0.82
chaina_d123y,/home/achen918/catalytic_binders/251211_paper_revision_1/computational_SSM/af3_complex/output/chaina_d123y/seed-1_sample-4/model.pdb,95.5305784061697,94.06223463687151,97.769,89.38,"[[2.196401485596579, 2.0956424581005586, 2.058659217877095], [3.643519553072626, 2.1710000000000003, 2.56], [6.648603351955308, 4.710000000000001, 0.8]]",2.8695810055865922,179,10,0.94,0.95,0.8
chaina_d123y,/home/achen918/catalytic_binders/251211_paper_revision_1/computational_SSM/af3_complex/output/chaina_d123y/seed-1_sample-0/model.pdb,95.39309125964027,94.30156424581006,97.67299999999999,87.39,"[[2.2446053493960862, 2.1731843575418996, 2.172625698324022], [3.731508379888268, 2.2070000000000003, 2.7800000000000002], [10.635754189944134, 7.210000000000001, 0.8]]",2.9523463687150837,179,10,0.94,0.95,0.81
chaina_d123y,/home/achen918/catalytic_binders/251211_paper_revision_1/computational_SSM/af3_complex/output/chaina_d123y/seed-1_sample-2/model.pdb,95.26152956298205,94.48446927374302,97.714,86.64,"[[2.2601572984613463, 2.175754189944134, 2.2050279329608937], [3.7083798882681562, 2.1940000000000004, 2.74], [11.217877094972067, 7.4, 0.8]]",2.942067039106145,179,10,0.94,0.95,0.81
chaina_d123y,/home/achen918/catalytic_binders/251211_paper_revision_1/computational_SSM/af3_complex/output/chaina_d123y/seed-1_sample-1/model.pdb,95.23585475578417,94.51843575418994,97.651,85.95,"[[2.299179176679879, 2.1813966480446925, 2.2502793296089383], [3.633184357541899, 2.14, 2.73], [11.7731843575419, 7.67, 0.8]]",2.9072905027932956,179,10,0.94,0.95,0.81
chaina_e160a,/home/achen918/catalytic_binders/251211_paper_revision_1/computational_SSM/af3_complex/output/chaina_e160a/seed-1_sample-1/model.pdb,95.19706718346256,94.49519553072625,97.332,84.77,"[[2.543784526075965, 2.491731843575419, 2.5324022346368715], [4.761731843575419, 2.6540000000000004, 3.4300000000000006], [11.810614525139666, 7.760000000000001, 0.8]]",3.626731843575419,179,10,0.92,0.93,0.86
chaina_e160a,/home/achen918/catalytic_binders/251211_paper_revision_1/computational_SSM/af3_complex/output/chaina_e160a/seed-1_sample-2/model.pdb,95.55133074935415,94.75240223463688,97.735,87.95,"[[2.424855653693705, 2.3912290502793296, 2.357541899441341], [4.57586592178771, 2.559, 3.2900000000000005], [9.42122905027933, 6.709999999999999, 0.8]]",3.48354748603352,179,10,0.93,0.94,0.86
chaina_e160a,/home/achen918/catalytic_binders/251211_paper_revision_1/computational_SSM/af3_complex/output/chaina_e160a/seed-1_sample-0/model.pdb,94.92287467700253,94.38575418994412,97.365,84.48,"[[2.582678443244593, 2.760446927374302, 2.6860335195530727], [5.345977653631285, 2.8140000000000005, 3.9300000000000006], [12.769832402234638, 8.459999999999999, 0.8]]",4.053212290502794,179,10,0.92,0.92,0.94
chaina_e160a,/home/achen918/catalytic_binders/251211_paper_revision_1/computational_SSM/af3_complex/output/chaina_e160a/seed-1_sample-4/model.pdb,95.69877260981913,94.49536312849163,97.77099999999999,87.23,"[[2.4301551137604944, 2.3622346368715084, 2.3608938547486034], [4.45536312849162, 2.51, 3.22], [9.646368715083797, 6.75, 0.8]]",3.4087988826815643,179,10,0.93,0.94,0.85
chaina_e160a,/home/achen918/catalytic_binders/251211_paper_revision_1/computational_SSM/af3_complex/output/chaina_e160a/seed-1_sample-3/model.pdb,95.49415374676984,94.46167597765363,97.83099999999999,86.63,"[[2.4676633063886895, 2.4387150837988822, 2.511173184357542], [4.584525139664804, 2.5870000000000006, 3.34], [11.304469273743019, 7.38, 0.8]]",3.511620111731843,179,10,0.93,0.94,0.85
chaina_e160d,/home/achen918/catalytic_binders/251211_paper_revision_1/computational_SSM/af3_complex/output/chaina_e160d/seed-1_sample-2/model.pdb,95.16590586718263,94.08620111731844,97.285,88.88,"[[2.5164851284292, 2.7550837988826817, 2.3670391061452514], [5.783519553072626, 2.983, 3.6], [11.424581005586592, 7.709999999999999, 0.8]]",4.269301675977654,179,10,0.92,0.93,0.96
chaina_e160d,/home/achen918/catalytic_binders/251211_paper_revision_1/computational_SSM/af3_complex/output/chaina_e160d/seed-1_sample-1/model.pdb,94.97574468085095,94.0427932960894,97.17999999999999,88.63,"[[2.619556193626916, 2.8471508379888264, 2.4553072625698324], [5.647206703910615, 2.948, 3.78], [11.992178770949723, 8.040000000000001, 0.8]]",4.247178770949721,179,10,0.92,0.93,0.96
chaina_e160d,/home/achen918/catalytic_binders/251211_paper_revision_1/computational_SSM/af3_complex/output/chaina_e160d/seed-1_sample-4/model.pdb,95.32132172791758,93.79972067039107,97.36,86.82,"[[2.5284916201117316, 2.792067039106145, 2.4346368715083795], [5.562458100558659, 2.881, 3.7300000000000004], [13.073743016759776, 8.59, 0.8]]",4.1772625698324015,179,10,0.92,0.93,0.96
chaina_e160d,/home/achen918/catalytic_binders/251211_paper_revision_1/computational_SSM/af3_complex/output/chaina_e160d/seed-1_sample-3/model.pdb,95.2484977433915,93.95000000000002,97.53099999999999,89.06,"[[2.512917824037951, 2.7643575418994417, 2.3608938547486034], [5.430055865921787, 2.8890000000000002, 3.56], [11.170391061452515, 7.51, 0.8]]",4.097206703910614,179,10,0.92,0.93,0.96
chaina_e160d,/home/achen918/catalytic_binders/251211_paper_revision_1/computational_SSM/af3_complex/output/chaina_e160d/seed-1_sample-0/model.pdb,94.912417794971,93.82860335195531,97.101,89.11,"[[2.592971505258887, 2.932234636871508, 2.4], [5.693631284916202, 2.9290000000000003, 3.7600000000000002], [10.816759776536314, 7.590000000000001, 0.8]]",4.312932960893855,179,10,0.92,0.92,1.0
chaina_e160f,/home/achen918/catalytic_binders/251211_paper_revision_1/computational_SSM/af3_complex/output/chaina_e160f/seed-1_sample-0/model.pdb,94.87600386100394,94.36162011173184,97.41,88.21,"[[2.5510127648949785, 2.564022346368715, 2.422905027932961], [5.2257541899441335, 2.8110000000000004, 3.6399999999999992], [9.008938547486032, 6.5200000000000005, 0.8]]",3.894888268156424,179,10,0.92,0.93,0.89
chaina_e160f,/home/achen918/catalytic_binders/251211_paper_revision_1/computational_SSM/af3_complex/output/chaina_e160f/seed-1_sample-3/model.pdb,95.33665379665382,94.14882681564245,97.687,87.68,"[[2.5015417746012925, 2.461675977653631, 2.4189944134078214], [4.848826815642458, 2.744999999999999, 3.31], [10.373184357541898, 6.890000000000001, 0.8]]",3.655251396648045,179,10,0.92,0.93,0.86
chaina_e160f,/home/achen918/catalytic_binders/251211_paper_revision_1/computational_SSM/af3_complex/output/chaina_e160f/seed-1_sample-4/model.pdb,95.69668597168607,94.47642458100557,97.764,88.37,"[[2.384972379139228, 2.3292178770949716, 2.332960893854749], [4.696201117318436, 2.6069999999999998, 3.25], [9.52122905027933, 6.56, 0.8]]",3.512709497206704,179,10,0.93,0.94,0.84
chaina_e160f,/home/achen918/catalytic_binders/251211_paper_revision_1/computational_SSM/af3_complex/output/chaina_e160f/seed-1_sample-1/model.pdb,95.09682754182758,94.47296089385475,97.38699999999999,86.9,"[[2.5164195874036395, 2.4472625698324024, 2.435754189944134], [4.933128491620112, 2.7800000000000007, 3.3300000000000005], [10.195530726256983, 6.730000000000001, 0.8]]",3.690195530726257,179,10,0.92,0.93,0.85
chaina_e160f,/home/achen918/catalytic_binders/251211_paper_revision_1/computational_SSM/af3_complex/output/chaina_e160f/seed-1_sample-2/model.pdb,95.45415701415698,94.78402234636872,97.655,88.11,"[[2.4588121469367374, 2.4549162011173187, 2.3793296089385474], [4.926927374301677, 2.73, 3.4300000000000006], [9.913966480446927, 7.0299999999999985, 0.8]]",3.690921787709498,179,10,0.92,0.93,0.87
chaina_e160g,/home/achen918/catalytic_binders/251211_paper_revision_1/computational_SSM/af3_complex/output/chaina_e160g/seed-1_sample-1/model.pdb,95.58201680672273,94.5750279329609,97.563,85.66,"[[2.39954433382229, 2.4048044692737434, 2.375418994413408], [4.77754189944134, 2.6620000000000004, 3.37], [10.59385474860335, 7.010000000000001, 0.8]]",3.591173184357542,179,10,0.93,0.94,0.85
chaina_e160g,/home/achen918/catalytic_binders/251211_paper_revision_1/computational_SSM/af3_complex/output/chaina_e160g/seed-1_sample-2/model.pdb,95.8521396250809,94.78793296089385,97.84299999999999,88.27,"[[2.305492962142255, 2.284078212290503, 2.2189944134078217], [4.431899441340782, 2.494, 3.2399999999999998], [8.735195530726257, 6.269999999999999, 0.8]]",3.3579888268156424,179,10,0.93,0.94,0.85
chaina_e160g,/home/achen918/catalytic_binders/251211_paper_revision_1/computational_SSM/af3_complex/output/chaina_e160g/seed-1_sample-0/model.pdb,95.55791208791213,94.65145251396649,97.67300000000002,88.5,"[[2.3194781685964854, 2.340055865921788, 2.216201117318436], [4.533240223463687, 2.527, 3.38], [8.295530726256985, 6.08, 0.8]]",3.4366480446927374,179,10,0.93,0.94,0.86
chaina_e160g,/home/achen918/catalytic_binders/251211_paper_revision_1/computational_SSM/af3_complex/output/chaina_e160g/seed-1_sample-3/model.pdb,95.74986425339347,94.16759776536313,97.838,87.27,"[[2.377372741175369, 2.39, 2.3430167597765363], [4.45608938547486, 2.512, 3.16], [9.472625698324022, 6.610000000000001, 0.8]]",3.42304469273743,179,10,0.93,0.94,0.86
chaina_e160g,/home/achen918/catalytic_binders/251211_paper_revision_1/computational_SSM/af3_complex/output/chaina_e160g/seed-1_sample-4/model.pdb,95.78313510019399,94.22709497206705,97.74,87.21,"[[2.361596080022471, 2.356648044692738, 2.3201117318435753], [4.647262569832402, 2.5850000000000004, 3.35], [9.66312849162011, 6.840000000000001, 0.8]]",3.5019553072625698,179,10,0.93,0.94,0.85
chaina_e160h,/home/achen918/catalytic_binders/251211_paper_revision_1/computational_SSM/af3_complex/output/chaina_e160h/seed-1_sample-4/model.pdb,95.67239536381206,94.51284916201116,97.652,87.43,"[[2.3535844698979433, 2.366703910614525, 2.3262569832402233], [4.868715083798882, 2.6590000000000003, 3.4299999999999997], [10.43854748603352, 7.329999999999998, 0.8]]",3.617709497206704,179,10,0.93,0.93,0.86
chaina_e160h,/home/achen918/catalytic_binders/251211_paper_revision_1/computational_SSM/af3_complex/output/chaina_e160h/seed-1_sample-3/model.pdb,95.5559111397296,94.46351955307262,97.744,87.08,"[[2.371511500889485, 2.3667597765363126, 2.35195530726257], [4.7592737430167595, 2.6820000000000004, 3.29], [10.125698324022347, 6.7299999999999995, 0.8]]",3.563016759776536,179,10,0.93,0.94,0.85
chaina_e160h,/home/achen918/catalytic_binders/251211_paper_revision_1/computational_SSM/af3_complex/output/chaina_e160h/seed-1_sample-0/model.pdb,94.75806825499042,94.10709497206703,97.10600000000001,86.49,"[[2.592628195124996, 2.7377653631284917, 2.5245810055865925], [5.495530726256983, 2.883, 3.8600000000000003], [10.562011173184358, 7.43, 0.8]]",4.116648044692737,179,10,0.92,0.92,0.93
chaina_e160h,/home/achen918/catalytic_binders/251211_paper_revision_1/computational_SSM/af3_complex/output/chaina_e160h/seed-1_sample-2/model.pdb,95.39700579523507,94.81290502793297,97.46900000000001,87.73,"[[2.410224399987516, 2.4327374301675975, 2.335754189944134], [5.047932960893855, 2.747, 3.46], [9.91340782122905, 7.0, 0.8]]",3.740335195530726,179,10,0.93,0.93,0.86
chaina_e160h,/home/achen918/catalytic_binders/251211_paper_revision_1/computational_SSM/af3_complex/output/chaina_e160h/seed-1_sample-1/model.pdb,94.95785576303928,94.48418994413407,97.208,85.76,"[[2.535448331824849, 2.4989385474860337, 2.4558659217877095], [5.00268156424581, 2.762, 3.4], [10.286033519553072, 6.760000000000001, 0.8]]",3.750810055865922,179,10,0.92,0.93,0.87
chaina_e160i,/home/achen918/catalytic_binders/251211_paper_revision_1/computational_SSM/af3_complex/output/chaina_e160i/seed-1_sample-1/model.pdb,95.40660219213424,94.52363128491619,97.46799999999999,86.23,"[[2.4302986798164854, 2.470614525139665, 2.409497206703911], [4.9661452513966475, 2.708, 3.4799999999999995], [10.992737430167598, 7.19, 0.8]]",3.7183798882681565,179,10,0.93,0.93,0.87
chaina_e160i,/home/achen918/catalytic_binders/251211_paper_revision_1/computational_SSM/af3_complex/output/chaina_e160i/seed-1_sample-2/model.pdb,95.42613797549983,94.52212290502793,97.639,85.73,"[[2.4140881994943983, 2.518324022346368, 2.51340782122905], [5.280558659217878, 2.832000000000001, 3.63], [12.6391061452514, 8.1, 0.8]]",3.899441340782123,179,10,0.93,0.93,0.89
chaina_e160i,/home/achen918/catalytic_binders/251211_paper_revision_1/computational_SSM/af3_complex/output/chaina_e160i/seed-1_sample-0/model.pdb,95.15934880722106,94.33888268156427,97.558,86.03,"[[2.4368028463531104, 2.707094972067039, 2.476536312849162], [5.407094972067039, 2.852, 3.75], [11.251396648044691, 7.37, 0.8]]",4.0570949720670395,179,10,0.93,0.92,0.94
chaina_e160i,/home/achen918/catalytic_binders/251211_paper_revision_1/computational_SSM/af3_complex/output/chaina_e160i/seed-1_sample-4/model.pdb,95.7942940038684,94.3063687150838,97.88000000000001,87.8,"[[2.324034830373584, 2.338994413407821, 2.3027932960893853], [4.759217877094972, 2.6079999999999997, 3.31], [9.225139664804468, 6.390000000000001, 0.8]]",3.549106145251397,179,10,0.93,0.93,0.86
chaina_e160i,/home/achen918/catalytic_binders/251211_paper_revision_1/computational_SSM/af3_complex/output/chaina_e160i/seed-1_sample-3/model.pdb,95.68871695680242,94.28793296089385,97.86699999999999,85.79,"[[2.3667800630442244, 2.403016759776536, 2.4418994413407824], [4.714636871508381, 2.619, 3.37], [12.330726256983239, 7.68, 0.8]]",3.5588268156424583,179,10,0.93,0.93,0.87
chaina_e160k,/home/achen918/catalytic_binders/251211_paper_revision_1/computational_SSM/af3_complex/output/chaina_e160k/seed-1_sample-2/model.pdb,95.62358891752571,94.89720670391061,97.70399999999998,87.54,"[[2.339230985300084, 2.297653631284916, 2.2837988826815643], [4.611508379888268, 2.603, 3.3200000000000003], [9.395530726256982, 6.58, 0.8]]",3.4545810055865918,179,10,0.93,0.94,0.85
chaina_e160k,/home/achen918/catalytic_binders/251211_paper_revision_1/computational_SSM/af3_complex/output/chaina_e160k/seed-1_sample-1/model.pdb,95.32397551546384,94.60055865921788,97.409,85.33,"[[2.431603258325271, 2.394469273743017, 2.395530726256983], [4.89486033519553, 2.764, 3.3699999999999997], [10.287150837988827, 6.76, 0.8]]",3.644664804469274,179,10,0.93,0.93,0.85
chaina_e160k,/home/achen918/catalytic_binders/251211_paper_revision_1/computational_SSM/af3_complex/output/chaina_e160k/seed-1_sample-3/model.pdb,95.66110180412376,94.3335195530726,97.77799999999999,86.78,"[[2.365681470615774, 2.3325698324022346, 2.3324022346368714], [4.701117318435754, 2.6940000000000004, 3.2600000000000002], [9.639106145251397, 6.519999999999999, 0.8]]",3.5168435754189944,179,10,0.93,0.94,0.84
chaina_e160k,/home/achen918/catalytic_binders/251211_paper_revision_1/computational_SSM/af3_complex/output/chaina_e160k/seed-1_sample-4/model.pdb,95.7852835051546,94.45385474860336,97.69899999999998,86.63,"[[2.3060578633625664, 2.2726815642458105, 2.2793296089385473], [4.6638547486033515, 2.642, 3.3299999999999996], [9.71340782122905, 6.749999999999998, 0.8]]",3.468268156424581,179,10,0.93,0.94,0.84
chaina_e160k,/home/achen918/catalytic_binders/251211_paper_revision_1/computational_SSM/af3_complex/output/chaina_e160k/seed-1_sample-0/model.pdb,95.32845360824754,94.54229050279329,97.573,87.06,"[[2.3650916013857244, 2.4105027932960894, 2.321787709497207], [4.804692737430169, 2.6500000000000004, 3.53], [9.29050279329609, 6.58, 0.8]]",3.607597765363129,179,10,0.93,0.93,0.88
chaina_e160l,/home/achen918/catalytic_binders/251211_paper_revision_1/computational_SSM/af3_complex/output/chaina_e160l/seed-1_sample-3/model.pdb,95.44228239845268,94.29994413407823,97.765,87.47,"[[2.467270060235323, 2.4220111731843574, 2.376536312849162], [4.549106145251397, 2.57, 3.18], [9.48659217877095, 6.3100000000000005, 0.8]]",3.485558659217877,179,10,0.93,0.93,0.86
chaina_e160l,/home/achen918/catalytic_binders/251211_paper_revision_1/computational_SSM/af3_complex/output/chaina_e160l/seed-1_sample-4/model.pdb,95.60270793036757,94.41374301675978,97.756,87.93,"[[2.429431041478106, 2.4181005586592175, 2.372625698324023], [4.795195530726258, 2.616, 3.35], [9.643016759776536, 6.650000000000001, 0.8]]",3.606648044692738,179,10,0.93,0.93,0.86
chaina_e160l,/home/achen918/catalytic_binders/251211_paper_revision_1/computational_SSM/af3_complex/output/chaina_e160l/seed-1_sample-0/model.pdb,95.05827208252738,94.38039106145251,97.57499999999999,85.98,"[[2.489154520770263, 2.6415083798882684, 2.4972067039106145], [5.173128491620113, 2.75, 3.6100000000000003], [11.635195530726255, 7.589999999999999, 0.8]]",3.9073184357541906,179,10,0.92,0.93,0.91
chaina_e160l,/home/achen918/catalytic_binders/251211_paper_revision_1/computational_SSM/af3_complex/output/chaina_e160l/seed-1_sample-2/model.pdb,95.57872985170862,94.83737430167598,97.74199999999999,88.08,"[[2.3637246028525953, 2.3506145251396644, 2.301117318435754], [4.653966480446927, 2.58, 3.25], [9.76536312849162, 6.82, 0.8]]",3.502290502793296,179,10,0.93,0.93,0.86
chaina_e160l,/home/achen918/catalytic_binders/251211_paper_revision_1/computational_SSM/af3_complex/output/chaina_e160l/seed-1_sample-1/model.pdb,95.30241779497088,94.64357541899442,97.546,86.97,"[[2.4690240629193845, 2.448268156424581, 2.4033519553072624], [4.879608938547486, 2.6960000000000006, 3.3], [9.987709497206705, 6.590000000000001, 0.8]]",3.6639385474860333,179,10,0.93,0.93,0.86
chaina_e160m,/home/achen918/catalytic_binders/251211_paper_revision_1/computational_SSM/af3_complex/output/chaina_e160m/seed-1_sample-4/model.pdb,95.71114119922638,94.17648044692737,97.74499999999999,88.03,"[[2.4194095065697074, 2.5243016759776538, 2.3854748603351954], [5.327709497206704, 2.852, 3.5599999999999996], [9.777094972067038, 6.790000000000001, 0.8]]",3.926005586592179,179,10,0.93,0.93,0.89
chaina_e160m,/home/achen918/catalytic_binders/251211_paper_revision_1/computational_SSM/af3_complex/output/chaina_e160m/seed-1_sample-3/model.pdb,95.68825274016757,94.09441340782124,97.705,87.49,"[[2.4208420461283984, 2.5212290502793295, 2.3910614525139664], [5.177150837988827, 2.8749999999999996, 3.47], [10.205027932960895, 6.88, 0.8]]",3.8491899441340784,179,10,0.92,0.93,0.88
chaina_e160m,/home/achen918/catalytic_binders/251211_paper_revision_1/computational_SSM/af3_complex/output/chaina_e160m/seed-1_sample-0/model.pdb,95.24718246292723,94.36871508379886,97.416,86.0,"[[2.4076058799662934, 2.7168715083798887, 2.4497206703910615], [5.772625698324022, 2.963999999999999, 3.900000000000001], [11.831284916201115, 7.9, 0.8]]",4.2447486033519555,179,10,0.93,0.92,0.97
chaina_e160m,/home/achen918/catalytic_binders/251211_paper_revision_1/computational_SSM/af3_complex/output/chaina_e160m/seed-1_sample-2/model.pdb,95.57787878787873,94.54810055865921,97.603,87.86,"[[2.430570206922381, 2.558603351955307, 2.3854748603351954], [5.467150837988827, 2.951, 3.59], [10.311173184357543, 7.07, 0.8]]",4.012877094972067,179,10,0.92,0.93,0.9
chaina_e160m,/home/achen918/catalytic_binders/251211_paper_revision_1/computational_SSM/af3_complex/output/chaina_e160m/seed-1_sample-1/model.pdb,95.48050290135386,94.37888268156425,97.48000000000002,87.18,"[[2.4524234574451484, 2.5345810055865923, 2.4139664804469274], [5.390558659217876, 2.934000000000001, 3.5900000000000007], [10.328491620111732, 6.87, 0.8]]",3.9625698324022345,179,10,0.92,0.93,0.88
chaina_e160n,/home/achen918/catalytic_binders/251211_paper_revision_1/computational_SSM/af3_complex/output/chaina_e160n/seed-1_sample-1/model.pdb,94.8788330109609,93.99106145251397,96.90500000000002,87.2,"[[2.586810648856153, 3.097821229050279, 2.5407821229050276], [6.355810055865922, 3.134, 4.11], [12.957541899441342, 8.67, 0.8]]",4.7268156424581,179,10,0.92,0.91,1.11
chaina_e160n,/home/achen918/catalytic_binders/251211_paper_revision_1/computational_SSM/af3_complex/output/chaina_e160n/seed-1_sample-2/model.pdb,94.98147001934227,94.0281005586592,97.12500000000001,87.9,"[[2.570113292344184, 3.128156424581006, 2.484916201117318], [6.563463687150838, 3.199, 4.140000000000001], [12.268156424581006, 8.37, 0.8]]",4.845810055865922,179,10,0.92,0.91,1.13
chaina_e160n,/home/achen918/catalytic_binders/251211_paper_revision_1/computational_SSM/af3_complex/output/chaina_e160n/seed-1_sample-0/model.pdb,94.89070921985814,93.95206703910615,97.088,88.06,"[[2.5101994319777785, 3.066592178770949, 2.399441340782123], [6.195642458100559, 3.0010000000000003, 3.9799999999999995], [11.35418994413408, 7.92, 0.8]]",4.631117318435754,179,10,0.92,0.91,1.12
chaina_e160n,/home/achen918/catalytic_binders/251211_paper_revision_1/computational_SSM/af3_complex/output/chaina_e160n/seed-1_sample-3/model.pdb,95.32242424242435,93.89296089385473,97.482,88.64,"[[2.4985081614181834, 2.933743016759777, 2.411173184357542], [5.666871508379889, 2.9090000000000003, 3.7600000000000002], [11.72513966480447, 7.860000000000001, 0.8]]",4.300307262569833,179,10,0.92,0.92,1.04
chaina_e160n,/home/achen918/catalytic_binders/251211_paper_revision_1/computational_SSM/af3_complex/output/chaina_e160n/seed-1_sample-4/model.pdb,95.49925854287567,93.89067039106145,97.397,90.03,"[[2.438903280172279, 2.806815642458101, 2.35586592178771], [5.672625698324023, 2.9, 3.6099999999999994], [9.229608938547486, 6.83, 0.8]]",4.239720670391062,179,10,0.92,0.92,1.0
chaina_e160p,/home/achen918/catalytic_binders/251211_paper_revision_1/computational_SSM/af3_complex/output/chaina_e160p/seed-1_sample-1/model.pdb,95.4554387096773,94.97854748603352,97.885,85.13,"[[2.526110296183015, 2.3126815642458105, 2.565921787709497], [3.7709497206703912, 2.209, 2.98], [11.069832402234637, 7.1899999999999995, 0.8]]",3.0418156424581007,179,10,0.92,0.94,0.81
chaina_e160p,/home/achen918/catalytic_binders/251211_paper_revision_1/computational_SSM/af3_complex/output/chaina_e160p/seed-1_sample-2/model.pdb,95.67416129032264,95.06296089385475,97.90100000000001,85.42,"[[2.460956274772947, 2.2952513966480446, 2.4927374301675975], [3.9831284916201115, 2.324, 3.06], [10.891061452513966, 7.239999999999999, 0.8]]",3.139189944134078,179,10,0.92,0.94,0.83
chaina_e160p,/home/achen918/catalytic_binders/251211_paper_revision_1/computational_SSM/af3_complex/output/chaina_e160p/seed-1_sample-0/model.pdb,95.5486387096774,95.00474860335197,97.962,85.31,"[[2.478842732748666, 2.314413407821229, 2.497765363128492], [3.8933519553072626, 2.2529999999999997, 3.0300000000000002], [10.768715083798883, 7.17, 0.8]]",3.1038826815642455,179,10,0.92,0.94,0.82
chaina_e160p,/home/achen918/catalytic_binders/251211_paper_revision_1/computational_SSM/af3_complex/output/chaina_e160p/seed-1_sample-4/model.pdb,95.82381935483879,94.81843575418995,98.068,86.12,"[[2.476398988795605, 2.2763687150837995, 2.418435754189944], [3.818659217877095, 2.2479999999999998, 2.9499999999999997], [10.912290502793295, 7.109999999999999, 0.8]]",3.047513966480447,179,10,0.92,0.94,0.81
chaina_e160p,/home/achen918/catalytic_binders/251211_paper_revision_1/computational_SSM/af3_complex/output/chaina_e160p/seed-1_sample-3/model.pdb,95.40990322580652,94.4805027932961,97.91599999999998,85.42,"[[2.6450610155737957, 2.4410055865921785, 2.6519553072625697], [3.993184357541899, 2.3160000000000003, 3.0800000000000005], [11.14245810055866, 7.330000000000001, 0.8]]",3.2170949720670388,179,10,0.92,0.94,0.83
chaina_e160q,/home/achen918/catalytic_binders/251211_paper_revision_1/computational_SSM/af3_complex/output/chaina_e160q/seed-1_sample-1/model.pdb,95.29311855670112,94.23391061452516,97.356,87.37,"[[2.529599575543834, 2.5112290502793293, 2.4558659217877095], [4.925530726256984, 2.75, 3.4], [11.156983240223465, 7.2299999999999995, 0.8]]",3.7183798882681565,179,10,0.92,0.93,0.87
chaina_e160q,/home/achen918/catalytic_binders/251211_paper_revision_1/computational_SSM/af3_complex/output/chaina_e160q/seed-1_sample-2/model.pdb,95.37958762886598,94.35849162011175,97.527,87.52,"[[2.4648263162822635, 2.5181005586592176, 2.428491620111732], [5.113631284916202, 2.7929999999999997, 3.45], [11.973743016759778, 7.890000000000001, 0.8]]",3.81586592178771,179,10,0.92,0.93,0.87
chaina_e160q,/home/achen918/catalytic_binders/251211_paper_revision_1/computational_SSM/af3_complex/output/chaina_e160q/seed-1_sample-0/model.pdb,95.13746778350514,94.30905027932961,97.39699999999999,88.08,"[[2.481233419681034, 2.6103351955307263, 2.3642458100558654], [5.149385474860336, 2.773, 3.5200000000000005], [10.1463687150838, 6.950000000000001, 0.8]]",3.8798603351955308,179,10,0.92,0.93,0.91
chaina_e160q,/home/achen918/catalytic_binders/251211_paper_revision_1/computational_SSM/af3_complex/output/chaina_e160q/seed-1_sample-3/model.pdb,95.60927190721644,94.12396648044694,97.814,87.22,"[[2.4446927374301675, 2.4354748603351957, 2.4134078212290504], [4.627597765363129, 2.627, 3.29], [11.730167597765362, 7.57, 0.8]]",3.5315363128491626,179,10,0.93,0.93,0.86
chaina_e160q,/home/achen918/catalytic_binders/251211_paper_revision_1/computational_SSM/af3_complex/output/chaina_e160q/seed-1_sample-4/model.pdb,95.63907216494859,94.16391061452514,97.674,88.36,"[[2.4420367653943384, 2.424469273743017, 2.3569832402234634], [4.749720670391062, 2.658, 3.25], [9.699441340782123, 6.5200000000000005, 0.8]]",3.5870949720670393,179,10,0.93,0.94,0.86
chaina_e160r,/home/achen918/catalytic_binders/251211_paper_revision_1/computational_SSM/af3_complex/output/chaina_e160r/seed-1_sample-0/model.pdb,94.94769626769627,94.38357541899444,97.345,87.65,"[[2.5489248150806776, 2.608715083798883, 2.440782122905028], [5.358100558659218, 2.897, 3.7800000000000002], [8.903351955307262, 6.6, 0.8]]",3.9834078212290507,179,10,0.92,0.92,0.92
chaina_e160r,/home/achen918/catalytic_binders/251211_paper_revision_1/computational_SSM/af3_complex/output/chaina_e160r/seed-1_sample-4/model.pdb,95.76511583011579,94.61106145251397,97.75500000000001,88.5,"[[2.398520645423052, 2.3566480446927374, 2.324022346368715], [4.81340782122905, 2.694, 3.41], [9.33463687150838, 6.68, 0.8]]",3.5850279329608936,179,10,0.93,0.93,0.86
chaina_e160r,/home/achen918/catalytic_binders/251211_paper_revision_1/computational_SSM/af3_complex/output/chaina_e160r/seed-1_sample-3/model.pdb,95.37893822393815,94.1821787709497,97.61399999999999,86.91,"[[2.5076776629942885, 2.4850837988826817, 2.481005586592179], [4.987318435754189, 2.8179999999999996, 3.5300000000000002], [9.902793296089385, 6.9399999999999995, 0.8]]",3.7362011173184353,179,10,0.92,0.93,0.88
chaina_e160r,/home/achen918/catalytic_binders/251211_paper_revision_1/computational_SSM/af3_complex/output/chaina_e160r/seed-1_sample-1/model.pdb,95.20078507078485,94.59508379888267,97.373,86.65,"[[2.5176898348990355, 2.4762569832402233, 2.454748603351955], [5.019106145251397, 2.8089999999999997, 3.4799999999999995], [10.007821229050279, 6.87, 0.8]]",3.74768156424581,179,10,0.92,0.93,0.87
chaina_e160r,/home/achen918/catalytic_binders/251211_paper_revision_1/computational_SSM/af3_complex/output/chaina_e160r/seed-1_sample-2/model.pdb,95.50341698841716,94.82743016759777,97.58900000000001,88.03,"[[2.4387846821260264, 2.4089385474860334, 2.3625698324022344], [4.904636871508379, 2.714, 3.4500000000000006], [9.41340782122905, 6.76, 0.8]]",3.6567877094972063,179,10,0.93,0.93,0.87
chaina_e160s,/home/achen918/catalytic_binders/251211_paper_revision_1/computational_SSM/af3_complex/output/chaina_e160s/seed-1_sample-0/model.pdb,94.87721110393797,94.20139664804469,97.389,86.69,"[[2.54754533254268, 2.8722346368715086, 2.481005586592179], [5.571284916201116, 2.849, 3.8199999999999994], [11.115083798882681, 7.6, 0.8]]",4.221759776536312,179,10,0.92,0.92,0.99
chaina_e160s,/home/achen918/catalytic_binders/251211_paper_revision_1/computational_SSM/af3_complex/output/chaina_e160s/seed-1_sample-3/model.pdb,95.32523563589409,94.20329608938547,97.61499999999998,86.49,"[[2.4987640835179925, 2.674804469273743, 2.5217877094972065], [5.159720670391062, 2.753, 3.65], [12.272067039106144, 8.03, 0.8]]",3.9172625698324026,179,10,0.92,0.93,0.91
chaina_e160s,/home/achen918/catalytic_binders/251211_paper_revision_1/computational_SSM/af3_complex/output/chaina_e160s/seed-1_sample-4/model.pdb,95.57428018076187,94.34067039106145,97.67699999999999,87.64,"[[2.4515651821104214, 2.541564245810056, 2.4100558659217874], [5.055474860335195, 2.713, 3.4799999999999995], [10.112290502793295, 6.970000000000001, 0.8]]",3.7985195530726257,179,10,0.92,0.93,0.89
chaina_e160s,/home/achen918/catalytic_binders/251211_paper_revision_1/computational_SSM/af3_complex/output/chaina_e160s/seed-1_sample-1/model.pdb,95.08783731439648,94.18581005586593,97.235,84.43,"[[2.5526918635498266, 2.7121787709497207, 2.606145251396648], [5.346368715083799, 2.8380000000000005, 3.839999999999999], [13.645251396648044, 8.83, 0.8]]",4.02927374301676,179,10,0.92,0.93,0.91
chaina_e160s,/home/achen918/catalytic_binders/251211_paper_revision_1/computational_SSM/af3_complex/output/chaina_e160s/seed-1_sample-2/model.pdb,95.38918657198167,94.63743016759776,97.569,85.69,"[[2.4332074529509065, 2.6401117318435756, 2.4916201117318435], [5.377039106145252, 2.8059999999999996, 3.78], [12.789385474860337, 8.4, 0.8]]",4.008575418994414,179,10,0.92,0.93,0.92
chaina_e160t,/home/achen918/catalytic_binders/251211_paper_revision_1/computational_SSM/af3_complex/output/chaina_e160t/seed-1_sample-0/model.pdb,95.24861935483867,94.40877094972066,97.49900000000001,86.73,"[[2.3951686901157894, 2.689441340782123, 2.3653631284916203], [5.51122905027933, 2.843, 3.749999999999999], [10.884357541899442, 7.35, 0.8]]",4.100335195530727,179,10,0.93,0.93,0.95
chaina_e160t,/home/achen918/catalytic_binders/251211_paper_revision_1/computational_SSM/af3_complex/output/chaina_e160t/seed-1_sample-3/model.pdb,95.58889032258092,94.16122905027933,97.75699999999999,85.12,"[[2.433407197028807, 2.6313407821229053, 2.5268156424581005], [5.096536312849161, 2.7590000000000003, 3.65], [13.254748603351953, 8.46, 0.8]]",3.8639385474860335,179,10,0.92,0.93,0.92
chaina_e160t,/home/achen918/catalytic_binders/251211_paper_revision_1/computational_SSM/af3_complex/output/chaina_e160t/seed-1_sample-4/model.pdb,95.66865806451635,94.30921787709497,97.66999999999999,87.61,"[[2.408470397303455, 2.5564245810055866, 2.364804469273743], [5.2809497206703915, 2.8259999999999996, 3.56], [9.71508379888268, 6.769999999999999, 0.8]]",3.918687150837989,179,10,0.93,0.93,0.9
chaina_e160t,/home/achen918/catalytic_binders/251211_paper_revision_1/computational_SSM/af3_complex/output/chaina_e160t/seed-1_sample-1/model.pdb,95.43845161290331,94.42039106145252,97.477,87.04,"[[2.415164944914328, 2.5287709497206703, 2.359217877094972], [5.196480446927374, 2.8209999999999997, 3.4899999999999998], [10.137988826815642, 6.8, 0.8]]",3.862625698324022,179,10,0.93,0.93,0.89
chaina_e160t,/home/achen918/catalytic_binders/251211_paper_revision_1/computational_SSM/af3_complex/output/chaina_e160t/seed-1_sample-2/model.pdb,95.48685161290334,94.55469273743017,97.541,87.81,"[[2.396691738709778, 2.5986033519553073, 2.3262569832402233], [5.348938547486033, 2.8340000000000005, 3.62], [9.894972067039106, 7.139999999999999, 0.8]]",3.97377094972067,179,10,0.93,0.93,0.93
chaina_e160v,/home/achen918/catalytic_binders/251211_paper_revision_1/computational_SSM/af3_complex/output/chaina_e160v/seed-1_sample-2/model.pdb,95.52056129032252,94.51558659217878,97.501,87.39,"[[2.4179738460097995, 2.5386033519553073, 2.38268156424581], [5.386927374301677, 2.869999999999999, 3.650000000000001], [10.0463687150838, 7.010000000000001, 0.8]]",3.962765363128492,179,10,0.93,0.93,0.89
chaina_e160v,/home/achen918/catalytic_binders/251211_paper_revision_1/computational_SSM/af3_complex/output/chaina_e160v/seed-1_sample-1/model.pdb,95.57749677419356,94.4809497206704,97.583,86.74,"[[2.377581848256921, 2.4324581005586596, 2.363687150837989], [5.030167597765363, 2.7480000000000007, 3.4699999999999998], [10.644692737430168, 7.08, 0.8]]",3.7313128491620113,179,10,0.93,0.93,0.87
chaina_e160v,/home/achen918/catalytic_binders/251211_paper_revision_1/computational_SSM/af3_complex/output/chaina_e160v/seed-1_sample-3/model.pdb,95.7856322580647,94.19324022346369,97.88799999999999,85.49,"[[2.3680066165225804, 2.4635195530726257, 2.4709497206703914], [4.847932960893855, 2.7060000000000004, 3.46], [12.633519553072624, 7.840000000000001, 0.8]]",3.6557262569832405,179,10,0.93,0.93,0.88
chaina_e160v,/home/achen918/catalytic_binders/251211_paper_revision_1/computational_SSM/af3_complex/output/chaina_e160v/seed-1_sample-4/model.pdb,95.8407935483873,94.31988826815643,97.89700000000002,87.62,"[[2.3468992852907213, 2.413463687150838, 2.3240223463687153], [4.879162011173185, 2.656, 3.3699999999999997], [9.47877094972067, 6.57, 0.8]]",3.646312849162012,179,10,0.93,0.93,0.87
chaina_e160v,/home/achen918/catalytic_binders/251211_paper_revision_1/computational_SSM/af3_complex/output/chaina_e160v/seed-1_sample-0/model.pdb,95.4049935483873,94.47329608938549,97.604,87.36,"[[2.343597266002934, 2.5854748603351956, 2.33463687150838], [5.354525139664806, 2.7999999999999994, 3.6100000000000003], [10.445251396648045, 6.999999999999998, 0.8]]",3.9700000000000006,179,10,0.93,0.93,0.92
chaina_e160w,/home/achen918/catalytic_binders/251211_paper_revision_1/computational_SSM/af3_complex/output/chaina_e160w/seed-1_sample-0/model.pdb,95.09046885035319,94.49776536312848,97.487,86.37,"[[2.50375456446428, 2.500949720670391, 2.488826815642458], [5.358826815642459, 2.935, 3.66], [12.048603351955306, 7.919999999999999, 0.8]]",3.929888268156425,179,10,0.92,0.93,0.88
chaina_e160w,/home/achen918/catalytic_binders/251211_paper_revision_1/computational_SSM/af3_complex/output/chaina_e160w/seed-1_sample-4/model.pdb,95.73969813744374,94.3221787709497,97.84400000000001,89.5,"[[2.417898941980587, 2.3225698324022344, 2.3039106145251393], [4.5421229050279335, 2.602, 3.2], [8.65977653631285, 6.33, 0.8]]",3.432346368715084,179,10,0.93,0.94,0.84
chaina_e160w,/home/achen918/catalytic_binders/251211_paper_revision_1/computational_SSM/af3_complex/output/chaina_e160w/seed-1_sample-3/model.pdb,95.50345536287747,94.37944134078214,97.80499999999999,87.48,"[[2.4414219281545515, 2.384525139664805, 2.43463687150838], [4.870335195530726, 2.7560000000000002, 3.35], [11.231284916201117, 7.279999999999999, 0.8]]",3.6274301675977654,179,10,0.93,0.94,0.85
chaina_e160w,/home/achen918/catalytic_binders/251211_paper_revision_1/computational_SSM/af3_complex/output/chaina_e160w/seed-1_sample-1/model.pdb,95.27956968529227,94.56167597765364,97.501,88.17,"[[2.499903248962267, 2.410055865921788, 2.395530726256983], [4.747486033519553, 2.6919999999999993, 3.16], [9.881005586592178, 6.7, 0.8]]",3.5787709497206706,179,10,0.93,0.94,0.84
chaina_e160w,/home/achen918/catalytic_binders/251211_paper_revision_1/computational_SSM/af3_complex/output/chaina_e160w/seed-1_sample-2/model.pdb,95.15859987154802,94.46703910614524,97.47600000000001,86.14,"[[2.5464092880996225, 2.5622905027932963, 2.5648044692737435], [5.373575418994414, 2.989, 3.66], [12.430167597765363, 8.08, 0.8]]",3.9679329608938554,179,10,0.92,0.93,0.88
chaina_e160y,/home/achen918/catalytic_binders/251211_paper_revision_1/computational_SSM/af3_complex/output/chaina_e160y/seed-1_sample-2/model.pdb,95.29846302250787,94.58944134078212,97.575,87.99,"[[2.466536624949284, 2.4330167597765366, 2.3793296089385474], [4.909664804469275, 2.7140000000000004, 3.38], [9.846368715083798, 6.959999999999999, 0.8]]",3.671340782122906,179,10,0.92,0.93,0.86
chaina_e160y,/home/achen918/catalytic_binders/251211_paper_revision_1/computational_SSM/af3_complex/output/chaina_e160y/seed-1_sample-1/model.pdb,95.07308038585218,94.44167597765365,97.316,86.81,"[[2.4976030710651975, 2.42245810055866, 2.416201117318436], [4.879776536312849, 2.745, 3.2700000000000005], [10.017877094972068, 6.57, 0.8]]",3.6511173184357544,179,10,0.92,0.94,0.85
chaina_e160y,/home/achen918/catalytic_binders/251211_paper_revision_1/computational_SSM/af3_complex/output/chaina_e160y/seed-1_sample-3/model.pdb,95.42711897106119,94.14033519553072,97.672,88.03,"[[2.449399207265691, 2.3868156424581004, 2.370391061452514], [4.720893854748603, 2.7179999999999995, 3.2699999999999996], [10.205027932960894, 6.7700000000000005, 0.8]]",3.5538547486033516,179,10,0.93,0.94,0.84
chaina_e160y,/home/achen918/catalytic_binders/251211_paper_revision_1/computational_SSM/af3_complex/output/chaina_e160y/seed-1_sample-4/model.pdb,95.38940192926056,94.1031843575419,97.518,87.33,"[[2.4981055522611655, 2.4503351955307267, 2.410614525139665], [4.814078212290503, 2.6719999999999997, 3.3200000000000003], [9.978770949720671, 6.779999999999999, 0.8]]",3.6322067039106147,179,10,0.92,0.94,0.85
chaina_e160y,/home/achen918/catalytic_binders/251211_paper_revision_1/computational_SSM/af3_complex/output/chaina_e160y/seed-1_sample-0/model.pdb,94.91753054662382,94.41,97.38000000000001,87.98,"[[2.5159327112137575, 2.487821229050279, 2.391620111731843], [5.01513966480447, 2.727, 3.45], [9.613407821229051, 6.7299999999999995, 0.8]]",3.751480446927374,179,10,0.92,0.93,0.87
chaina_f32a,/home/achen918/catalytic_binders/251211_paper_revision_1/computational_SSM/af3_complex/output/chaina_f32a/seed-1_sample-4/model.pdb,94.30682406209567,93.87664804469273,96.283,86.64,"[[2.329736899597391, 6.132290502793297, 2.3418994413407823], [13.445139664804469, 5.175, 7.489999999999999], [11.431284916201118, 8.5, 0.8]]",9.788715083798882,179,10,0.91,0.71,3.17
chaina_f32a,/home/achen918/catalytic_binders/251211_paper_revision_1/computational_SSM/af3_complex/output/chaina_f32a/seed-1_sample-3/model.pdb,94.1250129366106,94.1291620111732,96.567,83.49,"[[2.325308198870198, 6.195586592178771, 2.3849162011173184], [13.827765363128492, 5.34, 7.610000000000001], [13.892737430167596, 8.97, 0.8]]",10.011675977653631,179,10,0.91,0.7,3.43
chaina_f32a,/home/achen918/catalytic_binders/251211_paper_revision_1/computational_SSM/af3_complex/output/chaina_f32a/seed-1_sample-0/model.pdb,94.02886804657173,93.93648044692738,95.85499999999999,83.45,"[[2.269504697106832, 5.708826815642458, 2.2675977653631283], [13.441173184357543, 5.229, 8.0], [13.582681564245812, 9.02, 0.8]]",9.575000000000001,179,10,0.91,0.72,3.01
chaina_f32a,/home/achen918/catalytic_binders/251211_paper_revision_1/computational_SSM/af3_complex/output/chaina_f32a/seed-1_sample-2/model.pdb,94.72161060802078,94.54698324022347,96.559,83.8,"[[2.140931930963453, 5.3037430167597766, 2.244692737430168], [12.446648044692738, 5.0489999999999995, 6.9799999999999995], [13.878770949720671, 8.61, 0.8]]",8.875195530726257,179,10,0.92,0.75,2.88
chaina_f32a,/home/achen918/catalytic_binders/251211_paper_revision_1/computational_SSM/af3_complex/output/chaina_f32a/seed-1_sample-1/model.pdb,94.8930853816302,94.67849162011174,96.58599999999998,87.85,"[[2.109634530757467, 5.1486592178770945, 2.0877094972067036], [12.036033519553072, 4.895, 6.58], [10.149162011173184, 7.7, 0.8]]",8.592346368715084,179,10,0.92,0.76,2.78
chaina_f32d,/home/achen918/catalytic_binders/251211_paper_revision_1/computational_SSM/af3_complex/output/chaina_f32d/seed-1_sample-2/model.pdb,94.37717236927045,94.34474860335195,96.69200000000001,84.65,"[[2.1389719421990576, 4.870167597765363, 2.1804469273743017], [11.464134078212291, 4.881, 7.010000000000001], [12.200558659217876, 8.790000000000001, 0.8]]",8.167150837988828,179,10,0.92,0.76,2.6
chaina_f32d,/home/achen918/catalytic_binders/251211_paper_revision_1/computational_SSM/af3_complex/output/chaina_f32d/seed-1_sample-1/model.pdb,94.76246610716599,94.5008938547486,96.92599999999999,86.5,"[[2.063581036796604, 4.330279329608939, 2.066480446927374], [10.540055865921786, 4.604, 6.37], [10.768156424581006, 8.0, 0.8]]",7.435167597765362,179,10,0.93,0.79,2.37
chaina_f32d,/home/achen918/catalytic_binders/251211_paper_revision_1/computational_SSM/af3_complex/output/chaina_f32d/seed-1_sample-4/model.pdb,93.88453195610069,94.04256983240222,96.303,85.1,"[[2.1894572578883302, 4.456033519553072, 2.2860335195530728], [11.704301675977655, 5.038, 6.319999999999999], [10.958100558659218, 7.26, 0.8]]",8.080167597765364,179,10,0.92,0.77,2.78
chaina_f32d,/home/achen918/catalytic_binders/251211_paper_revision_1/computational_SSM/af3_complex/output/chaina_f32d/seed-1_sample-3/model.pdb,94.01990961910911,93.878156424581,96.588,84.31,"[[2.2197340906962952, 4.997709497206705, 2.258659217877095], [12.123407821229051, 5.1129999999999995, 7.12], [12.16368715083799, 8.639999999999999, 0.8]]",8.560558659217879,179,10,0.92,0.75,2.67
chaina_f32d,/home/achen918/catalytic_binders/251211_paper_revision_1/computational_SSM/af3_complex/output/chaina_f32d/seed-1_sample-0/model.pdb,94.42950936087793,94.48329608938549,96.77700000000002,84.98,"[[2.049580225336288, 4.323798882681564, 2.0458100558659216], [11.075474860335197, 4.813, 6.970000000000001], [11.087150837988828, 8.01, 0.8]]",7.69963687150838,179,10,0.93,0.78,2.28
chaina_f32e,/home/achen918/catalytic_binders/251211_paper_revision_1/computational_SSM/af3_complex/output/chaina_f32e/seed-1_sample-4/model.pdb,93.19430322580641,93.17251396648045,95.56899999999999,82.6,"[[2.325130301800818, 7.200558659217877, 2.417877094972067], [14.313798882681565, 5.380999999999999, 8.27], [13.077653631284914, 9.47, 0.8]]",10.757178770949722,179,10,0.91,0.66,3.89
chaina_f32e,/home/achen918/catalytic_binders/251211_paper_revision_1/computational_SSM/af3_complex/output/chaina_f32e/seed-1_sample-3/model.pdb,93.06056774193553,93.54899441340783,95.249,80.59,"[[2.32329515308511, 7.724245810055866, 2.587709497206704], [15.128044692737431, 5.6869999999999985, 8.809999999999999], [14.832402234636872, 10.209999999999999, 0.8]]",11.426145251396647,179,10,0.91,0.63,4.14
chaina_f32e,/home/achen918/catalytic_binders/251211_paper_revision_1/computational_SSM/af3_complex/output/chaina_f32e/seed-1_sample-0/model.pdb,93.42540000000012,93.46201117318437,95.298,81.61,"[[2.243222745856871, 6.733966480446927, 2.3731843575418994], [13.768379888268157, 5.242999999999999, 8.16], [14.318994413407824, 9.78, 0.8]]",10.251173184357542,179,10,0.91,0.68,3.81
chaina_f32e,/home/achen918/catalytic_binders/251211_paper_revision_1/computational_SSM/af3_complex/output/chaina_f32e/seed-1_sample-2/model.pdb,93.89145806451629,93.71251396648046,96.174,82.46,"[[2.2624325083486783, 6.4337430167597764, 2.393854748603352], [13.04832402234637, 5.160999999999999, 7.580000000000001], [14.494413407821229, 9.51, 0.8]]",9.741033519553072,179,10,0.92,0.7,3.36
chaina_f32e,/home/achen918/catalytic_binders/251211_paper_revision_1/computational_SSM/af3_complex/output/chaina_f32e/seed-1_sample-1/model.pdb,93.34020645161306,93.59072625698323,95.526,80.19,"[[2.2525888705096597, 7.699329608938547, 2.557541899441341], [14.800111731843574, 5.630999999999999, 8.6], [14.94469273743017, 10.18, 0.8]]",11.24972067039106,179,10,0.91,0.63,4.11
chaina_f32g,/home/achen918/catalytic_binders/251211_paper_revision_1/computational_SSM/af3_complex/output/chaina_f32g/seed-1_sample-2/model.pdb,94.34435598705518,94.53463687150838,96.25399999999999,81.94,"[[2.0493929652632565, 5.837039106145251, 2.35195530726257], [12.939385474860336, 5.015999999999999, 7.209999999999999], [13.51508379888268, 8.940000000000001, 0.8]]",9.388212290502793,179,10,0.92,0.72,3.37
chaina_f32g,/home/achen918/catalytic_binders/251211_paper_revision_1/computational_SSM/af3_complex/output/chaina_f32g/seed-1_sample-1/model.pdb,94.5693721682849,94.91491620111732,96.667,85.86,"[[1.9984488623950563, 5.8073184357541905, 2.101117318435754], [12.865810055865921, 5.072, 7.140000000000001], [10.545810055865923, 8.26, 0.8]]",9.336564245810056,179,10,0.92,0.72,3.51
chaina_f32g,/home/achen918/catalytic_binders/251211_paper_revision_1/computational_SSM/af3_complex/output/chaina_f32g/seed-1_sample-3/model.pdb,93.8817799352753,94.32558659217878,96.512,82.21,"[[2.2950781810804908, 6.389553072625698, 2.4670391061452515], [13.901731843575421, 5.399, 7.57], [13.883798882681564, 8.92, 0.8]]",10.145642458100559,179,10,0.91,0.69,3.39
chaina_f32g,/home/achen918/catalytic_binders/251211_paper_revision_1/computational_SSM/af3_complex/output/chaina_f32g/seed-1_sample-4/model.pdb,93.99548220064713,94.02402234636872,96.406,84.82,"[[2.2362910021534907, 6.794245810055866, 2.3659217877094973], [14.091173184357542, 5.373000000000001, 7.88], [11.776536312849162, 8.929999999999998, 0.8]]",10.442709497206703,179,10,0.91,0.68,3.8
chaina_f32g,/home/achen918/catalytic_binders/251211_paper_revision_1/computational_SSM/af3_complex/output/chaina_f32g/seed-1_sample-0/model.pdb,93.77276375404547,93.95932960893856,96.123,82.34,"[[2.2842170968446673, 6.7192737430167595, 2.387709497206704], [14.466089385474861, 5.432, 8.4], [13.886592178770949, 9.73, 0.8]]",10.59268156424581,179,10,0.91,0.67,3.79
chaina_f32h,/home/achen918/catalytic_binders/251211_paper_revision_1/computational_SSM/af3_complex/output/chaina_f32h/seed-1_sample-4/model.pdb,95.3825274016762,94.03972067039106,97.494,87.94,"[[2.434458974439, 3.5264245810055868, 2.422346368715084], [7.088268156424581, 3.2439999999999998, 4.449999999999999], [10.248044692737428, 7.3, 0.8]]",5.307346368715084,179,10,0.92,0.87,1.73
chaina_f32h,/home/achen918/catalytic_binders/251211_paper_revision_1/computational_SSM/af3_complex/output/chaina_f32h/seed-1_sample-3/model.pdb,95.07561573178587,94.14078212290504,97.48400000000001,86.23,"[[2.5230267469804315, 3.8299441340782123, 2.6201117318435756], [7.6475418994413396, 3.39, 5.029999999999999], [13.145251396648044, 8.36, 0.8]]",5.738743016759776,179,10,0.92,0.86,1.76
chaina_f32h,/home/achen918/catalytic_binders/251211_paper_revision_1/computational_SSM/af3_complex/output/chaina_f32h/seed-1_sample-0/model.pdb,94.49410702772403,93.87675977653633,97.024,85.29,"[[2.5834430885428046, 4.350446927374302, 2.6743016759776532], [8.347206703910615, 3.475, 5.37], [12.710614525139663, 8.489999999999998, 0.8]]",6.348826815642458,179,10,0.92,0.84,2.08
chaina_f32h,/home/achen918/catalytic_binders/251211_paper_revision_1/computational_SSM/af3_complex/output/chaina_f32h/seed-1_sample-2/model.pdb,95.02847195357839,94.3727932960894,97.35499999999999,85.45,"[[2.534746106550981, 4.0450279329608945, 2.670391061452514], [8.176871508379888, 3.471, 5.3], [13.531843575418993, 8.71, 0.8]]",6.110949720670391,179,10,0.92,0.85,1.94
chaina_f32h,/home/achen918/catalytic_binders/251211_paper_revision_1/computational_SSM/af3_complex/output/chaina_f32h/seed-1_sample-1/model.pdb,95.06640876853663,94.29016759776538,97.321,84.98,"[[2.5067413626291315, 3.7263128491620114, 2.629608938547486], [7.363687150837989, 3.3099999999999996, 5.08], [14.05530726256983, 8.85, 0.8]]",5.545,179,10,0.92,0.87,1.79
chaina_f32i,/home/achen918/catalytic_binders/251211_paper_revision_1/computational_SSM/af3_complex/output/chaina_f32i/seed-1_sample-4/model.pdb,95.25434473854096,93.92603351955309,97.34,88.34,"[[2.483767672669392, 3.7556424581005587, 2.4955307262569835], [7.723240223463686, 3.3310000000000004, 4.76], [10.640782122905028, 7.5, 0.8]]",5.739441340782123,179,10,0.92,0.86,1.84
chaina_f32i,/home/achen918/catalytic_binders/251211_paper_revision_1/computational_SSM/af3_complex/output/chaina_f32i/seed-1_sample-3/model.pdb,95.09675919948356,94.04100558659218,97.377,86.7,"[[2.4941106707031615, 3.888826815642458, 2.5374301675977655], [8.078100558659218, 3.4240000000000004, 5.15], [13.01899441340782, 8.26, 0.8]]",5.983463687150838,179,10,0.92,0.85,1.87
chaina_f32i,/home/achen918/catalytic_binders/251211_paper_revision_1/computational_SSM/af3_complex/output/chaina_f32i/seed-1_sample-0/model.pdb,94.87226597805055,94.15307262569833,97.2,86.25,"[[2.4844449299335225, 3.877988826815643, 2.495530726256983], [8.08340782122905, 3.407, 5.22], [12.55586592178771, 8.309999999999999, 0.8]]",5.980698324022347,179,10,0.92,0.85,1.82
chaina_f32i,/home/achen918/catalytic_binders/251211_paper_revision_1/computational_SSM/af3_complex/output/chaina_f32i/seed-1_sample-2/model.pdb,94.7901872175596,93.71916201117318,97.11499999999998,86.13,"[[2.556334071970288, 4.2181564245810055, 2.6016759776536316], [8.803463687150838, 3.571, 5.51], [13.102793296089386, 8.61, 0.8]]",6.510810055865922,179,10,0.92,0.84,1.96
chaina_f32i,/home/achen918/catalytic_binders/251211_paper_revision_1/computational_SSM/af3_complex/output/chaina_f32i/seed-1_sample-1/model.pdb,95.09727566171746,94.2941340782123,97.273,85.95,"[[2.454146250117037, 3.695027932960894, 2.5256983240223465], [7.699162011173184, 3.3480000000000003, 5.22], [13.665363128491622, 8.66, 0.8]]",5.697094972067039,179,10,0.92,0.86,1.77
chaina_f32k,/home/achen918/catalytic_binders/251211_paper_revision_1/computational_SSM/af3_complex/output/chaina_f32k/seed-1_sample-2/model.pdb,92.93803225806452,93.13508379888269,93.133,79.84,"[[2.6762398177335283, 8.814525139664804, 2.8798882681564244], [14.621508379888269, 4.486000000000001, 9.360000000000001], [15.226815642458103, 10.989999999999998, 0.8]]",11.718016759776535,179,10,0.89,0.63,4.32
chaina_f32k,/home/achen918/catalytic_binders/251211_paper_revision_1/computational_SSM/af3_complex/output/chaina_f32k/seed-1_sample-1/model.pdb,93.69380000000015,93.46670391061453,93.469,86.02,"[[2.58885802565463, 7.021843575418996, 2.4949720670391065], [13.215977653631285, 4.288, 6.58], [11.208938547486033, 8.33, 0.8]]",10.11891061452514,179,10,0.9,0.7,3.23
chaina_f32k,/home/achen918/catalytic_binders/251211_paper_revision_1/computational_SSM/af3_complex/output/chaina_f32k/seed-1_sample-3/model.pdb,92.6292451612903,92.90083798882682,92.822,79.07,"[[2.7701101713429663, 9.761731843575419, 3.0351955307262566], [15.636424581005587, 4.713, 9.75], [15.398324022346369, 11.09, 0.8]]",12.699078212290502,179,10,0.89,0.6,4.78
chaina_f32k,/home/achen918/catalytic_binders/251211_paper_revision_1/computational_SSM/af3_complex/output/chaina_f32k/seed-1_sample-4/model.pdb,93.42486451612903,93.02363128491618,93.52099999999999,85.4,"[[2.6745919290908526, 7.156368715083799, 2.574860335195531], [13.510111731843574, 4.341, 6.93], [11.505586592178771, 8.43, 0.8]]",10.333240223463687,179,10,0.9,0.69,3.41
chaina_f32k,/home/achen918/catalytic_binders/251211_paper_revision_1/computational_SSM/af3_complex/output/chaina_f32k/seed-1_sample-0/model.pdb,92.01020000000017,92.56111731843576,91.746,78.51,"[[2.8074841609188224, 9.92994413407821, 3.003910614525139], [15.96173184357542, 4.707000000000001, 9.97], [14.955307262569832, 11.22, 0.8]]",12.945837988826815,179,10,0.89,0.58,5.06
chaina_f32l,/home/achen918/catalytic_binders/251211_paper_revision_1/computational_SSM/af3_complex/output/chaina_f32l/seed-1_sample-0/model.pdb,94.9412717882505,94.2782122905028,97.235,86.58,"[[2.424786991666927, 3.9741340782122903, 2.479329608938547], [8.042849162011173, 3.3919999999999995, 5.17], [12.471508379888268, 8.359999999999998, 0.8]]",6.008491620111732,179,10,0.92,0.85,1.87
chaina_f32l,/home/achen918/catalytic_binders/251211_paper_revision_1/computational_SSM/af3_complex/output/chaina_f32l/seed-1_sample-4/model.pdb,95.48995480955475,94.09955307262571,97.547,88.94,"[[2.364857526294435, 3.7308938547486035, 2.399441340782123], [7.709441340782122, 3.34, 4.72], [10.039664804469274, 7.389999999999999, 0.8]]",5.7201675977653625,179,10,0.93,0.86,1.85
chaina_f32l,/home/achen918/catalytic_binders/251211_paper_revision_1/computational_SSM/af3_complex/output/chaina_f32l/seed-1_sample-3/model.pdb,95.07002582311199,94.11519553072627,97.332,86.28,"[[2.485946131518991, 4.320055865921788, 2.5899441340782126], [8.63413407821229, 3.563999999999999, 5.55], [13.327932960893854, 8.629999999999999, 0.8]]",6.4770949720670385,179,10,0.92,0.84,2.01
chaina_f32l,/home/achen918/catalytic_binders/251211_paper_revision_1/computational_SSM/af3_complex/output/chaina_f32l/seed-1_sample-1/model.pdb,95.23577792123967,94.3498882681564,97.386,86.3,"[[2.4599419493773604, 3.834581005586592, 2.5486033519553075], [7.770111731843575, 3.347, 5.3], [13.668715083798881, 8.709999999999999, 0.8]]",5.802346368715083,179,10,0.92,0.86,1.84
chaina_f32l,/home/achen918/catalytic_binders/251211_paper_revision_1/computational_SSM/af3_complex/output/chaina_f32l/seed-1_sample-2/model.pdb,95.07714009038104,94.31122905027932,97.34599999999999,86.39,"[[2.5105208951031495, 4.165474860335196, 2.5826815642458096], [8.421284916201119, 3.455, 5.43], [13.190502793296089, 8.69, 0.8]]",6.2933798882681575,179,10,0.92,0.85,2.01
chaina_f32m,/home/achen918/catalytic_binders/251211_paper_revision_1/computational_SSM/af3_complex/output/chaina_f32m/seed-1_sample-1/model.pdb,93.72318269851516,93.83558659217877,94.94300000000001,82.18,"[[2.311550825504822, 7.261675977653632, 2.4346368715083795], [13.079664804469273, 4.148, 7.2], [14.263128491620114, 8.72, 0.8]]",10.170670391061453,179,10,0.91,0.7,2.51
chaina_f32m,/home/achen918/catalytic_binders/251211_paper_revision_1/computational_SSM/af3_complex/output/chaina_f32m/seed-1_sample-2/model.pdb,94.44719819238223,94.08513966480446,96.583,84.41,"[[2.409309946630879, 5.828938547486034, 2.444692737430168], [10.836424581005584, 3.8899999999999992, 7.010000000000001], [13.52905027932961, 9.419999999999998, 0.8]]",8.33268156424581,179,10,0.92,0.77,2.49
chaina_f32m,/home/achen918/catalytic_binders/251211_paper_revision_1/computational_SSM/af3_complex/output/chaina_f32m/seed-1_sample-0/model.pdb,94.52045836023248,94.40837988826814,96.425,84.4,"[[2.2601978714771698, 5.414804469273743, 2.2575418994413408], [10.570391061452513, 3.8739999999999997, 6.760000000000001], [12.55195530726257, 8.799999999999999, 0.8]]",7.9925977653631275,179,10,0.92,0.78,2.4
chaina_f32m,/home/achen918/catalytic_binders/251211_paper_revision_1/computational_SSM/af3_complex/output/chaina_f32m/seed-1_sample-3/model.pdb,94.23177533892844,93.78994413407823,96.33399999999999,83.22,"[[2.4266221403826345, 6.31949720670391, 2.498324022346369], [11.806592178770952, 4.184, 7.609999999999999], [13.681564245810057, 9.580000000000002, 0.8]]",9.063044692737432,179,10,0.91,0.74,2.57
chaina_f32m,/home/achen918/catalytic_binders/251211_paper_revision_1/computational_SSM/af3_complex/output/chaina_f32m/seed-1_sample-4/model.pdb,94.68031633311838,94.14301675977653,96.50200000000001,88.35,"[[2.297581224056677, 5.749385474860336, 2.3000000000000003], [10.964804469273743, 4.0169999999999995, 6.899999999999999], [9.860335195530727, 8.15, 0.8]]",8.357094972067038,179,10,0.92,0.77,2.39
chaina_f32n,/home/achen918/catalytic_binders/251211_paper_revision_1/computational_SSM/af3_complex/output/chaina_f32n/seed-1_sample-2/model.pdb,94.82012911555837,94.07893854748603,96.612,84.61,"[[2.382999906369964, 5.281899441340783, 2.510055865921788], [10.196201117318436, 3.6979999999999995, 6.51], [13.92346368715084, 9.34, 0.8]]",7.739050279329609,179,10,0.92,0.79,2.52
chaina_f32n,/home/achen918/catalytic_binders/251211_paper_revision_1/computational_SSM/af3_complex/output/chaina_f32n/seed-1_sample-1/model.pdb,94.32148482892191,94.31614525139666,94.68700000000001,83.26,"[[2.307262569832402, 6.820893854748604, 2.4508379888268155], [12.679664804469272, 3.92, 6.83], [14.35754189944134, 8.4, 0.8]]",9.750279329608938,179,10,0.91,0.72,2.65
chaina_f32n,/home/achen918/catalytic_binders/251211_paper_revision_1/computational_SSM/af3_complex/output/chaina_f32n/seed-1_sample-3/model.pdb,94.65981923821819,94.01860335195529,96.512,84.24,"[[2.407443587902999, 5.689608938547487, 2.5284916201117316], [11.041005586592176, 3.93, 6.980000000000001], [13.843575418994414, 9.149999999999999, 0.8]]",8.365307262569832,179,10,0.91,0.77,2.6
chaina_f32n,/home/achen918/catalytic_binders/251211_paper_revision_1/computational_SSM/af3_complex/output/chaina_f32n/seed-1_sample-4/model.pdb,94.61055519690126,93.68882681564246,96.33000000000001,82.7,"[[2.422677194844106, 6.0928491620111735, 2.688826815642458], [11.369329608938548, 3.8510000000000004, 7.2700000000000005], [15.31173184357542, 10.05, 0.8]]",8.73108938547486,179,10,0.91,0.75,2.72
chaina_f32n,/home/achen918/catalytic_binders/251211_paper_revision_1/computational_SSM/af3_complex/output/chaina_f32n/seed-1_sample-0/model.pdb,94.4879599741768,93.9509497206704,96.18799999999999,84.06,"[[2.3626790674448364, 5.974581005586592, 2.463128491620112], [10.982458100558661, 3.7620000000000005, 6.95], [13.575977653631282, 9.309999999999999, 0.8]]",8.478519553072626,179,10,0.92,0.76,2.75
chaina_f32p,/home/achen918/catalytic_binders/251211_paper_revision_1/computational_SSM/af3_complex/output/chaina_f32p/seed-1_sample-0/model.pdb,94.15425064599492,93.73882681564245,94.94800000000001,83.79,"[[2.396101869479729, 4.766368715083798, 2.4290502793296085], [11.971340782122905, 5.2269999999999985, 6.95], [14.672067039106146, 8.959999999999999, 0.8]]",8.36885474860335,179,10,0.91,0.75,3.13
chaina_f32p,/home/achen918/catalytic_binders/251211_paper_revision_1/computational_SSM/af3_complex/output/chaina_f32p/seed-1_sample-3/model.pdb,93.72743540051678,93.78787709497206,94.439,84.2,"[[2.4054118161106084, 6.120614525139665, 2.443016759776537], [14.674692737430165, 5.76, 9.4], [11.563687150837989, 8.43, 0.8]]",10.397653631284914,179,10,0.91,0.69,3.59
chaina_f32p,/home/achen918/catalytic_binders/251211_paper_revision_1/computational_SSM/af3_complex/output/chaina_f32p/seed-1_sample-4/model.pdb,92.86470284237714,93.29134078212292,92.961,83.65,"[[2.56478574326644, 7.828491620111732, 2.563128491620112], [16.80050279329609, 6.531999999999999, 10.4], [10.418435754189945, 8.899999999999999, 0.8]]",12.314497206703912,179,10,0.9,0.6,4.68
chaina_f32p,/home/achen918/catalytic_binders/251211_paper_revision_1/computational_SSM/af3_complex/output/chaina_f32p/seed-1_sample-1/model.pdb,93.64479974160206,93.58798882681565,93.92800000000001,83.4,"[[2.386245747635842, 5.33782122905028, 2.5106145251396645], [14.073798882681563, 5.840999999999999, 8.610000000000001], [13.158659217877096, 8.549999999999999, 0.8]]",9.705810055865921,179,10,0.91,0.71,3.89
chaina_f32p,/home/achen918/catalytic_binders/251211_paper_revision_1/computational_SSM/af3_complex/output/chaina_f32p/seed-1_sample-2/model.pdb,93.21757751937966,93.59614525139665,93.13699999999999,82.7,"[[2.4528010985924285, 6.940782122905028, 2.5558659217877095], [15.779720670391061, 6.079999999999999, 9.95], [13.359217877094974, 9.209999999999999, 0.8]]",11.360251396648044,179,10,0.9,0.65,4.05
chaina_f32q,/home/achen918/catalytic_binders/251211_paper_revision_1/computational_SSM/af3_complex/output/chaina_f32q/seed-1_sample-1/model.pdb,94.88699999999997,94.6622905027933,95.55499999999999,85.37,"[[2.2486439249711307, 5.807541899441341, 2.389385474860335], [11.371564245810054, 3.725999999999999, 5.85], [12.330167597765366, 7.42, 0.8]]",8.589553072625698,179,10,0.92,0.77,2.21
chaina_f32q,/home/achen918/catalytic_binders/251211_paper_revision_1/computational_SSM/af3_complex/output/chaina_f32q/seed-1_sample-2/model.pdb,94.86184516129026,94.2459217877095,96.99300000000001,84.98,"[[2.4350956586873065, 4.800223463687152, 2.5206703910614525], [9.652905027932961, 3.662, 6.169999999999999], [13.689944134078212, 9.14, 0.8]]",7.2265642458100565,179,10,0.92,0.82,2.3
chaina_f32q,/home/achen918/catalytic_binders/251211_paper_revision_1/computational_SSM/af3_complex/output/chaina_f32q/seed-1_sample-0/model.pdb,94.48502580645173,93.85212290502793,96.60499999999999,84.5,"[[2.443400642926251, 5.282458100558659, 2.529050279329609], [10.466480446927374, 3.7810000000000006, 6.470000000000001], [13.441899441340782, 9.07, 0.8]]",7.874469273743017,179,10,0.92,0.79,2.43
chaina_f32q,/home/achen918/catalytic_binders/251211_paper_revision_1/computational_SSM/af3_complex/output/chaina_f32q/seed-1_sample-3/model.pdb,94.78882580645167,94.10782122905027,96.905,84.93,"[[2.442327018507537, 5.1560893854748615, 2.5368715083798885], [10.280111731843576, 3.857000000000001, 6.43], [13.572625698324023, 8.83, 0.8]]",7.718100558659218,179,10,0.92,0.8,2.42
chaina_f32q,/home/achen918/catalytic_binders/251211_paper_revision_1/computational_SSM/af3_complex/output/chaina_f32q/seed-1_sample-4/model.pdb,95.11277419354825,93.89005586592178,97.11,87.52,"[[2.3667207640210983, 4.594916201117318, 2.4229050279329614], [9.300279329608939, 3.5700000000000007, 5.55], [11.620111731843576, 8.120000000000001, 0.8]]",6.9475977653631285,179,10,0.92,0.82,2.23
chaina_f32r,/home/achen918/catalytic_binders/251211_paper_revision_1/computational_SSM/af3_complex/output/chaina_f32r/seed-1_sample-1/model.pdb,94.09128221649482,94.11491620111731,95.11599999999999,86.73,"[[2.406794419649824, 6.656759776536312, 2.3150837988826813], [12.932849162011173, 4.534000000000001, 6.93], [10.487150837988827, 8.4, 0.8]]",9.794804469273743,179,10,0.91,0.71,3.04
chaina_f32r,/home/achen918/catalytic_binders/251211_paper_revision_1/computational_SSM/af3_complex/output/chaina_f32r/seed-1_sample-2/model.pdb,94.36848582474222,94.58256983240223,95.411,81.7,"[[2.3017758496925813, 7.306256983240224, 2.4675977653631285], [12.636983240223465, 4.359, 7.989999999999999], [14.631284916201118, 10.170000000000002, 0.8]]",9.971620111731845,179,10,0.91,0.7,3.34
chaina_f32r,/home/achen918/catalytic_binders/251211_paper_revision_1/computational_SSM/af3_complex/output/chaina_f32r/seed-1_sample-0/model.pdb,94.15375644329873,94.32960893854748,95.614,83.98,"[[2.352907212633813, 6.071340782122904, 2.3173184357541903], [12.627374301675978, 4.566000000000001, 7.260000000000001], [13.445810055865923, 8.74, 0.8]]",9.34935754189944,179,10,0.91,0.73,2.78
chaina_f32r,/home/achen918/catalytic_binders/251211_paper_revision_1/computational_SSM/af3_complex/output/chaina_f32r/seed-1_sample-3/model.pdb,93.85031572164934,94.17692737430168,95.127,81.46,"[[2.475256702350114, 7.748268156424581, 2.587150837988827], [13.466703910614527, 4.596, 8.129999999999999], [14.459217877094972, 10.05, 0.8]]",10.607486033519553,179,10,0.9,0.67,3.75
chaina_f32r,/home/achen918/catalytic_binders/251211_paper_revision_1/computational_SSM/af3_complex/output/chaina_f32r/seed-1_sample-4/model.pdb,94.3710051546392,94.51351955307261,95.442,85.98,"[[2.3461408819949443, 7.493966480446928, 2.3033519553072628], [12.792513966480445, 4.398000000000001, 7.8], [10.73072625698324, 9.48, 0.8]]",10.143240223463687,179,10,0.91,0.7,3.49
chaina_f32s,/home/achen918/catalytic_binders/251211_paper_revision_1/computational_SSM/af3_complex/output/chaina_f32s/seed-1_sample-2/model.pdb,94.83607627666424,94.82223463687151,96.74600000000001,84.47,"[[2.0972722449361756, 5.015977653631284, 2.138547486033519], [11.824525139664805, 4.8389999999999995, 6.409999999999999], [12.652513966480448, 7.859999999999999, 0.8]]",8.420251396648045,179,10,0.92,0.76,2.74
chaina_f32s,/home/achen918/catalytic_binders/251211_paper_revision_1/computational_SSM/af3_complex/output/chaina_f32s/seed-1_sample-1/model.pdb,94.72479638009054,94.54955307262571,96.294,87.39,"[[2.1789426047876157, 5.383296089385475, 2.135754189944134], [12.077988826815641, 4.892, 6.639999999999999], [9.558100558659218, 7.6, 0.8]]",8.730642458100558,179,10,0.92,0.75,2.77
chaina_f32s,/home/achen918/catalytic_binders/251211_paper_revision_1/computational_SSM/af3_complex/output/chaina_f32s/seed-1_sample-3/model.pdb,94.05473820297367,94.13005586592178,96.23100000000001,85.72,"[[2.305536656159296, 6.198324022346369, 2.2748603351955308], [13.871564245810054, 5.528999999999999, 7.6800000000000015], [10.658100558659216, 8.209999999999999, 0.8]]",10.034944134078211,179,10,0.91,0.7,3.13
chaina_f32s,/home/achen918/catalytic_binders/251211_paper_revision_1/computational_SSM/af3_complex/output/chaina_f32s/seed-1_sample-4/model.pdb,94.34111829347131,94.01581005586593,96.147,86.32,"[[2.3288911082675323, 5.930558659217877, 2.3256983240223468], [13.027262569832402, 5.082, 7.32], [10.836312849162011, 8.24, 0.8]]",9.47891061452514,179,10,0.91,0.72,3.06
chaina_f32s,/home/achen918/catalytic_binders/251211_paper_revision_1/computational_SSM/af3_complex/output/chaina_f32s/seed-1_sample-0/model.pdb,94.28570135746595,94.29575418994415,95.99099999999999,84.28,"[[2.2769794950220033, 5.281061452513967, 2.2279329608938547], [12.43659217877095, 5.044, 7.290000000000001], [13.044692737430168, 8.55, 0.8]]",8.858826815642459,179,10,0.92,0.74,2.67
chaina_f32t,/home/achen918/catalytic_binders/251211_paper_revision_1/computational_SSM/af3_complex/output/chaina_f32t/seed-1_sample-0/model.pdb,94.17476098191209,94.19910614525139,96.21000000000001,84.41,"[[2.1900127961049902, 5.097988826815643, 2.2150837988826817], [11.820782122905028, 4.458, 6.909999999999999], [12.253072625698325, 8.239999999999998, 0.8]]",8.459385474860335,179,10,0.92,0.75,2.96
chaina_f32t,/home/achen918/catalytic_binders/251211_paper_revision_1/computational_SSM/af3_complex/output/chaina_f32t/seed-1_sample-3/model.pdb,93.24505167958677,93.51212290502792,95.613,85.05,"[[2.395674292312974, 7.325642458100559, 2.4804469273743015], [15.058435754189944, 5.438000000000001, 8.04], [11.122346368715084, 8.89, 0.8]]",11.192039106145252,179,10,0.91,0.65,3.95
chaina_f32t,/home/achen918/catalytic_binders/251211_paper_revision_1/computational_SSM/af3_complex/output/chaina_f32t/seed-1_sample-4/model.pdb,94.43580749354005,94.19581005586593,96.508,87.18,"[[2.1914983926843736, 5.345810055865922, 2.2089385474860332], [11.721564245810056, 4.425, 6.470000000000001], [10.03631284916201, 7.709999999999999, 0.8]]",8.533687150837988,179,10,0.92,0.75,2.98
chaina_f32t,/home/achen918/catalytic_binders/251211_paper_revision_1/computational_SSM/af3_complex/output/chaina_f32t/seed-1_sample-1/model.pdb,94.69560723514205,94.66100558659218,96.522,87.68,"[[2.0907711994007676, 4.988826815642458, 2.0865921787709496], [11.269385474860334, 4.461000000000001, 6.08], [9.362011173184356, 7.470000000000001, 0.8]]",8.129106145251395,179,10,0.92,0.77,2.82
chaina_f32t,/home/achen918/catalytic_binders/251211_paper_revision_1/computational_SSM/af3_complex/output/chaina_f32t/seed-1_sample-2/model.pdb,94.74116279069757,94.7872625698324,96.72900000000001,85.34,"[[2.0426266346243875, 4.867150837988827, 2.159776536312849], [10.936033519553073, 4.222, 6.25], [11.51564245810056, 7.69, 0.8]]",7.90159217877095,179,10,0.93,0.77,2.8
chaina_f32v,/home/achen918/catalytic_binders/251211_paper_revision_1/computational_SSM/af3_complex/output/chaina_f32v/seed-1_sample-4/model.pdb,93.6617894056849,93.1694972067039,95.441,81.77,"[[2.5802752723073565, 7.930893854748603, 2.7223463687150837], [14.394078212290504, 4.5489999999999995, 9.27], [14.99608938547486, 10.75, 0.8]]",11.162486033519553,179,10,0.9,0.66,3.58
chaina_f32v,/home/achen918/catalytic_binders/251211_paper_revision_1/computational_SSM/af3_complex/output/chaina_f32v/seed-1_sample-3/model.pdb,93.71940568475468,93.19899441340783,95.663,82.06,"[[2.6061452513966485, 7.466536312849162, 2.7027932960893857], [13.6704469273743, 4.5089999999999995, 8.82], [14.354748603351956, 10.500000000000002, 0.8]]",10.56849162011173,179,10,0.9,0.68,3.43
chaina_f32v,/home/achen918/catalytic_binders/251211_paper_revision_1/computational_SSM/af3_complex/output/chaina_f32v/seed-1_sample-0/model.pdb,93.70994186046505,93.75759776536313,95.5,82.92,"[[2.374345369994694, 6.9677094972067035, 2.392178770949721], [13.275083798882683, 4.394, 8.530000000000001], [13.105027932960894, 9.969999999999999, 0.8]]",10.121396648044694,179,10,0.91,0.7,3.29
chaina_f32v,/home/achen918/catalytic_binders/251211_paper_revision_1/computational_SSM/af3_complex/output/chaina_f32v/seed-1_sample-2/model.pdb,93.49372739018082,93.08692737430167,95.564,83.0,"[[2.6255547579663556, 7.648435754189944, 2.6508379888268156], [13.816648044692739, 4.486, 8.96], [13.896089385474863, 10.48, 0.8]]",10.732541899441342,179,10,0.9,0.68,3.42
chaina_f32v,/home/achen918/catalytic_binders/251211_paper_revision_1/computational_SSM/af3_complex/output/chaina_f32v/seed-1_sample-1/model.pdb,93.6779521963824,93.76810055865923,94.194,82.26,"[[2.4671077681720295, 7.409217877094972, 2.5843575418994416], [13.472569832402236, 4.27, 7.4], [14.382122905027934, 9.129999999999999, 0.8]]",10.440893854748603,179,10,0.91,0.69,2.81
chaina_f32w,/home/achen918/catalytic_binders/251211_paper_revision_1/computational_SSM/af3_complex/output/chaina_f32w/seed-1_sample-1/model.pdb,94.44359485530542,93.7140782122905,96.21000000000001,81.92,"[[2.384001747760682, 5.680782122905028, 2.7262569832402233], [10.872178770949722, 3.801, 7.279999999999999], [14.993854748603352, 10.07, 0.8]]",8.276480446927375,179,10,0.92,0.77,2.8
chaina_f32w,/home/achen918/catalytic_binders/251211_paper_revision_1/computational_SSM/af3_complex/output/chaina_f32w/seed-1_sample-2/model.pdb,94.4566495176848,93.70905027932962,96.616,82.69,"[[2.4569988452295495, 5.451899441340783, 2.723463687150838], [10.59949720670391, 3.7980000000000005, 7.05], [14.715642458100561, 9.8, 0.8]]",8.025698324022347,179,10,0.92,0.78,2.67
chaina_f32w,/home/achen918/catalytic_binders/251211_paper_revision_1/computational_SSM/af3_complex/output/chaina_f32w/seed-1_sample-0/model.pdb,94.16529260450164,93.65882681564246,96.303,81.52,"[[2.3964077275990143, 5.786368715083799, 2.6977653631284917], [11.038379888268157, 3.8420000000000005, 7.340000000000001], [14.535195530726257, 9.72, 0.8]]",8.412374301675978,179,10,0.92,0.76,2.74
chaina_f32w,/home/achen918/catalytic_binders/251211_paper_revision_1/computational_SSM/af3_complex/output/chaina_f32w/seed-1_sample-3/model.pdb,94.47644372990352,93.64999999999999,96.49499999999999,81.97,"[[2.4111450953465874, 5.486368715083799, 2.730167597765363], [10.721955307262572, 3.9, 7.029999999999999], [14.777653631284915, 9.709999999999999, 0.8]]",8.104162011173186,179,10,0.91,0.78,2.58
chaina_f32w,/home/achen918/catalytic_binders/251211_paper_revision_1/computational_SSM/af3_complex/output/chaina_f32w/seed-1_sample-4/model.pdb,94.86823794212214,93.8032402234637,96.85,88.02,"[[2.31096407727599, 4.563016759776537, 2.3642458100558663], [9.322513966480447, 3.5589999999999997, 5.9], [10.001117318435753, 7.69, 0.8]]",6.942765363128492,179,10,0.92,0.82,2.34
chaina_f32y,/home/achen918/catalytic_binders/251211_paper_revision_1/computational_SSM/af3_complex/output/chaina_f32y/seed-1_sample-1/model.pdb,95.4318802318093,93.89983240223464,97.457,86.9,"[[2.405006085952373, 2.7302234636871505, 2.405586592178771], [5.0010055865921785, 2.623, 3.6], [10.762569832402233, 7.159999999999999, 0.8]]",3.8656145251396645,179,10,0.93,0.92,1.0
chaina_f32y,/home/achen918/catalytic_binders/251211_paper_revision_1/computational_SSM/af3_complex/output/chaina_f32y/seed-1_sample-2/model.pdb,95.43549259497755,94.09748603351953,97.58400000000002,85.72,"[[2.42238382072969, 2.7901117318435755, 2.540782122905028], [5.291508379888268, 2.699, 3.7199999999999998], [12.683240223463686, 8.22, 0.8]]",4.040810055865922,179,10,0.93,0.92,1.01
chaina_f32y,/home/achen918/catalytic_binders/251211_paper_revision_1/computational_SSM/af3_complex/output/chaina_f32y/seed-1_sample-0/model.pdb,95.27759819703807,93.90575418994412,97.479,85.09,"[[2.4254330389188854, 2.9411173184357544, 2.5502793296089385], [5.545810055865922, 2.77, 3.9499999999999993], [12.608938547486032, 8.190000000000001, 0.8]]",4.243463687150838,179,10,0.92,0.91,1.07
chaina_f32y,/home/achen918/catalytic_binders/251211_paper_revision_1/computational_SSM/af3_complex/output/chaina_f32y/seed-1_sample-3/model.pdb,95.59316806181575,94.15111731843577,97.704,88.14,"[[2.2783464935551323, 2.5283240223463688, 2.2385474860335193], [4.781731843575419, 2.565, 3.28], [9.156983240223463, 6.319999999999999, 0.8]]",3.655027932960894,179,10,0.93,0.92,0.95
chaina_f32y,/home/achen918/catalytic_binders/251211_paper_revision_1/computational_SSM/af3_complex/output/chaina_f32y/seed-1_sample-4/model.pdb,95.60910495814556,94.02581005586592,97.602,87.65,"[[2.348188258793421, 2.677709497206704, 2.311173184357542], [5.023631284916201, 2.635, 3.4899999999999998], [9.42513966480447, 6.65, 0.8]]",3.8506703910614526,179,10,0.93,0.92,0.97
chaina_f48a,/home/achen918/catalytic_binders/251211_paper_revision_1/computational_SSM/af3_complex/output/chaina_f48a/seed-1_sample-4/model.pdb,95.43833117723182,93.80234636871508,97.662,89.24,"[[2.4797041290846105, 3.2370391061452515, 2.4424581005586594], [6.415810055865921, 3.0860000000000007, 4.11], [9.974301675977655, 7.0200000000000005, 0.8]]",4.826424581005586,179,10,0.92,0.89,1.38
chaina_f48a,/home/achen918/catalytic_binders/251211_paper_revision_1/computational_SSM/af3_complex/output/chaina_f48a/seed-1_sample-3/model.pdb,95.45654592496759,94.25631284916201,97.72500000000001,86.71,"[[2.415102524889985, 3.1260335195530726, 2.5178770949720675], [6.249106145251396, 3.068, 4.299999999999999], [13.615642458100558, 8.599999999999998, 0.8]]",4.687569832402234,179,10,0.92,0.9,1.3
chaina_f48a,/home/achen918/catalytic_binders/251211_paper_revision_1/computational_SSM/af3_complex/output/chaina_f48a/seed-1_sample-0/model.pdb,94.85346701164298,93.88603351955307,97.22900000000001,86.8,"[[2.5063356324708965, 3.6298882681564244, 2.5508379888268156], [7.340111731843575, 3.2670000000000003, 4.72], [12.893854748603353, 8.48, 0.8]]",5.484999999999999,179,10,0.92,0.87,1.69
chaina_f48a,/home/achen918/catalytic_binders/251211_paper_revision_1/computational_SSM/af3_complex/output/chaina_f48a/seed-1_sample-2/model.pdb,95.44973479948244,94.3945810055866,97.73299999999999,87.58,"[[2.423142224025468, 3.059776536312849, 2.483240223463687], [6.300726256983241, 3.052, 4.2299999999999995], [13.094972067039107, 8.34, 0.8]]",4.680251396648045,179,10,0.92,0.9,1.27
chaina_f48a,/home/achen918/catalytic_binders/251211_paper_revision_1/computational_SSM/af3_complex/output/chaina_f48a/seed-1_sample-1/model.pdb,95.27445019404911,94.0131843575419,97.50399999999999,86.26,"[[2.4844043569176995, 3.316480446927374, 2.589385474860335], [6.533128491620111, 3.0839999999999996, 4.49], [14.233519553072627, 9.059999999999999, 0.8]]",4.9248044692737425,179,10,0.92,0.89,1.38
chaina_f48d,/home/achen918/catalytic_binders/251211_paper_revision_1/computational_SSM/af3_complex/output/chaina_f48d/seed-1_sample-2/model.pdb,93.72825048418336,94.12865921787709,95.62199999999999,82.99,"[[2.5325177116819075, 5.3676536312849175, 2.693854748603352], [11.129999999999999, 4.171, 7.68], [12.167039106145252, 9.149999999999999, 0.8]]",8.248826815642458,179,10,0.91,0.76,2.66
chaina_f48d,/home/achen918/catalytic_binders/251211_paper_revision_1/computational_SSM/af3_complex/output/chaina_f48d/seed-1_sample-1/model.pdb,93.1828728211748,93.9789944134078,95.138,82.24,"[[2.661580475016385, 5.847597765363129, 2.7748603351955308], [11.682067039106146, 4.18, 7.999999999999998], [12.320670391061453, 9.44, 0.8]]",8.764832402234637,179,10,0.9,0.75,2.84
chaina_f48d,/home/achen918/catalytic_binders/251211_paper_revision_1/computational_SSM/af3_complex/output/chaina_f48d/seed-1_sample-4/model.pdb,93.9693867010976,94.07564245810059,95.86,83.09,"[[2.556661777098093, 5.167094972067039, 2.6715083798882686], [10.74508379888268, 4.048, 7.260000000000001], [12.487709497206705, 9.05, 0.8]]",7.9560893854748596,179,10,0.91,0.78,2.5
chaina_f48d,/home/achen918/catalytic_binders/251211_paper_revision_1/computational_SSM/af3_complex/output/chaina_f48d/seed-1_sample-3/model.pdb,93.7283021304065,94.14519553072627,96.053,83.71,"[[2.616272900346431, 4.714301675977654, 2.6268156424581006], [10.2768156424581, 4.090000000000001, 6.68], [11.706145251396647, 8.35, 0.8]]",7.495558659217878,179,10,0.9,0.79,2.34
chaina_f48d,/home/achen918/catalytic_binders/251211_paper_revision_1/computational_SSM/af3_complex/output/chaina_f48d/seed-1_sample-0/model.pdb,93.23318269851517,94.01435754189944,95.394,82.15,"[[2.5708436066290066, 5.768212290502793, 2.683798882681564], [11.678268156424581, 4.189, 8.080000000000002], [11.854748603351956, 9.11, 0.8]]",8.723240223463687,179,10,0.9,0.74,2.83
chaina_f48e,/home/achen918/catalytic_binders/251211_paper_revision_1/computational_SSM/af3_complex/output/chaina_f48e/seed-1_sample-2/model.pdb,95.05587741935484,94.12692737430169,97.45599999999999,85.65,"[[2.4434942729627664, 3.79804469273743, 2.6022346368715086], [7.7295530726256985, 3.2970000000000006, 5.220000000000001], [14.274301675977656, 8.94, 0.8]]",5.763798882681565,179,10,0.92,0.86,1.86
chaina_f48e,/home/achen918/catalytic_binders/251211_paper_revision_1/computational_SSM/af3_complex/output/chaina_f48e/seed-1_sample-1/model.pdb,95.09049032258059,93.95022346368714,97.41999999999999,85.15,"[[2.47660497487594, 3.800502793296089, 2.6340782122905027], [7.459608938547485, 3.234, 5.11], [14.668156424581008, 9.169999999999998, 0.8]]",5.630055865921787,179,10,0.92,0.86,1.83
chaina_f48e,/home/achen918/catalytic_binders/251211_paper_revision_1/computational_SSM/af3_complex/output/chaina_f48e/seed-1_sample-3/model.pdb,95.35665806451614,94.56184357541899,97.654,85.6,"[[2.3009612683748943, 3.4032960893854747, 2.4608938547486034], [7.215642458100558, 3.198, 4.909999999999999], [14.121229050279329, 8.76, 0.8]]",5.309469273743017,179,10,0.92,0.87,1.54
chaina_f48e,/home/achen918/catalytic_binders/251211_paper_revision_1/computational_SSM/af3_complex/output/chaina_f48e/seed-1_sample-4/model.pdb,95.05063225806454,93.44050279329608,97.26200000000001,88.47,"[[2.472647545332543, 3.903072625698324, 2.476536312849162], [7.628659217877096, 3.286000000000001, 4.79], [10.934636871508378, 7.639999999999999, 0.8]]",5.76586592178771,179,10,0.92,0.85,1.88
chaina_f48e,/home/achen918/catalytic_binders/251211_paper_revision_1/computational_SSM/af3_complex/output/chaina_f48e/seed-1_sample-0/model.pdb,94.08744516129019,93.09793296089384,96.609,84.41,"[[2.625601572984613, 4.9082681564245805, 2.7944134078212293], [9.538659217877093, 3.7020000000000004, 6.0200000000000005], [14.450837988826818, 9.3, 0.8]]",7.223463687150836,179,10,0.91,0.81,2.32
chaina_f48g,/home/achen918/catalytic_binders/251211_paper_revision_1/computational_SSM/af3_complex/output/chaina_f48g/seed-1_sample-1/model.pdb,94.90269255663397,93.70893854748604,97.135,85.14,"[[2.4807496644923694, 4.041340782122905, 2.6452513966480447], [7.901731843575419, 3.3760000000000003, 5.4], [14.634636871508382, 9.529999999999998, 0.8]]",5.971536312849162,179,10,0.92,0.85,1.85
chaina_f48g,/home/achen918/catalytic_binders/251211_paper_revision_1/computational_SSM/af3_complex/output/chaina_f48g/seed-1_sample-2/model.pdb,94.98868608414246,93.73486033519553,97.354,85.94,"[[2.4628944165288225, 3.8649720670391057, 2.6156424581005586], [7.633687150837989, 3.3040000000000003, 5.17], [14.123463687150837, 9.17, 0.8]]",5.749329608938547,179,10,0.92,0.86,1.79
chaina_f48g,/home/achen918/catalytic_binders/251211_paper_revision_1/computational_SSM/af3_complex/output/chaina_f48g/seed-1_sample-0/model.pdb,94.24904854368954,93.15558659217876,96.60999999999999,85.06,"[[2.5785992946537246, 4.78949720670391, 2.7374301675977653], [9.288435754189946, 3.6450000000000005, 5.840000000000001], [14.108938547486034, 9.260000000000002, 0.8]]",7.038966480446928,179,10,0.91,0.82,2.2
chaina_f48g,/home/achen918/catalytic_binders/251211_paper_revision_1/computational_SSM/af3_complex/output/chaina_f48g/seed-1_sample-4/model.pdb,95.04502912621373,93.33899441340782,97.146,88.13,"[[2.509191348584626, 4.055195530726257, 2.5312849162011175], [7.9218994413407815, 3.3960000000000004, 5.130000000000001], [11.388268156424582, 7.840000000000001, 0.8]]",5.98854748603352,179,10,0.92,0.85,1.93
chaina_f48g,/home/achen918/catalytic_binders/251211_paper_revision_1/computational_SSM/af3_complex/output/chaina_f48g/seed-1_sample-3/model.pdb,95.21737216828475,93.99882681564246,97.55000000000001,85.83,"[[2.3939639836459534, 3.6175418994413406, 2.5670391061452515], [7.299217877094971, 3.287000000000001, 4.970000000000001], [14.21173184357542, 9.0, 0.8]]",5.458379888268156,179,10,0.92,0.87,1.63
chaina_f48h,/home/achen918/catalytic_binders/251211_paper_revision_1/computational_SSM/af3_complex/output/chaina_f48h/seed-1_sample-1/model.pdb,94.303552546744,94.4186592178771,94.998,85.04,"[[2.3422427514746733, 5.7887709497206705, 2.3910614525139664], [11.080446927374302, 3.873, 5.4799999999999995], [11.473743016759778, 7.510000000000001, 0.8]]",8.434608938547486,179,10,0.91,0.76,2.34
chaina_f48h,/home/achen918/catalytic_binders/251211_paper_revision_1/computational_SSM/af3_complex/output/chaina_f48h/seed-1_sample-2/model.pdb,94.58343004513209,94.52262569832403,96.197,83.73,"[[2.414721762741488, 5.276759776536313, 2.529608938547486], [10.865698324022345, 4.0889999999999995, 7.19], [12.783798882681566, 9.34, 0.8]]",8.071229050279328,179,10,0.91,0.78,2.44
chaina_f48h,/home/achen918/catalytic_binders/251211_paper_revision_1/computational_SSM/af3_complex/output/chaina_f48h/seed-1_sample-0/model.pdb,94.20382978723407,94.29625698324021,95.981,83.31,"[[2.3682531756187384, 5.857039106145252, 2.4083798882681564], [11.645474860335197, 4.175000000000001, 7.659999999999999], [12.150837988826815, 9.23, 0.8]]",8.751256983240225,179,10,0.91,0.74,2.77
chaina_f48h,/home/achen918/catalytic_binders/251211_paper_revision_1/computational_SSM/af3_complex/output/chaina_f48h/seed-1_sample-3/model.pdb,94.56854287556413,94.4249720670391,96.34199999999998,84.07,"[[2.366783184045442, 4.928379888268156, 2.46536312849162], [10.680614525139667, 4.087, 7.029999999999999], [12.065921787709499, 8.64, 0.8]]",7.804497206703912,179,10,0.91,0.78,2.43
chaina_f48h,/home/achen918/catalytic_binders/251211_paper_revision_1/computational_SSM/af3_complex/output/chaina_f48h/seed-1_sample-4/model.pdb,94.61222437137351,94.53888268156425,96.112,83.51,"[[2.370915389657002, 5.593016759776536, 2.5396648044692736], [11.324078212290502, 4.137, 7.5200000000000005], [12.65754189944134, 9.370000000000001, 0.8]]",8.458547486033519,179,10,0.91,0.76,2.56
chaina_f48i,/home/achen918/catalytic_binders/251211_paper_revision_1/computational_SSM/af3_complex/output/chaina_f48i/seed-1_sample-1/model.pdb,95.13149128469976,93.78458100558659,97.48299999999999,85.84,"[[2.4722012421584845, 2.813072625698324, 2.5748603351955306], [5.506256983240223, 2.847, 3.9], [13.851955307262573, 8.750000000000002, 0.8]]",4.159664804469274,179,10,0.92,0.92,1.01
chaina_f48i,/home/achen918/catalytic_binders/251211_paper_revision_1/computational_SSM/af3_complex/output/chaina_f48i/seed-1_sample-2/model.pdb,95.34642995480968,94.06217877094973,97.676,87.28,"[[2.423903748322462, 2.673575418994414, 2.462569832402235], [5.358938547486034, 2.7910000000000004, 3.7], [13.044134078212288, 8.26, 0.8]]",4.016256983240224,179,10,0.92,0.92,0.98
chaina_f48i,/home/achen918/catalytic_binders/251211_paper_revision_1/computational_SSM/af3_complex/output/chaina_f48i/seed-1_sample-0/model.pdb,95.02799870884445,93.83156424581007,97.369,86.69,"[[2.4611279298398925, 2.940614525139665, 2.493854748603352], [5.806815642458101, 2.9240000000000004, 3.96], [12.349162011173185, 8.05, 0.8]]",4.373715083798883,179,10,0.92,0.91,1.09
chaina_f48i,/home/achen918/catalytic_binders/251211_paper_revision_1/computational_SSM/af3_complex/output/chaina_f48i/seed-1_sample-4/model.pdb,95.37692059393157,93.72530726256983,97.626,89.32,"[[2.441927530351737, 2.785642458100558, 2.3798882681564244], [5.424972067039106, 2.8150000000000004, 3.5900000000000007], [9.16703910614525, 6.460000000000001, 0.8]]",4.105307262569832,179,10,0.92,0.92,1.02
chaina_f48i,/home/achen918/catalytic_binders/251211_paper_revision_1/computational_SSM/af3_complex/output/chaina_f48i/seed-1_sample-3/model.pdb,95.50987734021962,94.17860335195532,97.78099999999999,86.85,"[[2.331749945382479, 2.5741899441340776, 2.412849162011173], [5.172849162011173, 2.7560000000000002, 3.6499999999999995], [12.669273743016758, 7.909999999999999, 0.8]]",3.873519553072625,179,10,0.93,0.92,0.94
chaina_f48k,/home/achen918/catalytic_binders/251211_paper_revision_1/computational_SSM/af3_complex/output/chaina_f48k/seed-1_sample-2/model.pdb,92.825206451613,93.56184357541899,93.69,82.01,"[[2.544059174183078, 8.418100558659217, 2.6055865921787706], [14.817653631284916, 4.516, 9.28], [11.952513966480447, 10.120000000000001, 0.8]]",11.617877094972066,179,10,0.89,0.64,4.14
chaina_f48k,/home/achen918/catalytic_binders/251211_paper_revision_1/computational_SSM/af3_complex/output/chaina_f48k/seed-1_sample-1/model.pdb,92.60065806451621,93.17441340782123,93.479,82.6,"[[2.727324365656503, 7.559608938547487, 2.7502793296089383], [13.986648044692737, 4.451, 7.07], [12.82737430167598, 8.52, 0.8]]",10.773128491620112,179,10,0.89,0.67,3.61
chaina_f48k,/home/achen918/catalytic_binders/251211_paper_revision_1/computational_SSM/af3_complex/output/chaina_f48k/seed-1_sample-4/model.pdb,92.53834838709662,92.88865921787709,93.539,82.08,"[[2.7535782278955088, 7.582402234636872, 2.788268156424581], [13.948603351955308, 4.287999999999999, 7.239999999999999], [12.957541899441338, 8.45, 0.8]]",10.76550279329609,179,10,0.88,0.68,3.66
chaina_f48k,/home/achen918/catalytic_binders/251211_paper_revision_1/computational_SSM/af3_complex/output/chaina_f48k/seed-1_sample-3/model.pdb,91.97594193548392,92.86804469273744,93.939,80.89,"[[2.7310633251146967, 8.700558659217878, 2.6681564245810057], [15.482346368715085, 4.691000000000001, 9.33], [11.360893854748603, 9.99, 0.8]]",12.09145251396648,179,10,0.88,0.61,4.27
chaina_f48k,/home/achen918/catalytic_binders/251211_paper_revision_1/computational_SSM/af3_complex/output/chaina_f48k/seed-1_sample-0/model.pdb,93.82827096774184,93.73972067039104,95.277,86.69,"[[2.5573733653756126, 5.976927374301677, 2.454748603351955], [11.330279329608938, 3.9150000000000005, 5.75], [10.706145251396649, 7.13, 0.8]]",8.653603351955308,179,10,0.9,0.76,2.8
chaina_f48l,/home/achen918/catalytic_binders/251211_paper_revision_1/computational_SSM/af3_complex/output/chaina_f48l/seed-1_sample-2/model.pdb,94.86074887023912,93.76988826815644,97.3,86.63,"[[2.5773758621765865, 3.2115083798882678, 2.6675977653631286], [6.367486033519553, 3.0709999999999997, 4.26], [13.331284916201115, 8.59, 0.8]]",4.78949720670391,179,10,0.92,0.9,1.26
chaina_f48l,/home/achen918/catalytic_binders/251211_paper_revision_1/computational_SSM/af3_complex/output/chaina_f48l/seed-1_sample-1/model.pdb,94.92721755971596,93.65212290502794,97.18999999999998,85.37,"[[2.494503916856528, 3.306201117318436, 2.6296089385474866], [6.217597765363129, 2.994, 4.36], [13.903351955307263, 8.889999999999999, 0.8]]",4.761899441340782,179,10,0.92,0.9,1.35
chaina_f48l,/home/achen918/catalytic_binders/251211_paper_revision_1/computational_SSM/af3_complex/output/chaina_f48l/seed-1_sample-4/model.pdb,95.06821174951601,93.47938547486032,97.298,88.97,"[[2.4809650135763555, 3.079664804469274, 2.439106145251397], [6.005083798882682, 2.995, 3.84], [9.639664804469273, 6.7700000000000005, 0.8]]",4.542374301675978,179,10,0.92,0.91,1.24
chaina_f48l,/home/achen918/catalytic_binders/251211_paper_revision_1/computational_SSM/af3_complex/output/chaina_f48l/seed-1_sample-3/model.pdb,95.28914783731435,94.16022346368715,97.601,86.72,"[[2.3383009269373614, 2.7912849162011173, 2.454748603351955], [5.671396648044692, 2.95, 3.9599999999999995], [12.843575418994414, 8.07, 0.8]]",4.2313407821229045,179,10,0.93,0.92,1.07
chaina_f48l,/home/achen918/catalytic_binders/251211_paper_revision_1/computational_SSM/af3_complex/output/chaina_f48l/seed-1_sample-0/model.pdb,94.51040025823096,93.37452513966481,97.032,86.46,"[[2.590140757154895, 3.38, 2.6145251396648046], [6.667821229050279, 3.1609999999999996, 4.35], [12.653072625698321, 8.290000000000001, 0.8]]",5.023910614525139,179,10,0.92,0.89,1.38
chaina_f48m,/home/achen918/catalytic_binders/251211_paper_revision_1/computational_SSM/af3_complex/output/chaina_f48m/seed-1_sample-1/model.pdb,94.97639122014208,93.85921787709499,97.256,85.7,"[[2.4399706625885584, 3.381005586592179, 2.537988826815643], [6.597653631284916, 3.102, 4.49], [13.676536312849159, 8.83, 0.8]]",4.989329608938547,179,10,0.92,0.89,1.37
chaina_f48m,/home/achen918/catalytic_binders/251211_paper_revision_1/computational_SSM/af3_complex/output/chaina_f48m/seed-1_sample-2/model.pdb,94.93183989670756,93.81491620111731,97.292,86.62,"[[2.510143253955869, 3.4650837988826817, 2.572067039106145], [6.854301675977654, 3.1390000000000002, 4.53], [13.000558659217877, 8.489999999999998, 0.8]]",5.159692737430168,179,10,0.92,0.88,1.47
chaina_f48m,/home/achen918/catalytic_binders/251211_paper_revision_1/computational_SSM/af3_complex/output/chaina_f48m/seed-1_sample-0/model.pdb,94.67241446094239,93.70564245810057,96.966,86.45,"[[2.5131113261134175, 3.764189944134078, 2.5413407821229055], [7.316871508379888, 3.252, 4.6899999999999995], [12.5608938547486, 8.41, 0.8]]",5.540530726256983,179,10,0.92,0.87,1.61
chaina_f48m,/home/achen918/catalytic_binders/251211_paper_revision_1/computational_SSM/af3_complex/output/chaina_f48m/seed-1_sample-3/model.pdb,95.12958683021301,93.9481005586592,97.43900000000001,86.65,"[[2.39118005056022, 3.3168715083798888, 2.4687150837988825], [6.632234636871509, 3.1209999999999996, 4.409999999999999], [12.773743016759777, 8.3, 0.8]]",4.974553072625699,179,10,0.92,0.89,1.29
chaina_f48m,/home/achen918/catalytic_binders/251211_paper_revision_1/computational_SSM/af3_complex/output/chaina_f48m/seed-1_sample-4/model.pdb,95.18154938670084,93.70541899441339,97.38000000000001,89.23,"[[2.414035142473706, 3.2383798882681556, 2.3737430167597764], [6.340782122905028, 3.0670000000000006, 4.050000000000001], [9.31731843575419, 6.730000000000001, 0.8]]",4.789581005586592,179,10,0.92,0.89,1.35
chaina_f48n,/home/achen918/catalytic_binders/251211_paper_revision_1/computational_SSM/af3_complex/output/chaina_f48n/seed-1_sample-0/model.pdb,93.16526791478384,93.92335195530725,95.107,82.61,"[[2.5790362348241316, 6.267262569832402, 2.617877094972067], [12.301284916201116, 4.260999999999999, 8.49], [11.646368715083797, 9.26, 0.8]]",9.284273743016758,179,10,0.9,0.72,3.12
chaina_f48n,/home/achen918/catalytic_binders/251211_paper_revision_1/computational_SSM/af3_complex/output/chaina_f48n/seed-1_sample-3/model.pdb,93.67393156875397,94.0422346368715,95.87499999999999,83.78,"[[2.6376174276707967, 5.016703910614525, 2.590502793296089], [10.704301675977653, 4.144, 6.9799999999999995], [11.80949720670391, 8.51, 0.8]]",7.860502793296089,179,10,0.9,0.78,2.51
chaina_f48n,/home/achen918/catalytic_binders/251211_paper_revision_1/computational_SSM/af3_complex/output/chaina_f48n/seed-1_sample-4/model.pdb,94.02903808908992,94.10167597765364,95.761,83.71,"[[2.527158952591992, 5.353798882681564, 2.594413407821229], [10.933016759776535, 4.029, 7.519999999999999], [12.38882681564246, 9.15, 0.8]]",8.143407821229049,179,10,0.9,0.77,2.64
chaina_f48n,/home/achen918/catalytic_binders/251211_paper_revision_1/computational_SSM/af3_complex/output/chaina_f48n/seed-1_sample-1/model.pdb,93.12324080051631,93.9021787709497,94.723,82.66,"[[2.6656221715926467, 6.193016759776536, 2.701117318435754], [11.993296089385474, 4.176, 8.209999999999999], [12.1340782122905, 9.600000000000001, 0.8]]",9.093156424581005,179,10,0.9,0.73,3.05
chaina_f48n,/home/achen918/catalytic_binders/251211_paper_revision_1/computational_SSM/af3_complex/output/chaina_f48n/seed-1_sample-2/model.pdb,93.66786313750823,94.04486033519552,95.22099999999999,83.14,"[[2.5399269685715176, 5.855195530726257, 2.676536312849162], [11.771508379888267, 4.271, 8.110000000000001], [12.329050279329607, 9.510000000000002, 0.8]]",8.813351955307262,179,10,0.9,0.74,2.94
chaina_f48p,/home/achen918/catalytic_binders/251211_paper_revision_1/computational_SSM/af3_complex/output/chaina_f48p/seed-1_sample-4/model.pdb,95.19869509043916,91.79061452513965,97.71199999999999,91.28,"[[2.4831185044162165, 2.514972067039106, 2.3256983240223463], [4.706201117318436, 2.539, 3.0500000000000003], [8.566480446927375, 6.02, 0.8]]",3.610586592178771,179,10,0.92,0.92,0.94
chaina_f48p,/home/achen918/catalytic_binders/251211_paper_revision_1/computational_SSM/af3_complex/output/chaina_f48p/seed-1_sample-3/model.pdb,95.46656976744188,93.09413407821228,97.799,88.62,"[[2.25008894853469, 2.2670391061452513, 2.1681564245810057], [4.441731843575418, 2.446, 3.0700000000000003], [11.587150837988826, 7.3199999999999985, 0.8]]",3.354385474860335,179,10,0.93,0.93,0.89
chaina_f48p,/home/achen918/catalytic_binders/251211_paper_revision_1/computational_SSM/af3_complex/output/chaina_f48p/seed-1_sample-0/model.pdb,95.15467700258397,93.1404469273743,97.459,88.68,"[[2.3034299803376928, 2.4486033519553074, 2.164804469273743], [4.983631284916202, 2.572, 3.2699999999999996], [10.753631284916201, 7.040000000000001, 0.8]]",3.7161173184357548,179,10,0.93,0.92,0.95
chaina_f48p,/home/achen918/catalytic_binders/251211_paper_revision_1/computational_SSM/af3_complex/output/chaina_f48p/seed-1_sample-2/model.pdb,95.58145348837213,93.47396648044693,97.87400000000001,89.71,"[[2.223956805343154, 2.154301675977654, 2.0860335195530726], [4.030782122905028, 2.2560000000000007, 2.81], [10.677653631284915, 6.979999999999999, 0.8]]",3.0925418994413407,179,10,0.93,0.94,0.86
chaina_f48p,/home/achen918/catalytic_binders/251211_paper_revision_1/computational_SSM/af3_complex/output/chaina_f48p/seed-1_sample-1/model.pdb,95.40664082687333,92.85301675977655,97.7,89.32,"[[2.327658312786742, 2.2912849162011173, 2.1815642458100557], [4.331731843575419, 2.431, 3.01], [11.47541899441341, 7.3199999999999985, 0.8]]",3.3115083798882683,179,10,0.93,0.93,0.88
chaina_f48q,/home/achen918/catalytic_binders/251211_paper_revision_1/computational_SSM/af3_complex/output/chaina_f48q/seed-1_sample-1/model.pdb,95.61730967741933,94.13469273743017,97.772,86.69,"[[2.3879310882931244, 3.064804469273743, 2.4731843575419], [6.159497206703911, 3.0040000000000004, 4.36], [14.16312849162011, 8.84, 0.8]]",4.6121508379888265,179,10,0.92,0.89,1.29
chaina_f48q,/home/achen918/catalytic_binders/251211_paper_revision_1/computational_SSM/af3_complex/output/chaina_f48q/seed-1_sample-2/model.pdb,95.24585161290332,94.20810055865921,97.603,87.32,"[[2.505215193033925, 3.311899441340782, 2.5737430167597766], [6.758715083798883, 3.136, 4.529999999999999], [13.847486033519557, 8.790000000000001, 0.8]]",5.035307262569832,179,10,0.92,0.88,1.5
chaina_f48q,/home/achen918/catalytic_binders/251211_paper_revision_1/computational_SSM/af3_complex/output/chaina_f48q/seed-1_sample-0/model.pdb,94.69410967741933,93.08575418994414,97.11800000000001,86.72,"[[2.64504541056771, 3.9057541899441337, 2.6966480446927377], [7.723240223463687, 3.372, 4.93], [13.723463687150838, 8.879999999999999, 0.8]]",5.81449720670391,179,10,0.91,0.86,1.8
chaina_f48q,/home/achen918/catalytic_binders/251211_paper_revision_1/computational_SSM/af3_complex/output/chaina_f48q/seed-1_sample-4/model.pdb,95.39253548387107,93.44899441340783,97.58700000000002,89.65,"[[2.446418651103274, 3.2056983240223462, 2.405586592178771], [6.308938547486034, 3.053, 4.09], [9.92122905027933, 6.92, 0.8]]",4.75731843575419,179,10,0.92,0.89,1.45
chaina_f48q,/home/achen918/catalytic_binders/251211_paper_revision_1/computational_SSM/af3_complex/output/chaina_f48q/seed-1_sample-3/model.pdb,95.75388387096777,94.66977653631285,97.925,87.45,"[[2.270487812490247, 2.945586592178771, 2.3703910614525143], [6.154301675977655, 2.998, 4.21], [13.46145251396648, 8.379999999999999, 0.8]]",4.549944134078213,179,10,0.93,0.9,1.31
chaina_f48r,/home/achen918/catalytic_binders/251211_paper_revision_1/computational_SSM/af3_complex/output/chaina_f48r/seed-1_sample-1/model.pdb,94.36551546391755,94.43709497206704,95.03,86.21,"[[2.444817577478855, 6.299888268156424, 2.4782122905027926], [11.662290502793295, 3.8070000000000004, 6.15], [11.598882681564245, 7.5699999999999985, 0.8]]",8.98108938547486,179,10,0.9,0.74,2.86
chaina_f48r,/home/achen918/catalytic_binders/251211_paper_revision_1/computational_SSM/af3_complex/output/chaina_f48r/seed-1_sample-2/model.pdb,93.24212628865986,93.56396648044694,94.904,82.16,"[[2.593664367529103, 7.80804469273743, 2.6932960893854747], [14.535977653631285, 4.512, 9.72], [12.672067039106146, 10.85, 0.8]]",11.172011173184357,179,10,0.89,0.65,3.76
chaina_f48r,/home/achen918/catalytic_binders/251211_paper_revision_1/computational_SSM/af3_complex/output/chaina_f48r/seed-1_sample-0/model.pdb,92.52658505154643,93.32698324022346,93.96900000000001,81.45,"[[2.6425017945756997, 9.04268156424581, 2.7256983240223462], [15.868491620111731, 4.691, 11.19], [12.131284916201118, 11.41, 0.8]]",12.45558659217877,179,10,0.88,0.6,4.34
chaina_f48r,/home/achen918/catalytic_binders/251211_paper_revision_1/computational_SSM/af3_complex/output/chaina_f48r/seed-1_sample-3/model.pdb,93.88630154639189,94.16351955307263,95.72,83.34,"[[2.5316625573483975, 5.88145251396648, 2.56927374301676], [11.946927374301676, 4.045, 7.62], [11.805027932960893, 9.14, 0.8]]",8.914189944134078,179,10,0.9,0.74,2.93
chaina_f48r,/home/achen918/catalytic_binders/251211_paper_revision_1/computational_SSM/af3_complex/output/chaina_f48r/seed-1_sample-4/model.pdb,93.51663015463907,93.76921787709496,94.941,82.68,"[[2.58444805093474, 7.066424581005587, 2.678212290502793], [13.747430167597766, 4.391, 9.120000000000001], [12.717877094972067, 10.309999999999999, 0.8]]",10.406927374301677,179,10,0.89,0.68,3.45
chaina_f48s,/home/achen918/catalytic_binders/251211_paper_revision_1/computational_SSM/af3_complex/output/chaina_f48s/seed-1_sample-4/model.pdb,95.26648998060766,93.94664804469274,97.44800000000001,88.42,"[[2.4671358571829844, 3.5993296089385476, 2.4608938547486034], [7.0224581005586595, 3.215, 4.570000000000001], [10.97709497206704, 7.540000000000001, 0.8]]",5.3108938547486035,179,10,0.92,0.87,1.62
chaina_f48s,/home/achen918/catalytic_binders/251211_paper_revision_1/computational_SSM/af3_complex/output/chaina_f48s/seed-1_sample-3/model.pdb,95.23055591467363,94.33351955307263,97.65299999999999,85.41,"[[2.4431166318154864, 3.4793854748603352, 2.608379888268156], [7.003128491620112, 3.2049999999999996, 4.8100000000000005], [14.343575418994414, 8.98, 0.8]]",5.241256983240223,179,10,0.92,0.88,1.53
chaina_f48s,/home/achen918/catalytic_binders/251211_paper_revision_1/computational_SSM/af3_complex/output/chaina_f48s/seed-1_sample-0/model.pdb,94.58751777634127,93.78720670391063,97.12499999999999,85.51,"[[2.542611029618301, 4.147150837988827, 2.6798882681564247], [8.166368715083799, 3.3950000000000005, 5.18], [13.955865921787712, 8.969999999999999, 0.8]]",6.156759776536313,179,10,0.92,0.85,1.88
chaina_f48s,/home/achen918/catalytic_binders/251211_paper_revision_1/computational_SSM/af3_complex/output/chaina_f48s/seed-1_sample-2/model.pdb,95.07453135100185,94.01608938547484,97.473,86.35,"[[2.4936862145376235, 3.6021787709497204, 2.594413407821229], [7.1926815642458095, 3.202000000000001, 4.78], [13.68826815642458, 8.7, 0.8]]",5.397430167597765,179,10,0.92,0.87,1.61
chaina_f48s,/home/achen918/catalytic_binders/251211_paper_revision_1/computational_SSM/af3_complex/output/chaina_f48s/seed-1_sample-1/model.pdb,95.43672915319972,94.4536312849162,97.679,86.22,"[[2.37098405168378, 3.2279888268156425, 2.4949720670391065], [6.489217877094973, 3.051, 4.5600000000000005], [14.18268156424581, 8.83, 0.8]]",4.858603351955308,179,10,0.92,0.89,1.32
chaina_f48t,/home/achen918/catalytic_binders/251211_paper_revision_1/computational_SSM/af3_complex/output/chaina_f48t/seed-1_sample-1/model.pdb,95.4446640826874,93.83966480446927,97.618,86.39,"[[2.466246371836085, 3.067877094972067, 2.5849162011173186], [5.9817877094972065, 2.9459999999999997, 4.15], [14.044134078212293, 8.9, 0.8]]",4.524832402234637,179,10,0.92,0.9,1.19
chaina_f48t,/home/achen918/catalytic_binders/251211_paper_revision_1/computational_SSM/af3_complex/output/chaina_f48t/seed-1_sample-2/model.pdb,95.35080749354023,94.12597765363128,97.676,87.63,"[[2.49233482101058, 3.053966480446927, 2.5413407821229055], [6.123966480446927, 2.9959999999999996, 4.119999999999999], [12.69832402234637, 8.12, 0.8]]",4.588966480446927,179,10,0.92,0.91,1.21
chaina_f48t,/home/achen918/catalytic_binders/251211_paper_revision_1/computational_SSM/af3_complex/output/chaina_f48t/seed-1_sample-0/model.pdb,95.0403488372093,93.5654189944134,97.345,87.29,"[[2.5121188477263505, 3.3059217877094973, 2.534078212290503], [6.470614525139665, 3.0609999999999995, 4.249999999999999], [12.386592178770949, 8.07, 0.8]]",4.888268156424582,179,10,0.92,0.9,1.34
chaina_f48t,/home/achen918/catalytic_binders/251211_paper_revision_1/computational_SSM/af3_complex/output/chaina_f48t/seed-1_sample-3/model.pdb,95.64444444444457,94.26709497206704,97.805,87.24,"[[2.3728223214007054, 2.83731843575419, 2.477653631284916], [5.683128491620112, 2.93, 3.9699999999999998], [13.032402234636873, 8.15, 0.8]]",4.260223463687151,179,10,0.92,0.91,1.07
chaina_f48t,/home/achen918/catalytic_binders/251211_paper_revision_1/computational_SSM/af3_complex/output/chaina_f48t/seed-1_sample-4/model.pdb,95.63202196382419,94.01720670391063,97.73400000000001,89.51,"[[2.412484004868762, 2.945530726256983, 2.375418994413408], [5.802011173184358, 2.9210000000000003, 3.7600000000000002], [9.337430167597766, 6.62, 0.8]]",4.3737709497206705,179,10,0.92,0.91,1.17
chaina_f48v,/home/achen918/catalytic_binders/251211_paper_revision_1/computational_SSM/af3_complex/output/chaina_f48v/seed-1_sample-4/model.pdb,95.33105943152466,93.27636871508379,97.58099999999999,88.97,"[[2.525345650884804, 2.920949720670391, 2.473743016759777], [5.562067039106146, 2.83, 3.7199999999999998], [9.423463687150836, 6.63, 0.8]]",4.241508379888268,179,10,0.92,0.92,1.06
chaina_f48v,/home/achen918/catalytic_binders/251211_paper_revision_1/computational_SSM/af3_complex/output/chaina_f48v/seed-1_sample-3/model.pdb,95.30910852713201,93.93463687150837,97.57900000000001,86.43,"[[2.4152429699447584, 2.916368715083799, 2.5301675977653635], [5.714413407821229, 2.867, 3.95], [13.017877094972066, 8.25, 0.8]]",4.315391061452514,179,10,0.92,0.91,1.07
chaina_f48v,/home/achen918/catalytic_binders/251211_paper_revision_1/computational_SSM/af3_complex/output/chaina_f48v/seed-1_sample-0/model.pdb,94.8911175710596,93.36519553072625,97.324,86.53,"[[2.538029399831466, 3.1940782122905027, 2.5636871508379886], [6.246424581005586, 3.0220000000000002, 4.13], [12.482122905027934, 8.190000000000001, 0.8]]",4.720251396648044,179,10,0.92,0.91,1.22
chaina_f48v,/home/achen918/catalytic_binders/251211_paper_revision_1/computational_SSM/af3_complex/output/chaina_f48v/seed-1_sample-2/model.pdb,95.15145348837216,93.65748603351955,97.53599999999999,87.03,"[[2.5540682250866076, 2.983854748603352, 2.625139664804469], [5.806480446927374, 2.917, 3.96], [12.992737430167598, 8.390000000000002, 0.8]]",4.395167597765363,179,10,0.92,0.91,1.09
chaina_f48v,/home/achen918/catalytic_binders/251211_paper_revision_1/computational_SSM/af3_complex/output/chaina_f48v/seed-1_sample-1/model.pdb,95.05361757105938,93.1340782122905,97.396,85.5,"[[2.557301582347617, 3.0522346368715083, 2.6905027932960897], [5.781955307262569, 2.918, 4.119999999999999], [14.10223463687151, 8.96, 0.8]]",4.417094972067039,179,10,0.92,0.91,1.11
chaina_f48w,/home/achen918/catalytic_binders/251211_paper_revision_1/computational_SSM/af3_complex/output/chaina_f48w/seed-1_sample-3/model.pdb,95.53354340836037,93.9758100558659,97.84200000000001,86.81,"[[2.366158983802004, 2.3746927374301676, 2.3977653631284914], [4.419664804469274, 2.474, 3.3], [12.140782122905026, 7.82, 0.8]]",3.397178770949721,179,10,0.93,0.93,0.89
chaina_f48w,/home/achen918/catalytic_binders/251211_paper_revision_1/computational_SSM/af3_complex/output/chaina_f48w/seed-1_sample-4/model.pdb,95.68482315112544,93.76743016759778,97.87299999999999,89.31,"[[2.3338940732186892, 2.2587709497206707, 2.243016759776536], [3.973854748603352, 2.286, 2.8299999999999996], [8.875418994413408, 6.17, 0.8]]",3.1163128491620116,179,10,0.93,0.94,0.86
chaina_f48w,/home/achen918/catalytic_binders/251211_paper_revision_1/computational_SSM/af3_complex/output/chaina_f48w/seed-1_sample-0/model.pdb,95.50664308681662,93.87374301675979,97.91100000000002,87.87,"[[2.4074997659249084, 2.362737430167597, 2.350837988826816], [4.209720670391062, 2.3830000000000005, 3.17], [11.200558659217878, 7.449999999999998, 0.8]]",3.2862290502793297,179,10,0.93,0.94,0.88
chaina_f48w,/home/achen918/catalytic_binders/251211_paper_revision_1/computational_SSM/af3_complex/output/chaina_f48w/seed-1_sample-2/model.pdb,95.51067524115743,94.11525139664805,97.825,87.19,"[[2.402855716113729, 2.3891620111731844, 2.387709497206704], [4.421620111731844, 2.475, 3.17], [11.820111731843577, 7.82, 0.8]]",3.405391061452514,179,10,0.93,0.93,0.89
chaina_f48w,/home/achen918/catalytic_binders/251211_paper_revision_1/computational_SSM/af3_complex/output/chaina_f48w/seed-1_sample-1/model.pdb,95.47509324758842,93.92916201117318,97.72200000000001,84.79,"[[2.4082488062170344, 2.3953072625698324, 2.5178770949720675], [4.368212290502793, 2.4400000000000004, 3.3600000000000003], [13.760893854748602, 8.85, 0.8]]",3.3817597765363128,179,10,0.93,0.93,0.89
chaina_f48y,/home/achen918/catalytic_binders/251211_paper_revision_1/computational_SSM/af3_complex/output/chaina_f48y/seed-1_sample-2/model.pdb,95.63857050869301,94.27351955307262,97.67099999999999,86.42,"[[2.3451484036078774, 2.508659217877095, 2.458100558659218], [5.0079329608938545, 2.6240000000000006, 3.46], [12.494972067039107, 8.11, 0.8]]",3.7582960893854747,179,10,0.93,0.93,0.92
chaina_f48y,/home/achen918/catalytic_binders/251211_paper_revision_1/computational_SSM/af3_complex/output/chaina_f48y/seed-1_sample-1/model.pdb,95.78007083065063,94.52670391061451,97.64500000000001,86.59,"[[2.291791766798789, 2.3732402234636867, 2.336871508379888], [4.456368715083799, 2.4610000000000003, 3.31], [12.386033519553072, 7.8100000000000005, 0.8]]",3.4148044692737427,179,10,0.93,0.93,0.89
chaina_f48y,/home/achen918/catalytic_binders/251211_paper_revision_1/computational_SSM/af3_complex/output/chaina_f48y/seed-1_sample-4/model.pdb,96.13524790727641,94.69815642458101,97.958,89.56,"[[2.1232514590680687, 2.113072625698324, 2.059217877094972], [3.9996648044692735, 2.2850000000000006, 2.83], [7.9167597765363125, 5.5600000000000005, 0.8]]",3.056368715083799,179,10,0.94,0.94,0.85
chaina_f48y,/home/achen918/catalytic_binders/251211_paper_revision_1/computational_SSM/af3_complex/output/chaina_f48y/seed-1_sample-3/model.pdb,95.83368319381863,94.43234636871507,97.89099999999999,86.22,"[[2.2579413875971412, 2.3187150837988826, 2.3804469273743014], [4.561843575418995, 2.4560000000000004, 3.3], [12.606145251396647, 7.9, 0.8]]",3.4402793296089387,179,10,0.93,0.93,0.88
chaina_f48y,/home/achen918/catalytic_binders/251211_paper_revision_1/computational_SSM/af3_complex/output/chaina_f48y/seed-1_sample-0/model.pdb,95.80330972311648,94.63575418994415,97.82300000000001,87.09,"[[2.212749289972223, 2.271173184357542, 2.2480446927374302], [4.352122905027933, 2.4200000000000004, 3.21], [10.9195530726257, 7.0, 0.8]]",3.3116480446927374,179,10,0.94,0.94,0.87
chaina_f52a,/home/achen918/catalytic_binders/251211_paper_revision_1/computational_SSM/af3_complex/output/chaina_f52a/seed-1_sample-1/model.pdb,95.24909443725743,94.10039106145253,97.01599999999999,87.26,"[[2.404484878749103, 2.8023463687150842, 2.4011173184357544], [5.632402234636872, 2.9490000000000003, 3.8299999999999996], [13.124581005586593, 8.57, 0.8]]",4.217374301675978,179,10,0.92,0.92,1.03
chaina_f52a,/home/achen918/catalytic_binders/251211_paper_revision_1/computational_SSM/af3_complex/output/chaina_f52a/seed-1_sample-2/model.pdb,95.21469598965056,94.17804469273744,97.106,88.67,"[[2.4486158359601764, 2.7027932960893857, 2.36536312849162], [5.617206703910614, 2.9509999999999996, 3.6900000000000004], [11.578770949720672, 7.68, 0.8]]",4.16,179,10,0.92,0.92,0.97
chaina_f52a,/home/achen918/catalytic_binders/251211_paper_revision_1/computational_SSM/af3_complex/output/chaina_f52a/seed-1_sample-0/model.pdb,94.7782406209574,93.77279329608939,96.719,87.62,"[[2.494510158858962, 3.178882681564246, 2.4262569832402234], [6.407932960893855, 3.109, 4.11], [11.706145251396647, 8.03, 0.8]]",4.79340782122905,179,10,0.92,0.9,1.22
chaina_f52a,/home/achen918/catalytic_binders/251211_paper_revision_1/computational_SSM/af3_complex/output/chaina_f52a/seed-1_sample-3/model.pdb,95.3434152652005,94.02016759776537,97.236,88.1,"[[2.369055272931557, 2.7859776536312846, 2.3469273743016763], [5.620446927374301, 2.895, 3.7400000000000007], [12.137988826815642, 7.9300000000000015, 0.8]]",4.203212290502793,179,10,0.92,0.92,1.0
chaina_f52a,/home/achen918/catalytic_binders/251211_paper_revision_1/computational_SSM/af3_complex/output/chaina_f52a/seed-1_sample-4/model.pdb,95.47391332470887,93.89497206703909,97.28600000000002,89.17,"[[2.389120189756874, 2.740837988826816, 2.3223463687150834], [5.538994413407821, 2.8930000000000002, 3.65], [9.74804469273743, 6.890000000000001, 0.8]]",4.139916201117318,179,10,0.92,0.92,1.0
chaina_f52d,/home/achen918/catalytic_binders/251211_paper_revision_1/computational_SSM/af3_complex/output/chaina_f52d/seed-1_sample-4/model.pdb,95.16809554551344,93.3259217877095,96.792,89.08,"[[2.5301613557629286, 2.9752513966480447, 2.427932960893855], [5.769720670391062, 2.943, 3.7699999999999996], [10.441340782122905, 7.340000000000001, 0.8]]",4.372486033519554,179,10,0.92,0.92,1.07
chaina_f52d,/home/achen918/catalytic_binders/251211_paper_revision_1/computational_SSM/af3_complex/output/chaina_f52d/seed-1_sample-3/model.pdb,95.17298902517753,94.03111731843578,97.09799999999998,87.73,"[[2.470394182453731, 2.9463128491620116, 2.435754189944134], [5.889497206703911, 2.9900000000000007, 3.96], [12.4195530726257, 8.23, 0.8]]",4.417905027932962,179,10,0.92,0.92,1.06
chaina_f52d,/home/achen918/catalytic_binders/251211_paper_revision_1/computational_SSM/af3_complex/output/chaina_f52d/seed-1_sample-0/model.pdb,94.71743060038726,93.93804469273744,96.68700000000001,87.3,"[[2.492609469117693, 3.0081005586592178, 2.4039106145251394], [6.134748603351956, 3.0570000000000004, 4.029999999999999], [11.839664804469274, 8.149999999999999, 0.8]]",4.571424581005587,179,10,0.92,0.91,1.11
chaina_f52d,/home/achen918/catalytic_binders/251211_paper_revision_1/computational_SSM/af3_complex/output/chaina_f52d/seed-1_sample-2/model.pdb,94.94993544222079,93.88905027932961,96.82699999999998,88.12,"[[2.534817889578977, 2.9960335195530723, 2.4558659217877095], [5.98608938547486, 3.0100000000000007, 3.9200000000000004], [12.139106145251395, 8.27, 0.8]]",4.491061452513966,179,10,0.92,0.92,1.08
chaina_f52d,/home/achen918/catalytic_binders/251211_paper_revision_1/computational_SSM/af3_complex/output/chaina_f52d/seed-1_sample-1/model.pdb,94.91859909619124,93.9345810055866,96.693,87.27,"[[2.4988077775350335, 2.8967597765363133, 2.452513966480447], [5.674469273743016, 2.9290000000000003, 3.8900000000000006], [12.813407821229047, 8.51, 0.8]]",4.285614525139665,179,10,0.92,0.92,1.05
chaina_f52e,/home/achen918/catalytic_binders/251211_paper_revision_1/computational_SSM/af3_complex/output/chaina_f52e/seed-1_sample-2/model.pdb,94.70505161290323,93.49374301675977,96.51300000000002,86.32,"[[2.598842108548422, 3.730893854748603, 2.6435754189944136], [7.398994413407822, 3.272, 4.82], [13.84245810055866, 9.139999999999999, 0.8]]",5.564944134078212,179,10,0.91,0.88,1.46
chaina_f52e,/home/achen918/catalytic_binders/251211_paper_revision_1/computational_SSM/af3_complex/output/chaina_f52e/seed-1_sample-1/model.pdb,94.75380645161293,93.69709497206703,96.554,86.08,"[[2.519278424518586, 3.5599999999999996, 2.5581005586592176], [6.98217877094972, 3.1950000000000007, 4.7], [13.871508379888269, 9.08, 0.8]]",5.27108938547486,179,10,0.92,0.89,1.43
chaina_f52e,/home/achen918/catalytic_binders/251211_paper_revision_1/computational_SSM/af3_complex/output/chaina_f52e/seed-1_sample-3/model.pdb,94.89005806451601,93.6608938547486,96.827,87.05,"[[2.5728972254299185, 3.557653631284916, 2.5675977653631286], [6.969217877094973, 3.237, 4.6], [13.115642458100558, 8.62, 0.8]]",5.263435754189945,179,10,0.91,0.89,1.35
chaina_f52e,/home/achen918/catalytic_binders/251211_paper_revision_1/computational_SSM/af3_complex/output/chaina_f52e/seed-1_sample-4/model.pdb,95.02599354838702,93.24960893854748,96.69800000000001,88.17,"[[2.529974095689897, 3.621843575418995, 2.500558659217877], [7.11854748603352, 3.24, 4.46], [10.76145251396648, 7.68, 0.8]]",5.370195530726257,179,10,0.92,0.89,1.47
chaina_f52e,/home/achen918/catalytic_binders/251211_paper_revision_1/computational_SSM/af3_complex/output/chaina_f52e/seed-1_sample-0/model.pdb,94.29671612903208,93.43670391061454,96.104,86.36,"[[2.5429668237570615, 4.046312849162011, 2.536312849162011], [8.085698324022346, 3.4330000000000003, 5.029999999999999], [12.68268156424581, 8.899999999999999, 0.8]]",6.066005586592178,179,10,0.91,0.87,1.83
chaina_f52g,/home/achen918/catalytic_binders/251211_paper_revision_1/computational_SSM/af3_complex/output/chaina_f52g/seed-1_sample-1/model.pdb,95.17791585760527,94.12553072625697,97.155,86.98,"[[2.4321026185200214, 2.639050279329609, 2.440782122905028], [5.209608938547486, 2.803, 3.63], [13.307262569832401, 8.64, 0.8]]",3.9243296089385478,179,10,0.92,0.93,0.93
chaina_f52g,/home/achen918/catalytic_binders/251211_paper_revision_1/computational_SSM/af3_complex/output/chaina_f52g/seed-1_sample-2/model.pdb,95.0886601941748,93.83966480446927,97.245,88.1,"[[2.5075933959614245, 2.6867597765363125, 2.435195530726257], [5.446312849162011, 2.918, 3.6199999999999997], [12.206703910614525, 8.120000000000001, 0.8]]",4.066536312849162,179,10,0.92,0.92,0.93
chaina_f52g,/home/achen918/catalytic_binders/251211_paper_revision_1/computational_SSM/af3_complex/output/chaina_f52g/seed-1_sample-0/model.pdb,94.8094627831716,93.82592178770948,97.058,87.45,"[[2.486426765706439, 2.8796648044692734, 2.4268156424581004], [5.732625698324022, 2.9200000000000004, 3.7599999999999993], [11.843016759776534, 8.000000000000002, 0.8]]",4.306145251396648,179,10,0.92,0.92,1.03
chaina_f52g,/home/achen918/catalytic_binders/251211_paper_revision_1/computational_SSM/af3_complex/output/chaina_f52g/seed-1_sample-4/model.pdb,95.35511326860838,93.68938547486034,97.303,89.42,"[[2.417942635997628, 2.5943575418994413, 2.3307262569832403], [5.1736871508379885, 2.7800000000000007, 3.4200000000000004], [9.26536312849162, 6.720000000000001, 0.8]]",3.884022346368715,179,10,0.93,0.93,0.92
chaina_f52g,/home/achen918/catalytic_binders/251211_paper_revision_1/computational_SSM/af3_complex/output/chaina_f52g/seed-1_sample-3/model.pdb,95.26782524271843,94.04553072625698,97.414,88.18,"[[2.4074560719078675, 2.608100558659218, 2.363128491620112], [5.1918435754189955, 2.7730000000000006, 3.5200000000000005], [12.045810055865921, 7.9, 0.8]]",3.8999720670391067,179,10,0.93,0.93,0.92
chaina_f52h,/home/achen918/catalytic_binders/251211_paper_revision_1/computational_SSM/af3_complex/output/chaina_f52h/seed-1_sample-1/model.pdb,94.48404255319161,93.77614525139666,95.667,86.21,"[[2.6250460347679536, 3.8220111731843573, 2.5564245810055866], [7.4328491620111725, 3.3440000000000003, 4.91], [12.820111731843577, 8.879999999999999, 0.8]]",5.627430167597765,179,10,0.92,0.88,1.68
chaina_f52h,/home/achen918/catalytic_binders/251211_paper_revision_1/computational_SSM/af3_complex/output/chaina_f52h/seed-1_sample-2/model.pdb,94.36499677627334,93.43653631284916,95.588,86.16,"[[2.7106176461408817, 4.381061452513967, 2.660335195530726], [8.629776536312848, 3.6270000000000007, 5.449999999999999], [12.90949720670391, 9.139999999999999, 0.8]]",6.505418994413407,179,10,0.91,0.86,1.98
chaina_f52h,/home/achen918/catalytic_binders/251211_paper_revision_1/computational_SSM/af3_complex/output/chaina_f52h/seed-1_sample-0/model.pdb,94.32219858156037,93.99966480446929,95.353,85.64,"[[2.49044661527418, 4.232513966480447, 2.470949720670391], [8.585810055865922, 3.608, 5.38], [12.305027932960895, 8.839999999999998, 0.8]]",6.409162011173184,179,10,0.92,0.86,1.97
chaina_f52h,/home/achen918/catalytic_binders/251211_paper_revision_1/computational_SSM/af3_complex/output/chaina_f52h/seed-1_sample-3/model.pdb,94.60423597678913,93.48234636871507,95.849,86.89,"[[2.645341905683343, 4.144078212290503, 2.576536312849162], [8.275921787709498, 3.619, 5.259999999999999], [12.71117318435754, 8.809999999999999, 0.8]]",6.210000000000001,179,10,0.91,0.86,1.83
chaina_f52h,/home/achen918/catalytic_binders/251211_paper_revision_1/computational_SSM/af3_complex/output/chaina_f52h/seed-1_sample-4/model.pdb,94.9769310122502,93.46826815642459,95.97099999999999,88.73,"[[2.517855247963547, 3.731508379888268, 2.4351955307262574], [7.5177653631284915, 3.3760000000000003, 4.83], [10.14245810055866, 7.58, 0.8]]",5.62463687150838,179,10,0.92,0.88,1.6
chaina_f52i,/home/achen918/catalytic_binders/251211_paper_revision_1/computational_SSM/af3_complex/output/chaina_f52i/seed-1_sample-1/model.pdb,94.84783085861838,94.00212290502793,96.76199999999999,87.16,"[[2.483187166442995, 3.7409497206703906, 2.488826815642458], [7.3681005586592185, 3.3009999999999997, 4.98], [13.060335195530728, 8.7, 0.8]]",5.554525139664804,179,10,0.92,0.88,1.59
chaina_f52i,/home/achen918/catalytic_binders/251211_paper_revision_1/computational_SSM/af3_complex/output/chaina_f52i/seed-1_sample-2/model.pdb,94.76512588766937,93.71592178770949,96.70700000000001,87.97,"[[2.5526450485315686, 3.99731843575419, 2.518994413407821], [7.946536312849162, 3.443, 5.0600000000000005], [12.632402234636873, 8.65, 0.8]]",5.971927374301676,179,10,0.92,0.87,1.72
chaina_f52i,/home/achen918/catalytic_binders/251211_paper_revision_1/computational_SSM/af3_complex/output/chaina_f52i/seed-1_sample-0/model.pdb,94.28946417043264,93.61201117318436,96.20899999999999,87.53,"[[2.545017321556755, 4.589050279329609, 2.509497206703911], [8.99385474860335, 3.7029999999999994, 5.5], [12.021229050279327, 8.65, 0.8]]",6.79145251396648,179,10,0.92,0.85,2.2
chaina_f52i,/home/achen918/catalytic_binders/251211_paper_revision_1/computational_SSM/af3_complex/output/chaina_f52i/seed-1_sample-3/model.pdb,94.95373789541638,93.71363128491619,96.96200000000002,87.92,"[[2.4915233606941105, 3.8099999999999996, 2.492178770949721], [7.69195530726257, 3.455, 5.01], [12.783240223463686, 8.54, 0.8]]",5.750977653631285,179,10,0.92,0.88,1.58
chaina_f52i,/home/achen918/catalytic_binders/251211_paper_revision_1/computational_SSM/af3_complex/output/chaina_f52i/seed-1_sample-4/model.pdb,95.01699806326673,93.39296089385476,96.824,88.64,"[[2.5175244218345245, 3.926536312849162, 2.521787709497207], [7.782458100558658, 3.444, 4.84], [10.89441340782123, 7.93, 0.8]]",5.85449720670391,179,10,0.92,0.87,1.67
chaina_f52k,/home/achen918/catalytic_binders/251211_paper_revision_1/computational_SSM/af3_complex/output/chaina_f52k/seed-1_sample-1/model.pdb,94.94036774193533,94.08156424581004,96.977,87.42,"[[2.4772572641303325, 3.392737430167598, 2.435754189944134], [6.523296089385474, 3.1039999999999996, 4.5200000000000005], [11.19832402234637, 7.739999999999999, 0.8]]",4.958016759776536,179,10,0.92,0.89,1.43
chaina_f52k,/home/achen918/catalytic_binders/251211_paper_revision_1/computational_SSM/af3_complex/output/chaina_f52k/seed-1_sample-2/model.pdb,94.69049677419338,93.80318435754191,96.875,85.22,"[[2.549783090415405, 3.866871508379888, 2.7027932960893852], [7.672625698324023, 3.3360000000000007, 5.250000000000001], [14.158659217877092, 9.41, 0.8]]",5.769748603351955,179,10,0.91,0.88,1.56
chaina_f52k,/home/achen918/catalytic_binders/251211_paper_revision_1/computational_SSM/af3_complex/output/chaina_f52k/seed-1_sample-0/model.pdb,94.34069677419355,93.94011173184357,96.73400000000001,84.99,"[[2.495374676196124, 4.087150837988827, 2.595530726256983], [7.958379888268157, 3.4390000000000005, 5.3], [13.454748603351955, 9.129999999999999, 0.8]]",6.022765363128492,179,10,0.91,0.86,1.76
chaina_f52k,/home/achen918/catalytic_binders/251211_paper_revision_1/computational_SSM/af3_complex/output/chaina_f52k/seed-1_sample-3/model.pdb,95.09292903225803,94.09011173184356,97.329,88.26,"[[2.392278642988671, 3.300614525139665, 2.322346368715084], [6.417988826815643, 3.091, 4.25], [10.294972067039106, 7.210000000000001, 0.8]]",4.859301675977654,179,10,0.92,0.9,1.38
chaina_f52k,/home/achen918/catalytic_binders/251211_paper_revision_1/computational_SSM/af3_complex/output/chaina_f52k/seed-1_sample-4/model.pdb,95.13836774193547,93.82603351955308,97.04999999999998,88.09,"[[2.394510158858962, 3.386368715083799, 2.3379888268156424], [6.773743016759776, 3.138, 4.4399999999999995], [9.61731843575419, 7.25, 0.8]]",5.080055865921787,179,10,0.92,0.89,1.44
chaina_f52l,/home/achen918/catalytic_binders/251211_paper_revision_1/computational_SSM/af3_complex/output/chaina_f52l/seed-1_sample-3/model.pdb,94.55146546158814,93.68737430167596,96.396,85.05,"[[2.471811117006336, 4.494357541899441, 2.605027932960894], [9.19100558659218, 3.765, 5.89], [13.562011173184358, 9.069999999999999, 0.8]]",6.84268156424581,179,10,0.91,0.83,2.06
chaina_f52l,/home/achen918/catalytic_binders/251211_paper_revision_1/computational_SSM/af3_complex/output/chaina_f52l/seed-1_sample-4/model.pdb,94.69261459005821,93.63145251396648,96.30199999999999,87.62,"[[2.4738428887987265, 4.35877094972067, 2.5195530726256985], [9.009106145251396, 3.72, 5.479999999999999], [10.380446927374301, 7.760000000000001, 0.8]]",6.683938547486033,179,10,0.91,0.84,2.09
chaina_f52l,/home/achen918/catalytic_binders/251211_paper_revision_1/computational_SSM/af3_complex/output/chaina_f52l/seed-1_sample-0/model.pdb,93.92945125887671,93.68720670391063,95.755,83.61,"[[2.452286133391592, 5.438994413407821, 2.61731843575419], [10.624022346368715, 4.016, 6.589999999999999], [13.502234636871508, 9.45, 0.8]]",8.031508379888269,179,10,0.91,0.78,2.49
chaina_f52l,/home/achen918/catalytic_binders/251211_paper_revision_1/computational_SSM/af3_complex/output/chaina_f52l/seed-1_sample-2/model.pdb,94.27839251129747,93.66089385474862,96.07000000000001,84.75,"[[2.5640179769670106, 5.1904469273743015, 2.734078212290503], [10.12731843575419, 3.8610000000000007, 6.51], [14.025698324022345, 9.67, 0.8]]",7.658882681564246,179,10,0.91,0.8,2.51
chaina_f52l,/home/achen918/catalytic_binders/251211_paper_revision_1/computational_SSM/af3_complex/output/chaina_f52l/seed-1_sample-1/model.pdb,94.3589606197545,93.59776536312849,96.038,84.57,"[[2.5231796760400735, 4.839217877094972, 2.6698324022346367], [9.442569832402235, 3.6590000000000003, 6.12], [14.178212290502794, 9.53, 0.8]]",7.140893854748604,179,10,0.91,0.82,2.27
chaina_f52m,/home/achen918/catalytic_binders/251211_paper_revision_1/computational_SSM/af3_complex/output/chaina_f52m/seed-1_sample-1/model.pdb,95.06978695932864,93.81212290502793,96.98499999999999,88.19,"[[2.450195062576075, 3.1115642458100554, 2.400558659217877], [6.244804469273744, 3.112, 4.13], [12.608938547486034, 8.52, 0.8]]",4.6781843575419,179,10,0.92,0.91,1.15
chaina_f52m,/home/achen918/catalytic_binders/251211_paper_revision_1/computational_SSM/af3_complex/output/chaina_f52m/seed-1_sample-2/model.pdb,94.97007101355723,93.80044692737431,97.13000000000001,88.94,"[[2.518844605349396, 3.0924581005586593, 2.4245810055865924], [6.314581005586591, 3.109, 4.01], [11.89441340782123, 8.129999999999999, 0.8]]",4.703519553072625,179,10,0.92,0.91,1.1
chaina_f52m,/home/achen918/catalytic_binders/251211_paper_revision_1/computational_SSM/af3_complex/output/chaina_f52m/seed-1_sample-0/model.pdb,94.58523563589405,93.37061452513969,96.61100000000002,88.41,"[[2.542851346712025, 3.532122905027933, 2.4474860335195534], [7.07122905027933, 3.2489999999999997, 4.380000000000001], [11.543575418994415, 8.11, 0.8]]",5.301675977653631,179,10,0.92,0.89,1.38
chaina_f52m,/home/achen918/catalytic_binders/251211_paper_revision_1/computational_SSM/af3_complex/output/chaina_f52m/seed-1_sample-3/model.pdb,95.20510006455781,93.85357541899442,97.224,89.46,"[[2.4112480883867544, 3.0039106145251395, 2.318994413407821], [6.027541899441341, 3.032, 3.95], [11.231284916201117, 7.65, 0.8]]",4.515726256983241,179,10,0.92,0.91,1.08
chaina_f52m,/home/achen918/catalytic_binders/251211_paper_revision_1/computational_SSM/af3_complex/output/chaina_f52m/seed-1_sample-4/model.pdb,95.3401549386702,93.56368715083799,97.213,89.42,"[[2.416815954558223, 2.9189944134078214, 2.362011173184358], [5.882122905027933, 2.998, 3.81], [9.683240223463686, 7.0, 0.8]]",4.400558659217877,179,10,0.92,0.92,1.08
chaina_f52n,/home/achen918/catalytic_binders/251211_paper_revision_1/computational_SSM/af3_complex/output/chaina_f52n/seed-1_sample-4/model.pdb,94.9413557133634,93.25675977653631,96.63499999999999,88.93,"[[2.4912924066040385, 3.2536312849162012, 2.412290502793296], [6.432290502793296, 3.099000000000001, 4.04], [9.67709497206704, 7.13, 0.8]]",4.842960893854748,179,10,0.92,0.9,1.28
chaina_f52n,/home/achen918/catalytic_binders/251211_paper_revision_1/computational_SSM/af3_complex/output/chaina_f52n/seed-1_sample-3/model.pdb,94.8899096191092,93.58748603351957,96.89700000000002,87.91,"[[2.50230017789707, 3.2805027932960895, 2.4307262569832404], [6.4595530726257, 3.1420000000000003, 4.2700000000000005], [12.186592178770947, 8.23, 0.8]]",4.870027932960895,179,10,0.92,0.9,1.27
chaina_f52n,/home/achen918/catalytic_binders/251211_paper_revision_1/computational_SSM/af3_complex/output/chaina_f52n/seed-1_sample-0/model.pdb,94.39459005810221,93.71100558659218,96.49300000000001,86.65,"[[2.4880996223588525, 3.414581005586592, 2.4134078212290504], [6.929553072625698, 3.212000000000001, 4.45], [11.973184357541898, 8.419999999999998, 0.8]]",5.172067039106145,179,10,0.92,0.9,1.4
chaina_f52n,/home/achen918/catalytic_binders/251211_paper_revision_1/computational_SSM/af3_complex/output/chaina_f52n/seed-1_sample-2/model.pdb,94.6773531310522,93.51977653631286,96.656,87.91,"[[2.536281639149839, 3.3282681564245813, 2.4452513966480445], [6.5807821229050285, 3.1390000000000002, 4.21], [11.936312849162011, 8.2, 0.8]]",4.9545251396648045,179,10,0.92,0.9,1.3
chaina_f52n,/home/achen918/catalytic_binders/251211_paper_revision_1/computational_SSM/af3_complex/output/chaina_f52n/seed-1_sample-1/model.pdb,94.58400258231103,93.58921787709498,96.6,87.17,"[[2.533472738054368, 3.283631284916201, 2.4720670391061454], [6.330223463687151, 3.0670000000000006, 4.25], [12.74804469273743, 8.629999999999999, 0.8]]",4.806927374301676,179,10,0.92,0.9,1.27
chaina_f52p,/home/achen918/catalytic_binders/251211_paper_revision_1/computational_SSM/af3_complex/output/chaina_f52p/seed-1_sample-2/model.pdb,94.39893410852714,93.09111731843574,95.67499999999998,88.02,"[[2.7831309884210857, 2.769329608938547, 2.5960893854748606], [5.123966480446927, 2.7910000000000004, 3.44], [12.146368715083797, 8.129999999999999, 0.8]]",3.9466480446927372,179,10,0.91,0.92,0.93
chaina_f52p,/home/achen918/catalytic_binders/251211_paper_revision_1/computational_SSM/af3_complex/output/chaina_f52p/seed-1_sample-1/model.pdb,94.0281136950906,92.51357541899442,95.16399999999999,87.43,"[[2.871352329827409, 2.8472625698324023, 2.6675977653631286], [4.968659217877095, 2.6990000000000003, 3.4299999999999997], [12.348044692737432, 8.309999999999999, 0.8]]",3.9079608938547485,179,10,0.91,0.92,0.94
chaina_f52p,/home/achen918/catalytic_binders/251211_paper_revision_1/computational_SSM/af3_complex/output/chaina_f52p/seed-1_sample-4/model.pdb,94.58054909560741,92.66843575418996,95.52100000000002,89.3,"[[2.7108548422333887, 2.7320670391061452, 2.570391061452514], [5.007932960893855, 2.6910000000000003, 3.31], [9.203910614525139, 6.489999999999999, 0.8]]",3.87,179,10,0.91,0.92,0.93
chaina_f52p,/home/achen918/catalytic_binders/251211_paper_revision_1/computational_SSM/af3_complex/output/chaina_f52p/seed-1_sample-3/model.pdb,94.65689922480615,93.13329608938548,95.76700000000001,88.17,"[[2.622873817920789, 2.6173743016759774, 2.4614525139664805], [4.794469273743017, 2.5980000000000003, 3.2399999999999998], [11.843016759776537, 7.790000000000001, 0.8]]",3.705921787709497,179,10,0.92,0.93,0.91
chaina_f52p,/home/achen918/catalytic_binders/251211_paper_revision_1/computational_SSM/af3_complex/output/chaina_f52p/seed-1_sample-0/model.pdb,93.97609173126602,92.42854748603351,94.82600000000001,87.33,"[[2.8514871570799913, 2.9202234636871514, 2.6217877094972066], [5.246256983240223, 2.7710000000000004, 3.5199999999999996], [12.072625698324023, 8.08, 0.8]]",4.0832402234636875,179,10,0.91,0.92,0.98
chaina_f52q,/home/achen918/catalytic_binders/251211_paper_revision_1/computational_SSM/af3_complex/output/chaina_f52q/seed-1_sample-3/model.pdb,94.83265806451612,93.81625698324022,96.863,86.18,"[[2.507293779844574, 3.6601117318435756, 2.572625698324023], [7.487541899441341, 3.431, 5.0600000000000005], [13.864804469273745, 9.03, 0.8]]",5.573826815642459,179,10,0.92,0.88,1.56
chaina_f52q,/home/achen918/catalytic_binders/251211_paper_revision_1/computational_SSM/af3_complex/output/chaina_f52q/seed-1_sample-4/model.pdb,94.83621935483887,93.29351955307263,96.738,88.07,"[[2.554542617271621, 3.8690502793296093, 2.5391061452513966], [7.830949720670392, 3.4629999999999996, 4.89], [10.920670391061453, 7.87, 0.8]]",5.8500000000000005,179,10,0.91,0.87,1.74
chaina_f52q,/home/achen918/catalytic_binders/251211_paper_revision_1/computational_SSM/af3_complex/output/chaina_f52q/seed-1_sample-0/model.pdb,93.88334193548378,93.20284916201118,95.98299999999999,85.35,"[[2.64577884585375, 4.75195530726257, 2.6910614525139662], [9.381620111731843, 3.7920000000000003, 5.72], [13.543575418994415, 9.389999999999999, 0.8]]",7.0667877094972065,179,10,0.91,0.83,2.24
chaina_f52q,/home/achen918/catalytic_binders/251211_paper_revision_1/computational_SSM/af3_complex/output/chaina_f52q/seed-1_sample-2/model.pdb,94.53800645161293,93.66463687150836,96.529,86.57,"[[2.596236072532068, 4.112067039106146, 2.623463687150838], [8.287486033519553, 3.4989999999999997, 5.29], [13.578212290502794, 9.059999999999999, 0.8]]",6.199776536312849,179,10,0.91,0.86,1.89
chaina_f52q,/home/achen918/catalytic_binders/251211_paper_revision_1/computational_SSM/af3_complex/output/chaina_f52q/seed-1_sample-1/model.pdb,94.66536774193548,93.7840223463687,96.67,86.84,"[[2.540825816922069, 3.7512849162011173, 2.5324022346368715], [7.361229050279329, 3.309, 4.93], [13.212849162011175, 8.85, 0.8]]",5.556256983240223,179,10,0.92,0.88,1.57
chaina_f52r,/home/achen918/catalytic_binders/251211_paper_revision_1/computational_SSM/af3_complex/output/chaina_f52r/seed-1_sample-0/model.pdb,94.96369201030934,94.15279329608937,97.19300000000001,87.8,"[[2.423819481289598, 3.182625698324022, 2.36536312849162], [6.31731843575419, 3.037, 4.2700000000000005], [11.785474860335196, 7.999999999999998, 0.8]]",4.749972067039106,179,10,0.92,0.9,1.26
chaina_f52r,/home/achen918/catalytic_binders/251211_paper_revision_1/computational_SSM/af3_complex/output/chaina_f52r/seed-1_sample-3/model.pdb,95.14361469072158,93.95312849162012,97.318,87.32,"[[2.4172123217128054, 2.988659217877095, 2.4558659217877095], [6.121899441340783, 3.029, 4.210000000000001], [12.94413407821229, 8.459999999999999, 0.8]]",4.555279329608939,179,10,0.92,0.91,1.12
chaina_f52r,/home/achen918/catalytic_binders/251211_paper_revision_1/computational_SSM/af3_complex/output/chaina_f52r/seed-1_sample-4/model.pdb,95.39478737113386,93.87636871508381,97.27400000000002,89.88,"[[2.395068818076839, 3.0234078212290503, 2.3201117318435753], [5.9440223463687145, 2.903, 3.8], [8.992737430167598, 6.76, 0.8]]",4.483715083798883,179,10,0.92,0.91,1.15
chaina_f52r,/home/achen918/catalytic_binders/251211_paper_revision_1/computational_SSM/af3_complex/output/chaina_f52r/seed-1_sample-1/model.pdb,95.13530283505145,94.04111731843575,97.14900000000002,86.85,"[[2.431135108142692, 3.0932402234636873, 2.4849162011173185], [6.058826815642457, 2.925, 4.22], [13.561452513966481, 8.83, 0.8]]",4.576033519553072,179,10,0.92,0.91,1.17
chaina_f52r,/home/achen918/catalytic_binders/251211_paper_revision_1/computational_SSM/af3_complex/output/chaina_f52r/seed-1_sample-2/model.pdb,94.8564175257732,93.87843575418994,97.12,87.54,"[[2.554183702131644, 3.3020111731843578, 2.5502793296089385], [6.529106145251397, 3.0890000000000004, 4.39], [12.703910614525139, 8.55, 0.8]]",4.9155586592178775,179,10,0.92,0.9,1.26
chaina_f52s,/home/achen918/catalytic_binders/251211_paper_revision_1/computational_SSM/af3_complex/output/chaina_f52s/seed-1_sample-4/model.pdb,95.31641241111826,93.69932960893856,97.13000000000001,89.38,"[[2.4377266627133984, 3.003184357541899, 2.3748603351955304], [6.010279329608939, 3.0070000000000006, 3.8599999999999994], [9.773743016759777, 7.05, 0.8]]",4.506731843575419,179,10,0.92,0.91,1.11
chaina_f52s,/home/achen918/catalytic_binders/251211_paper_revision_1/computational_SSM/af3_complex/output/chaina_f52s/seed-1_sample-3/model.pdb,95.15834518422751,94.02597765363129,97.15599999999999,87.35,"[[2.468702599794014, 3.184860335195531, 2.475418994413408], [6.324022346368715, 3.0940000000000003, 4.22], [12.829608938547485, 8.39, 0.8]]",4.754441340782123,179,10,0.92,0.91,1.17
chaina_f52s,/home/achen918/catalytic_binders/251211_paper_revision_1/computational_SSM/af3_complex/output/chaina_f52s/seed-1_sample-0/model.pdb,94.50218487394949,93.8759776536313,96.662,86.32,"[[2.562601042414406, 3.509106145251397, 2.5245810055865925], [7.144078212290503, 3.278, 4.58], [12.582681564245808, 8.61, 0.8]]",5.32659217877095,179,10,0.92,0.89,1.39
chaina_f52s,/home/achen918/catalytic_binders/251211_paper_revision_1/computational_SSM/af3_complex/output/chaina_f52s/seed-1_sample-2/model.pdb,95.01563025210079,93.86296089385476,96.898,87.79,"[[2.5032895352829185, 3.1157541899441337, 2.4441340782122905], [6.394748603351956, 3.1250000000000004, 4.13], [12.238547486033521, 8.18, 0.8]]",4.7552513966480445,179,10,0.92,0.91,1.18
chaina_f52s,/home/achen918/catalytic_binders/251211_paper_revision_1/computational_SSM/af3_complex/output/chaina_f52s/seed-1_sample-1/model.pdb,95.03124757595353,94.10240223463688,96.91799999999999,87.01,"[[2.4742267719484414, 3.015586592178771, 2.467597765363129], [6.000223463687151, 3.012, 4.06], [13.196648044692736, 8.620000000000001, 0.8]]",4.507905027932961,179,10,0.92,0.91,1.13
chaina_f52t,/home/achen918/catalytic_binders/251211_paper_revision_1/computational_SSM/af3_complex/output/chaina_f52t/seed-1_sample-3/model.pdb,95.41759689922486,94.20877094972069,97.499,87.63,"[[2.4079804001123564, 2.6810055865921787, 2.4055865921787705], [5.235921787709497, 2.786, 3.6199999999999997], [12.721229050279332, 8.36, 0.8]]",3.9584636871508376,179,10,0.93,0.93,0.92
chaina_f52t,/home/achen918/catalytic_binders/251211_paper_revision_1/computational_SSM/af3_complex/output/chaina_f52t/seed-1_sample-4/model.pdb,95.50193798449611,94.1046368715084,97.326,90.26,"[[2.3800193502075464, 2.596256983240223, 2.2519553072625698], [5.052569832402235, 2.7070000000000003, 3.2800000000000002], [8.23072625698324, 6.159999999999998, 0.8]]",3.824413407821229,179,10,0.93,0.93,0.92
chaina_f52t,/home/achen918/catalytic_binders/251211_paper_revision_1/computational_SSM/af3_complex/output/chaina_f52t/seed-1_sample-0/model.pdb,94.87218346253235,94.03106145251395,97.01700000000001,87.06,"[[2.494063855684904, 2.9941340782122907, 2.446927374301676], [5.738212290502793, 2.9060000000000006, 3.8500000000000005], [12.257541899441343, 8.18, 0.8]]",4.366173184357542,179,10,0.92,0.92,1.04
chaina_f52t,/home/achen918/catalytic_binders/251211_paper_revision_1/computational_SSM/af3_complex/output/chaina_f52t/seed-1_sample-2/model.pdb,95.16277131782938,94.22312849162013,97.347,87.9,"[[2.4782934365344405, 2.689776536312849, 2.419553072625698], [5.272513966480447, 2.833, 3.59], [12.102793296089386, 8.099999999999998, 0.8]]",3.981145251396648,179,10,0.93,0.93,0.92
chaina_f52t,/home/achen918/catalytic_binders/251211_paper_revision_1/computational_SSM/af3_complex/output/chaina_f52t/seed-1_sample-1/model.pdb,95.28222868217047,94.34743016759776,97.28,87.06,"[[2.4226335008270654, 2.6336871508379884, 2.4156424581005584], [5.058826815642457, 2.7249999999999996, 3.59], [13.037988826815644, 8.53, 0.8]]",3.846256983240223,179,10,0.93,0.93,0.92
chaina_f52v,/home/achen918/catalytic_binders/251211_paper_revision_1/computational_SSM/af3_complex/output/chaina_f52v/seed-1_sample-0/model.pdb,94.56704134366927,93.81072625698323,96.15200000000002,86.11,"[[2.5041665366249495, 3.782346368715084, 2.5234636871508385], [7.62754189944134, 3.4079999999999995, 4.680000000000001], [12.523463687150837, 8.76, 0.8]]",5.704944134078212,179,10,0.92,0.88,1.57
chaina_f52v,/home/achen918/catalytic_binders/251211_paper_revision_1/computational_SSM/af3_complex/output/chaina_f52v/seed-1_sample-3/model.pdb,95.27352713178291,94.22972067039103,97.00999999999999,86.89,"[[2.4069660747167694, 3.187597765363128, 2.46536312849162], [6.387988826815643, 3.1009999999999995, 4.27], [13.231284916201117, 8.639999999999999, 0.8]]",4.787793296089386,179,10,0.92,0.91,1.18
chaina_f52v,/home/achen918/catalytic_binders/251211_paper_revision_1/computational_SSM/af3_complex/output/chaina_f52v/seed-1_sample-4/model.pdb,95.28930232558156,93.7377653631285,96.798,89.04,"[[2.4423582285197094, 3.1900000000000004, 2.37877094972067], [6.290670391061452, 3.069, 4.029999999999999], [9.579888268156425, 7.1, 0.8]]",4.740335195530726,179,10,0.92,0.91,1.21
chaina_f52v,/home/achen918/catalytic_binders/251211_paper_revision_1/computational_SSM/af3_complex/output/chaina_f52v/seed-1_sample-1/model.pdb,95.04509043927636,94.00256983240223,96.53799999999998,86.27,"[[2.475518866452358, 3.33145251396648, 2.530167597765363], [6.560502793296089, 3.1490000000000005, 4.41], [13.603351955307263, 8.95, 0.8]]",4.945977653631284,179,10,0.92,0.9,1.27
chaina_f52v,/home/achen918/catalytic_binders/251211_paper_revision_1/computational_SSM/af3_complex/output/chaina_f52v/seed-1_sample-2/model.pdb,95.10444444444437,94.06837988826817,96.735,86.96,"[[2.5087575294154365, 3.237094972067039, 2.5139664804469275], [6.4701675977653625, 3.130000000000001, 4.27], [13.074860335195531, 8.75, 0.8]]",4.853631284916201,179,10,0.92,0.9,1.22
chaina_f52w,/home/achen918/catalytic_binders/251211_paper_revision_1/computational_SSM/af3_complex/output/chaina_f52w/seed-1_sample-2/model.pdb,95.46317684887478,94.63703910614524,97.797,87.64,"[[2.378770949720671, 2.2723463687150836, 2.3307262569832403], [4.154581005586592, 2.3680000000000003, 2.89], [12.021787709497207, 7.709999999999999, 0.8]]",3.2134636871508375,179,10,0.93,0.94,0.83
chaina_f52w,/home/achen918/catalytic_binders/251211_paper_revision_1/computational_SSM/af3_complex/output/chaina_f52w/seed-1_sample-1/model.pdb,95.54861736334405,94.44927374301675,97.68,86.29,"[[2.363802627883025, 2.2552513966480445, 2.3491620111731844], [4.048659217877095, 2.361, 3.01], [12.704469273743019, 7.970000000000001, 0.8]]",3.1519553072625697,179,10,0.93,0.94,0.84
chaina_f52w,/home/achen918/catalytic_binders/251211_paper_revision_1/computational_SSM/af3_complex/output/chaina_f52w/seed-1_sample-3/model.pdb,95.66627009646294,94.40877094972066,97.90299999999999,87.18,"[[2.328276271027746, 2.258994413407821, 2.3262569832402233], [4.238435754189944, 2.423, 3.03], [12.214525139664804, 7.6899999999999995, 0.8]]",3.2487150837988823,179,10,0.93,0.94,0.84
chaina_f52w,/home/achen918/catalytic_binders/251211_paper_revision_1/computational_SSM/af3_complex/output/chaina_f52w/seed-1_sample-4/model.pdb,95.88375562700958,94.44312849162012,97.767,89.74,"[[2.264183390031522, 2.14145251396648, 2.153631284916201], [3.8073184357541896, 2.2479999999999998, 2.71], [8.625698324022347, 5.9, 0.8]]",2.974385474860335,179,10,0.94,0.95,0.81
chaina_f52w,/home/achen918/catalytic_binders/251211_paper_revision_1/computational_SSM/af3_complex/output/chaina_f52w/seed-1_sample-0/model.pdb,95.61297749196132,94.73296089385477,97.829,88.42,"[[2.3256171779907, 2.2360335195530725, 2.2340782122905027], [4.050837988826816, 2.352, 2.92], [10.884916201117319, 7.130000000000001, 0.8]]",3.143435754189944,179,10,0.93,0.94,0.83
chaina_f52y,/home/achen918/catalytic_binders/251211_paper_revision_1/computational_SSM/af3_complex/output/chaina_f52y/seed-1_sample-0/model.pdb,93.95449452672247,94.16720670391062,95.18699999999998,84.32,"[[2.3053150650728758, 5.78022346368715, 2.184916201117318], [11.65703910614525, 4.208, 7.760000000000001], [12.465921787709497, 9.440000000000001, 0.8]]",8.7186312849162,179,10,0.92,0.76,2.77
chaina_f52y,/home/achen918/catalytic_binders/251211_paper_revision_1/computational_SSM/af3_complex/output/chaina_f52y/seed-1_sample-3/model.pdb,94.1304571796522,94.02648044692738,95.15899999999999,83.8,"[[2.3161449392965263, 5.932849162011173, 2.2480446927374302], [11.871508379888269, 4.349, 7.610000000000001], [13.144134078212291, 9.66, 0.8]]",8.902178770949721,179,10,0.92,0.75,2.67
chaina_f52y,/home/achen918/catalytic_binders/251211_paper_revision_1/computational_SSM/af3_complex/output/chaina_f52y/seed-1_sample-4/model.pdb,94.0402189311011,93.9503910614525,94.957,83.19,"[[2.3474454605037294, 6.354692737430168, 2.3413407821229053], [12.374804469273743, 4.393, 8.049999999999999], [13.953072625698326, 10.14, 0.8]]",9.364748603351956,179,10,0.91,0.73,2.94
chaina_f52y,/home/achen918/catalytic_binders/251211_paper_revision_1/computational_SSM/af3_complex/output/chaina_f52y/seed-1_sample-1/model.pdb,94.09706374758542,94.36932960893856,94.586,83.65,"[[2.277847133360382, 5.84949720670391, 2.212290502793296], [11.256703910614526, 4.005, 6.230000000000001], [13.811173184357541, 8.91, 0.8]]",8.553100558659217,179,10,0.92,0.76,2.31
chaina_f52y,/home/achen918/catalytic_binders/251211_paper_revision_1/computational_SSM/af3_complex/output/chaina_f52y/seed-1_sample-2/model.pdb,94.33101738570494,94.33910614525138,95.506,85.53,"[[2.2534003308261292, 5.531117318435753, 2.129050279329609], [11.1863687150838, 4.13, 7.42], [12.617877094972066, 9.39, 0.8]]",8.358743016759776,179,10,0.92,0.77,2.48
chaina_i155a,/home/achen918/catalytic_binders/251211_paper_revision_1/computational_SSM/af3_complex/output/chaina_i155a/seed-1_sample-2/model.pdb,94.23142672692047,94.00279329608938,96.537,82.65,"[[2.604559782778315, 4.558491620111732, 2.7748603351955308], [9.58804469273743, 3.7769999999999997, 6.08], [14.23072625698324, 9.34, 0.8]]",7.0732681564245805,179,10,0.91,0.82,2.3
chaina_i155a,/home/achen918/catalytic_binders/251211_paper_revision_1/computational_SSM/af3_complex/output/chaina_i155a/seed-1_sample-1/model.pdb,94.31581020012904,94.23067039106145,96.55999999999999,83.12,"[[2.630823008020973, 3.9959217877094977, 2.716201117318436], [8.311899441340781, 3.522, 5.5600000000000005], [14.14189944134078, 9.059999999999999, 0.8]]",6.15391061452514,179,10,0.91,0.85,2.03
chaina_i155a,/home/achen918/catalytic_binders/251211_paper_revision_1/computational_SSM/af3_complex/output/chaina_i155a/seed-1_sample-4/model.pdb,95.14158166559072,94.56435754189944,97.221,88.09,"[[2.383209013451515, 3.4735754189944137, 2.3681564245810054], [7.50536312849162, 3.3659999999999997, 4.709999999999999], [10.310055865921788, 7.31, 0.8]]",5.489469273743017,179,10,0.92,0.87,1.84
chaina_i155a,/home/achen918/catalytic_binders/251211_paper_revision_1/computational_SSM/af3_complex/output/chaina_i155a/seed-1_sample-3/model.pdb,94.35434473854095,94.07469273743015,96.988,84.48,"[[2.674669954121282, 3.9681005586592177, 2.689385474860335], [8.12754189944134, 3.536, 5.3100000000000005], [13.5804469273743, 8.599999999999998, 0.8]]",6.047821229050279,179,10,0.91,0.85,2.01
chaina_i155a,/home/achen918/catalytic_binders/251211_paper_revision_1/computational_SSM/af3_complex/output/chaina_i155a/seed-1_sample-0/model.pdb,94.14612007746938,94.01586592178771,96.309,82.79,"[[2.5266845604069785, 4.442849162011173, 2.6737430167597767], [9.332178770949719, 3.727, 5.8900000000000015], [13.75921787709497, 9.18, 0.8]]",6.887513966480446,179,10,0.91,0.82,2.26
chaina_i155d,/home/achen918/catalytic_binders/251211_paper_revision_1/computational_SSM/af3_complex/output/chaina_i155d/seed-1_sample-1/model.pdb,94.18954252577308,94.0932402234637,96.65,83.62,"[[2.6949034050123277, 3.888212290502793, 2.706145251396648], [7.76586592178771, 3.403, 5.06], [13.73072625698324, 8.86, 0.8]]",5.827039106145252,179,10,0.91,0.85,2.0
chaina_i155d,/home/achen918/catalytic_binders/251211_paper_revision_1/computational_SSM/af3_complex/output/chaina_i155d/seed-1_sample-2/model.pdb,94.2070360824743,93.97430167597764,96.551,84.4,"[[2.7254829749383602, 4.2362569832402235, 2.7268156424581003], [8.591787709497206, 3.5980000000000003, 5.430000000000001], [13.937988826815642, 9.05, 0.8]]",6.414022346368714,179,10,0.91,0.84,2.11
chaina_i155d,/home/achen918/catalytic_binders/251211_paper_revision_1/computational_SSM/af3_complex/output/chaina_i155d/seed-1_sample-0/model.pdb,93.86505798969078,93.70659217877095,96.30499999999999,83.05,"[[2.6539309010330516, 4.245027932960894, 2.6944134078212296], [8.822625698324023, 3.6540000000000004, 5.48], [13.364804469273745, 8.809999999999999, 0.8]]",6.533826815642458,179,10,0.91,0.83,2.18
chaina_i155d,/home/achen918/catalytic_binders/251211_paper_revision_1/computational_SSM/af3_complex/output/chaina_i155d/seed-1_sample-4/model.pdb,94.57979381443307,93.72782122905028,96.731,83.47,"[[2.659848319340845, 4.222122905027933, 2.7513966480446927], [8.538044692737431, 3.5600000000000005, 5.45], [14.603910614525141, 9.47, 0.8]]",6.380083798882682,179,10,0.91,0.84,2.16
chaina_i155d,/home/achen918/catalytic_binders/251211_paper_revision_1/computational_SSM/af3_complex/output/chaina_i155d/seed-1_sample-3/model.pdb,94.25412371134017,93.6372625698324,96.851,84.58,"[[2.7571580162916267, 4.146927374301676, 2.7363128491620117], [8.127932960893855, 3.523, 5.249999999999999], [13.893854748603353, 8.9, 0.8]]",6.137430167597765,179,10,0.91,0.84,2.1
chaina_i155e,/home/achen918/catalytic_binders/251211_paper_revision_1/computational_SSM/af3_complex/output/chaina_i155e/seed-1_sample-2/model.pdb,94.27471345782351,93.63564245810058,96.59200000000001,84.43,"[[2.7637682968696358, 3.8497765363128496, 2.7625698324022347], [7.676927374301677, 3.3999999999999995, 4.95], [13.413966480446927, 8.599999999999998, 0.8]]",5.763351955307263,179,10,0.91,0.86,1.8
chaina_i155e,/home/achen918/catalytic_binders/251211_paper_revision_1/computational_SSM/af3_complex/output/chaina_i155e/seed-1_sample-1/model.pdb,94.32148100450738,93.95251396648045,96.70599999999999,84.59,"[[2.7301675977653628, 3.5293296089385473, 2.7195530726256987], [7.044525139664805, 3.26, 4.7700000000000005], [13.663128491620114, 8.669999999999998, 0.8]]",5.286927374301676,179,10,0.91,0.88,1.54
chaina_i155e,/home/achen918/catalytic_binders/251211_paper_revision_1/computational_SSM/af3_complex/output/chaina_i155e/seed-1_sample-4/model.pdb,95.02022537025117,93.75385474860335,97.03900000000002,88.84,"[[2.565372491495272, 3.3979329608938547, 2.493854748603352], [6.834022346368715, 3.175, 4.360000000000001], [10.169832402234638, 7.139999999999999, 0.8]]",5.115977653631285,179,10,0.92,0.88,1.57
chaina_i155e,/home/achen918/catalytic_binders/251211_paper_revision_1/computational_SSM/af3_complex/output/chaina_i155e/seed-1_sample-3/model.pdb,94.85530585962651,94.01078212290503,97.139,86.01,"[[2.569083361942511, 3.3236871508379893, 2.5497206703910615], [6.690279329608939, 3.1830000000000003, 4.5], [12.802793296089385, 8.1, 0.8]]",5.006983240223464,179,10,0.92,0.89,1.47
chaina_i155e,/home/achen918/catalytic_binders/251211_paper_revision_1/computational_SSM/af3_complex/output/chaina_i155e/seed-1_sample-0/model.pdb,94.29665808113324,93.79067039106144,96.489,84.56,"[[2.6189070253737396, 3.817877094972067, 2.622905027932961], [7.819888268156424, 3.3790000000000004, 4.99], [12.807262569832401, 8.48, 0.8]]",5.818882681564245,179,10,0.91,0.87,1.89
chaina_i155f,/home/achen918/catalytic_binders/251211_paper_revision_1/computational_SSM/af3_complex/output/chaina_i155f/seed-1_sample-2/model.pdb,94.30758199356922,94.08664804469275,96.38900000000001,83.79,"[[2.7346493555132483, 4.826983240223464, 2.7268156424581007], [9.759106145251396, 3.8960000000000004, 6.25], [13.94804469273743, 9.150000000000002, 0.8]]",7.29304469273743,179,10,0.91,0.81,2.36
chaina_i155f,/home/achen918/catalytic_binders/251211_paper_revision_1/computational_SSM/af3_complex/output/chaina_i155f/seed-1_sample-1/model.pdb,94.48668167202554,94.36921787709497,96.44500000000001,83.71,"[[2.687016634936488, 4.124916201117319, 2.6737430167597767], [8.600782122905029, 3.638, 5.74], [14.203351955307262, 9.17, 0.8]]",6.362849162011174,179,10,0.91,0.84,2.1
chaina_i155f,/home/achen918/catalytic_binders/251211_paper_revision_1/computational_SSM/af3_complex/output/chaina_i155f/seed-1_sample-4/model.pdb,94.9331704180065,94.07899441340781,96.88500000000002,84.43,"[[2.605948628319965, 4.13731843575419, 2.6055865921787706], [8.49050279329609, 3.6090000000000004, 5.64], [14.060335195530728, 9.080000000000002, 0.8]]",6.31391061452514,179,10,0.91,0.84,2.14
chaina_i155f,/home/achen918/catalytic_binders/251211_paper_revision_1/computational_SSM/af3_complex/output/chaina_i155f/seed-1_sample-3/model.pdb,94.35514469453393,93.84430167597763,96.658,84.52,"[[2.7742704659654813, 4.714748603351956, 2.744692737430168], [9.536648044692736, 3.9199999999999995, 6.13], [13.785474860335198, 9.02, 0.8]]",7.125698324022347,179,10,0.9,0.81,2.32
chaina_i155f,/home/achen918/catalytic_binders/251211_paper_revision_1/computational_SSM/af3_complex/output/chaina_i155f/seed-1_sample-0/model.pdb,93.87047588424453,93.84849162011174,96.184,83.72,"[[2.839152960269655, 5.071005586592179, 2.7916201117318433], [9.868603351955306, 3.8719999999999994, 6.38], [13.614525139664805, 9.2, 0.8]]",7.469804469273742,179,10,0.9,0.8,2.48
chaina_i155g,/home/achen918/catalytic_binders/251211_paper_revision_1/computational_SSM/af3_complex/output/chaina_i155g/seed-1_sample-3/model.pdb,94.77370155038749,93.83798882681566,97.132,85.63,"[[2.6439031241222186, 3.723463687150838, 2.6], [7.603631284916201, 3.5290000000000004, 4.99], [12.97877094972067, 8.42, 0.8]]",5.6635474860335195,179,10,0.91,0.86,1.84
chaina_i155g,/home/achen918/catalytic_binders/251211_paper_revision_1/computational_SSM/af3_complex/output/chaina_i155g/seed-1_sample-4/model.pdb,94.84259689922501,93.91536312849163,96.941,83.35,"[[2.630195686776318, 4.0360893854748605, 2.7402234636871508], [8.307709497206705, 3.623, 5.43], [14.543016759776535, 9.4, 0.8]]",6.171899441340782,179,10,0.91,0.85,2.08
chaina_i155g,/home/achen918/catalytic_binders/251211_paper_revision_1/computational_SSM/af3_complex/output/chaina_i155g/seed-1_sample-0/model.pdb,94.24627906976755,93.94692737430168,96.643,83.61,"[[2.6323928716332197, 4.110391061452514, 2.6983240223463687], [8.537430167597766, 3.6459999999999995, 5.489999999999999], [13.564804469273742, 8.959999999999999, 0.8]]",6.32391061452514,179,10,0.91,0.84,2.07
chaina_i155g,/home/achen918/catalytic_binders/251211_paper_revision_1/computational_SSM/af3_complex/output/chaina_i155g/seed-1_sample-2/model.pdb,94.28419250645993,93.72184357541899,96.62200000000001,83.28,"[[2.7468743172809837, 4.17072625698324, 2.8033519553072623], [8.526703910614525, 3.698000000000001, 5.430000000000001], [13.893854748603353, 9.09, 0.8]]",6.348715083798883,179,10,0.91,0.84,2.09
chaina_i155g,/home/achen918/catalytic_binders/251211_paper_revision_1/computational_SSM/af3_complex/output/chaina_i155g/seed-1_sample-1/model.pdb,94.58873385012917,94.2917877094972,96.82700000000001,84.17,"[[2.635264192753035, 3.572346368715084, 2.6446927374301676], [7.400167597765363, 3.492, 4.96], [13.8268156424581, 8.87, 0.8]]",5.4862569832402235,179,10,0.91,0.87,1.68
chaina_i155h,/home/achen918/catalytic_binders/251211_paper_revision_1/computational_SSM/af3_complex/output/chaina_i155h/seed-1_sample-2/model.pdb,94.04231016731005,93.76491620111733,96.345,82.88,"[[2.746094066976686, 4.901061452513966, 2.8715083798882683], [9.742067039106145, 3.765000000000001, 6.139999999999999], [14.364245810055865, 9.49, 0.8]]",7.321564245810055,179,10,0.9,0.81,2.42
chaina_i155h,/home/achen918/catalytic_binders/251211_paper_revision_1/computational_SSM/af3_complex/output/chaina_i155h/seed-1_sample-1/model.pdb,93.85217503217487,93.82083798882682,96.33000000000001,83.09,"[[2.8705221435036363, 4.457374301675977, 2.911173184357542], [8.632290502793296, 3.5539999999999994, 5.66], [14.363128491620111, 9.370000000000001, 0.8]]",6.544832402234636,179,10,0.9,0.84,2.2
chaina_i155h,/home/achen918/catalytic_binders/251211_paper_revision_1/computational_SSM/af3_complex/output/chaina_i155h/seed-1_sample-3/model.pdb,94.07110038610047,93.5726815642458,96.76,83.91,"[[2.823142224025467, 4.444916201117318, 2.870391061452514], [8.529329608938548, 3.573, 5.54], [14.206145251396649, 9.22, 0.8]]",6.487122905027933,179,10,0.9,0.84,2.2
chaina_i155h,/home/achen918/catalytic_binders/251211_paper_revision_1/computational_SSM/af3_complex/output/chaina_i155h/seed-1_sample-4/model.pdb,94.7660424710424,93.77759776536314,96.926,88.04,"[[2.658659217877095, 4.062849162011173, 2.605027932960894], [8.134692737430166, 3.497, 5.08], [11.187709497206704, 7.989999999999999, 0.8]]",6.09877094972067,179,10,0.91,0.85,2.09
chaina_i155h,/home/achen918/catalytic_binders/251211_paper_revision_1/computational_SSM/af3_complex/output/chaina_i155h/seed-1_sample-0/model.pdb,93.82243243243263,93.77731843575418,96.236,82.59,"[[2.6850472831684407, 4.8305586592178775, 2.7798882681564248], [9.461899441340782, 3.6950000000000007, 5.930000000000001], [13.611731843575418, 9.2, 0.8]]",7.146229050279329,179,10,0.91,0.81,2.43
chaina_i155k,/home/achen918/catalytic_binders/251211_paper_revision_1/computational_SSM/af3_complex/output/chaina_i155k/seed-1_sample-0/model.pdb,93.9802511268513,93.79586592178771,96.20100000000001,81.63,"[[2.608074030148872, 4.902346368715084, 2.816201117318436], [9.722681564245809, 3.665, 6.21], [14.26536312849162, 9.55, 0.8]]",7.312513966480447,179,10,0.91,0.8,2.53
chaina_i155k,/home/achen918/catalytic_binders/251211_paper_revision_1/computational_SSM/af3_complex/output/chaina_i155k/seed-1_sample-3/model.pdb,93.91360592401817,93.25245810055867,96.506,82.72,"[[2.83511438469461, 4.706648044692737, 2.933519553072625], [9.10536312849162, 3.639, 5.8], [14.405027932960893, 9.370000000000001, 0.8]]",6.906005586592178,179,10,0.9,0.81,2.25
chaina_i155k,/home/achen918/catalytic_binders/251211_paper_revision_1/computational_SSM/af3_complex/output/chaina_i155k/seed-1_sample-4/model.pdb,94.74486799742438,93.75340782122905,96.774,88.06,"[[2.5858993165007336, 4.096871508379888, 2.5692737430167596], [8.303575418994415, 3.4420000000000006, 5.06], [11.010614525139665, 7.769999999999999, 0.8]]",6.200223463687151,179,10,0.91,0.84,2.09
chaina_i155k,/home/achen918/catalytic_binders/251211_paper_revision_1/computational_SSM/af3_complex/output/chaina_i155k/seed-1_sample-1/model.pdb,93.97389568576973,93.80329608938548,96.179,82.64,"[[2.7465278861458757, 4.462849162011174, 2.8603351955307255], [8.823296089385476, 3.51, 5.74], [14.511731843575419, 9.43, 0.8]]",6.643072625698325,179,10,0.91,0.83,2.26
chaina_i155k,/home/achen918/catalytic_binders/251211_paper_revision_1/computational_SSM/af3_complex/output/chaina_i155k/seed-1_sample-2/model.pdb,93.50382485511923,93.4427374301676,96.027,81.36,"[[2.844271402265847, 5.437206703910615, 2.9916201117318435], [10.505251396648045, 3.878, 6.55], [14.397206703910616, 9.56, 0.8]]",7.97122905027933,179,10,0.9,0.78,2.65
chaina_i155l,/home/achen918/catalytic_binders/251211_paper_revision_1/computational_SSM/af3_complex/output/chaina_i155l/seed-1_sample-1/model.pdb,95.30723582474243,94.34519553072626,97.50300000000001,87.75,"[[2.5027277550638245, 2.590223463687151, 2.4251396648044694], [5.068379888268157, 2.7770000000000006, 3.5100000000000002], [12.453631284916202, 8.08, 0.8]]",3.829301675977654,179,10,0.93,0.93,0.9
chaina_i155l,/home/achen918/catalytic_binders/251211_paper_revision_1/computational_SSM/af3_complex/output/chaina_i155l/seed-1_sample-2/model.pdb,95.26764819587645,94.22340782122905,97.52000000000001,88.34,"[[2.5220342685933645, 2.655586592178771, 2.401675977653631], [5.314804469273743, 2.832, 3.4800000000000004], [11.260335195530725, 7.510000000000001, 0.8]]",3.9851955307262568,179,10,0.92,0.93,0.93
chaina_i155l,/home/achen918/catalytic_binders/251211_paper_revision_1/computational_SSM/af3_complex/output/chaina_i155l/seed-1_sample-0/model.pdb,95.05253865979368,94.10363128491619,97.443,88.66,"[[2.520511219999376, 2.684748603351956, 2.3569832402234634], [5.256759776536313, 2.8130000000000006, 3.54], [10.325698324022346, 7.1, 0.8]]",3.9707541899441345,179,10,0.92,0.93,0.94
chaina_i155l,/home/achen918/catalytic_binders/251211_paper_revision_1/computational_SSM/af3_complex/output/chaina_i155l/seed-1_sample-4/model.pdb,95.49784149484547,93.97340782122905,97.611,89.71,"[[2.475678037514435, 2.560335195530726, 2.3569832402234634], [4.977430167597764, 2.718000000000001, 3.2599999999999993], [9.264245810055867, 6.4, 0.8]]",3.768882681564245,179,10,0.93,0.93,0.91
chaina_i155l,/home/achen918/catalytic_binders/251211_paper_revision_1/computational_SSM/af3_complex/output/chaina_i155l/seed-1_sample-3/model.pdb,95.26018041237118,93.95016759776537,97.609,88.57,"[[2.5126806279454454, 2.66413407821229, 2.413966480446927], [5.190167597765363, 2.8120000000000003, 3.5099999999999993], [11.280446927374301, 7.459999999999999, 0.8]]",3.927150837988827,179,10,0.92,0.93,0.92
chaina_i155m,/home/achen918/catalytic_binders/251211_paper_revision_1/computational_SSM/af3_complex/output/chaina_i155m/seed-1_sample-1/model.pdb,94.93613402061858,94.33413407821227,97.087,85.21,"[[2.5551262444992355, 2.9788826815642455, 2.574301675977654], [6.011731843575419, 3.0500000000000007, 4.19], [13.65810055865922, 8.76, 0.8]]",4.495307262569832,179,10,0.92,0.91,1.06
chaina_i155m,/home/achen918/catalytic_binders/251211_paper_revision_1/computational_SSM/af3_complex/output/chaina_i155m/seed-1_sample-2/model.pdb,94.95415592783525,94.2254189944134,97.14699999999999,86.01,"[[2.5769607690146996, 3.114748603351955, 2.5681564245810056], [6.4568156424581, 3.195, 4.279999999999999], [12.779888268156425, 8.23, 0.8]]",4.785782122905028,179,10,0.92,0.9,1.13
chaina_i155m,/home/achen918/catalytic_binders/251211_paper_revision_1/computational_SSM/af3_complex/output/chaina_i155m/seed-1_sample-0/model.pdb,94.66391108247423,93.98815642458099,96.871,86.23,"[[2.581704690864829, 3.3281564245810054, 2.5435754189944135], [6.883631284916201, 3.2670000000000003, 4.52], [12.026815642458102, 8.1, 0.8]]",5.1058938547486035,179,10,0.92,0.9,1.27
chaina_i155m,/home/achen918/catalytic_binders/251211_paper_revision_1/computational_SSM/af3_complex/output/chaina_i155m/seed-1_sample-4/model.pdb,95.35960051546381,93.9294972067039,97.39199999999998,89.04,"[[2.478234137511314, 2.9471508379888265, 2.3944134078212294], [5.9418435754189955, 3.0140000000000002, 3.8699999999999997], [9.575977653631284, 6.659999999999999, 0.8]]",4.444497206703911,179,10,0.92,0.91,1.09
chaina_i155m,/home/achen918/catalytic_binders/251211_paper_revision_1/computational_SSM/af3_complex/output/chaina_i155m/seed-1_sample-3/model.pdb,94.88490335051544,93.89195530726256,97.227,86.48,"[[2.591872912830436, 3.21, 2.569832402234637], [6.317877094972067, 3.1620000000000004, 4.26], [12.700000000000001, 8.14, 0.8]]",4.763938547486033,179,10,0.92,0.9,1.14
chaina_i155n,/home/achen918/catalytic_binders/251211_paper_revision_1/computational_SSM/af3_complex/output/chaina_i155n/seed-1_sample-0/model.pdb,94.24357603092758,93.93391061452515,96.59599999999999,84.13,"[[2.6189288723822606, 3.891731843575419, 2.6547486033519556], [7.9346368715083795, 3.437, 5.06], [13.081564245810059, 8.559999999999999, 0.8]]",5.913184357541899,179,10,0.91,0.86,1.94
chaina_i155n,/home/achen918/catalytic_binders/251211_paper_revision_1/computational_SSM/af3_complex/output/chaina_i155n/seed-1_sample-4/model.pdb,94.82650128865986,93.82273743016762,96.93,88.68,"[[2.6162635373427796, 3.4323463687150837, 2.529608938547486], [6.979664804469273, 3.263, 4.380000000000001], [10.316759776536312, 7.26, 0.8]]",5.206005586592179,179,10,0.91,0.88,1.58
chaina_i155n,/home/achen918/catalytic_binders/251211_paper_revision_1/computational_SSM/af3_complex/output/chaina_i155n/seed-1_sample-3/model.pdb,94.34026417525769,93.55888268156423,96.987,85.27,"[[2.8011391654442748, 3.6424581005586587, 2.7687150837988828], [7.117988826815643, 3.3139999999999996, 4.71], [13.461452513966483, 8.59, 0.8]]",5.380223463687151,179,10,0.91,0.88,1.52
chaina_i155n,/home/achen918/catalytic_binders/251211_paper_revision_1/computational_SSM/af3_complex/output/chaina_i155n/seed-1_sample-1/model.pdb,93.99550902061867,93.80167597765363,96.46700000000001,84.18,"[[2.860313348522206, 3.7577653631284913, 2.831843575418995], [7.41927374301676, 3.391, 4.950000000000001], [13.831284916201119, 8.78, 0.8]]",5.588519553072626,179,10,0.91,0.87,1.63
chaina_i155n,/home/achen918/catalytic_binders/251211_paper_revision_1/computational_SSM/af3_complex/output/chaina_i155n/seed-1_sample-2/model.pdb,93.89123067010287,93.44391061452514,96.376,83.78,"[[2.863371929715053, 4.183854748603352, 2.9022346368715084], [8.39441340782123, 3.5939999999999994, 5.29], [13.881564245810058, 9.01, 0.8]]",6.289134078212291,179,10,0.9,0.85,1.98
chaina_i155p,/home/achen918/catalytic_binders/251211_paper_revision_1/computational_SSM/af3_complex/output/chaina_i155p/seed-1_sample-1/model.pdb,93.27309477756278,93.83446927374303,95.97699999999999,81.93,"[[3.6061858244124716, 4.798659217877094, 3.431843575418995], [8.910167597765364, 3.6210000000000004, 5.660000000000001], [15.119553072625695, 9.440000000000001, 0.8]]",6.854413407821228,179,10,0.88,0.83,2.23
chaina_i155p,/home/achen918/catalytic_binders/251211_paper_revision_1/computational_SSM/af3_complex/output/chaina_i155p/seed-1_sample-2/model.pdb,93.14454545454542,93.69385474860336,95.724,80.89,"[[3.5650572703723356, 5.19217877094972, 3.4592178770949724], [9.690335195530727, 3.801, 6.0600000000000005], [15.203910614525137, 9.71, 0.8]]",7.4412569832402236,179,10,0.88,0.8,2.38
chaina_i155p,/home/achen918/catalytic_binders/251211_paper_revision_1/computational_SSM/af3_complex/output/chaina_i155p/seed-1_sample-0/model.pdb,92.28388136686026,93.12469273743017,95.386,80.07,"[[3.9852969632658155, 5.759553072625698, 3.773184357541899], [10.11391061452514, 3.7790000000000004, 6.45], [15.190502793296089, 9.82, 0.8]]",7.936731843575419,179,10,0.87,0.79,2.72
chaina_i155p,/home/achen918/catalytic_binders/251211_paper_revision_1/computational_SSM/af3_complex/output/chaina_i155p/seed-1_sample-4/model.pdb,94.35479045776924,93.7413407821229,96.56,86.81,"[[3.0040760275896505, 3.9854189944134077, 2.826815642458101], [7.8276536312849165, 3.4170000000000003, 4.86], [11.847486033519555, 7.859999999999999, 0.8]]",5.906536312849163,179,10,0.9,0.86,1.89
chaina_i155p,/home/achen918/catalytic_binders/251211_paper_revision_1/computational_SSM/af3_complex/output/chaina_i155p/seed-1_sample-3/model.pdb,93.22798839458417,93.64648044692738,96.25,82.44,"[[3.6849286851221867, 5.049664804469273, 3.494413407821229], [9.274134078212288, 3.783, 5.9], [15.320111731843577, 9.64, 0.8]]",7.161899441340781,179,10,0.88,0.82,2.28
chaina_i155q,/home/achen918/catalytic_binders/251211_paper_revision_1/computational_SSM/af3_complex/output/chaina_i155q/seed-1_sample-1/model.pdb,94.23283966516418,93.82854748603353,96.598,84.33,"[[2.7349115196154927, 3.5465921787709496, 2.7379888268156427], [7.0110614525139665, 3.2450000000000006, 4.78], [13.845251396648045, 8.95, 0.8]]",5.278826815642458,179,10,0.91,0.88,1.49
chaina_i155q,/home/achen918/catalytic_binders/251211_paper_revision_1/computational_SSM/af3_complex/output/chaina_i155q/seed-1_sample-2/model.pdb,94.08955569864779,93.54949720670392,96.56400000000001,84.52,"[[2.7801285852501483, 3.8033519553072628, 2.787709497206704], [7.617150837988826, 3.397, 4.9399999999999995], [13.679329608938547, 8.93, 0.8]]",5.710251396648045,179,10,0.91,0.87,1.7
chaina_i155q,/home/achen918/catalytic_binders/251211_paper_revision_1/computational_SSM/af3_complex/output/chaina_i155q/seed-1_sample-0/model.pdb,94.08362524146814,93.65284916201118,96.45700000000002,84.3,"[[2.6347898005680217, 3.835754189944134, 2.64804469273743], [7.721508379888268, 3.356, 4.950000000000001], [12.867039106145251, 8.569999999999999, 0.8]]",5.778631284916202,179,10,0.91,0.87,1.9
chaina_i155q,/home/achen918/catalytic_binders/251211_paper_revision_1/computational_SSM/af3_complex/output/chaina_i155q/seed-1_sample-3/model.pdb,94.567012234385,93.66139664804469,97.06899999999999,85.75,"[[2.6705502325145907, 3.492569832402235, 2.6430167597765366], [6.830614525139665, 3.2250000000000005, 4.619999999999999], [13.220111731843573, 8.47, 0.8]]",5.16159217877095,179,10,0.91,0.89,1.47
chaina_i155q,/home/achen918/catalytic_binders/251211_paper_revision_1/computational_SSM/af3_complex/output/chaina_i155q/seed-1_sample-4/model.pdb,94.82929169349653,93.63882681564245,97.026,88.67,"[[2.6103055460191626, 3.385754189944134, 2.5424581005586595], [6.732737430167598, 3.19, 4.29], [9.91340782122905, 7.01, 0.8]]",5.059245810055866,179,10,0.91,0.89,1.52
chaina_i155r,/home/achen918/catalytic_binders/251211_paper_revision_1/computational_SSM/af3_complex/output/chaina_i155r/seed-1_sample-2/model.pdb,93.93836012861745,93.50301675977654,96.451,83.07,"[[2.777126182079211, 4.7317877094972065, 2.863128491620112], [9.210167597765361, 3.6770000000000005, 5.840000000000001], [14.169832402234634, 9.249999999999998, 0.8]]",6.970977653631284,179,10,0.91,0.82,2.29
chaina_i155r,/home/achen918/catalytic_binders/251211_paper_revision_1/computational_SSM/af3_complex/output/chaina_i155r/seed-1_sample-1/model.pdb,94.25945980707382,93.88525139664806,96.558,83.49,"[[2.7087419244093502, 4.172793296089385, 2.7810055865921792], [8.19899441340782, 3.4790000000000005, 5.450000000000001], [14.383240223463684, 9.260000000000002, 0.8]]",6.185893854748603,179,10,0.91,0.85,2.09
chaina_i155r,/home/achen918/catalytic_binders/251211_paper_revision_1/computational_SSM/af3_complex/output/chaina_i155r/seed-1_sample-4/model.pdb,94.68758842443715,93.54301675977652,96.77799999999999,87.67,"[[2.6634405917418302, 4.110279329608939, 2.6709497206703907], [8.086648044692737, 3.466, 5.069999999999999], [11.794413407821228, 8.28, 0.8]]",6.098463687150838,179,10,0.91,0.85,2.04
chaina_i155r,/home/achen918/catalytic_binders/251211_paper_revision_1/computational_SSM/af3_complex/output/chaina_i155r/seed-1_sample-3/model.pdb,94.41533762057882,93.58508379888268,96.878,84.83,"[[2.690059611123248, 4.272234636871508, 2.722905027932961], [8.269608938547485, 3.489, 5.45], [13.887150837988829, 9.0, 0.8]]",6.270921787709496,179,10,0.91,0.85,2.14
chaina_i155r,/home/achen918/catalytic_binders/251211_paper_revision_1/computational_SSM/af3_complex/output/chaina_i155r/seed-1_sample-0/model.pdb,94.11819292604486,93.69011173184357,96.374,83.22,"[[2.591985268874255, 4.844525139664805, 2.71731843575419], [9.33877094972067, 3.611, 5.9399999999999995], [13.888826815642458, 9.33, 0.8]]",7.091648044692738,179,10,0.91,0.82,2.4
chaina_i155s,/home/achen918/catalytic_binders/251211_paper_revision_1/computational_SSM/af3_complex/output/chaina_i155s/seed-1_sample-0/model.pdb,94.34430322580637,93.97837988826814,96.54400000000001,84.0,"[[2.5642083580412596, 3.909217877094972, 2.6094972067039106], [8.127374301675978, 3.4890000000000003, 5.1899999999999995], [13.326256983240226, 8.690000000000001, 0.8]]",6.018296089385475,179,10,0.92,0.86,2.03
chaina_i155s,/home/achen918/catalytic_binders/251211_paper_revision_1/computational_SSM/af3_complex/output/chaina_i155s/seed-1_sample-3/model.pdb,94.61733548387079,93.86044692737428,97.044,85.07,"[[2.6603570425392467, 3.746983240223464, 2.6659217877094976], [7.529776536312848, 3.409, 4.97], [13.592178770949722, 8.59, 0.8]]",5.638379888268156,179,10,0.91,0.87,1.81
chaina_i155s,/home/achen918/catalytic_binders/251211_paper_revision_1/computational_SSM/af3_complex/output/chaina_i155s/seed-1_sample-4/model.pdb,94.92204516129024,93.90424581005587,97.038,88.27,"[[2.582631628226335, 3.5720111731843573, 2.522905027932961], [7.243575418994413, 3.3369999999999997, 4.6], [10.73463687150838, 7.470000000000001, 0.8]]",5.407793296089386,179,10,0.92,0.87,1.78
chaina_i155s,/home/achen918/catalytic_binders/251211_paper_revision_1/computational_SSM/af3_complex/output/chaina_i155s/seed-1_sample-1/model.pdb,94.48254838709697,94.23871508379888,96.75900000000001,84.13,"[[2.6786492306731997, 3.478435754189944, 2.666480446927374], [7.036033519553072, 3.2909999999999995, 4.780000000000001], [13.768715083798883, 8.7, 0.8]]",5.257234636871508,179,10,0.91,0.88,1.57
chaina_i155s,/home/achen918/catalytic_binders/251211_paper_revision_1/computational_SSM/af3_complex/output/chaina_i155s/seed-1_sample-2/model.pdb,94.03461290322586,93.53016759776537,96.493,83.69,"[[2.838781561124809, 4.337541899441341, 2.865363128491621], [8.593072625698323, 3.6180000000000003, 5.4399999999999995], [14.06312849162011, 9.02, 0.8]]",6.465307262569832,179,10,0.9,0.84,2.15
chaina_i155t,/home/achen918/catalytic_binders/251211_paper_revision_1/computational_SSM/af3_complex/output/chaina_i155t/seed-1_sample-0/model.pdb,93.97980657640234,93.74072625698324,96.399,83.55,"[[2.7032364782622262, 4.416703910614525, 2.7519553072625698], [8.869441340782123, 3.6470000000000002, 5.55], [13.48435754189944, 8.98, 0.8]]",6.6430726256983235,179,10,0.91,0.84,2.1
chaina_i155t,/home/achen918/catalytic_binders/251211_paper_revision_1/computational_SSM/af3_complex/output/chaina_i155t/seed-1_sample-4/model.pdb,94.90808510638298,93.7331284916201,96.993,88.8,"[[2.604740800848912, 3.717262569832402, 2.53463687150838], [7.665139664804469, 3.42, 4.8], [9.83463687150838, 7.15, 0.8]]",5.691201117318435,179,10,0.91,0.87,1.81
chaina_i155t,/home/achen918/catalytic_binders/251211_paper_revision_1/computational_SSM/af3_complex/output/chaina_i155t/seed-1_sample-3/model.pdb,94.38700838168928,93.4510055865922,96.84100000000001,85.31,"[[2.733051402890047, 4.175307262569833, 2.735195530726257], [8.164972067039107, 3.55, 5.23], [13.272625698324024, 8.64, 0.8]]",6.17013966480447,179,10,0.91,0.85,1.96
chaina_i155t,/home/achen918/catalytic_binders/251211_paper_revision_1/computational_SSM/af3_complex/output/chaina_i155t/seed-1_sample-1/model.pdb,94.45508704061888,94.14670391061453,96.78099999999999,83.82,"[[2.649171374176836, 3.738379888268157, 2.6977653631284917], [7.523687150837989, 3.3569999999999998, 5.02], [13.815083798882682, 8.88, 0.8]]",5.631033519553073,179,10,0.91,0.87,1.81
chaina_i155t,/home/achen918/catalytic_binders/251211_paper_revision_1/computational_SSM/af3_complex/output/chaina_i155t/seed-1_sample-2/model.pdb,94.25127659574454,93.87865921787709,96.585,84.41,"[[2.7375487656440187, 4.277709497206704, 2.7670391061452513], [8.62027932960894, 3.593000000000001, 5.410000000000001], [13.659217877094973, 8.870000000000001, 0.8]]",6.448994413407822,179,10,0.91,0.85,2.04
chaina_i155v,/home/achen918/catalytic_binders/251211_paper_revision_1/computational_SSM/af3_complex/output/chaina_i155v/seed-1_sample-2/model.pdb,95.35978723404267,94.26212290502792,97.46999999999998,88.42,"[[2.485147155207391, 2.8027932960893853, 2.389944134078212], [5.574748603351955, 2.8709999999999996, 3.66], [11.146927374301677, 7.489999999999999, 0.8]]",4.18877094972067,179,10,0.92,0.92,1.02
chaina_i155v,/home/achen918/catalytic_binders/251211_paper_revision_1/computational_SSM/af3_complex/output/chaina_i155v/seed-1_sample-1/model.pdb,95.40150225660854,94.30301675977653,97.47099999999999,88.02,"[[2.4472207484160915, 2.719720670391062, 2.3960893854748604], [5.308715083798882, 2.7990000000000004, 3.65], [12.105027932960894, 7.959999999999999, 0.8]]",4.014217877094972,179,10,0.93,0.92,0.99
chaina_i155v,/home/achen918/catalytic_binders/251211_paper_revision_1/computational_SSM/af3_complex/output/chaina_i155v/seed-1_sample-4/model.pdb,95.47894906511932,93.7108938547486,97.503,89.39,"[[2.4795512000249675, 2.760614525139665, 2.398882681564246], [5.397486033519553, 2.8229999999999995, 3.46], [9.15977653631285, 6.489999999999999, 0.8]]",4.079050279329609,179,10,0.92,0.92,1.0
chaina_i155v,/home/achen918/catalytic_binders/251211_paper_revision_1/computational_SSM/af3_complex/output/chaina_i155v/seed-1_sample-3/model.pdb,95.43568665377187,93.90418994413407,97.59199999999998,88.47,"[[2.467822477450766, 2.7983798882681565, 2.4134078212290495], [5.42072625698324, 2.8440000000000003, 3.6400000000000006], [11.61731843575419, 7.749999999999998, 0.8]]",4.109553072625698,179,10,0.92,0.92,1.01
chaina_i155v,/home/achen918/catalytic_binders/251211_paper_revision_1/computational_SSM/af3_complex/output/chaina_i155v/seed-1_sample-0/model.pdb,94.93992907801422,93.94893854748604,97.29400000000001,88.68,"[[2.5206235760431945, 2.916480446927374, 2.361452513966481], [5.846648044692738, 2.9759999999999995, 3.7900000000000005], [10.236312849162012, 7.220000000000001, 0.8]]",4.381564245810056,179,10,0.92,0.92,1.1
chaina_i155w,/home/achen918/catalytic_binders/251211_paper_revision_1/computational_SSM/af3_complex/output/chaina_i155w/seed-1_sample-1/model.pdb,93.6343581514761,93.71899441340784,93.949,82.55,"[[2.5783839455697386, 6.608603351955308, 2.6519553072625697], [12.569441340782122, 4.172999999999999, 7.029999999999999], [14.473743016759778, 8.7, 0.8]]",9.589022346368715,179,10,0.9,0.72,2.57
chaina_i155w,/home/achen918/catalytic_binders/251211_paper_revision_1/computational_SSM/af3_complex/output/chaina_i155w/seed-1_sample-2/model.pdb,93.37771501925548,93.45324022346367,95.667,82.52,"[[2.7266689554008927, 6.387094972067038, 2.7195530726256982], [12.26927374301676, 4.359, 7.860000000000001], [13.792737430167596, 9.849999999999998, 0.8]]",9.328184357541899,179,10,0.9,0.73,3.16
chaina_i155w,/home/achen918/catalytic_binders/251211_paper_revision_1/computational_SSM/af3_complex/output/chaina_i155w/seed-1_sample-0/model.pdb,93.29930038510915,93.52508379888268,95.49100000000001,82.92,"[[2.6869760619206646, 6.387206703910615, 2.658659217877095], [11.960167597765361, 4.155, 7.68], [13.346368715083798, 9.59, 0.8]]",9.173687150837988,179,10,0.9,0.73,3.22
chaina_i155w,/home/achen918/catalytic_binders/251211_paper_revision_1/computational_SSM/af3_complex/output/chaina_i155w/seed-1_sample-3/model.pdb,93.50574454428782,93.22379888268155,95.88199999999999,82.77,"[[2.715383414999532, 6.205642458100558, 2.724581005586592], [11.838826815642458, 4.2940000000000005, 7.67], [13.955865921787712, 9.760000000000002, 0.8]]",9.022234636871508,179,10,0.9,0.74,2.92
chaina_i155w,/home/achen918/catalytic_binders/251211_paper_revision_1/computational_SSM/af3_complex/output/chaina_i155w/seed-1_sample-4/model.pdb,93.87844030808739,93.59011173184356,95.951,82.76,"[[2.6202958709153896, 6.424972067039106, 2.6743016759776537], [12.161620111731844, 4.168, 7.94], [14.454748603351959, 10.03, 0.8]]",9.293296089385475,179,10,0.91,0.73,3.16
chaina_i155y,/home/achen918/catalytic_binders/251211_paper_revision_1/computational_SSM/af3_complex/output/chaina_i155y/seed-1_sample-1/model.pdb,93.91129177377897,93.99435754189943,95.796,81.15,"[[2.605867482288318, 5.547932960893855, 2.8379888268156424], [10.732122905027932, 3.8649999999999993, 7.13], [14.910614525139664, 9.9, 0.8]]",8.140027932960894,179,10,0.91,0.77,2.97
chaina_i155y,/home/achen918/catalytic_binders/251211_paper_revision_1/computational_SSM/af3_complex/output/chaina_i155y/seed-1_sample-2/model.pdb,93.44069408740377,93.45346368715083,95.566,80.44,"[[2.7377422677194847, 6.707541899441341, 2.96927374301676], [12.450949720670392, 4.263999999999999, 8.04], [14.531843575418993, 9.989999999999998, 0.8]]",9.579245810055866,179,10,0.9,0.72,3.54
chaina_i155y,/home/achen918/catalytic_binders/251211_paper_revision_1/computational_SSM/af3_complex/output/chaina_i155y/seed-1_sample-0/model.pdb,93.46660025706952,93.6441340782123,95.63199999999999,80.26,"[[2.59775600012484, 6.571899441340782, 2.863687150837989], [12.069441340782124, 4.122000000000001, 7.83], [14.330167597765366, 9.95, 0.8]]",9.320670391061453,179,10,0.91,0.72,3.42
chaina_i155y,/home/achen918/catalytic_binders/251211_paper_revision_1/computational_SSM/af3_complex/output/chaina_i155y/seed-1_sample-4/model.pdb,94.29936375321329,93.40832402234636,96.14099999999999,86.73,"[[2.6552417215442716, 5.81, 2.6888268156424577], [10.867765363128491, 3.880000000000001, 6.890000000000001], [12.206145251396649, 9.02, 0.8]]",8.338882681564245,179,10,0.91,0.77,3.03
chaina_i155y,/home/achen918/catalytic_binders/251211_paper_revision_1/computational_SSM/af3_complex/output/chaina_i155y/seed-1_sample-3/model.pdb,93.77280205655535,93.33731843575417,96.10999999999999,81.42,"[[2.7386660840797723, 6.059217877094972, 2.9491620111731844], [11.327486033519552, 4.086, 7.390000000000001], [14.699441340782123, 9.84, 0.8]]",8.693351955307262,179,10,0.9,0.75,3.09
chaina_l22a,/home/achen918/catalytic_binders/251211_paper_revision_1/computational_SSM/af3_complex/output/chaina_l22a/seed-1_sample-1/model.pdb,94.36170432537091,93.56687150837989,89.78800000000001,84.94,"[[2.574710527137105, 3.1977094972067035, 2.515642458100559], [6.93972067039106, 3.312000000000001, 4.62], [14.059217877094975, 9.229999999999999, 0.8]]",5.068715083798882,179,10,0.92,0.9,1.19
chaina_l22a,/home/achen918/catalytic_binders/251211_paper_revision_1/computational_SSM/af3_complex/output/chaina_l22a/seed-1_sample-2/model.pdb,94.71677856681734,93.79351955307263,90.699,87.56,"[[2.514468961642895, 2.91340782122905, 2.3608938547486034], [6.473240223463687, 3.2539999999999996, 4.3199999999999985], [12.85754189944134, 8.440000000000001, 0.8]]",4.693324022346369,179,10,0.92,0.91,1.06
chaina_l22a,/home/achen918/catalytic_binders/251211_paper_revision_1/computational_SSM/af3_complex/output/chaina_l22a/seed-1_sample-0/model.pdb,93.71106520335691,92.7877094972067,89.345,84.65,"[[2.780372023345089, 3.9273184357541897, 2.688268156424581], [8.087988826815643, 3.5680000000000005, 5.24], [14.378770949720671, 9.8, 0.8]]",6.007653631284916,179,10,0.91,0.88,1.47
chaina_l22a,/home/achen918/catalytic_binders/251211_paper_revision_1/computational_SSM/af3_complex/output/chaina_l22a/seed-1_sample-4/model.pdb,94.22176242737241,92.4854748603352,89.763,84.28,"[[2.760188508473518, 4.026201117318435, 2.7860335195530728], [8.43195530726257, 3.661, 5.35], [14.731284916201117, 9.86, 0.8]]",6.229078212290503,179,10,0.91,0.87,1.47
chaina_l22a,/home/achen918/catalytic_binders/251211_paper_revision_1/computational_SSM/af3_complex/output/chaina_l22a/seed-1_sample-3/model.pdb,94.74287927695305,93.47111731843576,91.247,85.17,"[[2.5743235229861736, 3.1599441340782124, 2.5553072625698325], [6.80782122905028, 3.4, 4.63], [14.22513966480447, 9.31, 0.8]]",4.983882681564246,179,10,0.92,0.9,1.11
chaina_l22d,/home/achen918/catalytic_binders/251211_paper_revision_1/computational_SSM/af3_complex/output/chaina_l22d/seed-1_sample-0/model.pdb,94.29041237113421,94.29324022346367,94.772,84.22,"[[2.2975344090384198, 6.607486033519554, 2.1994413407821227], [12.230949720670392, 4.4, 8.05], [13.040782122905028, 9.66, 0.8]]",9.419217877094972,179,10,0.92,0.72,2.66
chaina_l22d,/home/achen918/catalytic_binders/251211_paper_revision_1/computational_SSM/af3_complex/output/chaina_l22d/seed-1_sample-4/model.pdb,94.24614690721651,93.97463687150838,95.215,82.53,"[[2.3657001966230764, 7.716368715083799, 2.4], [13.43759776536313, 4.601, 9.08], [14.562569832402234, 10.620000000000001, 0.8]]",10.576983240223464,179,10,0.91,0.68,3.07
chaina_l22d,/home/achen918/catalytic_binders/251211_paper_revision_1/computational_SSM/af3_complex/output/chaina_l22d/seed-1_sample-3/model.pdb,94.27682989690732,94.20078212290504,95.553,83.09,"[[2.3222589806810023, 7.377262569832402, 2.3240223463687153], [13.442681564245811, 4.787, 8.879999999999999], [13.943016759776537, 10.280000000000001, 0.8]]",10.409972067039106,179,10,0.91,0.69,3.0
chaina_l22d,/home/achen918/catalytic_binders/251211_paper_revision_1/computational_SSM/af3_complex/output/chaina_l22d/seed-1_sample-1/model.pdb,93.76797036082473,93.67737430167598,93.903,83.51,"[[2.383848818701039, 6.778715083798883, 2.3424581005586598], [12.975083798882682, 4.502000000000001, 7.65], [14.187709497206704, 10.46, 0.8]]",9.876899441340782,179,10,0.91,0.7,2.97
chaina_l22d,/home/achen918/catalytic_binders/251211_paper_revision_1/computational_SSM/af3_complex/output/chaina_l22d/seed-1_sample-2/model.pdb,94.42097293814422,94.38486033519553,95.764,85.17,"[[2.4020442557972594, 6.946033519553073, 2.288826815642458], [12.283296089385473, 4.442, 8.23], [13.412849162011174, 9.929999999999998, 0.8]]",9.614664804469273,179,10,0.91,0.72,2.73
chaina_l22e,/home/achen918/catalytic_binders/251211_paper_revision_1/computational_SSM/af3_complex/output/chaina_l22e/seed-1_sample-1/model.pdb,94.28034127495144,94.37469273743017,96.629,83.5,"[[2.1588152679379546, 6.0003351955307265, 2.170949720670391], [12.909720670391062, 4.843, 7.9], [13.856424581005587, 9.97, 0.8]]",9.455027932960894,179,10,0.92,0.73,2.66
chaina_l22e,/home/achen918/catalytic_binders/251211_paper_revision_1/computational_SSM/af3_complex/output/chaina_l22e/seed-1_sample-2/model.pdb,94.73203477141031,94.77670391061451,96.39199999999998,84.7,"[[2.131643831341094, 6.774301675977654, 2.0692737430167596], [12.14614525139665, 4.571000000000001, 7.620000000000002], [12.830167597765362, 9.33, 0.8]]",9.460223463687152,179,10,0.92,0.71,2.75
chaina_l22e,/home/achen918/catalytic_binders/251211_paper_revision_1/computational_SSM/af3_complex/output/chaina_l22e/seed-1_sample-0/model.pdb,94.48903412749543,94.36290502793295,95.083,83.84,"[[2.17372741175369, 5.05245810055866, 2.1111731843575416], [11.536592178770949, 4.608, 7.1899999999999995], [13.04022346368715, 8.610000000000001, 0.8]]",8.294525139664804,179,10,0.92,0.77,2.24
chaina_l22e,/home/achen918/catalytic_binders/251211_paper_revision_1/computational_SSM/af3_complex/output/chaina_l22e/seed-1_sample-4/model.pdb,94.27592401802957,94.12011173184358,96.32300000000001,86.68,"[[2.2588527199525608, 6.160893854748603, 2.154748603351955], [12.66268156424581, 4.778999999999999, 7.459999999999999], [9.747486033519554, 8.120000000000001, 0.8]]",9.411787709497206,179,10,0.92,0.72,2.59
chaina_l22e,/home/achen918/catalytic_binders/251211_paper_revision_1/computational_SSM/af3_complex/output/chaina_l22e/seed-1_sample-3/model.pdb,94.07624597553126,94.36871508379889,95.752,83.86,"[[2.1989138915764177, 6.051117318435754, 2.1553072625698326], [13.169106145251398, 4.928999999999999, 7.8], [12.3268156424581, 8.469999999999999, 0.8]]",9.610111731843576,179,10,0.92,0.71,2.67
chaina_l22f,/home/achen918/catalytic_binders/251211_paper_revision_1/computational_SSM/af3_complex/output/chaina_l22f/seed-1_sample-2/model.pdb,94.32086173633436,93.63798882681564,95.37400000000001,85.22,"[[2.6357261009331796, 5.536871508379888, 2.6614525139664806], [10.91418994413408, 4.239000000000001, 7.18], [13.668156424581008, 9.78, 0.8]]",8.225530726256984,179,10,0.91,0.78,2.57
chaina_l22f,/home/achen918/catalytic_binders/251211_paper_revision_1/computational_SSM/af3_complex/output/chaina_l22f/seed-1_sample-1/model.pdb,94.38697749196135,93.7899441340782,95.273,85.13,"[[2.5720732811085796, 5.250670391061453, 2.56927374301676], [10.354189944134077, 4.047000000000001, 6.859999999999999], [13.592737430167597, 9.57, 0.8]]",7.802430167597765,179,10,0.91,0.79,2.45
chaina_l22f,/home/achen918/catalytic_binders/251211_paper_revision_1/computational_SSM/af3_complex/output/chaina_l22f/seed-1_sample-4/model.pdb,94.52009646302248,93.72720670391062,95.326,83.61,"[[2.47922661589838, 5.397374301675978, 2.6379888268156426], [10.916536312849162, 4.218999999999999, 7.160000000000001], [14.448603351955308, 10.129999999999999, 0.8]]",8.156955307262571,179,10,0.91,0.78,2.47
chaina_l22f,/home/achen918/catalytic_binders/251211_paper_revision_1/computational_SSM/af3_complex/output/chaina_l22f/seed-1_sample-3/model.pdb,94.60993569131836,93.81195530726256,95.737,85.64,"[[2.5086420523704, 5.071787709497206, 2.5195530726256985], [10.46469273743017, 4.221, 6.879999999999998], [13.271508379888271, 9.19, 0.8]]",7.768240223463688,179,10,0.91,0.8,2.27
chaina_l22f,/home/achen918/catalytic_binders/251211_paper_revision_1/computational_SSM/af3_complex/output/chaina_l22f/seed-1_sample-0/model.pdb,93.57109967845679,93.33055865921787,94.753,84.45,"[[2.673739895758559, 6.319497206703911, 2.64804469273743], [12.332234636871512, 4.53, 7.970000000000001], [13.124022346368713, 9.919999999999998, 0.8]]",9.325865921787711,179,10,0.9,0.73,2.81
chaina_l22g,/home/achen918/catalytic_binders/251211_paper_revision_1/computational_SSM/af3_complex/output/chaina_l22g/seed-1_sample-1/model.pdb,94.75589793281635,93.9609497206704,89.142,85.94,"[[2.4851783652195625, 2.6874301675977654, 2.4039106145251394], [5.708379888268157, 2.991, 3.9200000000000004], [13.595530726256985, 8.749999999999998, 0.8]]",4.197905027932961,179,10,0.92,0.92,0.93
chaina_l22g,/home/achen918/catalytic_binders/251211_paper_revision_1/computational_SSM/af3_complex/output/chaina_l22g/seed-1_sample-2/model.pdb,94.88537467700245,93.89530726256984,89.503,87.15,"[[2.49173558877688, 2.719832402234637, 2.384357541899441], [6.091396648044692, 3.1970000000000005, 4.08], [13.457541899441342, 8.72, 0.8]]",4.405614525139665,179,10,0.92,0.92,0.93
chaina_l22g,/home/achen918/catalytic_binders/251211_paper_revision_1/computational_SSM/af3_complex/output/chaina_l22g/seed-1_sample-0/model.pdb,94.25656976744179,93.26871508379888,88.382,85.76,"[[2.692487750070223, 3.056815642458101, 2.566480446927374], [6.178491620111732, 3.131, 4.2], [13.472067039106145, 8.84, 0.8]]",4.617653631284917,179,10,0.91,0.91,1.01
chaina_l22g,/home/achen918/catalytic_binders/251211_paper_revision_1/computational_SSM/af3_complex/output/chaina_l22g/seed-1_sample-3/model.pdb,94.87476098191232,93.513687150838,89.24300000000001,86.13,"[[2.5762741487469176, 2.9075418994413407, 2.5268156424581], [6.266256983240224, 3.2739999999999996, 4.220000000000001], [14.039664804469274, 9.09, 0.8]]",4.586899441340782,179,10,0.92,0.92,0.97
chaina_l22g,/home/achen918/catalytic_binders/251211_paper_revision_1/computational_SSM/af3_complex/output/chaina_l22g/seed-1_sample-4/model.pdb,95.0080167958656,93.39072625698321,89.37099999999998,90.41,"[[2.5206360600480635, 2.8564804469273746, 2.367039106145251], [5.843854748603352, 3.01, 3.91], [9.435754189944134, 6.81, 0.8]]",4.350167597765363,179,10,0.92,0.92,0.98
chaina_l22h,/home/achen918/catalytic_binders/251211_paper_revision_1/computational_SSM/af3_complex/output/chaina_l22h/seed-1_sample-1/model.pdb,93.92650579150576,93.15351955307263,93.131,83.6,"[[2.556149932898474, 6.280614525139664, 2.51731843575419], [11.610670391061452, 4.297, 7.92], [13.967039106145249, 10.22, 0.8]]",8.945642458100558,179,10,0.91,0.74,2.82
chaina_l22h,/home/achen918/catalytic_binders/251211_paper_revision_1/computational_SSM/af3_complex/output/chaina_l22h/seed-1_sample-2/model.pdb,93.95328828828836,93.29681564245809,94.178,83.69,"[[2.5910271215005776, 6.1951396648044685, 2.547486033519553], [11.615307262569834, 4.391, 7.909999999999999], [13.986592178770952, 10.27, 0.8]]",8.90522346368715,179,10,0.91,0.75,2.81
chaina_l22h,/home/achen918/catalytic_binders/251211_paper_revision_1/computational_SSM/af3_complex/output/chaina_l22h/seed-1_sample-0/model.pdb,93.1161132561133,92.64234636871508,92.44500000000001,82.12,"[[2.593814175587528, 7.2257541899441335, 2.536312849162011], [13.274134078212288, 4.763999999999999, 8.81], [13.635754189944135, 10.629999999999999, 0.8]]",10.249944134078211,179,10,0.9,0.69,3.13
chaina_l22h,/home/achen918/catalytic_binders/251211_paper_revision_1/computational_SSM/af3_complex/output/chaina_l22h/seed-1_sample-4/model.pdb,93.86528314028331,92.9950837988827,93.773,81.6,"[[2.555591273680597, 6.652513966480447, 2.6486033519553076], [12.411899441340784, 4.5409999999999995, 8.319999999999999], [14.606145251396647, 10.65, 0.8]]",9.532206703910616,179,10,0.91,0.72,2.89
chaina_l22h,/home/achen918/catalytic_binders/251211_paper_revision_1/computational_SSM/af3_complex/output/chaina_l22h/seed-1_sample-3/model.pdb,94.24758687258706,93.43324022346368,94.57000000000001,83.24,"[[2.4553415935832215, 5.568547486033519, 2.4681564245810055], [11.117094972067038, 4.4559999999999995, 7.340000000000001], [13.864245810055865, 9.84, 0.8]]",8.342821229050278,179,10,0.91,0.77,2.5
chaina_l22i,/home/achen918/catalytic_binders/251211_paper_revision_1/computational_SSM/af3_complex/output/chaina_l22i/seed-1_sample-3/model.pdb,95.10146262886606,93.89860335195532,95.485,87.1,"[[2.4461159139852064, 3.6834636871508377, 2.428491620111732], [7.579050279329609, 3.385, 4.81], [12.443016759776537, 8.319999999999999, 0.8]]",5.631256983240223,179,10,0.92,0.88,1.6
chaina_l22i,/home/achen918/catalytic_binders/251211_paper_revision_1/computational_SSM/af3_complex/output/chaina_l22i/seed-1_sample-4/model.pdb,95.0331829896908,93.52128491620113,95.435,88.14,"[[2.5001404450547735, 3.992513966480447, 2.4458100558659224], [7.692849162011173, 3.3169999999999997, 4.98], [10.972625698324022, 8.07, 0.8]]",5.84268156424581,179,10,0.92,0.87,1.85
chaina_l22i,/home/achen918/catalytic_binders/251211_paper_revision_1/computational_SSM/af3_complex/output/chaina_l22i/seed-1_sample-0/model.pdb,94.12086984536087,93.4737430167598,94.45100000000001,84.78,"[[2.597949502200306, 4.829608938547486, 2.6391061452513966], [9.155195530726258, 3.6650000000000005, 5.749999999999999], [12.826256983240224, 9.059999999999999, 0.8]]",6.992402234636872,179,10,0.91,0.83,2.28
chaina_l22i,/home/achen918/catalytic_binders/251211_paper_revision_1/computational_SSM/af3_complex/output/chaina_l22i/seed-1_sample-2/model.pdb,94.75360824742285,93.68597765363128,95.16,85.99,"[[2.5472956524453045, 4.403854748603352, 2.571508379888268], [8.771117318435754, 3.5320000000000005, 5.54], [12.93072625698324, 8.84, 0.8]]",6.5874860335195535,179,10,0.92,0.85,2.17
chaina_l22i,/home/achen918/catalytic_binders/251211_paper_revision_1/computational_SSM/af3_complex/output/chaina_l22i/seed-1_sample-1/model.pdb,94.8149871134019,94.0441340782123,95.23700000000001,85.36,"[[2.512708716956399, 3.9207262569832406, 2.5458100558659216], [7.735027932960894, 3.2940000000000005, 5.130000000000001], [13.291620111731843, 8.91, 0.8]]",5.8278770949720675,179,10,0.92,0.87,1.78
chaina_l22k,/home/achen918/catalytic_binders/251211_paper_revision_1/computational_SSM/af3_complex/output/chaina_l22k/seed-1_sample-1/model.pdb,93.90041210560223,93.67921787709498,95.81700000000001,84.08,"[[2.4206391810492804, 7.179608938547486, 2.376536312849162], [13.04558659217877, 4.569, 9.01], [14.141899441340783, 10.8, 0.8]]",10.112597765363128,179,10,0.91,0.7,3.45
chaina_l22k,/home/achen918/catalytic_binders/251211_paper_revision_1/computational_SSM/af3_complex/output/chaina_l22k/seed-1_sample-2/model.pdb,93.94291049581453,93.67290502793297,96.41,84.93,"[[2.5204425579725975, 7.380391061452514, 2.4273743016759775], [13.049608938547486, 4.65, 8.95], [14.092737430167597, 10.76, 0.8]]",10.215,179,10,0.91,0.7,3.33
chaina_l22k,/home/achen918/catalytic_binders/251211_paper_revision_1/computational_SSM/af3_complex/output/chaina_l22k/seed-1_sample-0/model.pdb,93.46118480360602,93.45497206703912,95.694,84.5,"[[2.405748884242065, 7.318715083798883, 2.3], [13.751843575418995, 4.885, 9.26], [13.149162011173184, 10.67, 0.8]]",10.535279329608938,179,10,0.91,0.68,3.45
chaina_l22k,/home/achen918/catalytic_binders/251211_paper_revision_1/computational_SSM/af3_complex/output/chaina_l22k/seed-1_sample-3/model.pdb,94.29616226658085,93.83262569832402,96.38000000000001,83.83,"[[2.3845853749882964, 6.708715083798883, 2.4033519553072624], [12.602067039106146, 4.64, 8.470000000000002], [14.397206703910614, 10.600000000000001, 0.8]]",9.655391061452514,179,10,0.91,0.72,3.06
chaina_l22k,/home/achen918/catalytic_binders/251211_paper_revision_1/computational_SSM/af3_complex/output/chaina_l22k/seed-1_sample-4/model.pdb,93.86343850611718,93.42860335195532,96.113,83.31,"[[2.4425111575793514, 7.580893854748603, 2.4843575418994415], [13.732234636871507, 4.838, 9.23], [14.677094972067039, 11.049999999999999, 0.8]]",10.656564245810054,179,10,0.91,0.68,3.46
chaina_l22m,/home/achen918/catalytic_binders/251211_paper_revision_1/computational_SSM/af3_complex/output/chaina_l22m/seed-1_sample-4/model.pdb,95.77742912371163,93.94575418994414,97.38499999999999,90.55,"[[2.292572017103087, 2.257932960893855, 2.1921787709497207], [4.100279329608939, 2.381, 2.9], [8.873184357541898, 6.359999999999999, 0.8]]",3.1791061452513967,179,10,0.93,0.94,0.83
chaina_l22m,/home/achen918/catalytic_binders/251211_paper_revision_1/computational_SSM/af3_complex/output/chaina_l22m/seed-1_sample-3/model.pdb,95.83584407216492,94.32837988826815,97.50399999999999,88.89,"[[2.2712961518054993, 2.2584357541899442, 2.1737430167597767], [4.4341899441340775, 2.5210000000000004, 3.05], [11.212849162011173, 7.37, 0.8]]",3.346312849162011,179,10,0.93,0.94,0.83
chaina_l22m,/home/achen918/catalytic_binders/251211_paper_revision_1/computational_SSM/af3_complex/output/chaina_l22m/seed-1_sample-0/model.pdb,95.44719072164949,94.25374301675977,97.24000000000001,88.56,"[[2.3138541244031083, 2.329050279329609, 2.1826815642458097], [4.429888268156424, 2.491, 3.05], [10.517877094972066, 7.0600000000000005, 0.8]]",3.3794692737430165,179,10,0.93,0.94,0.85
chaina_l22m,/home/achen918/catalytic_binders/251211_paper_revision_1/computational_SSM/af3_complex/output/chaina_l22m/seed-1_sample-2/model.pdb,95.54350515463922,94.28938547486035,97.15900000000002,88.42,"[[2.330395430854218, 2.3379888268156424, 2.2312849162011172], [4.649944134078212, 2.568, 3.1], [11.500558659217877, 7.62, 0.8]]",3.493966480446927,179,10,0.93,0.94,0.84
chaina_l22m,/home/achen918/catalytic_binders/251211_paper_revision_1/computational_SSM/af3_complex/output/chaina_l22m/seed-1_sample-1/model.pdb,95.48898195876309,94.30854748603352,97.082,87.27,"[[2.3208482881308323, 2.3053072625698325, 2.253631284916201], [4.488379888268156, 2.504, 3.13], [12.666480446927375, 8.23, 0.8]]",3.3968435754189943,179,10,0.93,0.94,0.84
chaina_l22n,/home/achen918/catalytic_binders/251211_paper_revision_1/computational_SSM/af3_complex/output/chaina_l22n/seed-1_sample-0/model.pdb,93.24043170103094,93.02558659217878,90.624,82.59,"[[2.436050685059767, 7.5483798882681565, 2.3765363128491623], [13.746703910614524, 4.907, 9.42], [13.697206703910615, 10.84, 0.8]]",10.64754189944134,179,10,0.91,0.68,3.22
chaina_l22n,/home/achen918/catalytic_binders/251211_paper_revision_1/computational_SSM/af3_complex/output/chaina_l22n/seed-1_sample-4/model.pdb,93.4894652061857,92.91787709497207,92.09200000000001,81.04,"[[2.512146936737305, 7.983743016759776, 2.581564245810056], [14.094748603351954, 4.859999999999999, 9.72], [14.884916201117319, 11.26, 0.8]]",11.039245810055865,179,10,0.91,0.66,3.5
chaina_l22n,/home/achen918/catalytic_binders/251211_paper_revision_1/computational_SSM/af3_complex/output/chaina_l22n/seed-1_sample-3/model.pdb,93.87637886597939,93.44648044692738,92.71,82.16,"[[2.4243656565026064, 7.10391061452514, 2.4497206703910615], [13.426145251396647, 4.806000000000001, 9.1], [14.420111731843575, 10.73, 0.8]]",10.265027932960894,179,10,0.91,0.7,3.12
chaina_l22n,/home/achen918/catalytic_binders/251211_paper_revision_1/computational_SSM/af3_complex/output/chaina_l22n/seed-1_sample-1/model.pdb,93.80887242268062,93.86525139664808,91.674,82.53,"[[2.3308479760307104, 6.678882681564247, 2.320670391061453], [12.380279329608937, 4.352, 7.18], [14.381005586592178, 9.49, 0.8]]",9.529581005586593,179,10,0.92,0.72,2.56
chaina_l22n,/home/achen918/catalytic_binders/251211_paper_revision_1/computational_SSM/af3_complex/output/chaina_l22n/seed-1_sample-2/model.pdb,93.6040012886599,93.11519553072627,92.119,83.38,"[[2.582472457164258, 7.364245810055866, 2.488268156424581], [13.330670391061453, 4.751, 9.09], [14.037430167597764, 10.790000000000001, 0.8]]",10.34745810055866,179,10,0.9,0.69,3.11
chaina_l22p,/home/achen918/catalytic_binders/251211_paper_revision_1/computational_SSM/af3_complex/output/chaina_l22p/seed-1_sample-4/model.pdb,92.1930303030303,90.52508379888268,72.691,78.79,"[[2.991954058862083, 7.96022346368715, 3.039664804469273], [14.706927374301674, 4.912, 9.67], [15.11731843575419, 11.58, 0.8]]",11.333575418994412,179,10,0.89,0.66,3.89
chaina_l22p,/home/achen918/catalytic_binders/251211_paper_revision_1/computational_SSM/af3_complex/output/chaina_l22p/seed-1_sample-3/model.pdb,92.60107027724057,90.95564245810057,74.287,80.86,"[[2.879367060953154, 7.04268156424581, 2.798324022346369], [13.84564245810056, 4.857, 8.870000000000001], [13.860893854748603, 10.509999999999998, 0.8]]",10.444162011173185,179,10,0.9,0.71,3.35
chaina_l22p,/home/achen918/catalytic_binders/251211_paper_revision_1/computational_SSM/af3_complex/output/chaina_l22p/seed-1_sample-0/model.pdb,91.50422308188261,90.30027932960894,69.00699999999999,80.94,"[[3.0695515121250896, 8.646312849162012, 2.853631284916201], [15.368938547486035, 5.215, 10.220000000000002], [13.222346368715085, 11.190000000000001, 0.8]]",12.007625698324023,179,10,0.89,0.62,4.08
chaina_l22p,/home/achen918/catalytic_binders/251211_paper_revision_1/computational_SSM/af3_complex/output/chaina_l22p/seed-1_sample-2/model.pdb,92.1181753707287,90.50223463687152,68.253,81.55,"[[3.0873505820667266, 7.4060893854748615, 2.877094972067039], [13.853296089385474, 4.85, 9.27], [13.899999999999997, 10.889999999999999, 0.8]]",10.629692737430167,179,10,0.89,0.7,3.51
chaina_l22p,/home/achen918/catalytic_binders/251211_paper_revision_1/computational_SSM/af3_complex/output/chaina_l22p/seed-1_sample-1/model.pdb,92.09749838813667,90.54927374301676,67.30799999999999,81.34,"[[3.0223557317187355, 7.462625698324023, 2.832960893854749], [13.64608938547486, 4.625, 8.84], [13.70782122905028, 10.7, 0.8]]",10.554357541899442,179,10,0.89,0.7,3.55
chaina_l22q,/home/achen918/catalytic_binders/251211_paper_revision_1/computational_SSM/af3_complex/output/chaina_l22q/seed-1_sample-4/model.pdb,94.16370895041861,94.19793296089385,96.44800000000001,83.2,"[[2.2769982210293063, 7.59195530726257, 2.281005586592179], [13.538770949720671, 4.784, 8.969999999999999], [13.915642458100557, 10.51, 0.8]]",10.56536312849162,179,10,0.92,0.68,3.27
chaina_l22q,/home/achen918/catalytic_binders/251211_paper_revision_1/computational_SSM/af3_complex/output/chaina_l22q/seed-1_sample-3/model.pdb,94.37985833869902,94.43055865921788,96.69399999999999,83.29,"[[2.2177148029087728, 6.905754189944133, 2.2268156424581007], [12.952067039106144, 4.7669999999999995, 8.419999999999998], [13.508379888268156, 9.889999999999999, 0.8]]",9.928910614525138,179,10,0.92,0.71,2.89
chaina_l22q,/home/achen918/catalytic_binders/251211_paper_revision_1/computational_SSM/af3_complex/output/chaina_l22q/seed-1_sample-0/model.pdb,94.19105602060533,94.5245251396648,96.162,84.44,"[[2.163222121656627, 6.670279329608938, 2.0620111731843576], [12.565698324022348, 4.613, 8.33], [11.880446927374301, 9.57, 0.8]]",9.617988826815644,179,10,0.92,0.71,2.85
chaina_l22q,/home/achen918/catalytic_binders/251211_paper_revision_1/computational_SSM/af3_complex/output/chaina_l22q/seed-1_sample-2/model.pdb,94.40166773985842,94.45620111731843,96.796,84.99,"[[2.2956836553166258, 6.834022346368716, 2.21340782122905], [12.332793296089385, 4.509000000000001, 8.209999999999999], [13.102234636871508, 9.84, 0.8]]",9.58340782122905,179,10,0.92,0.71,2.89
chaina_l22q,/home/achen918/catalytic_binders/251211_paper_revision_1/computational_SSM/af3_complex/output/chaina_l22q/seed-1_sample-1/model.pdb,94.22687057308437,94.46821229050278,95.87000000000002,83.47,"[[2.2198058737242907, 6.391899441340782, 2.2256983240223462], [12.137206703910616, 4.3340000000000005, 7.1], [14.097765363128492, 9.19, 0.8]]",9.264553072625699,179,10,0.92,0.73,2.42
chaina_l22r,/home/achen918/catalytic_binders/251211_paper_revision_1/computational_SSM/af3_complex/output/chaina_l22r/seed-1_sample-2/model.pdb,92.94613504823153,92.57335195530725,86.72,80.79,"[[2.609163259573671, 7.980782122905028, 2.5541899441340785], [14.454916201117317, 5.199, 9.849999999999998], [14.311173184357543, 11.379999999999999, 0.8]]",11.217849162011174,179,10,0.9,0.66,3.61
chaina_l22r,/home/achen918/catalytic_binders/251211_paper_revision_1/computational_SSM/af3_complex/output/chaina_l22r/seed-1_sample-1/model.pdb,93.16632154340842,92.8308379888268,86.576,80.63,"[[2.4647732592615705, 6.839553072625698, 2.497765363128492], [12.734245810055867, 4.604, 7.57], [14.474860335195531, 10.01, 0.8]]",9.786899441340783,179,10,0.91,0.71,2.67
chaina_l22r,/home/achen918/catalytic_binders/251211_paper_revision_1/computational_SSM/af3_complex/output/chaina_l22r/seed-1_sample-3/model.pdb,93.10821864951772,92.5177094972067,87.404,79.78,"[[2.5257388970381696, 8.056033519553072, 2.5972067039106146], [14.974748603351955, 5.473, 9.900000000000002], [14.808938547486031, 11.469999999999999, 0.8]]",11.515391061452513,179,10,0.91,0.65,3.76
chaina_l22r,/home/achen918/catalytic_binders/251211_paper_revision_1/computational_SSM/af3_complex/output/chaina_l22r/seed-1_sample-4/model.pdb,92.94446945337636,92.34363128491619,85.78099999999999,84.18,"[[2.5141038045004835, 8.058435754189944, 2.3899441340782124], [14.952513966480447, 5.272999999999999, 10.58], [11.061452513966481, 10.440000000000001, 0.8]]",11.505474860335195,179,10,0.91,0.65,3.72
chaina_l22r,/home/achen918/catalytic_binders/251211_paper_revision_1/computational_SSM/af3_complex/output/chaina_l22r/seed-1_sample-0/model.pdb,92.11920257234733,91.6436312849162,82.601,80.92,"[[2.6471520863893137, 8.869385474860335, 2.522905027932961], [15.803016759776536, 5.593999999999999, 10.84], [13.164804469273744, 11.39, 0.8]]",12.336201117318435,179,10,0.9,0.61,4.04
chaina_l22s,/home/achen918/catalytic_binders/251211_paper_revision_1/computational_SSM/af3_complex/output/chaina_l22s/seed-1_sample-1/model.pdb,93.53678709677432,92.72307262569832,85.785,83.26,"[[2.6655379045597827, 6.218324022346368, 2.606703910614525], [12.234189944134078, 4.229000000000001, 8.250000000000002], [13.941340782122905, 10.47, 0.8]]",9.226256983240223,179,10,0.91,0.75,2.94
chaina_l22s,/home/achen918/catalytic_binders/251211_paper_revision_1/computational_SSM/af3_complex/output/chaina_l22s/seed-1_sample-2/model.pdb,93.84034193548383,92.96988826815642,87.102,84.35,"[[2.6797384600979997, 5.751284916201117, 2.6022346368715086], [11.606871508379887, 4.268, 7.99], [13.8268156424581, 10.120000000000001, 0.8]]",8.679078212290502,179,10,0.91,0.78,2.84
chaina_l22s,/home/achen918/catalytic_binders/251211_paper_revision_1/computational_SSM/af3_complex/output/chaina_l22s/seed-1_sample-0/model.pdb,92.71139999999995,92.06731843575419,84.509,81.9,"[[2.7207172060797102, 7.262793296089386, 2.6905027932960897], [13.793743016759779, 4.738, 9.17], [13.862011173184356, 10.87, 0.8]]",10.528268156424582,179,10,0.9,0.69,3.44
chaina_l22s,/home/achen918/catalytic_binders/251211_paper_revision_1/computational_SSM/af3_complex/output/chaina_l22s/seed-1_sample-4/model.pdb,93.33004516129046,92.17162011173185,86.19300000000001,80.92,"[[2.712661901938142, 7.302513966480447, 2.847486033519553], [13.839106145251396, 4.633, 9.24], [15.08882681564246, 11.27, 0.8]]",10.570810055865921,179,10,0.9,0.7,3.41
chaina_l22s,/home/achen918/catalytic_binders/251211_paper_revision_1/computational_SSM/af3_complex/output/chaina_l22s/seed-1_sample-3/model.pdb,93.43280000000007,92.41659217877096,86.092,82.06,"[[2.68615835960176, 6.855195530726257, 2.735754189944134], [13.320391061452513, 4.656000000000001, 8.84], [14.403351955307262, 10.690000000000001, 0.8]]",10.087793296089385,179,10,0.9,0.72,3.17
chaina_l22t,/home/achen918/catalytic_binders/251211_paper_revision_1/computational_SSM/af3_complex/output/chaina_l22t/seed-1_sample-2/model.pdb,93.95257253384916,93.56011173184359,91.788,83.75,"[[2.591822976810961, 6.361843575418994, 2.610055865921788], [12.049106145251397, 4.371, 7.9799999999999995], [13.37653631284916, 10.03, 0.8]]",9.205474860335196,179,10,0.91,0.74,3.02
chaina_l22t,/home/achen918/catalytic_binders/251211_paper_revision_1/computational_SSM/af3_complex/output/chaina_l22t/seed-1_sample-1/model.pdb,93.91768536428098,93.6208938547486,91.631,84.36,"[[2.576133703692144, 6.27072625698324, 2.5446927374301676], [11.867541899441342, 4.1770000000000005, 7.74], [13.016201117318433, 9.72, 0.8]]",9.06913407821229,179,10,0.91,0.75,2.96
chaina_l22t,/home/achen918/catalytic_binders/251211_paper_revision_1/computational_SSM/af3_complex/output/chaina_l22t/seed-1_sample-3/model.pdb,94.00888459058673,93.62810055865921,91.785,83.51,"[[2.525857495084423, 6.483631284916202, 2.5564245810055866], [12.479106145251396, 4.455, 8.09], [13.37709497206704, 9.93, 0.8]]",9.4813687150838,179,10,0.91,0.74,2.99
chaina_l22t,/home/achen918/catalytic_binders/251211_paper_revision_1/computational_SSM/af3_complex/output/chaina_l22t/seed-1_sample-4/model.pdb,93.83885235332049,93.35553072625696,91.43199999999999,81.86,"[[2.5524265784463656, 7.171005586592179, 2.7279329608938547], [13.223575418994411, 4.537999999999999, 8.830000000000002], [14.565921787709499, 10.7, 0.8]]",10.197290502793296,179,10,0.91,0.7,3.35
chaina_l22t,/home/achen918/catalytic_binders/251211_paper_revision_1/computational_SSM/af3_complex/output/chaina_l22t/seed-1_sample-0/model.pdb,93.54754352030959,93.53374301675979,91.37899999999999,83.03,"[[2.502094191816735, 7.039329608938548, 2.521787709497207], [13.034692737430166, 4.574, 8.42], [12.639106145251397, 10.02, 0.8]]",10.037011173184357,179,10,0.91,0.7,3.26
chaina_l22v,/home/achen918/catalytic_binders/251211_paper_revision_1/computational_SSM/af3_complex/output/chaina_l22v/seed-1_sample-1/model.pdb,94.22049000644735,94.02608938547485,92.96600000000001,84.23,"[[2.53988015355326, 5.7315642458100555, 2.6150837988826816], [11.077877094972068, 4.0440000000000005, 7.38], [13.60949720670391, 9.649999999999999, 0.8]]",8.404720670391061,179,10,0.91,0.77,2.81
chaina_l22v,/home/achen918/catalytic_binders/251211_paper_revision_1/computational_SSM/af3_complex/output/chaina_l22v/seed-1_sample-2/model.pdb,94.05745325596388,93.76385474860334,93.52200000000002,83.64,"[[2.5883399394525766, 6.132905027932962, 2.6849162011173187], [11.971396648044694, 4.373, 7.83], [13.770391061452512, 10.040000000000001, 0.8]]",9.052150837988828,179,10,0.91,0.75,2.88
chaina_l22v,/home/achen918/catalytic_binders/251211_paper_revision_1/computational_SSM/af3_complex/output/chaina_l22v/seed-1_sample-0/model.pdb,93.78472598323677,93.75195530726256,92.746,83.21,"[[2.517758496925814, 6.428379888268156, 2.6324022346368716], [12.12513966480447, 4.324000000000001, 7.95], [13.20335195530726, 9.86, 0.8]]",9.276759776536313,179,10,0.91,0.74,2.99
chaina_l22v,/home/achen918/catalytic_binders/251211_paper_revision_1/computational_SSM/af3_complex/output/chaina_l22v/seed-1_sample-4/model.pdb,94.14819471308837,93.50458100558662,93.07900000000001,81.56,"[[2.534639992509597, 6.392905027932962, 2.816759776536313], [12.23737430167598, 4.363, 8.290000000000001], [14.936312849162007, 10.469999999999999, 0.8]]",9.31513966480447,179,10,0.91,0.74,2.93
chaina_l22v,/home/achen918/catalytic_binders/251211_paper_revision_1/computational_SSM/af3_complex/output/chaina_l22v/seed-1_sample-3/model.pdb,94.32344938749196,93.86117318435755,93.766,83.95,"[[2.509350519646703, 5.8875418994413415, 2.632960893854749], [11.573296089385476, 4.333, 7.5600000000000005], [13.686592178770951, 9.7, 0.8]]",8.730418994413409,179,10,0.91,0.76,2.74
chaina_l22w,/home/achen918/catalytic_binders/251211_paper_revision_1/computational_SSM/af3_complex/output/chaina_l22w/seed-1_sample-2/model.pdb,93.40456996148895,92.76541899441338,86.143,82.12,"[[2.7156206110920382, 6.333519553072626, 2.7687150837988828], [12.525754189944132, 4.581, 8.41], [14.630167597765364, 10.71, 0.8]]",9.429636871508379,179,10,0.9,0.74,2.86
chaina_l22w,/home/achen918/catalytic_binders/251211_paper_revision_1/computational_SSM/af3_complex/output/chaina_l22w/seed-1_sample-1/model.pdb,93.14227214377412,92.37687150837988,84.36300000000001,81.44,"[[2.6778908273774222, 6.92804469273743, 2.7335195530726253], [12.96977653631285, 4.618, 8.569999999999999], [14.309497206703913, 10.710000000000003, 0.8]]",9.94891061452514,179,10,0.9,0.71,3.01
chaina_l22w,/home/achen918/catalytic_binders/251211_paper_revision_1/computational_SSM/af3_complex/output/chaina_l22w/seed-1_sample-3/model.pdb,93.8373555840821,93.06502793296089,86.69599999999998,81.59,"[[2.5503604756405855, 6.116703910614525, 2.6865921787709497], [12.28972067039106, 4.612, 8.02], [14.616201117318436, 10.41, 0.8]]",9.203212290502794,179,10,0.91,0.74,2.71
chaina_l22w,/home/achen918/catalytic_binders/251211_paper_revision_1/computational_SSM/af3_complex/output/chaina_l22w/seed-1_sample-4/model.pdb,93.62804236200274,92.75458100558659,85.704,86.27,"[[2.555641209700072, 6.418715083798883, 2.518435754189944], [12.665530726256986, 4.581, 8.57], [10.259217877094972, 9.11, 0.8]]",9.542122905027934,179,10,0.91,0.72,2.86
chaina_l22w,/home/achen918/catalytic_binders/251211_paper_revision_1/computational_SSM/af3_complex/output/chaina_l22w/seed-1_sample-0/model.pdb,92.49318998716333,92.2500558659218,83.656,80.58,"[[2.707718236010112, 7.586648044692738, 2.7402234636871508], [14.299162011173184, 5.014, 9.53], [13.931284916201117, 10.95, 0.8]]",10.94290502793296,179,10,0.9,0.66,3.38
chaina_l22y,/home/achen918/catalytic_binders/251211_paper_revision_1/computational_SSM/af3_complex/output/chaina_l22y/seed-1_sample-4/model.pdb,94.42858611825193,93.40765363128492,94.48599999999999,84.07,"[[2.5641428170156986, 5.923072625698324, 2.622905027932961], [11.348770949720672, 4.149, 7.4799999999999995], [14.230167597765362, 10.02, 0.8]]",8.635921787709497,179,10,0.91,0.76,2.65
chaina_l22y,/home/achen918/catalytic_binders/251211_paper_revision_1/computational_SSM/af3_complex/output/chaina_l22y/seed-1_sample-3/model.pdb,94.51030848329044,93.43586592178771,95.18100000000001,85.76,"[[2.5789082737742266, 5.245195530726257, 2.545810055865922], [10.421955307262571, 4.101, 6.7700000000000005], [13.084916201117318, 9.08, 0.8]]",7.833575418994414,179,10,0.91,0.8,2.23
chaina_l22y,/home/achen918/catalytic_binders/251211_paper_revision_1/computational_SSM/af3_complex/output/chaina_l22y/seed-1_sample-0/model.pdb,93.47652313624661,93.00994413407822,92.959,83.79,"[[2.646852470272463, 6.475307262569832, 2.636312849162011], [12.528212290502793, 4.519, 7.859999999999999], [12.7731843575419, 9.73, 0.8]]",9.501759776536312,179,10,0.9,0.73,2.89
chaina_l22y,/home/achen918/catalytic_binders/251211_paper_revision_1/computational_SSM/af3_complex/output/chaina_l22y/seed-1_sample-2/model.pdb,94.17128534704385,93.33217877094971,94.46000000000001,84.43,"[[2.667575918354608, 6.020055865921788, 2.7022346368715087], [11.458212290502791, 4.25, 7.449999999999998], [13.730167597765364, 9.840000000000002, 0.8]]",8.73913407821229,179,10,0.9,0.76,2.64
chaina_l22y,/home/achen918/catalytic_binders/251211_paper_revision_1/computational_SSM/af3_complex/output/chaina_l22y/seed-1_sample-1/model.pdb,94.32342544987168,93.66441340782123,94.55499999999999,84.66,"[[2.5823819481289596, 5.455251396648046, 2.593296089385475], [10.557486033519552, 3.9190000000000005, 6.94], [13.484916201117317, 9.49, 0.8]]",8.006368715083799,179,10,0.91,0.79,2.53
chaina_q157a,/home/achen918/catalytic_binders/251211_paper_revision_1/computational_SSM/af3_complex/output/chaina_q157a/seed-1_sample-2/model.pdb,94.74270671834608,93.85608938547487,97.252,85.48,"[[2.681517430791798, 2.8302793296089384, 2.6715083798882686], [5.365642458100559, 2.755000000000001, 3.65], [12.763128491620112, 8.389999999999999, 0.8]]",4.097960893854749,179,10,0.92,0.92,0.97
chaina_q157a,/home/achen918/catalytic_binders/251211_paper_revision_1/computational_SSM/af3_complex/output/chaina_q157a/seed-1_sample-1/model.pdb,94.86338501292008,94.19027932960893,97.37199999999999,87.39,"[[2.674086326893667, 2.656145251396648, 2.5318435754189945], [4.671396648044692, 2.5610000000000004, 3.2600000000000002], [10.239664804469275, 6.869999999999999, 0.8]]",3.66377094972067,179,10,0.92,0.93,0.89
chaina_q157a,/home/achen918/catalytic_binders/251211_paper_revision_1/computational_SSM/af3_complex/output/chaina_q157a/seed-1_sample-4/model.pdb,95.18362403100765,93.93279329608937,97.44700000000002,87.13,"[[2.652501482475578, 2.689664804469274, 2.563128491620112], [4.837765363128492, 2.6000000000000005, 3.2900000000000005], [10.633519553072626, 7.15, 0.8]]",3.763715083798883,179,10,0.92,0.93,0.9
chaina_q157a,/home/achen918/catalytic_binders/251211_paper_revision_1/computational_SSM/af3_complex/output/chaina_q157a/seed-1_sample-3/model.pdb,94.8801162790698,93.80821229050278,97.442,87.36,"[[2.6636809088355546, 2.802402234636871, 2.5972067039106146], [5.080167597765363, 2.6880000000000006, 3.46], [11.685474860335194, 7.67, 0.8]]",3.941284916201117,179,10,0.92,0.93,0.92
chaina_q157a,/home/achen918/catalytic_binders/251211_paper_revision_1/computational_SSM/af3_complex/output/chaina_q157a/seed-1_sample-0/model.pdb,94.48004521963826,93.79022346368716,97.00699999999999,85.78,"[[2.7584345057894573, 3.1485474860335194, 2.735754189944134], [5.613743016759776, 2.8179999999999996, 3.9400000000000004], [12.319553072625697, 8.330000000000002, 0.8]]",4.381145251396648,179,10,0.92,0.92,1.04
chaina_q157d,/home/achen918/catalytic_binders/251211_paper_revision_1/computational_SSM/af3_complex/output/chaina_q157d/seed-1_sample-2/model.pdb,94.40344294003862,93.92351955307264,97.20900000000002,85.51,"[[2.9003745201460633, 3.164804469273743, 2.876536312849162], [5.829832402234636, 2.8920000000000003, 3.91], [13.310614525139664, 8.649999999999999, 0.8]]",4.49731843575419,179,10,0.91,0.91,1.05
chaina_q157d,/home/achen918/catalytic_binders/251211_paper_revision_1/computational_SSM/af3_complex/output/chaina_q157d/seed-1_sample-1/model.pdb,94.17235332043855,93.88318435754191,97.124,86.36,"[[3.0375300396367155, 3.191899441340782, 2.840782122905028], [5.413072625698325, 2.7910000000000004, 3.6100000000000003], [11.30782122905028, 7.5, 0.8]]",4.302486033519553,179,10,0.91,0.92,0.98
chaina_q157d,/home/achen918/catalytic_binders/251211_paper_revision_1/computational_SSM/af3_complex/output/chaina_q157d/seed-1_sample-3/model.pdb,94.7524306898776,93.81122905027935,97.55199999999999,86.84,"[[2.791151961549265, 2.9656983240223465, 2.684357541899441], [5.203687150837989, 2.7740000000000005, 3.5500000000000007], [11.124022346368715, 7.330000000000001, 0.8]]",4.084692737430167,179,10,0.92,0.92,0.97
chaina_q157d,/home/achen918/catalytic_binders/251211_paper_revision_1/computational_SSM/af3_complex/output/chaina_q157d/seed-1_sample-4/model.pdb,95.18885880077366,93.98603351955308,97.604,88.07,"[[2.700003121001217, 2.7451396648044692, 2.578212290502793], [4.852960893854748, 2.596000000000001, 3.41], [10.471508379888267, 7.0600000000000005, 0.8]]",3.7990502793296086,179,10,0.92,0.93,0.91
chaina_q157d,/home/achen918/catalytic_binders/251211_paper_revision_1/computational_SSM/af3_complex/output/chaina_q157d/seed-1_sample-0/model.pdb,94.11459058671814,93.8390502793296,97.14499999999998,86.27,"[[2.9863362566711404, 3.3798882681564244, 2.8837988826815644], [5.811005586592179, 2.898, 4.0200000000000005], [12.264804469273741, 8.17, 0.8]]",4.595446927374302,179,10,0.91,0.91,1.08
chaina_q157e,/home/achen918/catalytic_binders/251211_paper_revision_1/computational_SSM/af3_complex/output/chaina_q157e/seed-1_sample-2/model.pdb,94.8199742268042,93.99944134078213,97.351,86.38,"[[2.6268406104678377, 2.7433519553072627, 2.5860335195530726], [5.196592178770951, 2.721, 3.5], [12.424022346368716, 8.11, 0.8]]",3.969972067039107,179,10,0.92,0.93,0.94
chaina_q157e,/home/achen918/catalytic_binders/251211_paper_revision_1/computational_SSM/af3_complex/output/chaina_q157e/seed-1_sample-1/model.pdb,94.76561211340189,94.09625698324022,97.36800000000001,87.28,"[[2.6834181205330667, 2.6477094972067037, 2.529050279329609], [4.626648044692738, 2.5269999999999997, 3.22], [10.162011173184357, 6.859999999999999, 0.8]]",3.6371787709497205,179,10,0.92,0.93,0.88
chaina_q157e,/home/achen918/catalytic_binders/251211_paper_revision_1/computational_SSM/af3_complex/output/chaina_q157e/seed-1_sample-4/model.pdb,95.13071520618567,93.92189944134077,97.47399999999999,87.48,"[[2.6117911425985456, 2.625698324022346, 2.4910614525139665], [4.700614525139664, 2.549, 3.1799999999999997], [10.04804469273743, 6.82, 0.8]]",3.663156424581005,179,10,0.92,0.93,0.89
chaina_q157e,/home/achen918/catalytic_binders/251211_paper_revision_1/computational_SSM/af3_complex/output/chaina_q157e/seed-1_sample-3/model.pdb,94.75929123711349,93.75335195530725,97.487,86.36,"[[2.6533566368090886, 2.7646368715083804, 2.6268156424581006], [4.965195530726257, 2.6520000000000006, 3.4200000000000004], [12.793854748603351, 8.079999999999998, 0.8]]",3.864916201117319,179,10,0.92,0.93,0.93
chaina_q157e,/home/achen918/catalytic_binders/251211_paper_revision_1/computational_SSM/af3_complex/output/chaina_q157e/seed-1_sample-0/model.pdb,94.41771907216479,93.67899441340782,96.975,85.61,"[[2.7009394213663738, 3.0498882681564248, 2.6793296089385477], [5.674022346368715, 2.826, 3.91], [12.260335195530725, 8.14, 0.8]]",4.36195530726257,179,10,0.92,0.92,1.02
chaina_q157f,/home/achen918/catalytic_binders/251211_paper_revision_1/computational_SSM/af3_complex/output/chaina_q157f/seed-1_sample-1/model.pdb,94.29394465894475,94.00754189944135,97.474,86.05,"[[2.626737617427671, 2.5341899441340785, 2.4921787709497205], [4.207486033519553, 2.3810000000000002, 3.0699999999999994], [12.110614525139665, 7.92, 0.8]]",3.370837988826816,179,10,0.93,0.94,0.85
chaina_q157f,/home/achen918/catalytic_binders/251211_paper_revision_1/computational_SSM/af3_complex/output/chaina_q157f/seed-1_sample-2/model.pdb,94.37393178893188,94.18882681564246,97.51599999999999,86.35,"[[2.5485877469492215, 2.5313966480446926, 2.4430167597765364], [4.477821229050279, 2.4730000000000003, 3.1399999999999997], [11.730167597765362, 7.670000000000002, 0.8]]",3.5046089385474857,179,10,0.93,0.94,0.88
chaina_q157f,/home/achen918/catalytic_binders/251211_paper_revision_1/computational_SSM/af3_complex/output/chaina_q157f/seed-1_sample-0/model.pdb,94.22613256113237,93.72826815642459,97.36099999999999,85.98,"[[2.62033956493243, 2.656703910614525, 2.511173184357542], [4.5329608938547485, 2.519, 3.3], [11.529050279329608, 7.63, 0.8]]",3.594832402234637,179,10,0.93,0.94,0.88
chaina_q157f,/home/achen918/catalytic_binders/251211_paper_revision_1/computational_SSM/af3_complex/output/chaina_q157f/seed-1_sample-3/model.pdb,94.43735521235527,94.02474860335195,97.64000000000001,87.31,"[[2.523510502169096, 2.4437430167597767, 2.3815642458100554], [4.18072625698324, 2.3720000000000003, 2.9199999999999995], [11.15977653631285, 7.25, 0.8]]",3.3122346368715085,179,10,0.93,0.94,0.84
chaina_q157f,/home/achen918/catalytic_binders/251211_paper_revision_1/computational_SSM/af3_complex/output/chaina_q157f/seed-1_sample-4/model.pdb,94.46155727155711,93.46905027932961,97.468,87.56,"[[2.5420554914016416, 2.469944134078213, 2.38268156424581], [4.246480446927375, 2.399, 2.96], [8.868715083798882, 6.15, 0.8]]",3.3582122905027942,179,10,0.93,0.94,0.84
chaina_q157g,/home/achen918/catalytic_binders/251211_paper_revision_1/computational_SSM/af3_complex/output/chaina_q157g/seed-1_sample-1/model.pdb,95.0995216548155,94.32698324022346,97.466,86.9,"[[2.5997877719172306, 2.7139664804469272, 2.520111731843575], [4.979050279329609, 2.685, 3.5799999999999996], [13.088268156424583, 8.540000000000001, 0.8]]",3.8465083798882684,179,10,0.92,0.93,0.93
chaina_q157g,/home/achen918/catalytic_binders/251211_paper_revision_1/computational_SSM/af3_complex/output/chaina_q157g/seed-1_sample-2/model.pdb,95.26889463477694,94.28474860335196,97.55799999999999,87.83,"[[2.507946069098967, 2.6422346368715086, 2.4553072625698324], [5.14608938547486, 2.7230000000000003, 3.4800000000000004], [12.15977653631285, 7.99, 0.8]]",3.8941620111731843,179,10,0.93,0.93,0.93
chaina_q157g,/home/achen918/catalytic_binders/251211_paper_revision_1/computational_SSM/af3_complex/output/chaina_q157g/seed-1_sample-0/model.pdb,95.0524434389137,94.15536312849163,97.372,88.0,"[[2.540123591648201, 2.774022346368715, 2.4173184357541895], [5.209608938547485, 2.758, 3.6], [11.236871508379888, 7.67, 0.8]]",3.9918156424581,179,10,0.93,0.93,0.95
chaina_q157g,/home/achen918/catalytic_binders/251211_paper_revision_1/computational_SSM/af3_complex/output/chaina_q157g/seed-1_sample-3/model.pdb,95.23183581124752,93.96418994413408,97.694,88.13,"[[2.5451327986017915, 2.6426815642458097, 2.4664804469273744], [4.9292737430167595, 2.684, 3.4200000000000004], [12.24972067039106, 7.950000000000001, 0.8]]",3.7859776536312846,179,10,0.93,0.93,0.9
chaina_q157g,/home/achen918/catalytic_binders/251211_paper_revision_1/computational_SSM/af3_complex/output/chaina_q157g/seed-1_sample-4/model.pdb,95.56579185520373,94.0650837988827,97.662,89.73,"[[2.497081863861927, 2.5245251396648043, 2.370391061452514], [4.703128491620112, 2.613, 3.18], [8.89608938547486, 6.359999999999999, 0.8]]",3.613826815642458,179,10,0.93,0.93,0.88
chaina_q157h,/home/achen918/catalytic_binders/251211_paper_revision_1/computational_SSM/af3_complex/output/chaina_q157h/seed-1_sample-2/model.pdb,95.04288473921456,94.18117318435755,97.307,86.83,"[[2.604881245903686, 3.0465363128491623, 2.5905027932960896], [5.729720670391062, 2.8790000000000004, 3.8899999999999997], [11.031284916201116, 7.909999999999999, 0.8]]",4.388128491620112,179,10,0.92,0.91,1.08
chaina_q157h,/home/achen918/catalytic_binders/251211_paper_revision_1/computational_SSM/af3_complex/output/chaina_q157h/seed-1_sample-1/model.pdb,94.90027688345137,94.12173184357542,97.235,86.66,"[[2.640242189694454, 2.9924581005586592, 2.599441340782123], [5.449050279329609, 2.8190000000000004, 3.78], [10.83463687150838, 7.35, 0.8]]",4.2207541899441345,179,10,0.92,0.92,1.03
chaina_q157h,/home/achen918/catalytic_binders/251211_paper_revision_1/computational_SSM/af3_complex/output/chaina_q157h/seed-1_sample-3/model.pdb,95.06954282034775,93.80061452513965,97.48,86.69,"[[2.5994725507942946, 3.034469273743017, 2.5670391061452515], [5.593128491620111, 2.894, 3.7699999999999996], [10.644134078212291, 7.31, 0.8]]",4.313798882681564,179,10,0.92,0.92,1.07
chaina_q157h,/home/achen918/catalytic_binders/251211_paper_revision_1/computational_SSM/af3_complex/output/chaina_q157h/seed-1_sample-4/model.pdb,95.48097231165498,94.25597765363128,97.54,87.44,"[[2.494572578883306, 2.8718994413407817, 2.4787709497206705], [5.474525139664804, 2.7880000000000003, 3.6399999999999997], [10.34413407821229, 7.130000000000001, 0.8]]",4.173212290502793,179,10,0.92,0.92,0.99
chaina_q157h,/home/achen918/catalytic_binders/251211_paper_revision_1/computational_SSM/af3_complex/output/chaina_q157h/seed-1_sample-0/model.pdb,94.50479072762388,93.97156424581006,97.24700000000001,84.89,"[[2.688992228706969, 3.29463687150838, 2.7212290502793297], [5.923128491620113, 2.9190000000000005, 4.16], [13.587709497206703, 9.17, 0.8]]",4.608882681564246,179,10,0.92,0.91,1.17
chaina_q157i,/home/achen918/catalytic_binders/251211_paper_revision_1/computational_SSM/af3_complex/output/chaina_q157i/seed-1_sample-0/model.pdb,94.28541586073509,93.7617318435754,96.93499999999999,86.57,"[[2.7869760619206643, 3.1656983240223466, 2.6832402234636867], [5.720782122905028, 2.877, 3.8899999999999997], [11.631843575418994, 7.959999999999999, 0.8]]",4.443240223463688,179,10,0.92,0.91,1.07
chaina_q157i,/home/achen918/catalytic_binders/251211_paper_revision_1/computational_SSM/af3_complex/output/chaina_q157i/seed-1_sample-4/model.pdb,95.15579626047727,93.83212290502793,97.35,88.37,"[[2.6507162697793456, 2.8134078212290503, 2.5201117318435755], [5.083743016759776, 2.7200000000000006, 3.4], [10.210614525139663, 7.0200000000000005, 0.8]]",3.9485754189944133,179,10,0.92,0.93,0.95
chaina_q157i,/home/achen918/catalytic_binders/251211_paper_revision_1/computational_SSM/af3_complex/output/chaina_q157i/seed-1_sample-3/model.pdb,94.86680851063825,93.8131843575419,97.286,87.26,"[[2.7069567117131177, 3.0116201117318435, 2.6374301675977656], [5.650391061452513, 2.928, 3.900000000000001], [12.339664804469274, 8.06, 0.8]]",4.331005586592179,179,10,0.92,0.92,1.02
chaina_q157i,/home/achen918/catalytic_binders/251211_paper_revision_1/computational_SSM/af3_complex/output/chaina_q157i/seed-1_sample-1/model.pdb,94.54333978078668,94.16139664804469,96.872,85.18,"[[2.770899784650916, 3.0430726256983243, 2.709497206703911], [5.461117318435754, 2.7880000000000003, 3.91], [13.520670391061454, 8.889999999999999, 0.8]]",4.252094972067039,179,10,0.92,0.92,1.02
chaina_q157i,/home/achen918/catalytic_binders/251211_paper_revision_1/computational_SSM/af3_complex/output/chaina_q157i/seed-1_sample-2/model.pdb,94.6278852353321,93.78474860335196,97.005,86.06,"[[2.7958896413969603, 3.1487709497206704, 2.7418994413407822], [5.9026815642458095, 2.9270000000000005, 3.9899999999999993], [12.832960893854748, 8.459999999999999, 0.8]]",4.52572625698324,179,10,0.92,0.91,1.1
chaina_q157k,/home/achen918/catalytic_binders/251211_paper_revision_1/computational_SSM/af3_complex/output/chaina_q157k/seed-1_sample-0/model.pdb,95.29497422680429,94.33106145251398,97.76500000000001,88.44,"[[2.40176648668893, 2.4616201117318433, 2.277094972067039], [4.6515642458100555, 2.532, 3.1899999999999995], [10.572067039106146, 7.05, 0.8]]",3.5565921787709494,179,10,0.93,0.94,0.88
chaina_q157k,/home/achen918/catalytic_binders/251211_paper_revision_1/computational_SSM/af3_complex/output/chaina_q157k/seed-1_sample-3/model.pdb,95.51028350515463,93.83703910614524,97.732,88.27,"[[2.4320089884835054, 2.487262569832402, 2.3435754189944134], [4.617877094972067, 2.571, 3.2299999999999995], [11.456983240223465, 7.489999999999999, 0.8]]",3.5525698324022343,179,10,0.93,0.94,0.88
chaina_q157k,/home/achen918/catalytic_binders/251211_paper_revision_1/computational_SSM/af3_complex/output/chaina_q157k/seed-1_sample-4/model.pdb,95.63918814432986,93.8626815642458,97.691,89.19,"[[2.37116194875316, 2.4170949720670394, 2.2837988826815643], [4.625921787709497, 2.5400000000000005, 3.05], [8.814525139664804, 6.22, 0.8]]",3.5215083798882683,179,10,0.93,0.94,0.86
chaina_q157k,/home/achen918/catalytic_binders/251211_paper_revision_1/computational_SSM/af3_complex/output/chaina_q157k/seed-1_sample-1/model.pdb,95.47620489690726,94.34150837988825,97.66999999999999,87.72,"[[2.406560344558534, 2.435307262569833, 2.3435754189944134], [4.649385474860335, 2.552, 3.29], [12.33631284916201, 7.9300000000000015, 0.8]]",3.5423463687150836,179,10,0.93,0.94,0.87
chaina_q157k,/home/achen918/catalytic_binders/251211_paper_revision_1/computational_SSM/af3_complex/output/chaina_q157k/seed-1_sample-2/model.pdb,95.36504510309264,94.06636871508381,97.672,88.12,"[[2.465659623607253, 2.5337430167597765, 2.3715083798882683], [4.89949720670391, 2.6690000000000005, 3.3], [11.350279329608938, 7.459999999999999, 0.8]]",3.716620111731843,179,10,0.93,0.93,0.89
chaina_q157l,/home/achen918/catalytic_binders/251211_paper_revision_1/computational_SSM/af3_complex/output/chaina_q157l/seed-1_sample-0/model.pdb,94.57110251450682,93.6177653631285,97.14099999999999,87.21,"[[2.7606004806341877, 3.0384357541899436, 2.6346368715083797], [5.443240223463688, 2.807, 3.7900000000000005], [11.914525139664804, 7.9899999999999975, 0.8]]",4.240837988826816,179,10,0.92,0.92,1.01
chaina_q157l,/home/achen918/catalytic_binders/251211_paper_revision_1/computational_SSM/af3_complex/output/chaina_q157l/seed-1_sample-3/model.pdb,94.79674403610561,93.78458100558659,97.433,87.74,"[[2.7131924721450638, 2.8390502793296086, 2.6033519553072626], [5.226983240223463, 2.8120000000000003, 3.6199999999999997], [12.418435754189941, 8.040000000000001, 0.8]]",4.033016759776536,179,10,0.92,0.93,0.94
chaina_q157l,/home/achen918/catalytic_binders/251211_paper_revision_1/computational_SSM/af3_complex/output/chaina_q157l/seed-1_sample-4/model.pdb,95.26943907156661,93.79927374301676,97.512,88.55,"[[2.5991136356543176, 2.657877094972067, 2.4720670391061454], [4.841284916201117, 2.6319999999999997, 3.2700000000000005], [9.945251396648043, 6.81, 0.8]]",3.7495810055865917,179,10,0.92,0.93,0.9
chaina_q157l,/home/achen918/catalytic_binders/251211_paper_revision_1/computational_SSM/af3_complex/output/chaina_q157l/seed-1_sample-1/model.pdb,94.95077369439063,94.39184357541902,97.299,86.68,"[[2.6106738241627916, 2.660055865921788, 2.5145251396648045], [4.8640782122905035, 2.6010000000000004, 3.5099999999999993], [12.771508379888267, 8.33, 0.8]]",3.762067039106146,179,10,0.93,0.93,0.89
chaina_q157l,/home/achen918/catalytic_binders/251211_paper_revision_1/computational_SSM/af3_complex/output/chaina_q157l/seed-1_sample-2/model.pdb,95.10223726628001,94.06413407821229,97.455,87.17,"[[2.563478043756437, 2.6935754189944134, 2.5212290502793295], [5.211005586592179, 2.7390000000000003, 3.56], [12.650837988826815, 8.28, 0.8]]",3.9522905027932964,179,10,0.92,0.93,0.94
chaina_q157m,/home/achen918/catalytic_binders/251211_paper_revision_1/computational_SSM/af3_complex/output/chaina_q157m/seed-1_sample-1/model.pdb,94.18615731785933,94.05988826815641,97.19800000000001,85.77,"[[2.711912861646016, 2.5882122905027938, 2.5458100558659216], [4.2295530726256985, 2.3630000000000004, 3.11], [12.219553072625699, 8.09, 0.8]]",3.408882681564246,179,10,0.93,0.94,0.84
chaina_q157m,/home/achen918/catalytic_binders/251211_paper_revision_1/computational_SSM/af3_complex/output/chaina_q157m/seed-1_sample-2/model.pdb,94.2366021921339,93.73569832402234,97.27799999999999,86.22,"[[2.6572578883305766, 2.6041899441340783, 2.488826815642458], [4.5816759776536315, 2.5200000000000005, 3.17], [11.82625698324022, 7.790000000000001, 0.8]]",3.592932960893855,179,10,0.92,0.94,0.87
chaina_q157m,/home/achen918/catalytic_binders/251211_paper_revision_1/computational_SSM/af3_complex/output/chaina_q157m/seed-1_sample-0/model.pdb,93.81154738878136,93.24642458100557,97.01200000000001,86.18,"[[2.8325707687026, 2.820502793296089, 2.6324022346368716], [4.715307262569832, 2.568, 3.3800000000000003], [11.661452513966479, 7.770000000000001, 0.8]]",3.7679050279329607,179,10,0.92,0.93,0.88
chaina_q157m,/home/achen918/catalytic_binders/251211_paper_revision_1/computational_SSM/af3_complex/output/chaina_q157m/seed-1_sample-4/model.pdb,94.51244358478402,93.523687150838,97.424,88.33,"[[2.581408195749196, 2.4498882681564247, 2.3452513966480444], [4.12659217877095, 2.354, 2.87], [7.741340782122905, 5.459999999999999, 0.8]]",3.288240223463687,179,10,0.93,0.94,0.83
chaina_q157m,/home/achen918/catalytic_binders/251211_paper_revision_1/computational_SSM/af3_complex/output/chaina_q157m/seed-1_sample-3/model.pdb,92.72148291424885,93.4131843575419,96.95599999999999,85.96,"[[3.06393058893293, 2.8675977653631284, 2.7553072625698323], [4.363016759776536, 2.426, 3.0200000000000005], [10.975977653631285, 7.160000000000001, 0.8]]",3.615307262569832,179,10,0.92,0.94,0.84
chaina_q157n,/home/achen918/catalytic_binders/251211_paper_revision_1/computational_SSM/af3_complex/output/chaina_q157n/seed-1_sample-1/model.pdb,94.79916827852995,93.88955307262572,97.287,88.69,"[[2.6642239630473457, 2.847932960893855, 2.50949720670391], [5.11463687150838, 2.724, 3.5100000000000002], [10.024022346368715, 6.970000000000001, 0.8]]",3.9812849162011172,179,10,0.92,0.93,0.96
chaina_q157n,/home/achen918/catalytic_binders/251211_paper_revision_1/computational_SSM/af3_complex/output/chaina_q157n/seed-1_sample-2/model.pdb,94.73740167633794,93.82899441340781,97.187,86.75,"[[2.6737118067476047, 3.1020670391061453, 2.645810055865922], [5.863016759776536, 2.911, 3.8899999999999997], [12.605586592178769, 8.469999999999999, 0.8]]",4.48254189944134,179,10,0.92,0.91,1.07
chaina_q157n,/home/achen918/catalytic_binders/251211_paper_revision_1/computational_SSM/af3_complex/output/chaina_q157n/seed-1_sample-0/model.pdb,94.35467440361052,93.59854748603351,97.037,86.94,"[[2.7667082800162293, 3.23, 2.64804469273743], [5.760893854748604, 2.9030000000000005, 3.960000000000001], [12.116759776536313, 8.23, 0.8]]",4.495446927374302,179,10,0.92,0.91,1.07
chaina_q157n,/home/achen918/catalytic_binders/251211_paper_revision_1/computational_SSM/af3_complex/output/chaina_q157n/seed-1_sample-4/model.pdb,95.36707930367524,93.85921787709496,97.571,89.18,"[[2.5174432758028775, 2.667430167597766, 2.427932960893855], [5.018715083798883, 2.6560000000000006, 3.3], [9.32122905027933, 6.49, 0.8]]",3.8430726256983245,179,10,0.93,0.93,0.93
chaina_q157n,/home/achen918/catalytic_binders/251211_paper_revision_1/computational_SSM/af3_complex/output/chaina_q157n/seed-1_sample-3/model.pdb,94.98582205029027,93.7158100558659,97.46700000000001,85.83,"[[2.614116288505352, 2.868324022346368, 2.6374301675977656], [5.30094972067039, 2.809, 3.72], [13.68100558659218, 8.750000000000002, 0.8]]",4.084636871508379,179,10,0.92,0.92,0.98
chaina_q157p,/home/achen918/catalytic_binders/251211_paper_revision_1/computational_SSM/af3_complex/output/chaina_q157p/seed-1_sample-3/model.pdb,94.26968387096777,93.86709497206704,97.038,85.23,"[[3.121054274211167, 3.794469273743017, 3.0536312849162006], [7.140782122905028, 3.262000000000001, 4.760000000000001], [13.755307262569831, 8.84, 0.8]]",5.467625698324023,179,10,0.9,0.88,1.52
chaina_q157p,/home/achen918/catalytic_binders/251211_paper_revision_1/computational_SSM/af3_complex/output/chaina_q157p/seed-1_sample-4/model.pdb,94.81787096774191,93.83916201117317,97.11600000000001,86.14,"[[2.942064854405293, 3.5116759776536313, 2.827932960893855], [6.625418994413407, 3.2259999999999995, 4.319999999999999], [11.885474860335195, 7.829999999999998, 0.8]]",5.06854748603352,179,10,0.9,0.89,1.39
chaina_q157p,/home/achen918/catalytic_binders/251211_paper_revision_1/computational_SSM/af3_complex/output/chaina_q157p/seed-1_sample-0/model.pdb,94.0955161290321,93.79094972067038,96.73599999999999,86.7,"[[3.066533503948066, 4.111843575418995, 2.8871508379888264], [7.645195530726258, 3.372, 5.090000000000001], [12.318435754189943, 8.92, 0.8]]",5.878519553072627,179,10,0.9,0.87,1.81
chaina_q157p,/home/achen918/catalytic_binders/251211_paper_revision_1/computational_SSM/af3_complex/output/chaina_q157p/seed-1_sample-2/model.pdb,94.07399354838708,93.6422905027933,96.725,83.3,"[[3.1278268468524706, 4.055027932960894, 3.15195530726257], [7.738826815642458, 3.438, 5.1], [14.470949720670392, 9.42, 0.8]]",5.896927374301676,179,10,0.89,0.86,1.77
chaina_q157p,/home/achen918/catalytic_binders/251211_paper_revision_1/computational_SSM/af3_complex/output/chaina_q157p/seed-1_sample-1/model.pdb,94.26215483870968,93.95893854748604,96.83600000000001,85.71,"[[3.084463655940826, 3.6073743016759776, 2.8983240223463684], [6.730782122905027, 3.2390000000000003, 4.45], [11.862569832402238, 7.94, 0.8]]",5.169078212290502,179,10,0.9,0.88,1.47
chaina_q157r,/home/achen918/catalytic_binders/251211_paper_revision_1/computational_SSM/af3_complex/output/chaina_q157r/seed-1_sample-0/model.pdb,95.41167953667964,94.3205027932961,97.572,88.5,"[[2.4600948784370025, 2.536480446927374, 2.346368715083799], [4.769888268156424, 2.6379999999999995, 3.3], [10.703351955307262, 7.26, 0.8]]",3.6531843575418987,179,10,0.93,0.93,0.87
chaina_q157r,/home/achen918/catalytic_binders/251211_paper_revision_1/computational_SSM/af3_complex/output/chaina_q157r/seed-1_sample-4/model.pdb,95.76438867438875,94.02072625698324,97.776,89.21,"[[2.405605318186074, 2.3656983240223464, 2.3094972067039103], [4.408324022346369, 2.482, 3.0300000000000002], [9.252513966480446, 6.3999999999999995, 0.8]]",3.3870111731843577,179,10,0.93,0.94,0.84
chaina_q157r,/home/achen918/catalytic_binders/251211_paper_revision_1/computational_SSM/af3_complex/output/chaina_q157r/seed-1_sample-3/model.pdb,95.79535392535384,94.18815642458101,97.90799999999999,88.96,"[[2.3537530039636714, 2.318212290502793, 2.2687150837988828], [4.294189944134079, 2.471, 3.04], [10.673743016759776, 7.090000000000001, 0.8]]",3.3062011173184356,179,10,0.93,0.94,0.84
chaina_q157r,/home/achen918/catalytic_binders/251211_paper_revision_1/computational_SSM/af3_complex/output/chaina_q157r/seed-1_sample-1/model.pdb,95.47486486486476,94.41122905027933,97.64599999999999,87.72,"[[2.4806747604631565, 2.4547486033519554, 2.401675977653631], [4.5030167597765365, 2.5300000000000002, 3.1999999999999997], [12.104469273743016, 7.840000000000001, 0.8]]",3.478882681564246,179,10,0.93,0.94,0.85
chaina_q157r,/home/achen918/catalytic_binders/251211_paper_revision_1/computational_SSM/af3_complex/output/chaina_q157r/seed-1_sample-2/model.pdb,95.6311003861004,94.68234636871507,97.689,88.33,"[[2.4001903810742484, 2.418603351955307, 2.3284916201117323], [4.676033519553073, 2.582, 3.1900000000000004], [11.3268156424581, 7.529999999999999, 0.8]]",3.54731843575419,179,10,0.93,0.94,0.85
chaina_q157s,/home/achen918/catalytic_binders/251211_paper_revision_1/computational_SSM/af3_complex/output/chaina_q157s/seed-1_sample-2/model.pdb,95.27352485474498,94.48340782122905,97.59299999999999,87.92,"[[2.575943322617896, 2.7552513966480445, 2.529050279329609], [5.23, 2.7209999999999996, 3.5400000000000005], [12.435754189944134, 8.190000000000001, 0.8]]",3.9926256983240225,179,10,0.92,0.93,0.95
chaina_q157s,/home/achen918/catalytic_binders/251211_paper_revision_1/computational_SSM/af3_complex/output/chaina_q157s/seed-1_sample-1/model.pdb,95.08218205293743,94.53798882681566,97.46400000000001,87.37,"[[2.676408351799257, 2.8217318435754186, 2.602793296089385], [5.064189944134078, 2.6770000000000005, 3.6199999999999997], [13.154748603351957, 8.59, 0.8]]",3.9429608938547487,179,10,0.92,0.93,0.94
chaina_q157s,/home/achen918/catalytic_binders/251211_paper_revision_1/computational_SSM/af3_complex/output/chaina_q157s/seed-1_sample-3/model.pdb,95.09739186571983,94.19754189944135,97.70500000000001,88.35,"[[2.650753721793951, 2.7591061452513963, 2.5631284916201116], [5.01340782122905, 2.7030000000000003, 3.499999999999999], [12.145251396648044, 7.94, 0.8]]",3.886256983240223,179,10,0.92,0.93,0.92
chaina_q157s,/home/achen918/catalytic_binders/251211_paper_revision_1/computational_SSM/af3_complex/output/chaina_q157s/seed-1_sample-4/model.pdb,95.49401549386704,94.29849162011173,97.694,89.07,"[[2.576124340688493, 2.6211173184357537, 2.441899441340782], [4.765698324022345, 2.576, 3.1799999999999997], [9.677094972067039, 6.68, 0.8]]",3.6934078212290498,179,10,0.92,0.93,0.9
chaina_q157s,/home/achen918/catalytic_binders/251211_paper_revision_1/computational_SSM/af3_complex/output/chaina_q157s/seed-1_sample-0/model.pdb,94.90170432537121,94.22083798882682,97.33500000000001,87.8,"[[2.6495583783277676, 2.9781564245810053, 2.560893854748603], [5.492178770949721, 2.8140000000000005, 3.7900000000000005], [11.846368715083798, 7.95, 0.8]]",4.235167597765363,179,10,0.92,0.92,1.0
chaina_q157t,/home/achen918/catalytic_binders/251211_paper_revision_1/computational_SSM/af3_complex/output/chaina_q157t/seed-1_sample-0/model.pdb,94.40710322580651,93.83229050279331,97.12499999999999,86.73,"[[2.7161699073062633, 3.1462011173184354, 2.6206703910614526], [5.819664804469274, 2.9130000000000003, 3.8899999999999997], [12.17541899441341, 8.280000000000001, 0.8]]",4.482932960893855,179,10,0.92,0.91,1.09
chaina_q157t,/home/achen918/catalytic_binders/251211_paper_revision_1/computational_SSM/af3_complex/output/chaina_q157t/seed-1_sample-3/model.pdb,94.93928387096764,93.71620111731843,97.456,87.32,"[[2.6239162323273306, 2.874581005586592, 2.578212290502793], [5.3640223463687144, 2.8210000000000006, 3.6800000000000006], [12.60558659217877, 8.139999999999999, 0.8]]",4.1193016759776535,179,10,0.92,0.92,0.97
chaina_q157t,/home/achen918/catalytic_binders/251211_paper_revision_1/computational_SSM/af3_complex/output/chaina_q157t/seed-1_sample-4/model.pdb,95.14715483870981,93.75279329608938,97.34300000000002,88.0,"[[2.651078305920539, 2.8686033519553074, 2.5385474860335195], [5.282402234636871, 2.755000000000001, 3.5100000000000002], [10.756983240223464, 7.3, 0.8]]",4.075502793296089,179,10,0.92,0.92,0.96
chaina_q157t,/home/achen918/catalytic_binders/251211_paper_revision_1/computational_SSM/af3_complex/output/chaina_q157t/seed-1_sample-1/model.pdb,94.81365806451605,93.94106145251396,97.28099999999999,88.41,"[[2.6685840017477607, 2.774413407821229, 2.511173184357542], [5.011675977653631, 2.721, 3.5], [10.473743016759778, 7.12, 0.8]]",3.89304469273743,179,10,0.92,0.93,0.93
chaina_q157t,/home/achen918/catalytic_binders/251211_paper_revision_1/computational_SSM/af3_complex/output/chaina_q157t/seed-1_sample-2/model.pdb,94.71169677419351,93.77743016759779,97.169,86.61,"[[2.6942167847445457, 3.071508379888268, 2.6603351955307266], [5.889273743016759, 2.9280000000000013, 3.91], [12.92905027932961, 8.55, 0.8]]",4.480391061452513,179,10,0.92,0.91,1.07
chaina_q157v,/home/achen918/catalytic_binders/251211_paper_revision_1/computational_SSM/af3_complex/output/chaina_q157v/seed-1_sample-1/model.pdb,94.69999354838706,94.00201117318436,96.96799999999999,85.45,"[[2.667697637402079, 3.264972067039107, 2.6558659217877096], [6.125251396648044, 3.0250000000000004, 4.2700000000000005], [13.476536312849161, 8.709999999999999, 0.8]]",4.695111731843575,179,10,0.92,0.91,1.18
chaina_q157v,/home/achen918/catalytic_binders/251211_paper_revision_1/computational_SSM/af3_complex/output/chaina_q157v/seed-1_sample-2/model.pdb,94.65870322580656,93.99162011173185,96.80799999999999,85.69,"[[2.6781342654723637, 3.6116201117318436, 2.723463687150838], [7.035977653631285, 3.214, 4.6499999999999995], [13.132960893854749, 8.7, 0.8]]",5.323798882681564,179,10,0.92,0.89,1.4
chaina_q157v,/home/achen918/catalytic_binders/251211_paper_revision_1/computational_SSM/af3_complex/output/chaina_q157v/seed-1_sample-0/model.pdb,94.50525161290317,94.13234636871509,96.96900000000001,86.27,"[[2.6017664866889296, 3.530614525139665, 2.588268156424581], [6.779720670391062, 3.133, 4.459999999999999], [11.637430167597765, 8.07, 0.8]]",5.155167597765363,179,10,0.92,0.9,1.38
chaina_q157v,/home/achen918/catalytic_binders/251211_paper_revision_1/computational_SSM/af3_complex/output/chaina_q157v/seed-1_sample-3/model.pdb,95.0844451612902,93.9017318435754,97.263,86.65,"[[2.576080646671452, 3.2587709497206707, 2.611731843575419], [6.242178770949721, 3.071, 4.22], [12.819553072625697, 8.330000000000002, 0.8]]",4.750474860335196,179,10,0.92,0.91,1.2
chaina_q157v,/home/achen918/catalytic_binders/251211_paper_revision_1/computational_SSM/af3_complex/output/chaina_q157v/seed-1_sample-4/model.pdb,95.23377419354847,93.67525139664806,97.196,88.14,"[[2.571015261695952, 3.187486033519553, 2.522905027932961], [6.10217877094972, 3.0030000000000006, 3.96], [10.772067039106146, 7.44, 0.8]]",4.644832402234637,179,10,0.92,0.91,1.2
chaina_q157w,/home/achen918/catalytic_binders/251211_paper_revision_1/computational_SSM/af3_complex/output/chaina_q157w/seed-1_sample-2/model.pdb,95.09597302504811,94.26754189944134,97.549,87.61,"[[2.552448425454886, 2.685921787709497, 2.4564245810055865], [4.960949720670391, 2.6390000000000002, 3.5900000000000007], [9.576536312849164, 6.99, 0.8]]",3.823435754189944,179,10,0.92,0.93,0.94
chaina_q157w,/home/achen918/catalytic_binders/251211_paper_revision_1/computational_SSM/af3_complex/output/chaina_q157w/seed-1_sample-1/model.pdb,94.41774566473981,94.11212290502793,97.061,85.84,"[[2.821082363222122, 2.9892178770949718, 2.7117318435754187], [5.182905027932961, 2.725, 3.62], [11.064245810055866, 7.390000000000001, 0.8]]",4.086061452513967,179,10,0.92,0.92,0.99
chaina_q157w,/home/achen918/catalytic_binders/251211_paper_revision_1/computational_SSM/af3_complex/output/chaina_q157w/seed-1_sample-3/model.pdb,95.22357096981388,94.28765363128491,97.67,87.14,"[[2.4713367248213225, 2.644469273743017, 2.395530726256983], [4.83709497206704, 2.6439999999999997, 3.38], [9.874301675977653, 6.739999999999999, 0.8]]",3.7407821229050287,179,10,0.93,0.93,0.93
chaina_q157w,/home/achen918/catalytic_binders/251211_paper_revision_1/computational_SSM/af3_complex/output/chaina_q157w/seed-1_sample-4/model.pdb,95.47183044315992,94.21877094972065,97.61299999999999,88.11,"[[2.5141943135357825, 2.622513966480447, 2.425698324022346], [4.7550279329608935, 2.5750000000000006, 3.3600000000000003], [9.711173184357541, 6.7, 0.8]]",3.68877094972067,179,10,0.93,0.93,0.9
chaina_q157w,/home/achen918/catalytic_binders/251211_paper_revision_1/computational_SSM/af3_complex/output/chaina_q157w/seed-1_sample-0/model.pdb,94.51531791907512,94.21782122905029,97.37800000000001,88.03,"[[2.6683998626759466, 2.884581005586592, 2.5039106145251395], [5.092905027932961, 2.694, 3.79], [8.749162011173185, 6.700000000000001, 0.8]]",3.988743016759776,179,10,0.92,0.93,0.99
chaina_q157y,/home/achen918/catalytic_binders/251211_paper_revision_1/computational_SSM/af3_complex/output/chaina_q157y/seed-1_sample-1/model.pdb,94.6155112540193,93.88033519553072,97.00399999999999,85.55,"[[2.781027433600699, 3.207262569832402, 2.7441340782122907], [5.54094972067039, 2.805, 3.839999999999999], [11.65586592178771, 7.839999999999999, 0.8]]",4.374106145251396,179,10,0.92,0.92,1.1
chaina_q157y,/home/achen918/catalytic_binders/251211_paper_revision_1/computational_SSM/af3_complex/output/chaina_q157y/seed-1_sample-2/model.pdb,95.37388424437303,94.77033519553072,97.822,88.92,"[[2.448740676008864, 2.513072625698324, 2.306703910614525], [4.625810055865922, 2.5039999999999996, 3.3600000000000003], [8.969832402234637, 6.529999999999999, 0.8]]",3.569441340782123,179,10,0.93,0.93,0.92
chaina_q157y,/home/achen918/catalytic_binders/251211_paper_revision_1/computational_SSM/af3_complex/output/chaina_q157y/seed-1_sample-0/model.pdb,94.46610289389061,94.44335195530726,97.52700000000002,88.22,"[[2.713732405355638, 3.0049162011173185, 2.511173184357542], [5.137988826815643, 2.6630000000000003, 3.7600000000000007], [9.295530726256985, 6.95, 0.8]]",4.071452513966481,179,10,0.92,0.92,1.05
chaina_q157y,/home/achen918/catalytic_binders/251211_paper_revision_1/computational_SSM/af3_complex/output/chaina_q157y/seed-1_sample-4/model.pdb,95.6216848874598,94.36581005586592,97.68499999999999,87.71,"[[2.4523298274086325, 2.6191061452513966, 2.4089385474860334], [4.933575418994414, 2.623, 3.3600000000000003], [9.910055865921787, 6.68, 0.8]]",3.7763407821229054,179,10,0.93,0.93,0.94
chaina_q157y,/home/achen918/catalytic_binders/251211_paper_revision_1/computational_SSM/af3_complex/output/chaina_q157y/seed-1_sample-3/model.pdb,95.08282958199354,94.23329608938549,97.68,86.8,"[[2.5415623732093255, 2.7268715083798885, 2.446368715083799], [4.854413407821228, 2.572, 3.3600000000000003], [10.132960893854749, 6.710000000000001, 0.8]]",3.7906424581005584,179,10,0.93,0.93,0.95
chaina_v121a,/home/achen918/catalytic_binders/251211_paper_revision_1/computational_SSM/af3_complex/output/chaina_v121a/seed-1_sample-1/model.pdb,95.50838064516132,94.42335195530725,97.565,88.28,"[[2.4167160825192724, 2.3511731843575414, 2.3324022346368714], [4.241675977653632, 2.4200000000000004, 3.02], [9.866480446927374, 6.609999999999999, 0.8]]",3.2964245810055868,179,10,0.93,0.94,0.84
chaina_v121a,/home/achen918/catalytic_binders/251211_paper_revision_1/computational_SSM/af3_complex/output/chaina_v121a/seed-1_sample-2/model.pdb,95.396270967742,94.15195530726255,97.55499999999999,87.28,"[[2.453646889922287, 2.523463687150838, 2.427932960893855], [4.823072625698325, 2.616000000000001, 3.3300000000000005], [11.708379888268157, 7.68, 0.8]]",3.6732681564245815,179,10,0.93,0.93,0.88
chaina_v121a,/home/achen918/catalytic_binders/251211_paper_revision_1/computational_SSM/af3_complex/output/chaina_v121a/seed-1_sample-0/model.pdb,95.28548387096798,94.30374301675977,97.45599999999999,88.03,"[[2.434290440373272, 2.5220670391061453, 2.3469273743016763], [4.760670391061453, 2.576, 3.2699999999999996], [10.360893854748603, 7.0, 0.8]]",3.6413687150837992,179,10,0.93,0.93,0.89
chaina_v121a,/home/achen918/catalytic_binders/251211_paper_revision_1/computational_SSM/af3_complex/output/chaina_v121a/seed-1_sample-3/model.pdb,95.71230967741961,94.2473184357542,97.78900000000002,88.13,"[[2.3205205830030273, 2.3098324022346373, 2.276536312849162], [4.287262569832402, 2.425, 3.03], [10.768715083798883, 7.070000000000002, 0.8]]",3.2985474860335193,179,10,0.93,0.94,0.84
chaina_v121a,/home/achen918/catalytic_binders/251211_paper_revision_1/computational_SSM/af3_complex/output/chaina_v121a/seed-1_sample-4/model.pdb,95.93872903225804,94.25837988826815,97.81099999999999,89.52,"[[2.2632096376517588, 2.2306703910614525, 2.206703910614525], [4.241340782122905, 2.388, 2.92], [8.79441340782123, 6.08, 0.8]]",3.236005586592179,179,10,0.93,0.94,0.83
chaina_v121d,/home/achen918/catalytic_binders/251211_paper_revision_1/computational_SSM/af3_complex/output/chaina_v121d/seed-1_sample-0/model.pdb,92.5224661944622,94.04983240223463,97.159,87.72,"[[3.2417402702787057, 2.860670391061453, 2.897206703910615], [4.066648044692737, 2.319, 2.84], [9.358659217877094, 6.4, 0.8]]",3.463659217877095,179,10,0.92,0.95,0.8
chaina_v121d,/home/achen918/catalytic_binders/251211_paper_revision_1/computational_SSM/af3_complex/output/chaina_v121d/seed-1_sample-4/model.pdb,92.7594140373472,93.82402234636872,97.355,85.86,"[[3.2496239193533287, 2.852402234636871, 2.923463687150838], [4.002905027932961, 2.3070000000000004, 2.82], [11.700000000000001, 7.68, 0.8]]",3.427653631284916,179,10,0.92,0.95,0.79
chaina_v121d,/home/achen918/catalytic_binders/251211_paper_revision_1/computational_SSM/af3_complex/output/chaina_v121d/seed-1_sample-3/model.pdb,91.65779137153885,93.95843575418994,97.013,86.48,"[[3.6963421865734527, 3.178212290502793, 3.2592178770949727], [4.273072625698324, 2.407, 2.92], [10.92849162011173, 7.3, 0.8]]",3.725642458100559,179,10,0.91,0.94,0.82
chaina_v121d,/home/achen918/catalytic_binders/251211_paper_revision_1/computational_SSM/af3_complex/output/chaina_v121d/seed-1_sample-1/model.pdb,92.52865421764326,94.35363128491622,97.18999999999998,85.9,"[[3.26095315377173, 2.849497206703911, 2.9368715083798884], [3.922625698324022, 2.242, 2.7600000000000002], [11.328491620111732, 7.4799999999999995, 0.8]]",3.3860614525139665,179,10,0.92,0.95,0.79
chaina_v121d,/home/achen918/catalytic_binders/251211_paper_revision_1/computational_SSM/af3_complex/output/chaina_v121d/seed-1_sample-2/model.pdb,92.39766902768838,94.32156424581007,97.30099999999999,85.82,"[[3.3041166006054747, 2.9195530726256984, 2.99608938547486], [4.14391061452514, 2.356, 2.88], [11.418435754189943, 7.709999999999999, 0.8]]",3.531731843575419,179,10,0.92,0.94,0.81
chaina_v121e,/home/achen918/catalytic_binders/251211_paper_revision_1/computational_SSM/af3_complex/output/chaina_v121e/seed-1_sample-1/model.pdb,93.54165379665379,94.17435754189944,97.241,85.97,"[[3.1580631066446117, 2.836480446927374, 2.900558659217877], [4.2514525139664805, 2.337, 2.95], [11.72513966480447, 7.6, 0.8]]",3.5439664804469273,179,10,0.92,0.94,0.82
chaina_v121e,/home/achen918/catalytic_binders/251211_paper_revision_1/computational_SSM/af3_complex/output/chaina_v121e/seed-1_sample-2/model.pdb,92.42544401544394,93.85094972067039,96.96100000000001,85.33,"[[3.717986330014669, 3.2778212290502795, 3.298882681564246], [4.747318435754189, 2.5639999999999996, 3.1799999999999997], [11.767039106145253, 7.720000000000001, 0.8]]",4.012569832402234,179,10,0.9,0.94,0.84
chaina_v121e,/home/achen918/catalytic_binders/251211_paper_revision_1/computational_SSM/af3_complex/output/chaina_v121e/seed-1_sample-0/model.pdb,92.68004504504496,93.40424581005587,96.813,87.08,"[[3.5013545145282605, 3.154078212290503, 3.132960893854749], [4.767430167597766, 2.542, 3.1799999999999997], [10.451955307262569, 7.039999999999999, 0.8]]",3.9607541899441348,179,10,0.91,0.94,0.84
chaina_v121e,/home/achen918/catalytic_binders/251211_paper_revision_1/computational_SSM/af3_complex/output/chaina_v121e/seed-1_sample-3/model.pdb,93.04741956241962,93.97072625698326,97.30199999999999,86.84,"[[3.4359882650354234, 3.0386592178770955, 3.083240223463687], [4.4230167597765355, 2.425, 2.9699999999999998], [11.085474860335195, 7.3, 0.8]]",3.7308379888268153,179,10,0.91,0.94,0.83
chaina_v121e,/home/achen918/catalytic_binders/251211_paper_revision_1/computational_SSM/af3_complex/output/chaina_v121e/seed-1_sample-4/model.pdb,93.42240025740003,93.29430167597765,97.21199999999999,87.07,"[[3.2092069535907117, 2.8757541899441343, 2.8502793296089384], [4.354245810055866, 2.4160000000000004, 2.93], [9.408938547486033, 6.25, 0.8]]",3.615,179,10,0.92,0.94,0.82
chaina_v121f,/home/achen918/catalytic_binders/251211_paper_revision_1/computational_SSM/af3_complex/output/chaina_v121f/seed-1_sample-1/model.pdb,91.2802827763496,92.9886592178771,95.482,82.39,"[[4.192322337005712, 3.7393854748603346, 3.874301675977654], [5.585083798882681, 2.8169999999999997, 3.7199999999999998], [13.103351955307263, 8.7, 0.8]]",4.662234636871508,179,10,0.89,0.93,0.87
chaina_v121f,/home/achen918/catalytic_binders/251211_paper_revision_1/computational_SSM/af3_complex/output/chaina_v121f/seed-1_sample-2/model.pdb,91.60651028277645,93.06480446927374,95.743,83.34,"[[3.8418651103273924, 3.3888826815642457, 3.421787709497207], [4.642290502793296, 2.481, 3.15], [10.797206703910614, 7.1800000000000015, 0.8]]",4.015586592178771,179,10,0.9,0.93,0.86
chaina_v121f,/home/achen918/catalytic_binders/251211_paper_revision_1/computational_SSM/af3_complex/output/chaina_v121f/seed-1_sample-0/model.pdb,91.34777634961442,92.80938547486032,95.77,84.3,"[[4.149305577229175, 3.62050279329609, 3.8145251396648043], [5.027988826815641, 2.548, 3.3200000000000003], [11.637430167597765, 7.970000000000001, 0.8]]",4.324245810055865,179,10,0.89,0.93,0.84
chaina_v121f,/home/achen918/catalytic_binders/251211_paper_revision_1/computational_SSM/af3_complex/output/chaina_v121f/seed-1_sample-3/model.pdb,91.52139460154238,93.02860335195533,95.87800000000001,83.57,"[[4.1158734121906315, 3.700558659217877, 3.7944134078212293], [5.382737430167598, 2.623, 3.5799999999999996], [12.25921787709497, 8.3, 0.8]]",4.541648044692738,179,10,0.89,0.93,0.88
chaina_v121f,/home/achen918/catalytic_binders/251211_paper_revision_1/computational_SSM/af3_complex/output/chaina_v121f/seed-1_sample-4/model.pdb,92.16975578406155,93.87229050279329,96.346,83.87,"[[3.4049686339377674, 2.9506703910614522, 2.977653631284916], [3.841061452513967, 2.206, 2.7800000000000002], [9.0536312849162, 6.39, 0.8]]",3.39586592178771,179,10,0.91,0.94,0.81
chaina_v121g,/home/achen918/catalytic_binders/251211_paper_revision_1/computational_SSM/af3_complex/output/chaina_v121g/seed-1_sample-2/model.pdb,93.73573273079424,94.1668715083799,97.537,86.34,"[[2.94109110202553, 2.714245810055866, 2.7206703910614527], [4.320949720670391, 2.428, 2.9899999999999998], [11.116201117318436, 7.340000000000001, 0.8]]",3.5175977653631283,179,10,0.92,0.94,0.83
chaina_v121g,/home/achen918/catalytic_binders/251211_paper_revision_1/computational_SSM/af3_complex/output/chaina_v121g/seed-1_sample-1/model.pdb,93.58507424144615,93.71284916201117,97.444,86.68,"[[3.0213507693268, 2.7562011173184353, 2.7301675977653628], [4.095754189944134, 2.303, 2.94], [9.577094972067037, 6.4799999999999995, 0.8]]",3.4259776536312847,179,10,0.92,0.94,0.82
chaina_v121g,/home/achen918/catalytic_binders/251211_paper_revision_1/computational_SSM/af3_complex/output/chaina_v121g/seed-1_sample-4/model.pdb,94.1369399612655,93.40541899441341,97.622,87.28,"[[2.798492556412097, 2.5691620111731845, 2.5508379888268156], [3.959050279329609, 2.257, 2.82], [9.00167597765363, 6.180000000000001, 0.8]]",3.2641061452513966,179,10,0.93,0.94,0.81
chaina_v121g,/home/achen918/catalytic_binders/251211_paper_revision_1/computational_SSM/af3_complex/output/chaina_v121g/seed-1_sample-3/model.pdb,93.82794706262106,93.96083798882681,97.603,86.95,"[[2.968165787584657, 2.7509497206703917, 2.7396648044692737], [4.259776536312849, 2.4000000000000004, 2.9799999999999995], [10.868156424581006, 7.32, 0.8]]",3.50536312849162,179,10,0.92,0.94,0.83
chaina_v121g,/home/achen918/catalytic_binders/251211_paper_revision_1/computational_SSM/af3_complex/output/chaina_v121g/seed-1_sample-0/model.pdb,93.77038089089734,93.66754189944133,97.31099999999999,87.08,"[[2.9519490652601355, 2.7447486033519555, 2.7139664804469272], [4.351564245810056, 2.4240000000000004, 3.0500000000000003], [10.47094972067039, 7.0699999999999985, 0.8]]",3.5481564245810056,179,10,0.92,0.94,0.84
chaina_v121h,/home/achen918/catalytic_binders/251211_paper_revision_1/computational_SSM/af3_complex/output/chaina_v121h/seed-1_sample-3/model.pdb,93.4021736334405,93.86122905027933,97.20200000000001,86.02,"[[3.0168690115789145, 2.790782122905028, 2.7614525139664803], [4.336480446927374, 2.434, 3.05], [11.047486033519553, 7.3, 0.8]]",3.563631284916201,179,10,0.92,0.94,0.84
chaina_v121h,/home/achen918/catalytic_binders/251211_paper_revision_1/computational_SSM/af3_complex/output/chaina_v121h/seed-1_sample-4/model.pdb,93.96593569131846,93.50284916201119,97.17299999999999,86.79,"[[2.7265222683436847, 2.5277653631284913, 2.4860335195530725], [4.315307262569832, 2.4320000000000004, 2.94], [8.646368715083797, 5.86, 0.8]]",3.421536312849162,179,10,0.93,0.94,0.82
chaina_v121h,/home/achen918/catalytic_binders/251211_paper_revision_1/computational_SSM/af3_complex/output/chaina_v121h/seed-1_sample-0/model.pdb,92.75821864951791,93.31273743016757,96.58400000000002,85.09,"[[3.1980774632502107, 3.024804469273743, 2.9324022346368714], [4.807318435754189, 2.577, 3.35], [11.380446927374301, 7.55, 0.8]]",3.916061452513966,179,10,0.91,0.93,0.86
chaina_v121h,/home/achen918/catalytic_binders/251211_paper_revision_1/computational_SSM/af3_complex/output/chaina_v121h/seed-1_sample-2/model.pdb,93.01313826366554,94.06435754189944,97.074,84.85,"[[3.0703192784245186, 2.8277653631284916, 2.8039106145251393], [4.4337430167597764, 2.466, 3.05], [11.326256983240222, 7.44, 0.8]]",3.630754189944134,179,10,0.92,0.94,0.84
chaina_v121h,/home/achen918/catalytic_binders/251211_paper_revision_1/computational_SSM/af3_complex/output/chaina_v121h/seed-1_sample-1/model.pdb,93.5141993569135,93.95212290502793,96.925,83.96,"[[2.903523610374208, 2.7236312849162005, 2.7094972067039107], [4.530614525139665, 2.485, 3.19], [12.113407821229051, 7.92, 0.8]]",3.6271229050279326,179,10,0.92,0.94,0.83
chaina_v121i,/home/achen918/catalytic_binders/251211_paper_revision_1/computational_SSM/af3_complex/output/chaina_v121i/seed-1_sample-1/model.pdb,95.7583386992917,94.35061452513966,97.686,87.75,"[[2.3051121999937583, 2.437262569832402, 2.292178770949721], [4.71, 2.595, 3.4], [11.81284916201117, 7.720000000000001, 0.8]]",3.573631284916201,179,10,0.93,0.94,0.89
chaina_v121i,/home/achen918/catalytic_binders/251211_paper_revision_1/computational_SSM/af3_complex/output/chaina_v121i/seed-1_sample-2/model.pdb,95.68739214423694,94.3253631284916,97.669,88.13,"[[2.3038513155020133, 2.409217877094972, 2.281564245810056], [4.877039106145252, 2.633000000000001, 3.3], [11.237430167597765, 7.42, 0.8]]",3.6431284916201117,179,10,0.93,0.94,0.89
chaina_v121i,/home/achen918/catalytic_binders/251211_paper_revision_1/computational_SSM/af3_complex/output/chaina_v121i/seed-1_sample-0/model.pdb,95.6807276239537,94.02391061452514,97.61699999999999,88.61,"[[2.3232483380668523, 2.511731843575419, 2.2525139664804463], [4.878491620111732, 2.658000000000001, 3.45], [10.126815642458102, 7.05, 0.8]]",3.6951117318435758,179,10,0.93,0.93,0.9
chaina_v121i,/home/achen918/catalytic_binders/251211_paper_revision_1/computational_SSM/af3_complex/output/chaina_v121i/seed-1_sample-3/model.pdb,95.86605280103043,94.178156424581,97.832,88.4,"[[2.2640866389937893, 2.3632960893854746, 2.2513966480446927], [4.598826815642458, 2.5330000000000004, 3.2399999999999998], [11.120111731843576, 7.3100000000000005, 0.8]]",3.4810614525139663,179,10,0.93,0.94,0.87
chaina_v121i,/home/achen918/catalytic_binders/251211_paper_revision_1/computational_SSM/af3_complex/output/chaina_v121i/seed-1_sample-4/model.pdb,95.60620090148112,93.63999999999999,97.562,88.27,"[[2.391429730657595, 2.5117877094972068, 2.327374301675978], [4.787262569832403, 2.605, 3.2400000000000007], [9.76927374301676, 6.830000000000001, 0.8]]",3.6495251396648047,179,10,0.93,0.93,0.89
chaina_v121k,/home/achen918/catalytic_binders/251211_paper_revision_1/computational_SSM/af3_complex/output/chaina_v121k/seed-1_sample-2/model.pdb,91.95276061776063,93.41379888268156,97.163,87.05,"[[3.5912830436003866, 3.232737430167598, 3.1469273743016757], [4.836480446927374, 2.667, 3.1499999999999995], [10.89441340782123, 7.24, 0.8]]",4.034608938547486,179,10,0.91,0.94,0.83
chaina_v121k,/home/achen918/catalytic_binders/251211_paper_revision_1/computational_SSM/af3_complex/output/chaina_v121k/seed-1_sample-1/model.pdb,92.23660231660233,93.20234636871508,96.89000000000001,86.33,"[[3.386177085609064, 3.1741899441340777, 3.0458100558659216], [5.096871508379888, 2.7919999999999994, 3.3899999999999997], [12.040782122905028, 8.02, 0.8]]",4.135530726256983,179,10,0.91,0.94,0.83
chaina_v121k,/home/achen918/catalytic_binders/251211_paper_revision_1/computational_SSM/af3_complex/output/chaina_v121k/seed-1_sample-4/model.pdb,92.46599742599739,92.58849162011171,97.086,87.08,"[[3.2714584438687933, 3.01217877094972, 2.8960893854748595], [4.768100558659218, 2.6359999999999997, 3.1700000000000004], [9.227932960893856, 6.27, 0.8]]",3.890139664804469,179,10,0.92,0.94,0.82
chaina_v121k,/home/achen918/catalytic_binders/251211_paper_revision_1/computational_SSM/af3_complex/output/chaina_v121k/seed-1_sample-3/model.pdb,92.21687902187867,93.4622905027933,97.218,87.57,"[[3.45974220529946, 3.1245251396648044, 3.0469273743016765], [4.692234636871509, 2.6039999999999996, 3.09], [10.741340782122904, 7.140000000000001, 0.8]]",3.908379888268157,179,10,0.91,0.94,0.82
chaina_v121k,/home/achen918/catalytic_binders/251211_paper_revision_1/computational_SSM/af3_complex/output/chaina_v121k/seed-1_sample-0/model.pdb,91.84557271557274,92.79709497206704,96.898,87.28,"[[3.585097219187915, 3.300446927374302, 3.1530726256983237], [4.952681564245809, 2.6710000000000003, 3.3199999999999994], [11.026815642458102, 7.480000000000001, 0.8]]",4.126564245810055,179,10,0.91,0.93,0.84
chaina_v121l,/home/achen918/catalytic_binders/251211_paper_revision_1/computational_SSM/af3_complex/output/chaina_v121l/seed-1_sample-2/model.pdb,95.67781712813893,94.71340782122904,97.708,88.43,"[[2.32921569239412, 2.430335195530726, 2.298882681564246], [4.9136312849162005, 2.6630000000000003, 3.37], [11.043575418994415, 7.409999999999999, 0.8]]",3.6719832402234633,179,10,0.93,0.93,0.88
chaina_v121l,/home/achen918/catalytic_binders/251211_paper_revision_1/computational_SSM/af3_complex/output/chaina_v121l/seed-1_sample-1/model.pdb,95.83148744365745,94.92603351955309,97.80499999999999,87.99,"[[2.2628101494959587, 2.2584916201117315, 2.2318435754189943], [4.337877094972067, 2.492, 3.21], [11.824581005586595, 7.710000000000001, 0.8]]",3.298184357541899,179,10,0.94,0.94,0.84
chaina_v121l,/home/achen918/catalytic_binders/251211_paper_revision_1/computational_SSM/af3_complex/output/chaina_v121l/seed-1_sample-3/model.pdb,95.83269800386354,94.35078212290503,97.906,88.8,"[[2.3066758216035703, 2.343854748603352, 2.2636871508379888], [4.517262569832402, 2.523, 3.1699999999999995], [11.004469273743016, 7.300000000000002, 0.8]]",3.430558659217877,179,10,0.93,0.94,0.85
chaina_v121l,/home/achen918/catalytic_binders/251211_paper_revision_1/computational_SSM/af3_complex/output/chaina_v121l/seed-1_sample-4/model.pdb,95.9415647134581,94.39256983240223,97.81099999999999,89.29,"[[2.277553759245966, 2.30391061452514, 2.2268156424581007], [4.368156424581006, 2.458, 3.04], [9.191620111731844, 6.43, 0.8]]",3.336033519553073,179,10,0.93,0.94,0.85
chaina_v121l,/home/achen918/catalytic_binders/251211_paper_revision_1/computational_SSM/af3_complex/output/chaina_v121l/seed-1_sample-0/model.pdb,95.62103026400509,94.60418994413409,97.745,89.1,"[[2.348519084922443, 2.415921787709497, 2.2329608938547487], [4.589944134078213, 2.5840000000000005, 3.3299999999999996], [9.43687150837989, 6.62, 0.8]]",3.5029329608938546,179,10,0.93,0.94,0.86
chaina_v121m,/home/achen918/catalytic_binders/251211_paper_revision_1/computational_SSM/af3_complex/output/chaina_v121m/seed-1_sample-3/model.pdb,95.63213135866083,93.8923463687151,97.761,88.17,"[[2.3514153740519963, 2.5151396648044693, 2.335195530726257], [4.957486033519553, 2.6990000000000007, 3.44], [11.250837988826817, 7.369999999999999, 0.8]]",3.736312849162011,179,10,0.93,0.93,0.91
chaina_v121m,/home/achen918/catalytic_binders/251211_paper_revision_1/computational_SSM/af3_complex/output/chaina_v121m/seed-1_sample-4/model.pdb,95.56683193818412,93.61826815642458,97.535,88.47,"[[2.396629318685434, 2.538435754189944, 2.329050279329609], [4.837374301675978, 2.6520000000000006, 3.29], [9.790502793296088, 6.75, 0.8]]",3.687905027932961,179,10,0.93,0.93,0.91
chaina_v121m,/home/achen918/catalytic_binders/251211_paper_revision_1/computational_SSM/af3_complex/output/chaina_v121m/seed-1_sample-0/model.pdb,95.44902768834521,93.97703910614524,97.58900000000001,88.36,"[[2.3751661933148154, 2.668491620111732, 2.294413407821229], [5.075474860335196, 2.744, 3.54], [10.172067039106144, 7.08, 0.8]]",3.871983240223464,179,10,0.93,0.93,0.95
chaina_v121m,/home/achen918/catalytic_binders/251211_paper_revision_1/computational_SSM/af3_complex/output/chaina_v121m/seed-1_sample-2/model.pdb,95.40703799098523,94.08558659217877,97.53999999999999,87.95,"[[2.405240161043663, 2.649944134078212, 2.3810055865921784], [5.3558100558659225, 2.816, 3.5900000000000007], [11.368715083798882, 7.610000000000001, 0.8]]",4.002877094972067,179,10,0.93,0.93,0.95
chaina_v121m,/home/achen918/catalytic_binders/251211_paper_revision_1/computational_SSM/af3_complex/output/chaina_v121m/seed-1_sample-1/model.pdb,95.64652929813262,94.32921787709495,97.69,87.53,"[[2.2929090852345433, 2.454078212290503, 2.28268156424581], [4.780446927374301, 2.6419999999999995, 3.46], [11.753072625698325, 7.7299999999999995, 0.8]]",3.617262569832402,179,10,0.93,0.94,0.91
chaina_v121n,/home/achen918/catalytic_binders/251211_paper_revision_1/computational_SSM/af3_complex/output/chaina_v121n/seed-1_sample-0/model.pdb,94.70332260141673,93.90932960893855,97.042,87.21,"[[2.59783402515527, 2.850055865921788, 2.522346368715084], [5.353966480446927, 2.740000000000001, 3.6], [11.091061452513967, 7.56, 0.8]]",4.102011173184358,179,10,0.92,0.93,0.95
chaina_v121n,/home/achen918/catalytic_binders/251211_paper_revision_1/computational_SSM/af3_complex/output/chaina_v121n/seed-1_sample-3/model.pdb,95.05227945911143,93.97513966480446,97.396,87.29,"[[2.5771823601011206, 2.649608938547486, 2.512849162011173], [4.8207262569832405, 2.6070000000000007, 3.35], [11.602793296089384, 7.63, 0.8]]",3.735167597765363,179,10,0.93,0.93,0.88
chaina_v121n,/home/achen918/catalytic_binders/251211_paper_revision_1/computational_SSM/af3_complex/output/chaina_v121n/seed-1_sample-4/model.pdb,95.41857050869297,93.97474860335197,97.401,88.57,"[[2.4696139321494335, 2.491396648044693, 2.388268156424581], [4.7018435754189944, 2.562, 3.14], [9.435195530726258, 6.390000000000001, 0.8]]",3.596620111731844,179,10,0.93,0.94,0.86
chaina_v121n,/home/achen918/catalytic_binders/251211_paper_revision_1/computational_SSM/af3_complex/output/chaina_v121n/seed-1_sample-1/model.pdb,95.15088216355446,94.21134078212292,97.251,88.6,"[[2.510617646140882, 2.5091061452513963, 2.3782122905027934], [4.553296089385475, 2.48, 3.16], [9.4268156424581, 6.37, 0.8]]",3.5312011173184352,179,10,0.93,0.94,0.86
chaina_v121n,/home/achen918/catalytic_binders/251211_paper_revision_1/computational_SSM/af3_complex/output/chaina_v121n/seed-1_sample-2/model.pdb,94.9454153251772,94.10865921787708,97.143,86.42,"[[2.5717112449673856, 2.734581005586592, 2.5625698324022346], [5.292290502793296, 2.746000000000001, 3.560000000000001], [12.129608938547484, 8.040000000000001, 0.8]]",4.013435754189944,179,10,0.92,0.93,0.92
chaina_v121p,/home/achen918/catalytic_binders/251211_paper_revision_1/computational_SSM/af3_complex/output/chaina_v121p/seed-1_sample-0/model.pdb,93.0900837628866,93.92776536312849,96.636,85.4,"[[2.8883430604537934, 2.693631284916201, 2.6983240223463687], [4.568659217877095, 2.5020000000000002, 3.0899999999999994], [10.368715083798882, 7.109999999999999, 0.8]]",3.6311452513966485,179,10,0.92,0.94,0.82
chaina_v121p,/home/achen918/catalytic_binders/251211_paper_revision_1/computational_SSM/af3_complex/output/chaina_v121p/seed-1_sample-3/model.pdb,92.3875515463917,93.97569832402236,96.863,85.39,"[[3.2708280016229208, 2.932122905027933, 3.0463687150837986], [4.325921787709497, 2.367, 3.01], [11.02290502793296, 7.38, 0.8]]",3.629022346368715,179,10,0.92,0.94,0.81
chaina_v121p,/home/achen918/catalytic_binders/251211_paper_revision_1/computational_SSM/af3_complex/output/chaina_v121p/seed-1_sample-4/model.pdb,92.65550902061867,93.25625698324022,96.83000000000001,85.6,"[[3.1338160481882587, 2.830055865921788, 2.8357541899441343], [4.311173184357542, 2.44, 3.0100000000000002], [9.532402234636873, 6.7299999999999995, 0.8]]",3.570614525139665,179,10,0.92,0.94,0.81
chaina_v121p,/home/achen918/catalytic_binders/251211_paper_revision_1/computational_SSM/af3_complex/output/chaina_v121p/seed-1_sample-1/model.pdb,92.87362757731952,93.72620111731842,96.88499999999999,85.12,"[[3.032346056614962, 2.7563687150837985, 2.7776536312849163], [4.294022346368715, 2.434, 3.0199999999999996], [10.130726256983241, 6.7700000000000005, 0.8]]",3.525195530726257,179,10,0.92,0.94,0.81
chaina_v121p,/home/achen918/catalytic_binders/251211_paper_revision_1/computational_SSM/af3_complex/output/chaina_v121p/seed-1_sample-2/model.pdb,92.88981958762902,93.92212290502792,96.923,84.86,"[[2.9941949377360255, 2.7261452513966478, 2.814525139664804], [4.279553072625698, 2.4090000000000003, 3.0100000000000002], [10.968156424581007, 7.459999999999999, 0.8]]",3.502849162011173,179,10,0.92,0.94,0.81
chaina_v121q,/home/achen918/catalytic_binders/251211_paper_revision_1/computational_SSM/af3_complex/output/chaina_v121q/seed-1_sample-0/model.pdb,94.16321750321755,93.43960893854748,96.69300000000001,85.86,"[[3.0288630192565775, 3.146983240223464, 2.901117318435754], [5.612122905027934, 2.8409999999999997, 3.749999999999999], [12.092737430167599, 7.929999999999998, 0.8]]",4.379553072625699,179,10,0.91,0.92,0.94
chaina_v121q,/home/achen918/catalytic_binders/251211_paper_revision_1/computational_SSM/af3_complex/output/chaina_v121q/seed-1_sample-4/model.pdb,95.23963320463324,93.68245810055866,97.351,88.26,"[[2.5383477419556195, 2.5614525139664805, 2.4212290502793294], [4.758547486033519, 2.593, 3.1599999999999997], [9.454748603351954, 6.459999999999999, 0.8]]",3.66,179,10,0.93,0.94,0.86
chaina_v121q,/home/achen918/catalytic_binders/251211_paper_revision_1/computational_SSM/af3_complex/output/chaina_v121q/seed-1_sample-3/model.pdb,94.86782496782487,93.98603351955308,97.42799999999998,86.82,"[[2.7625823164071033, 2.722458100558659, 2.624022346368715], [4.740558659217878, 2.552, 3.2700000000000005], [11.85027932960894, 7.67, 0.8]]",3.7315083798882682,179,10,0.92,0.94,0.87
chaina_v121q,/home/achen918/catalytic_binders/251211_paper_revision_1/computational_SSM/af3_complex/output/chaina_v121q/seed-1_sample-1/model.pdb,94.94620334620338,94.4886033519553,97.115,85.61,"[[2.6619019381417557, 2.631173184357542, 2.5793296089385476], [4.722067039106145, 2.533, 3.3200000000000003], [12.789944134078214, 8.129999999999999, 0.8]]",3.6766201117318436,179,10,0.93,0.94,0.86
chaina_v121q,/home/achen918/catalytic_binders/251211_paper_revision_1/computational_SSM/af3_complex/output/chaina_v121q/seed-1_sample-2/model.pdb,94.80866151866158,94.06346368715084,97.20599999999999,85.86,"[[2.6668518460722197, 2.6401117318435756, 2.6039106145251396], [4.901061452513966, 2.6170000000000004, 3.35], [12.645251396648044, 8.2, 0.8]]",3.7705865921787707,179,10,0.93,0.93,0.88
chaina_v121r,/home/achen918/catalytic_binders/251211_paper_revision_1/computational_SSM/af3_complex/output/chaina_v121r/seed-1_sample-1/model.pdb,92.5646593830336,93.78279329608938,96.89099999999999,85.08,"[[3.4240785243906244, 3.1442458100558657, 3.0899441340782126], [4.5946368715083805, 2.44, 3.1800000000000006], [12.248603351955307, 7.9399999999999995, 0.8]]",3.869441340782123,179,10,0.91,0.94,0.84
chaina_v121r,/home/achen918/catalytic_binders/251211_paper_revision_1/computational_SSM/af3_complex/output/chaina_v121r/seed-1_sample-2/model.pdb,92.38875964010279,94.12737430167597,97.035,85.96,"[[3.4808370525264505, 3.155195530726257, 3.115642458100558], [4.612960893854748, 2.494, 3.08], [11.615083798882681, 7.5600000000000005, 0.8]]",3.884078212290502,179,10,0.91,0.94,0.85
chaina_v121r,/home/achen918/catalytic_binders/251211_paper_revision_1/computational_SSM/af3_complex/output/chaina_v121r/seed-1_sample-0/model.pdb,92.44489074550123,93.42111731843576,96.75500000000001,86.76,"[[3.4173683717736654, 3.191229050279329, 3.062569832402234], [4.947039106145252, 2.6010000000000004, 3.2699999999999996], [10.871508379888269, 7.159999999999999, 0.8]]",4.06913407821229,179,10,0.91,0.93,0.87
chaina_v121r,/home/achen918/catalytic_binders/251211_paper_revision_1/computational_SSM/af3_complex/output/chaina_v121r/seed-1_sample-3/model.pdb,92.71411953727515,93.77217877094972,97.172,86.58,"[[3.400159171062077, 3.1309497206703907, 3.0469273743016765], [4.5584357541899445, 2.479, 3.13], [11.57486033519553, 7.640000000000001, 0.8]]",3.844692737430168,179,10,0.91,0.94,0.85
chaina_v121r,/home/achen918/catalytic_binders/251211_paper_revision_1/computational_SSM/af3_complex/output/chaina_v121r/seed-1_sample-4/model.pdb,93.19773778920312,93.27614525139666,97.15400000000001,86.73,"[[3.097166130894791, 2.8503910614525143, 2.749162011173184], [4.467374301675978, 2.4560000000000004, 2.93], [9.364804469273741, 6.22, 0.8]]",3.658882681564246,179,10,0.92,0.94,0.83
chaina_v121s,/home/achen918/catalytic_binders/251211_paper_revision_1/computational_SSM/af3_complex/output/chaina_v121s/seed-1_sample-3/model.pdb,95.31974854932295,94.43519553072626,97.6,87.75,"[[2.480353297337786, 2.5043575418994415, 2.421787709497207], [4.556536312849162, 2.511, 3.18], [11.446368715083796, 7.42, 0.8]]",3.5304469273743018,179,10,0.93,0.94,0.86
chaina_v121s,/home/achen918/catalytic_binders/251211_paper_revision_1/computational_SSM/af3_complex/output/chaina_v121s/seed-1_sample-4/model.pdb,95.97759509993557,94.8040782122905,97.89500000000001,89.27,"[[2.2808245685215813, 2.231508379888268, 2.201675977653631], [4.128491620111732, 2.3550000000000004, 2.82], [8.713966480446926, 5.920000000000001, 0.8]]",3.1799999999999997,179,10,0.94,0.94,0.83
chaina_v121s,/home/achen918/catalytic_binders/251211_paper_revision_1/computational_SSM/af3_complex/output/chaina_v121s/seed-1_sample-0/model.pdb,95.17579626047737,94.41078212290502,97.56500000000001,88.22,"[[2.525301956867763, 2.6216201117318434, 2.407262569832402], [4.753966480446928, 2.568, 3.19], [10.196648044692738, 6.92, 0.8]]",3.6877932960893856,179,10,0.93,0.93,0.9
chaina_v121s,/home/achen918/catalytic_binders/251211_paper_revision_1/computational_SSM/af3_complex/output/chaina_v121s/seed-1_sample-2/model.pdb,95.33197936814962,94.66296089385474,97.522,87.23,"[[2.5104366280702846, 2.5764245810055866, 2.4642458100558655], [4.795642458100558, 2.576, 3.2800000000000002], [11.662569832402234, 7.659999999999999, 0.8]]",3.6860335195530727,179,10,0.93,0.93,0.88
chaina_v121s,/home/achen918/catalytic_binders/251211_paper_revision_1/computational_SSM/af3_complex/output/chaina_v121s/seed-1_sample-1/model.pdb,95.1633075435204,94.50670391061453,97.346,85.66,"[[2.5774257981960615, 2.719050279329609, 2.553072625698324], [4.877932960893855, 2.528, 3.45], [13.064245810055866, 8.459999999999999, 0.8]]",3.798491620111732,179,10,0.92,0.93,0.9
chaina_v121t,/home/achen918/catalytic_binders/251211_paper_revision_1/computational_SSM/af3_complex/output/chaina_v121t/seed-1_sample-0/model.pdb,95.33250644329912,94.36715083798882,97.59199999999998,88.33,"[[2.3800724072282384, 2.4890502793296085, 2.2888268156424583], [4.76608938547486, 2.575, 3.2699999999999996], [10.148603351955307, 6.960000000000001, 0.8]]",3.6275698324022345,179,10,0.93,0.94,0.88
chaina_v121t,/home/achen918/catalytic_binders/251211_paper_revision_1/computational_SSM/af3_complex/output/chaina_v121t/seed-1_sample-4/model.pdb,95.7766817010311,94.08837988826815,97.718,88.74,"[[2.3590150120158544, 2.3701117318435756, 2.288826815642458], [4.42731843575419, 2.468, 3.04], [9.435195530726258, 6.459999999999999, 0.8]]",3.3987150837988827,179,10,0.93,0.94,0.85
chaina_v121t,/home/achen918/catalytic_binders/251211_paper_revision_1/computational_SSM/af3_complex/output/chaina_v121t/seed-1_sample-3/model.pdb,95.66463273195897,94.14988826815643,97.766,88.17,"[[2.374969570238133, 2.4139664804469274, 2.336871508379888], [4.559888268156425, 2.5420000000000003, 3.25], [11.391620111731841, 7.49, 0.8]]",3.4869273743016764,179,10,0.93,0.94,0.85
chaina_v121t,/home/achen918/catalytic_binders/251211_paper_revision_1/computational_SSM/af3_complex/output/chaina_v121t/seed-1_sample-1/model.pdb,95.42994201030928,94.51106145251397,97.56299999999999,87.57,"[[2.433628788115227, 2.4145251396648044, 2.388268156424581], [4.527821229050279, 2.5330000000000004, 3.2199999999999998], [12.026815642458102, 7.74, 0.8]]",3.4711731843575415,179,10,0.93,0.94,0.85
chaina_v121t,/home/achen918/catalytic_binders/251211_paper_revision_1/computational_SSM/af3_complex/output/chaina_v121t/seed-1_sample-2/model.pdb,95.6110244845361,94.67329608938547,97.66499999999999,88.12,"[[2.346893043288287, 2.413463687150838, 2.293854748603352], [4.744581005586592, 2.5820000000000003, 3.22], [10.807821229050282, 7.200000000000001, 0.8]]",3.579022346368715,179,10,0.93,0.94,0.86
chaina_v121w,/home/achen918/catalytic_binders/251211_paper_revision_1/computational_SSM/af3_complex/output/chaina_v121w/seed-1_sample-1/model.pdb,92.37613213598468,93.84145251396647,95.963,81.53,"[[3.3882556724197124, 3.0286033519553075, 3.1675977653631286], [4.745474860335197, 2.4870000000000005, 3.2], [12.867039106145251, 8.24, 0.8]]",3.8870391061452523,179,10,0.91,0.94,0.83
chaina_v121w,/home/achen918/catalytic_binders/251211_paper_revision_1/computational_SSM/af3_complex/output/chaina_v121w/seed-1_sample-2/model.pdb,91.84922386144962,93.52301675977655,95.881,83.56,"[[3.5179051839830215, 3.1196648044692736, 3.15586592178771], [4.659162011173185, 2.5290000000000004, 3.19], [10.179329608938547, 6.9799999999999995, 0.8]]",3.8894134078212295,179,10,0.9,0.94,0.85
chaina_v121w,/home/achen918/catalytic_binders/251211_paper_revision_1/computational_SSM/af3_complex/output/chaina_v121w/seed-1_sample-0/model.pdb,91.2286209108404,93.16553072625697,95.491,84.1,"[[4.131921600449424, 3.613631284916201, 3.8363128491620113], [5.351508379888268, 2.67, 3.46], [11.443016759776537, 7.8100000000000005, 0.8]]",4.482569832402235,179,10,0.89,0.93,0.84
chaina_v121w,/home/achen918/catalytic_binders/251211_paper_revision_1/computational_SSM/af3_complex/output/chaina_v121w/seed-1_sample-3/model.pdb,92.1472610647851,93.61687150837987,96.14,83.94,"[[3.7071783027995386, 3.3293296089385476, 3.4882681564245814], [5.095586592178771, 2.622, 3.4], [12.004469273743018, 8.05, 0.8]]",4.212458100558659,179,10,0.91,0.94,0.83
chaina_v121w,/home/achen918/catalytic_binders/251211_paper_revision_1/computational_SSM/af3_complex/output/chaina_v121w/seed-1_sample-4/model.pdb,92.05922386144964,93.40402234636872,95.861,84.08,"[[3.549536531319247, 3.077150837988827, 3.072067039106146], [4.16268156424581, 2.3400000000000003, 2.91], [9.011173184357542, 6.1899999999999995, 0.8]]",3.6199162011173183,179,10,0.9,0.94,0.82
chaina_v121y,/home/achen918/catalytic_binders/251211_paper_revision_1/computational_SSM/af3_complex/output/chaina_v121y/seed-1_sample-4/model.pdb,94.01164418754016,93.10413407821228,96.93800000000002,86.88,"[[2.804506725757623, 2.722458100558659, 2.593854748603352], [4.7192737430167595, 2.566, 3.1699999999999995], [10.203351955307262, 6.8, 0.8]]",3.720865921787709,179,10,0.92,0.94,0.85
chaina_v121y,/home/achen918/catalytic_binders/251211_paper_revision_1/computational_SSM/af3_complex/output/chaina_v121y/seed-1_sample-3/model.pdb,93.97650610147724,93.76597765363128,97.25399999999999,86.57,"[[2.7634842857588717, 2.6431843575418994, 2.560335195530726], [4.378435754189944, 2.447, 3.08], [11.44804469273743, 7.45, 0.8]]",3.510810055865922,179,10,0.92,0.94,0.85
chaina_v121y,/home/achen918/catalytic_binders/251211_paper_revision_1/computational_SSM/af3_complex/output/chaina_v121y/seed-1_sample-0/model.pdb,92.49828516377654,92.76558659217878,96.238,85.04,"[[3.2742267719484413, 3.2650279329608938, 3.002234636871508], [5.233631284916201, 2.6970000000000005, 3.59], [11.905586592178773, 7.919999999999999, 0.8]]",4.249329608938547,179,10,0.91,0.93,0.92
chaina_v121y,/home/achen918/catalytic_binders/251211_paper_revision_1/computational_SSM/af3_complex/output/chaina_v121y/seed-1_sample-2/model.pdb,93.19010918432888,93.74268156424583,96.80499999999999,85.06,"[[3.0064979245341905, 2.8779329608938546, 2.8011173184357543], [4.834916201117318, 2.579, 3.3299999999999996], [12.39050279329609, 8.15, 0.8]]",3.8564245810055864,179,10,0.92,0.93,0.87
chaina_v121y,/home/achen918/catalytic_binders/251211_paper_revision_1/computational_SSM/af3_complex/output/chaina_v121y/seed-1_sample-1/model.pdb,94.10537572254331,93.92134078212291,97.07900000000001,84.5,"[[2.7074467089042162, 2.619664804469274, 2.576536312849162], [4.381117318435755, 2.4170000000000003, 3.1999999999999997], [12.460893854748603, 8.03, 0.8]]",3.5003910614525147,179,10,0.92,0.94,0.84
chaina_v27a,/home/achen918/catalytic_binders/251211_paper_revision_1/computational_SSM/af3_complex/output/chaina_v27a/seed-1_sample-1/model.pdb,95.73479354838724,94.56944134078212,97.418,89.21,"[[2.4521987453575105, 2.5800558659217874, 2.340223463687151], [5.054748603351955, 2.758, 3.4799999999999995], [11.906145251396646, 7.8199999999999985, 0.8]]",3.8174022346368712,179,10,0.93,0.93,0.92
chaina_v27a,/home/achen918/catalytic_binders/251211_paper_revision_1/computational_SSM/af3_complex/output/chaina_v27a/seed-1_sample-2/model.pdb,95.61196774193556,94.48519553072624,97.421,89.8,"[[2.496532567647701, 2.642290502793296, 2.358100558659218], [5.267374301675978, 2.8560000000000008, 3.47], [11.167597765363126, 7.460000000000001, 0.8]]",3.954832402234637,179,10,0.93,0.93,0.92
chaina_v27a,/home/achen918/catalytic_binders/251211_paper_revision_1/computational_SSM/af3_complex/output/chaina_v27a/seed-1_sample-0/model.pdb,95.52876129032269,94.38698324022344,97.35400000000001,89.39,"[[2.4594519521862614, 2.6271508379888266, 2.3206703910614523], [5.170335195530727, 2.779, 3.4799999999999995], [10.83854748603352, 7.33, 0.8]]",3.898743016759777,179,10,0.93,0.93,0.95
chaina_v27a,/home/achen918/catalytic_binders/251211_paper_revision_1/computational_SSM/af3_complex/output/chaina_v27a/seed-1_sample-4/model.pdb,95.73612903225795,94.0886592178771,97.46,88.21,"[[2.4790487188290005, 2.6751396648044694, 2.424022346368715], [5.292178770949721, 2.8280000000000003, 3.54], [12.981564245810056, 8.459999999999999, 0.8]]",3.9836592178770953,179,10,0.93,0.93,0.94
chaina_v27a,/home/achen918/catalytic_binders/251211_paper_revision_1/computational_SSM/af3_complex/output/chaina_v27a/seed-1_sample-3/model.pdb,95.6785161290324,94.33508379888268,97.49199999999999,89.28,"[[2.4987828095252955, 2.7250837988826815, 2.3966480446927374], [5.3305027932960884, 2.883000000000001, 3.5799999999999996], [11.792737430167598, 7.7700000000000005, 0.8]]",4.027793296089385,179,10,0.93,0.92,0.95
chaina_v27d,/home/achen918/catalytic_binders/251211_paper_revision_1/computational_SSM/af3_complex/output/chaina_v27d/seed-1_sample-4/model.pdb,96.11591757887957,94.73882681564245,97.742,91.83,"[[2.2741362629131427, 2.524581005586592, 2.167039106145251], [4.866703910614525, 2.6220000000000003, 3.2400000000000007], [7.79608938547486, 6.01, 0.8]]",3.6956424581005587,179,10,0.93,0.93,0.93
chaina_v27d,/home/achen918/catalytic_binders/251211_paper_revision_1/computational_SSM/af3_complex/output/chaina_v27d/seed-1_sample-3/model.pdb,95.84323889246633,94.44502793296091,97.704,90.4,"[[2.4386099060578634, 2.713016759776536, 2.3111731843575423], [5.258770949720671, 2.7960000000000003, 3.56], [11.057541899441341, 7.540000000000001, 0.8]]",3.9858938547486034,179,10,0.93,0.93,0.97
chaina_v27d,/home/achen918/catalytic_binders/251211_paper_revision_1/computational_SSM/af3_complex/output/chaina_v27d/seed-1_sample-0/model.pdb,95.61519639407615,94.61106145251397,97.519,90.16,"[[2.4020504977996944, 2.6978770949720676, 2.253072625698324], [5.349553072625699, 2.8220000000000005, 3.56], [10.129050279329608, 7.080000000000001, 0.8]]",4.0237150837988835,179,10,0.93,0.93,0.99
chaina_v27d,/home/achen918/catalytic_binders/251211_paper_revision_1/computational_SSM/af3_complex/output/chaina_v27d/seed-1_sample-2/model.pdb,95.89953638119765,94.70245810055864,97.7,90.58,"[[2.386180206610281, 2.6313966480446926, 2.2614525139664807], [5.348994413407822, 2.8190000000000004, 3.4899999999999998], [10.598882681564247, 7.33, 0.8]]",3.9901955307262575,179,10,0.93,0.93,0.94
chaina_v27d,/home/achen918/catalytic_binders/251211_paper_revision_1/computational_SSM/af3_complex/output/chaina_v27d/seed-1_sample-1/model.pdb,95.97316162266569,94.83888268156423,97.71199999999999,90.24,"[[2.329802440622952, 2.606201117318436, 2.2324022346368717], [5.106927374301676, 2.7200000000000006, 3.53], [11.234078212290502, 7.68, 0.8]]",3.8565642458100555,179,10,0.93,0.93,0.95
chaina_v27e,/home/achen918/catalytic_binders/251211_paper_revision_1/computational_SSM/af3_complex/output/chaina_v27e/seed-1_sample-0/model.pdb,95.72702059202065,94.46564245810055,97.83,90.54,"[[2.4335133110701914, 2.4865363128491618, 2.2687150837988823], [4.7025139664804465, 2.6179999999999994, 3.2700000000000005], [10.291620111731843, 7.07, 0.8]]",3.594525139664804,179,10,0.93,0.94,0.88
chaina_v27e,/home/achen918/catalytic_binders/251211_paper_revision_1/computational_SSM/af3_complex/output/chaina_v27e/seed-1_sample-3/model.pdb,95.77229086229096,94.26882681564247,97.84599999999999,90.45,"[[2.467070316157423, 2.5724022346368716, 2.329608938547486], [4.848715083798883, 2.7090000000000005, 3.3900000000000006], [11.24245810055866, 7.56, 0.8]]",3.7105586592178774,179,10,0.93,0.93,0.9
chaina_v27e,/home/achen918/catalytic_binders/251211_paper_revision_1/computational_SSM/af3_complex/output/chaina_v27e/seed-1_sample-4/model.pdb,95.90659588159583,94.2468715083799,97.84100000000001,90.83,"[[2.434015792266159, 2.5210614525139663, 2.3424581005586593], [4.777932960893855, 2.6260000000000003, 3.22], [9.603351955307263, 6.75, 0.8]]",3.6494972067039106,179,10,0.93,0.93,0.88
chaina_v27e,/home/achen918/catalytic_binders/251211_paper_revision_1/computational_SSM/af3_complex/output/chaina_v27e/seed-1_sample-1/model.pdb,95.83841055341063,94.58150837988826,97.87100000000001,90.03,"[[2.403820105489841, 2.4564245810055865, 2.2916201117318433], [4.671229050279329, 2.6239999999999997, 3.35], [11.664245810055867, 7.7299999999999995, 0.8]]",3.563826815642458,179,10,0.93,0.94,0.88
chaina_v27e,/home/achen918/catalytic_binders/251211_paper_revision_1/computational_SSM/af3_complex/output/chaina_v27e/seed-1_sample-2/model.pdb,95.8140025740028,94.48765363128491,97.818,90.52,"[[2.4255641209700074, 2.4602793296089387, 2.2843575418994413], [4.807597765363128, 2.6630000000000003, 3.25], [10.898324022346369, 7.32, 0.8]]",3.633938547486033,179,10,0.93,0.94,0.87
chaina_v27f,/home/achen918/catalytic_binders/251211_paper_revision_1/computational_SSM/af3_complex/output/chaina_v27f/seed-1_sample-4/model.pdb,95.78035347043706,94.2668715083799,97.364,90.71,"[[2.3268125214568838, 2.4936312849162015, 2.2201117318435757], [4.901787709497206, 2.6660000000000004, 3.1900000000000004], [7.898324022346369, 5.8100000000000005, 0.8]]",3.697709497206704,179,10,0.93,0.93,0.94
chaina_v27f,/home/achen918/catalytic_binders/251211_paper_revision_1/computational_SSM/af3_complex/output/chaina_v27f/seed-1_sample-3/model.pdb,95.35752570694096,93.75039106145252,97.186,88.4,"[[2.493233669361131, 2.809329608938548, 2.396648044692737], [5.503072625698325, 2.9659999999999997, 3.7300000000000004], [11.834636871508378, 7.95, 0.8]]",4.156201117318436,179,10,0.93,0.92,1.01
chaina_v27f,/home/achen918/catalytic_binders/251211_paper_revision_1/computational_SSM/af3_complex/output/chaina_v27f/seed-1_sample-0/model.pdb,95.06414524421588,94.03949720670391,96.877,88.07,"[[2.4517118691676285, 2.8860893854748606, 2.335195530726257], [5.5693854748603355, 2.8959999999999995, 3.7700000000000005], [11.176536312849164, 7.809999999999998, 0.8]]",4.227737430167598,179,10,0.93,0.92,1.08
chaina_v27f,/home/achen918/catalytic_binders/251211_paper_revision_1/computational_SSM/af3_complex/output/chaina_v27f/seed-1_sample-2/model.pdb,95.28316195372766,94.06983240223464,97.07000000000001,88.69,"[[2.506966074716769, 2.8278770949720666, 2.37877094972067], [5.55245810055866, 2.9210000000000007, 3.72], [11.243016759776538, 7.74, 0.8]]",4.190167597765363,179,10,0.93,0.92,1.02
chaina_v27f,/home/achen918/catalytic_binders/251211_paper_revision_1/computational_SSM/af3_complex/output/chaina_v27f/seed-1_sample-1/model.pdb,95.39978791773791,94.25368715083799,97.056,87.79,"[[2.449623919353329, 2.7249162011173187, 2.3731843575418994], [5.1832960893854745, 2.752, 3.6399999999999997], [12.455865921787712, 8.34, 0.8]]",3.9541061452513966,179,10,0.93,0.93,1.02
chaina_v27g,/home/achen918/catalytic_binders/251211_paper_revision_1/computational_SSM/af3_complex/output/chaina_v27g/seed-1_sample-2/model.pdb,95.85466107165902,94.90905027932962,96.43200000000002,90.37,"[[2.2450891045847507, 2.2769273743016756, 2.078212290502793], [4.92, 2.715, 3.1599999999999997], [9.72737430167598, 6.659999999999999, 0.8]]",3.5984636871508378,179,10,0.94,0.94,0.86
chaina_v27g,/home/achen918/catalytic_binders/251211_paper_revision_1/computational_SSM/af3_complex/output/chaina_v27g/seed-1_sample-1/model.pdb,95.24563589412521,93.97949720670393,95.811,88.7,"[[2.50269966605287, 2.588379888268157, 2.3547486033519545], [5.245027932960893, 2.859, 3.5100000000000002], [11.758100558659217, 7.8199999999999985, 0.8]]",3.916703910614525,179,10,0.93,0.93,0.92
chaina_v27g,/home/achen918/catalytic_binders/251211_paper_revision_1/computational_SSM/af3_complex/output/chaina_v27g/seed-1_sample-3/model.pdb,95.70892188508738,94.43379888268157,96.34400000000001,89.78,"[[2.3431821728410474, 2.3822346368715084, 2.187709497206704], [4.958715083798883, 2.765, 3.3], [10.562569832402234, 7.080000000000001, 0.8]]",3.6704748603351955,179,10,0.93,0.94,0.89
chaina_v27g,/home/achen918/catalytic_binders/251211_paper_revision_1/computational_SSM/af3_complex/output/chaina_v27g/seed-1_sample-4/model.pdb,95.71644286636547,94.32251396648044,96.283,88.84,"[[2.343793889079617, 2.378882681564246, 2.2346368715083798], [4.853296089385474, 2.6720000000000006, 3.19], [11.612290502793298, 7.6, 0.8]]",3.61608938547486,179,10,0.93,0.94,0.87
chaina_v27g,/home/achen918/catalytic_binders/251211_paper_revision_1/computational_SSM/af3_complex/output/chaina_v27g/seed-1_sample-0/model.pdb,95.2982633957394,94.3872625698324,96.24799999999999,88.95,"[[2.4365500452545175, 2.5251955307262572, 2.2625698324022347], [5.15586592178771, 2.778, 3.3699999999999997], [10.724022346368715, 7.209999999999999, 0.8]]",3.8405307262569837,179,10,0.93,0.93,0.93
chaina_v27h,/home/achen918/catalytic_binders/251211_paper_revision_1/computational_SSM/af3_complex/output/chaina_v27h/seed-1_sample-2/model.pdb,95.19919614147908,94.18916201117318,96.755,88.81,"[[2.511775537592459, 3.112625698324022, 2.368715083798883], [6.397932960893855, 3.1639999999999997, 4.12], [11.220670391061452, 7.860000000000001, 0.8]]",4.755279329608939,179,10,0.92,0.91,1.16
chaina_v27h,/home/achen918/catalytic_binders/251211_paper_revision_1/computational_SSM/af3_complex/output/chaina_v27h/seed-1_sample-1/model.pdb,95.23324115755625,94.23256983240223,96.792,88.59,"[[2.4896476389625795, 3.0864245810055864, 2.353631284916201], [6.052569832402235, 3.068, 4.11], [11.69608938547486, 8.01, 0.8]]",4.569497206703911,179,10,0.92,0.91,1.16
chaina_v27h,/home/achen918/catalytic_binders/251211_paper_revision_1/computational_SSM/af3_complex/output/chaina_v27h/seed-1_sample-4/model.pdb,95.3977299035372,94.07893854748602,97.01299999999999,86.77,"[[2.4336756031334854, 3.0537988826815643, 2.4033519553072624], [6.004525139664804, 3.029, 4.119999999999999], [13.236871508379886, 8.830000000000002, 0.8]]",4.5291620111731845,179,10,0.93,0.91,1.17
chaina_v27h,/home/achen918/catalytic_binders/251211_paper_revision_1/computational_SSM/af3_complex/output/chaina_v27h/seed-1_sample-3/model.pdb,95.18231511254001,93.73770949720672,96.82000000000001,88.5,"[[2.5231110140132955, 3.335083798882682, 2.4094972067039104], [6.447262569832401, 3.177, 4.26], [11.704469273743015, 8.09, 0.8]]",4.891173184357541,179,10,0.92,0.9,1.25
chaina_v27h,/home/achen918/catalytic_binders/251211_paper_revision_1/computational_SSM/af3_complex/output/chaina_v27h/seed-1_sample-0/model.pdb,94.85895176848878,94.07039106145251,96.595,88.75,"[[2.5094285446771325, 3.2386033519553075, 2.3379888268156424], [6.185027932960894, 3.0240000000000005, 4.04], [10.42290502793296, 7.5200000000000005, 0.8]]",4.711815642458101,179,10,0.92,0.91,1.25
chaina_v27i,/home/achen918/catalytic_binders/251211_paper_revision_1/computational_SSM/af3_complex/output/chaina_v27i/seed-1_sample-1/model.pdb,95.33787508048938,94.40731843575419,97.477,87.76,"[[2.42351674417153, 2.5192737430167598, 2.358100558659218], [4.770111731843575, 2.59, 3.37], [11.917318435754188, 7.87, 0.8]]",3.6446927374301676,179,10,0.93,0.94,0.9
chaina_v27i,/home/achen918/catalytic_binders/251211_paper_revision_1/computational_SSM/af3_complex/output/chaina_v27i/seed-1_sample-2/model.pdb,95.22303283966514,94.15620111731843,97.464,88.03,"[[2.494794169969726, 2.6948603351955307, 2.4173184357541904], [5.177765363128492, 2.7299999999999995, 3.4800000000000004], [11.32513966480447, 7.639999999999999, 0.8]]",3.936312849162011,179,10,0.93,0.93,0.93
chaina_v27i,/home/achen918/catalytic_binders/251211_paper_revision_1/computational_SSM/af3_complex/output/chaina_v27i/seed-1_sample-0/model.pdb,95.30965228589854,94.15709497206703,97.574,88.85,"[[2.387213258013171, 2.5379329608938543, 2.2525139664804468], [4.765474860335196, 2.577, 3.2699999999999996], [9.679888268156425, 6.75, 0.8]]",3.6517039106145255,179,10,0.93,0.94,0.9
chaina_v27i,/home/achen918/catalytic_binders/251211_paper_revision_1/computational_SSM/af3_complex/output/chaina_v27i/seed-1_sample-3/model.pdb,95.5097617514488,93.89150837988825,97.666,88.45,"[[2.393717424549796, 2.5482681564245806, 2.3357541899441343], [4.826815642458101, 2.6260000000000003, 3.3600000000000003], [11.375418994413407, 7.609999999999999, 0.8]]",3.6875418994413405,179,10,0.93,0.93,0.9
chaina_v27i,/home/achen918/catalytic_binders/251211_paper_revision_1/computational_SSM/af3_complex/output/chaina_v27i/seed-1_sample-4/model.pdb,95.6626207340632,93.8899441340782,97.67599999999999,89.7,"[[2.3645142161605444, 2.475418994413408, 2.281564245810056], [4.739217877094973, 2.5700000000000007, 3.13], [8.673743016759776, 6.19, 0.8]]",3.6073184357541903,179,10,0.93,0.94,0.88
chaina_v27k,/home/achen918/catalytic_binders/251211_paper_revision_1/computational_SSM/af3_complex/output/chaina_v27k/seed-1_sample-1/model.pdb,95.44893822393848,94.31351955307262,97.28,88.16,"[[2.3344683374426514, 2.5742458100558663, 2.265921787709497], [5.11413407821229, 2.8, 3.6100000000000003], [11.772625698324024, 7.790000000000001, 0.8]]",3.844189944134078,179,10,0.93,0.93,0.95
chaina_v27k,/home/achen918/catalytic_binders/251211_paper_revision_1/computational_SSM/af3_complex/output/chaina_v27k/seed-1_sample-2/model.pdb,95.1984041184042,93.81787709497206,97.138,88.36,"[[2.459183546081583, 2.8044692737430172, 2.3659217877094973], [5.848435754189944, 3.029, 3.7600000000000002], [11.333519553072627, 7.769999999999999, 0.8]]",4.326452513966481,179,10,0.93,0.92,0.99
chaina_v27k,/home/achen918/catalytic_binders/251211_paper_revision_1/computational_SSM/af3_complex/output/chaina_v27k/seed-1_sample-0/model.pdb,94.96577863577875,93.79860335195531,97.00900000000001,88.17,"[[2.460934427764427, 2.9204469273743014, 2.3435754189944134], [5.824189944134078, 3.0200000000000005, 3.87], [10.724581005586591, 7.57, 0.8]]",4.37231843575419,179,10,0.93,0.92,1.07
chaina_v27k,/home/achen918/catalytic_binders/251211_paper_revision_1/computational_SSM/af3_complex/output/chaina_v27k/seed-1_sample-4/model.pdb,95.4369111969112,93.69564245810056,97.265,89.89,"[[2.4002996161168504, 2.6919553072625697, 2.3201117318435753], [5.308324022346368, 2.845, 3.47], [8.703910614525139, 6.42, 0.8]]",4.000139664804469,179,10,0.93,0.93,0.98
chaina_v27k,/home/achen918/catalytic_binders/251211_paper_revision_1/computational_SSM/af3_complex/output/chaina_v27k/seed-1_sample-3/model.pdb,95.20850707850717,93.74871508379888,97.222,88.31,"[[2.4907462313910305, 2.790670391061452, 2.3972067039106144], [5.669832402234637, 3.005000000000001, 3.79], [11.589944134078213, 7.769999999999999, 0.8]]",4.230251396648045,179,10,0.93,0.92,1.0
chaina_v27l,/home/achen918/catalytic_binders/251211_paper_revision_1/computational_SSM/af3_complex/output/chaina_v27l/seed-1_sample-1/model.pdb,95.4180424983904,94.53810055865921,97.17600000000002,87.32,"[[2.367912986486065, 2.508826815642458, 2.3547486033519553], [4.985083798882681, 2.693, 3.53], [12.57709497206704, 8.290000000000001, 0.8]]",3.74695530726257,179,10,0.93,0.93,0.91
chaina_v27l,/home/achen918/catalytic_binders/251211_paper_revision_1/computational_SSM/af3_complex/output/chaina_v27l/seed-1_sample-2/model.pdb,95.21210560206062,94.01033519553071,97.178,87.71,"[[2.495474548235074, 2.7491620111731843, 2.4486033519553074], [5.51731843575419, 2.866, 3.6900000000000004], [11.906703910614524, 8.000000000000002, 0.8]]",4.133240223463687,179,10,0.92,0.93,0.96
chaina_v27l,/home/achen918/catalytic_binders/251211_paper_revision_1/computational_SSM/af3_complex/output/chaina_v27l/seed-1_sample-0/model.pdb,95.0872569220864,94.11497206703912,97.206,88.42,"[[2.438141755875285, 2.6599999999999997, 2.3262569832402233], [5.105418994413408, 2.746000000000001, 3.5199999999999996], [10.443016759776537, 7.199999999999998, 0.8]]",3.8827094972067036,179,10,0.93,0.93,0.96
chaina_v27l,/home/achen918/catalytic_binders/251211_paper_revision_1/computational_SSM/af3_complex/output/chaina_v27l/seed-1_sample-4/model.pdb,95.64417256922088,94.04553072625698,97.358,89.97,"[[2.3472176274148753, 2.519776536312849, 2.259217877094972], [4.8149162011173186, 2.6070000000000007, 3.22], [8.684357541899441, 6.44, 0.8]]",3.6673463687150836,179,10,0.93,0.93,0.91
chaina_v27l,/home/achen918/catalytic_binders/251211_paper_revision_1/computational_SSM/af3_complex/output/chaina_v27l/seed-1_sample-3/model.pdb,95.38933032839671,93.82111731843575,97.388,88.07,"[[2.4414063231484664, 2.6682122905027934, 2.397206703910614], [5.307150837988827, 2.821, 3.59], [11.855865921787709, 7.830000000000001, 0.8]]",3.9876815642458103,179,10,0.93,0.93,0.92
chaina_v27m,/home/achen918/catalytic_binders/251211_paper_revision_1/computational_SSM/af3_complex/output/chaina_v27m/seed-1_sample-2/model.pdb,95.55900193174502,94.48,97.544,88.81,"[[2.34837863986767, 2.373854748603352, 2.2173184357541897], [4.743463687150838, 2.6210000000000004, 3.1599999999999997], [10.687709497206704, 7.17, 0.8]]",3.5586592178770946,179,10,0.93,0.94,0.86
chaina_v27m,/home/achen918/catalytic_binders/251211_paper_revision_1/computational_SSM/af3_complex/output/chaina_v27m/seed-1_sample-1/model.pdb,95.59490019317457,94.46022346368716,97.484,87.88,"[[2.345254517649262, 2.362513966480447, 2.279888268156424], [4.607597765363129, 2.556, 3.2400000000000007], [12.204469273743015, 8.000000000000002, 0.8]]",3.4850558659217876,179,10,0.93,0.94,0.86
chaina_v27m,/home/achen918/catalytic_binders/251211_paper_revision_1/computational_SSM/af3_complex/output/chaina_v27m/seed-1_sample-4/model.pdb,95.58218931101088,93.91765363128492,97.484,89.73,"[[2.4052651290534004, 2.4252513966480445, 2.2921787709497203], [4.547988826815642, 2.559, 3.1100000000000003], [9.006703910614526, 6.36, 0.8]]",3.486620111731843,179,10,0.93,0.94,0.88
chaina_v27m,/home/achen918/catalytic_binders/251211_paper_revision_1/computational_SSM/af3_complex/output/chaina_v27m/seed-1_sample-3/model.pdb,95.52150676110767,94.0554748603352,97.544,88.36,"[[2.410511532099498, 2.4887709497206703, 2.3139664804469278], [4.7668715083798885, 2.634, 3.28], [11.787709497206704, 7.7, 0.8]]",3.627821229050279,179,10,0.93,0.94,0.88
chaina_v27m,/home/achen918/catalytic_binders/251211_paper_revision_1/computational_SSM/af3_complex/output/chaina_v27m/seed-1_sample-0/model.pdb,95.43779781068899,94.29162011173183,97.45500000000001,88.9,"[[2.339667925470491, 2.4072067039106146, 2.1983240223463687], [4.7248603351955305, 2.599, 3.2399999999999998], [10.306703910614525, 7.080000000000001, 0.8]]",3.5660335195530726,179,10,0.93,0.94,0.88
chaina_v27n,/home/achen918/catalytic_binders/251211_paper_revision_1/computational_SSM/af3_complex/output/chaina_v27n/seed-1_sample-0/model.pdb,95.76387636831949,94.5014525139665,97.566,89.68,"[[2.2971349208826193, 2.2832960893854746, 2.1435754189944136], [4.332849162011173, 2.463, 2.96], [9.798882681564246, 6.67, 0.8]]",3.3080726256983235,179,10,0.93,0.94,0.85
chaina_v27n,/home/achen918/catalytic_binders/251211_paper_revision_1/computational_SSM/af3_complex/output/chaina_v27n/seed-1_sample-4/model.pdb,96.05786864133951,94.43212290502794,97.785,91.48,"[[2.2472519584282638, 2.205418994413408, 2.132402234636871], [4.040502793296089, 2.3160000000000003, 2.7800000000000002], [7.746927374301676, 5.609999999999999, 0.8]]",3.1229608938547484,179,10,0.94,0.94,0.84
chaina_v27n,/home/achen918/catalytic_binders/251211_paper_revision_1/computational_SSM/af3_complex/output/chaina_v27n/seed-1_sample-3/model.pdb,95.73140373470711,94.09664804469273,97.63500000000002,89.57,"[[2.435354701788334, 2.404581005586592, 2.276536312849162], [4.476089385474861, 2.551, 3.1], [10.77877094972067, 7.17, 0.8]]",3.4403351955307264,179,10,0.93,0.94,0.86
chaina_v27n,/home/achen918/catalytic_binders/251211_paper_revision_1/computational_SSM/af3_complex/output/chaina_v27n/seed-1_sample-1/model.pdb,95.85811976819068,94.58715083798882,97.661,89.33,"[[2.303523610374208, 2.252178770949721, 2.1854748603351957], [4.272402234636871, 2.449, 2.9699999999999998], [10.929050279329608, 7.219999999999999, 0.8]]",3.262290502793296,179,10,0.93,0.94,0.84
chaina_v27n,/home/achen918/catalytic_binders/251211_paper_revision_1/computational_SSM/af3_complex/output/chaina_v27n/seed-1_sample-2/model.pdb,95.82392144236965,94.49513966480446,97.684,89.69,"[[2.3494054492681253, 2.305195530726257, 2.1977653631284917], [4.4303910614525135, 2.5170000000000003, 2.9499999999999997], [10.329608938547485, 6.92, 0.8]]",3.3677932960893853,179,10,0.93,0.94,0.84
chaina_v27p,/home/achen918/catalytic_binders/251211_paper_revision_1/computational_SSM/af3_complex/output/chaina_v27p/seed-1_sample-2/model.pdb,94.01290592783515,93.69480446927376,84.297,84.36,"[[2.5133110701913175, 5.164525139664804, 2.458659217877095], [10.738379888268156, 4.251, 6.92], [12.779329608938548, 9.489999999999998, 0.8]]",7.95145251396648,179,10,0.92,0.79,2.42
chaina_v27p,/home/achen918/catalytic_binders/251211_paper_revision_1/computational_SSM/af3_complex/output/chaina_v27p/seed-1_sample-1/model.pdb,93.89461340206178,93.45245810055867,91.178,83.72,"[[2.6605848756281016, 6.006424581005587, 2.659217877094972], [11.638435754189942, 4.349, 7.67], [13.916759776536312, 10.059999999999999, 0.8]]",8.822430167597764,179,10,0.91,0.76,2.79
chaina_v27p,/home/achen918/catalytic_binders/251211_paper_revision_1/computational_SSM/af3_complex/output/chaina_v27p/seed-1_sample-4/model.pdb,93.90917525773196,93.26960893854748,91.845,82.84,"[[2.65714241128554, 6.3841340782122895, 2.71731843575419], [12.471117318435752, 4.611000000000001, 8.06], [14.303351955307264, 10.42, 0.8]]",9.427625698324022,179,10,0.91,0.74,2.98
chaina_v27p,/home/achen918/catalytic_binders/251211_paper_revision_1/computational_SSM/af3_complex/output/chaina_v27p/seed-1_sample-3/model.pdb,94.4169974226804,93.95888268156425,87.233,85.23,"[[2.462934989544646, 4.999608938547485, 2.363687150837989], [10.211173184357541, 4.15, 6.62], [12.460335195530726, 9.09, 0.8]]",7.605391061452513,179,10,0.92,0.81,2.44
chaina_v27p,/home/achen918/catalytic_binders/251211_paper_revision_1/computational_SSM/af3_complex/output/chaina_v27p/seed-1_sample-0/model.pdb,93.32587628865991,93.0359217877095,90.407,83.25,"[[2.6576917074997657, 6.63441340782123, 2.619553072625698], [12.584748603351956, 4.618, 8.02], [13.052513966480445, 10.129999999999999, 0.8]]",9.609581005586593,179,10,0.91,0.72,2.93
chaina_v27q,/home/achen918/catalytic_binders/251211_paper_revision_1/computational_SSM/af3_complex/output/chaina_v27q/seed-1_sample-1/model.pdb,95.67904118404125,94.39508379888267,97.631,89.53,"[[2.375902749602072, 2.3004469273743013, 2.2251396648044692], [4.195698324022347, 2.4330000000000003, 2.99], [11.141899441340781, 7.35, 0.8]]",3.248072625698324,179,10,0.93,0.94,0.84
chaina_v27q,/home/achen918/catalytic_binders/251211_paper_revision_1/computational_SSM/af3_complex/output/chaina_v27q/seed-1_sample-2/model.pdb,95.73904761904743,94.46335195530727,97.65799999999999,90.41,"[[2.3696076901469993, 2.3128491620111733, 2.1927374301675977], [4.4522905027932955, 2.498, 2.9299999999999997], [10.2731843575419, 6.909999999999999, 0.8]]",3.3825698324022344,179,10,0.93,0.94,0.84
chaina_v27q,/home/achen918/catalytic_binders/251211_paper_revision_1/computational_SSM/af3_complex/output/chaina_v27q/seed-1_sample-0/model.pdb,95.7499099099099,94.4982681564246,97.666,90.29,"[[2.3290346743235233, 2.2843575418994413, 2.1385474860335196], [4.18854748603352, 2.411, 2.92], [9.64245810055866, 6.5200000000000005, 0.8]]",3.236452513966481,179,10,0.93,0.94,0.85
chaina_v27q,/home/achen918/catalytic_binders/251211_paper_revision_1/computational_SSM/af3_complex/output/chaina_v27q/seed-1_sample-4/model.pdb,95.94927284427291,94.36670391061452,97.77399999999999,90.2,"[[2.3105864361287103, 2.2393296089385477, 2.1999999999999997], [3.985530726256983, 2.309, 2.8400000000000003], [10.635195530726257, 7.039999999999999, 0.8]]",3.1124301675977653,179,10,0.93,0.94,0.83
chaina_v27q,/home/achen918/catalytic_binders/251211_paper_revision_1/computational_SSM/af3_complex/output/chaina_v27q/seed-1_sample-3/model.pdb,95.63921492921477,94.1264245810056,97.614,90.01,"[[2.421332043319497, 2.39731843575419, 2.2402234636871508], [4.3747486033519545, 2.512, 3.04], [10.864245810055868, 7.160000000000001, 0.8]]",3.386033519553072,179,10,0.93,0.94,0.85
chaina_v27r,/home/achen918/catalytic_binders/251211_paper_revision_1/computational_SSM/af3_complex/output/chaina_v27r/seed-1_sample-2/model.pdb,95.50258354755806,94.09698324022347,97.53900000000002,89.97,"[[2.408495365313193, 2.4097206703910614, 2.2268156424581007], [4.70391061452514, 2.638000000000001, 3.09], [10.25195530726257, 6.960000000000001, 0.8]]",3.5568156424581003,179,10,0.93,0.94,0.86
chaina_v27r,/home/achen918/catalytic_binders/251211_paper_revision_1/computational_SSM/af3_complex/output/chaina_v27r/seed-1_sample-1/model.pdb,95.63998071979461,94.51821229050279,97.45,89.17,"[[2.291626353734278, 2.3008379888268156, 2.1743016759776537], [4.403016759776537, 2.521, 3.06], [11.125698324022348, 7.340000000000001, 0.8]]",3.351927374301676,179,10,0.93,0.94,0.85
chaina_v27r,/home/achen918/catalytic_binders/251211_paper_revision_1/computational_SSM/af3_complex/output/chaina_v27r/seed-1_sample-3/model.pdb,95.51547557840617,94.00826815642458,97.521,89.75,"[[2.406635248587747, 2.3995530726256975, 2.241899441340782], [4.5731843575419, 2.6050000000000004, 3.12], [10.783798882681564, 7.17, 0.8]]",3.4863687150837985,179,10,0.93,0.94,0.87
chaina_v27r,/home/achen918/catalytic_binders/251211_paper_revision_1/computational_SSM/af3_complex/output/chaina_v27r/seed-1_sample-4/model.pdb,95.77283419023136,94.11139664804469,97.60099999999998,91.0,"[[2.3002528010985923, 2.2750279329608936, 2.1854748603351957], [4.28435754189944, 2.424, 2.8400000000000003], [8.107262569832404, 5.79, 0.8]]",3.2796927374301665,179,10,0.93,0.94,0.84
chaina_v27r,/home/achen918/catalytic_binders/251211_paper_revision_1/computational_SSM/af3_complex/output/chaina_v27r/seed-1_sample-0/model.pdb,95.28335475578415,93.95541899441339,97.39,89.61,"[[2.4303330108298744, 2.5118435754189945, 2.2452513966480447], [4.7773743016759775, 2.6390000000000002, 3.2399999999999998], [10.196648044692738, 6.959999999999999, 0.8]]",3.644608938547486,179,10,0.93,0.93,0.89
chaina_v27s,/home/achen918/catalytic_binders/251211_paper_revision_1/computational_SSM/af3_complex/output/chaina_v27s/seed-1_sample-2/model.pdb,95.75610573823343,94.40145251396649,97.438,90.3,"[[2.3637464498611154, 2.3314525139664806, 2.187709497206704], [4.579385474860335, 2.6020000000000003, 2.9899999999999998], [10.43687150837989, 7.030000000000001, 0.8]]",3.455418994413408,179,10,0.93,0.94,0.84
chaina_v27s,/home/achen918/catalytic_binders/251211_paper_revision_1/computational_SSM/af3_complex/output/chaina_v27s/seed-1_sample-1/model.pdb,95.78197936814966,94.506312849162,97.534,89.59,"[[2.338388314971443, 2.2866480446927375, 2.1972067039106147], [4.291620111731843, 2.4760000000000004, 2.9899999999999998], [11.218435754189944, 7.4300000000000015, 0.8]]",3.2891340782122906,179,10,0.93,0.94,0.85
chaina_v27s,/home/achen918/catalytic_binders/251211_paper_revision_1/computational_SSM/af3_complex/output/chaina_v27s/seed-1_sample-4/model.pdb,95.83282398452619,94.19044692737432,97.50199999999998,88.04,"[[2.3198651727474173, 2.2708938547486035, 2.241899441340782], [4.2543575418994415, 2.4200000000000004, 2.91], [12.629608938547484, 8.16, 0.8]]",3.2626256983240225,179,10,0.93,0.94,0.84
chaina_v27s,/home/achen918/catalytic_binders/251211_paper_revision_1/computational_SSM/af3_complex/output/chaina_v27s/seed-1_sample-3/model.pdb,95.6620631850419,94.03290502793296,97.446,90.0,"[[2.435701132923442, 2.4087709497206706, 2.2603351955307263], [4.502234636871508, 2.5840000000000005, 3.0899999999999994], [11.000558659217878, 7.3, 0.8]]",3.4555027932960893,179,10,0.93,0.94,0.86
chaina_v27s,/home/achen918/catalytic_binders/251211_paper_revision_1/computational_SSM/af3_complex/output/chaina_v27s/seed-1_sample-0/model.pdb,95.85784010315923,94.61301675977653,97.544,90.64,"[[2.2449517805311943, 2.170614525139665, 2.068156424581006], [4.097541899441341, 2.3790000000000004, 2.79], [9.435195530726258, 6.339999999999999, 0.8]]",3.134078212290503,179,10,0.94,0.94,0.84
chaina_v27t,/home/achen918/catalytic_binders/251211_paper_revision_1/computational_SSM/af3_complex/output/chaina_v27t/seed-1_sample-1/model.pdb,95.91023195876282,94.60078212290503,97.937,88.4,"[[2.2556661777098093, 2.207430167597765, 2.2167597765363127], [4.194357541899442, 2.4180000000000006, 3.05], [11.814525139664802, 7.68, 0.8]]",3.200893854748603,179,10,0.94,0.94,0.83
chaina_v27t,/home/achen918/catalytic_binders/251211_paper_revision_1/computational_SSM/af3_complex/output/chaina_v27t/seed-1_sample-2/model.pdb,95.80730025773202,94.55994413407821,97.846,88.77,"[[2.2985612184388757, 2.2586033519553075, 2.2156424581005583], [4.28, 2.443, 2.9599999999999995], [10.549162011173182, 7.080000000000001, 0.8]]",3.269301675977654,179,10,0.93,0.94,0.83
chaina_v27t,/home/achen918/catalytic_binders/251211_paper_revision_1/computational_SSM/af3_complex/output/chaina_v27t/seed-1_sample-0/model.pdb,95.85421391752588,94.65502793296089,97.88500000000002,89.68,"[[2.2426765706438627, 2.2084916201117317, 2.112849162011173], [4.145474860335195, 2.3819999999999997, 2.93], [9.081564245810057, 6.279999999999999, 0.8]]",3.1769832402234632,179,10,0.94,0.94,0.84
chaina_v27t,/home/achen918/catalytic_binders/251211_paper_revision_1/computational_SSM/af3_complex/output/chaina_v27t/seed-1_sample-4/model.pdb,95.97649484536095,94.1773184357542,97.886,89.97,"[[2.2555194906526017, 2.185530726256983, 2.1698324022346367], [3.940782122905028, 2.2880000000000003, 2.7700000000000005], [8.176536312849162, 5.750000000000001, 0.8]]",3.0631564245810052,179,10,0.94,0.94,0.83
chaina_v27t,/home/achen918/catalytic_binders/251211_paper_revision_1/computational_SSM/af3_complex/output/chaina_v27t/seed-1_sample-3/model.pdb,95.84993556701026,94.17189944134078,97.89599999999999,88.89,"[[2.2953840391997753, 2.256536312849162, 2.21340782122905], [4.190335195530726, 2.426, 3.0], [10.598324022346368, 7.05, 0.8]]",3.2234357541899437,179,10,0.93,0.94,0.83
chaina_v27w,/home/achen918/catalytic_binders/251211_paper_revision_1/computational_SSM/af3_complex/output/chaina_v27w/seed-1_sample-2/model.pdb,95.5965105837078,94.06977653631284,97.737,89.46,"[[2.398995037608065, 2.4053631284916204, 2.258659217877095], [4.810614525139664, 2.7250000000000005, 3.2], [10.78268156424581, 7.42, 0.8]]",3.6079888268156424,179,10,0.93,0.94,0.86
chaina_v27w,/home/achen918/catalytic_binders/251211_paper_revision_1/computational_SSM/af3_complex/output/chaina_v27w/seed-1_sample-1/model.pdb,95.62469531751123,94.03318435754187,97.708,88.72,"[[2.361489965981087, 2.429608938547486, 2.2743016759776538], [4.718100558659216, 2.634, 3.25], [11.707821229050278, 7.87, 0.8]]",3.573854748603351,179,10,0.93,0.94,0.88
chaina_v27w,/home/achen918/catalytic_binders/251211_paper_revision_1/computational_SSM/af3_complex/output/chaina_v27w/seed-1_sample-3/model.pdb,95.57471456061563,93.72396648044693,97.73599999999999,89.13,"[[2.4081832651914734, 2.4858659217877097, 2.2854748603351958], [4.763240223463687, 2.6890000000000005, 3.2599999999999993], [11.324022346368714, 7.6, 0.8]]",3.6245530726256985,179,10,0.93,0.94,0.89
chaina_v27w,/home/achen918/catalytic_binders/251211_paper_revision_1/computational_SSM/af3_complex/output/chaina_v27w/seed-1_sample-4/model.pdb,95.84822322001287,94.05804469273743,97.786,90.76,"[[2.2586810648856157, 2.2598882681564243, 2.1642458100558657], [4.386033519553073, 2.5060000000000002, 2.9400000000000004], [8.16536312849162, 6.069999999999999, 0.8]]",3.3229608938547486,179,10,0.94,0.94,0.86
chaina_v27w,/home/achen918/catalytic_binders/251211_paper_revision_1/computational_SSM/af3_complex/output/chaina_v27w/seed-1_sample-0/model.pdb,95.41250160359208,94.16675977653631,97.71,89.63,"[[2.3862457476358414, 2.4574301675977654, 2.2189944134078208], [4.5968156424581, 2.566, 3.16], [10.343016759776537, 7.209999999999999, 0.8]]",3.527122905027933,179,10,0.93,0.94,0.9
chaina_v27y,/home/achen918/catalytic_binders/251211_paper_revision_1/computational_SSM/af3_complex/output/chaina_v27y/seed-1_sample-1/model.pdb,94.76999357739238,94.09592178770949,96.504,85.81,"[[2.489316812833557, 3.9716201117318435, 2.5139664804469275], [8.228044692737429, 3.5220000000000002, 5.429999999999999], [13.255307262569831, 8.9, 0.8]]",6.099832402234636,179,10,0.92,0.86,1.81
chaina_v27y,/home/achen918/catalytic_binders/251211_paper_revision_1/computational_SSM/af3_complex/output/chaina_v27y/seed-1_sample-2/model.pdb,94.6428837508029,93.79854748603351,96.527,86.38,"[[2.5534939608626446, 4.21072625698324, 2.547486033519553], [8.675195530726256, 3.716999999999999, 5.63], [12.679888268156423, 8.7, 0.8]]",6.442960893854748,179,10,0.92,0.85,2.0
chaina_v27y,/home/achen918/catalytic_binders/251211_paper_revision_1/computational_SSM/af3_complex/output/chaina_v27y/seed-1_sample-0/model.pdb,94.82373795761092,94.54240223463687,96.49499999999999,86.35,"[[2.3369901064261414, 3.98731843575419, 2.3284916201117314], [8.401117318435753, 3.545, 5.45], [11.841340782122908, 8.320000000000002, 0.8]]",6.194217877094972,179,10,0.93,0.85,1.96
chaina_v27y,/home/achen918/catalytic_binders/251211_paper_revision_1/computational_SSM/af3_complex/output/chaina_v27y/seed-1_sample-4/model.pdb,94.75132305716123,93.85759776536314,96.482,84.47,"[[2.50097687338098, 4.439888268156424, 2.6111731843575416], [9.222513966480447, 3.7849999999999993, 6.01], [14.150837988826815, 9.469999999999999, 0.8]]",6.831201117318436,179,10,0.92,0.84,2.05
chaina_v27y,/home/achen918/catalytic_binders/251211_paper_revision_1/computational_SSM/af3_complex/output/chaina_v27y/seed-1_sample-3/model.pdb,94.79929351316642,93.78737430167597,96.632,86.26,"[[2.5278018788427326, 4.268994413407821, 2.5525139664804466], [8.8931843575419, 3.818, 5.620000000000001], [13.039664804469274, 8.830000000000002, 0.8]]",6.58108938547486,179,10,0.92,0.84,2.01
chaina_y152a,/home/achen918/catalytic_binders/251211_paper_revision_1/computational_SSM/af3_complex/output/chaina_y152a/seed-1_sample-2/model.pdb,95.93080906148866,94.91379888268156,97.631,88.4,"[[2.2677912674385943, 2.4335754189944137, 2.270391061452514], [4.960670391061452, 2.6500000000000004, 3.3], [9.412849162011172, 6.68, 0.8]]",3.697122905027933,179,10,0.93,0.93,0.91
chaina_y152a,/home/achen918/catalytic_binders/251211_paper_revision_1/computational_SSM/af3_complex/output/chaina_y152a/seed-1_sample-1/model.pdb,95.79891262135928,94.93703910614525,97.49600000000001,85.95,"[[2.3264348803096033, 2.390167597765363, 2.4558659217877095], [4.5450279329608945, 2.5380000000000003, 3.31], [11.16703910614525, 7.279999999999999, 0.8]]",3.467597765363129,179,10,0.93,0.93,0.89
chaina_y152a,/home/achen918/catalytic_binders/251211_paper_revision_1/computational_SSM/af3_complex/output/chaina_y152a/seed-1_sample-3/model.pdb,96.08499676375398,94.78022346368715,97.93299999999999,88.75,"[[2.212568271901626, 2.2397765363128492, 2.2106145251396647], [4.304134078212291, 2.41, 2.9799999999999995], [9.425698324022347, 6.530000000000001, 0.8]]",3.2719553072625702,179,10,0.93,0.94,0.86
chaina_y152a,/home/achen918/catalytic_binders/251211_paper_revision_1/computational_SSM/af3_complex/output/chaina_y152a/seed-1_sample-4/model.pdb,96.10295792880243,94.57245810055866,97.811,86.2,"[[2.2307637089978463, 2.2787150837988825, 2.3854748603351954], [4.421508379888268, 2.468, 3.17], [11.024022346368715, 7.109999999999999, 0.8]]",3.350111731843575,179,10,0.93,0.94,0.87
chaina_y152a,/home/achen918/catalytic_binders/251211_paper_revision_1/computational_SSM/af3_complex/output/chaina_y152a/seed-1_sample-0/model.pdb,95.77003883495152,94.54882681564244,97.58599999999998,88.6,"[[2.2883805124684, 2.4673184357541897, 2.252513966480447], [4.96804469273743, 2.6630000000000007, 3.34], [8.919553072625698, 6.43, 0.8]]",3.71768156424581,179,10,0.93,0.93,0.92
chaina_y152d,/home/achen918/catalytic_binders/251211_paper_revision_1/computational_SSM/af3_complex/output/chaina_y152d/seed-1_sample-0/model.pdb,95.0979844961241,94.04055865921787,97.312,88.31,"[[2.47751630723136, 2.9182681564245807, 2.3715083798882683], [5.983463687150838, 3.0420000000000003, 3.9800000000000004], [10.160335195530726, 7.039999999999999, 0.8]]",4.45086592178771,179,10,0.92,0.91,1.14
chaina_y152d,/home/achen918/catalytic_binders/251211_paper_revision_1/computational_SSM/af3_complex/output/chaina_y152d/seed-1_sample-4/model.pdb,95.61579457364344,94.1177653631285,97.43299999999999,87.25,"[[2.3485877469492213, 2.853072625698324, 2.439664804469274], [5.767821229050279, 2.9190000000000005, 3.87], [11.195530726256983, 7.4799999999999995, 0.8]]",4.310446927374302,179,10,0.93,0.91,1.15
chaina_y152d,/home/achen918/catalytic_binders/251211_paper_revision_1/computational_SSM/af3_complex/output/chaina_y152d/seed-1_sample-3/model.pdb,95.43551033591737,94.26212290502792,97.53200000000001,87.97,"[[2.382628507225118, 2.843854748603352, 2.340223463687151], [5.872905027932961, 3.013000000000001, 3.96], [10.740223463687151, 7.17, 0.8]]",4.358379888268157,179,10,0.93,0.91,1.1
chaina_y152d,/home/achen918/catalytic_binders/251211_paper_revision_1/computational_SSM/af3_complex/output/chaina_y152d/seed-1_sample-1/model.pdb,95.53940568475436,94.68435754189944,97.33800000000001,88.1,"[[2.3053993321057398, 2.5405586592178775, 2.2385474860335193], [5.258268156424581, 2.803000000000001, 3.71], [10.648603351955307, 6.970000000000001, 0.8]]",3.8994134078212292,179,10,0.93,0.92,0.99
chaina_y152d,/home/achen918/catalytic_binders/251211_paper_revision_1/computational_SSM/af3_complex/output/chaina_y152d/seed-1_sample-2/model.pdb,95.31090439276473,94.40804469273742,97.192,87.96,"[[2.4410630130145754, 3.0537430167597766, 2.3849162011173184], [6.320167597765362, 3.0940000000000003, 4.180000000000001], [10.683798882681566, 7.389999999999999, 0.8]]",4.686955307262569,179,10,0.93,0.9,1.24
chaina_y152e,/home/achen918/catalytic_binders/251211_paper_revision_1/computational_SSM/af3_complex/output/chaina_y152e/seed-1_sample-2/model.pdb,95.246152356359,94.3735754189944,96.958,86.44,"[[2.4888486626509785, 3.627877094972067, 2.521787709497207], [7.480837988826816, 3.2990000000000004, 4.91], [12.455865921787712, 8.21, 0.8]]",5.554357541899441,179,10,0.92,0.88,1.62
chaina_y152e,/home/achen918/catalytic_binders/251211_paper_revision_1/computational_SSM/af3_complex/output/chaina_y152e/seed-1_sample-1/model.pdb,95.25854099418984,94.5182122905028,96.997,86.86,"[[2.4462469960363284, 3.1626256983240224, 2.416201117318436], [6.498379888268158, 3.0869999999999997, 4.48], [12.254189944134078, 7.94, 0.8]]",4.83050279329609,179,10,0.92,0.9,1.31
chaina_y152e,/home/achen918/catalytic_binders/251211_paper_revision_1/computational_SSM/af3_complex/output/chaina_y152e/seed-1_sample-4/model.pdb,95.73163976759216,94.35921787709496,97.471,87.86,"[[2.3274492057051903, 2.9757541899441344, 2.3720670391061454], [6.105977653631285, 3.016, 4.09], [10.573743016759778, 7.340000000000001, 0.8]]",4.540865921787709,179,10,0.93,0.9,1.29
chaina_y152e,/home/achen918/catalytic_binders/251211_paper_revision_1/computational_SSM/af3_complex/output/chaina_y152e/seed-1_sample-3/model.pdb,95.48967721110411,94.43044692737432,97.458,86.98,"[[2.355522611653819, 3.1513966480446927, 2.377653631284916], [6.665307262569832, 3.1710000000000003, 4.49], [11.935754189944134, 7.749999999999998, 0.8]]",4.908351955307262,179,10,0.93,0.9,1.34
chaina_y152e,/home/achen918/catalytic_binders/251211_paper_revision_1/computational_SSM/af3_complex/output/chaina_y152e/seed-1_sample-0/model.pdb,95.15053582956763,94.2327932960894,97.09200000000001,87.32,"[[2.485331294279205, 3.415977653631285, 2.4290502793296085], [6.979162011173185, 3.2319999999999998, 4.63], [11.136312849162012, 7.6, 0.8]]",5.197569832402235,179,10,0.92,0.88,1.55
chaina_y152f,/home/achen918/catalytic_binders/251211_paper_revision_1/computational_SSM/af3_complex/output/chaina_y152f/seed-1_sample-0/model.pdb,95.19696324951643,93.94916201117319,97.492,88.05,"[[2.5028089010954715, 2.7220111731843573, 2.424022346368715], [5.155195530726257, 2.746000000000001, 3.5200000000000005], [11.031843575418993, 7.570000000000002, 0.8]]",3.938603351955307,179,10,0.93,0.93,0.93
chaina_y152f,/home/achen918/catalytic_binders/251211_paper_revision_1/computational_SSM/af3_complex/output/chaina_y152f/seed-1_sample-4/model.pdb,95.73229529335914,94.06167597765364,97.73600000000002,89.12,"[[2.3628444805093474, 2.4128491620111734, 2.2960893854748603], [4.593575418994414, 2.5250000000000004, 3.1], [8.949720670391061, 6.239999999999999, 0.8]]",3.503212290502794,179,10,0.93,0.94,0.87
chaina_y152f,/home/achen918/catalytic_binders/251211_paper_revision_1/computational_SSM/af3_complex/output/chaina_y152f/seed-1_sample-3/model.pdb,95.6672856221793,93.9777653631285,97.785,88.24,"[[2.3664960519334604, 2.403519553072626, 2.3396648044692734], [4.581843575418994, 2.5420000000000003, 3.2199999999999998], [11.42122905027933, 7.540000000000001, 0.8]]",3.49268156424581,179,10,0.93,0.94,0.86
chaina_y152f,/home/achen918/catalytic_binders/251211_paper_revision_1/computational_SSM/af3_complex/output/chaina_y152f/seed-1_sample-1/model.pdb,95.71252740167658,94.26759776536312,97.675,89.03,"[[2.3547548453543894, 2.3591620111731846, 2.2916201117318433], [4.426759776536313, 2.49, 3.1599999999999997], [9.52290502793296, 6.55, 0.8]]",3.392960893854749,179,10,0.93,0.94,0.86
chaina_y152f,/home/achen918/catalytic_binders/251211_paper_revision_1/computational_SSM/af3_complex/output/chaina_y152f/seed-1_sample-2/model.pdb,95.4650676982591,94.06899441340781,97.66299999999998,87.74,"[[2.4563403139727225, 2.5511173184357543, 2.4173184357541904], [4.96340782122905, 2.6830000000000003, 3.3800000000000003], [11.4463687150838, 7.699999999999998, 0.8]]",3.7572625698324025,179,10,0.93,0.93,0.88
chaina_y152g,/home/achen918/catalytic_binders/251211_paper_revision_1/computational_SSM/af3_complex/output/chaina_y152g/seed-1_sample-0/model.pdb,89.19484455958545,93.21312849162013,96.387,83.75,"[[4.3543210261852, 3.9630167597765364, 3.7675977653631283], [5.898938547486034, 2.859, 3.6700000000000004], [11.241899441340783, 7.389999999999999, 0.8]]",4.930977653631285,179,10,0.87,0.92,0.94
chaina_y152g,/home/achen918/catalytic_binders/251211_paper_revision_1/computational_SSM/af3_complex/output/chaina_y152g/seed-1_sample-4/model.pdb,87.80978626942999,93.03150837988827,96.06200000000001,83.17,"[[5.41799569301832, 4.780782122905028, 4.74022346368715], [5.95581005586592, 2.737, 3.6700000000000004], [11.676536312849162, 7.590000000000001, 0.8]]",5.368296089385474,179,10,0.85,0.92,0.91
chaina_y152g,/home/achen918/catalytic_binders/251211_paper_revision_1/computational_SSM/af3_complex/output/chaina_y152g/seed-1_sample-3/model.pdb,88.03726036269428,93.29296089385474,96.208,84.38,"[[5.154670578321526, 4.610614525139665, 4.634078212290503], [5.695977653631284, 2.7490000000000006, 3.59], [11.132960893854749, 7.26, 0.8]]",5.153296089385474,179,10,0.86,0.93,0.88
chaina_y152g,/home/achen918/catalytic_binders/251211_paper_revision_1/computational_SSM/af3_complex/output/chaina_y152g/seed-1_sample-1/model.pdb,87.13303108808296,92.46122905027934,95.472,80.26,"[[5.727096532567648, 5.147597765363129, 4.927374301675978], [6.453519553072625, 2.9040000000000004, 4.08], [11.572067039106146, 7.65, 0.8]]",5.800558659217877,179,10,0.85,0.92,0.92
chaina_y152g,/home/achen918/catalytic_binders/251211_paper_revision_1/computational_SSM/af3_complex/output/chaina_y152g/seed-1_sample-2/model.pdb,87.52388601036272,93.09536312849161,95.976,81.68,"[[5.166321275865298, 4.578994413407821, 4.4715083798882675], [5.65340782122905, 2.733, 3.69], [12.383240223463687, 8.01, 0.8]]",5.116201117318435,179,10,0.86,0.92,0.9
chaina_y152h,/home/achen918/catalytic_binders/251211_paper_revision_1/computational_SSM/af3_complex/output/chaina_y152h/seed-1_sample-0/model.pdb,95.09272258064516,93.85743016759778,97.252,88.1,"[[2.5009799943821975, 2.597541899441341, 2.3748603351955304], [4.8848044692737425, 2.588, 3.3], [8.808379888268156, 6.45, 0.8]]",3.7411731843575415,179,10,0.93,0.93,0.91
chaina_y152h,/home/achen918/catalytic_binders/251211_paper_revision_1/computational_SSM/af3_complex/output/chaina_y152h/seed-1_sample-4/model.pdb,95.7236903225805,94.12039106145254,97.578,86.5,"[[2.3471115133734903, 2.3450837988826816, 2.417877094972067], [4.426871508379889, 2.4590000000000005, 3.11], [10.067597765363129, 6.590000000000001, 0.8]]",3.385977653631285,179,10,0.93,0.94,0.86
chaina_y152h,/home/achen918/catalytic_binders/251211_paper_revision_1/computational_SSM/af3_complex/output/chaina_y152h/seed-1_sample-3/model.pdb,95.561141935484,94.03877094972069,97.624,88.13,"[[2.383296401485597, 2.378100558659218, 2.334078212290503], [4.278826815642458, 2.4050000000000002, 2.9999999999999996], [9.93687150837989, 6.779999999999999, 0.8]]",3.3284636871508377,179,10,0.93,0.94,0.85
chaina_y152h,/home/achen918/catalytic_binders/251211_paper_revision_1/computational_SSM/af3_complex/output/chaina_y152h/seed-1_sample-1/model.pdb,95.18627096774186,93.98787709497206,97.07000000000001,85.84,"[[2.5270528385506075, 2.4912290502793293, 2.553631284916201], [4.468938547486033, 2.4670000000000005, 3.1999999999999997], [10.774301675977654, 7.109999999999999, 0.8]]",3.4800837988826814,179,10,0.93,0.93,0.87
chaina_y152h,/home/achen918/catalytic_binders/251211_paper_revision_1/computational_SSM/af3_complex/output/chaina_y152h/seed-1_sample-2/model.pdb,95.54573548387107,94.31005586592178,97.462,88.42,"[[2.3946849349271244, 2.4448603351955303, 2.335195530726257], [4.705251396648046, 2.553, 3.18], [9.349162011173185, 6.640000000000001, 0.8]]",3.575055865921788,179,10,0.93,0.93,0.87
chaina_y152i,/home/achen918/catalytic_binders/251211_paper_revision_1/computational_SSM/af3_complex/output/chaina_y152i/seed-1_sample-0/model.pdb,95.93452842377259,94.68150837988826,97.84200000000001,89.37,"[[2.258425142785806, 2.257262569832402, 2.1776536312849157], [4.41391061452514, 2.4619999999999997, 3.0300000000000002], [8.64804469273743, 6.22, 0.8]]",3.335586592178771,179,10,0.93,0.94,0.84
chaina_y152i,/home/achen918/catalytic_binders/251211_paper_revision_1/computational_SSM/af3_complex/output/chaina_y152i/seed-1_sample-3/model.pdb,96.07054909560732,94.4699441340782,97.992,88.67,"[[2.2665116569395463, 2.231005586592179, 2.241340782122905], [4.167932960893855, 2.366, 2.94], [9.769832402234636, 6.659999999999999, 0.8]]",3.199469273743017,179,10,0.93,0.94,0.83
chaina_y152i,/home/achen918/catalytic_binders/251211_paper_revision_1/computational_SSM/af3_complex/output/chaina_y152i/seed-1_sample-4/model.pdb,96.11991602067191,94.62972067039107,97.932,87.8,"[[2.2470615773540152, 2.211340782122905, 2.2787709497206703], [4.207150837988827, 2.3770000000000002, 2.95], [9.466480446927374, 6.339999999999999, 0.8]]",3.209245810055866,179,10,0.94,0.94,0.84
chaina_y152i,/home/achen918/catalytic_binders/251211_paper_revision_1/computational_SSM/af3_complex/output/chaina_y152i/seed-1_sample-1/model.pdb,95.89754521963832,94.69826815642458,97.72800000000001,86.51,"[[2.3674385943010514, 2.348379888268157, 2.4430167597765364], [4.403296089385476, 2.49, 3.25], [12.1, 7.850000000000001, 0.8]]",3.3758379888268166,179,10,0.93,0.94,0.85
chaina_y152i,/home/achen918/catalytic_binders/251211_paper_revision_1/computational_SSM/af3_complex/output/chaina_y152i/seed-1_sample-2/model.pdb,96.1008333333333,95.06709497206705,97.919,89.05,"[[2.241359508130208, 2.2252513966480447, 2.1944134078212287], [4.294078212290502, 2.426, 2.93], [9.084916201117318, 6.42, 0.8]]",3.2596648044692733,179,10,0.94,0.94,0.83
chaina_y152k,/home/achen918/catalytic_binders/251211_paper_revision_1/computational_SSM/af3_complex/output/chaina_y152k/seed-1_sample-0/model.pdb,94.649341510652,93.57765363128492,96.68999999999998,86.53,"[[2.6146000436940167, 4.191061452513966, 2.605027932960894], [8.346145251396647, 3.3949999999999996, 5.15], [11.325698324022346, 8.32, 0.8]]",6.268603351955306,179,10,0.91,0.85,1.88
chaina_y152k,/home/achen918/catalytic_binders/251211_paper_revision_1/computational_SSM/af3_complex/output/chaina_y152k/seed-1_sample-3/model.pdb,95.33229180116211,94.08592178770951,97.42,87.45,"[[2.457691707499766, 3.1972067039106147, 2.4156424581005584], [6.334078212290502, 3.0010000000000003, 4.13], [11.156983240223463, 7.57, 0.8]]",4.765642458100558,179,10,0.92,0.9,1.26
chaina_y152k,/home/achen918/catalytic_binders/251211_paper_revision_1/computational_SSM/af3_complex/output/chaina_y152k/seed-1_sample-4/model.pdb,95.29245965138811,93.81027932960895,97.09700000000001,86.45,"[[2.488218220405106, 3.3978212290502796, 2.6044692737430166], [6.65195530726257, 3.0070000000000006, 4.33], [11.7659217877095, 8.18, 0.8]]",5.024888268156425,179,10,0.92,0.89,1.42
chaina_y152k,/home/achen918/catalytic_binders/251211_paper_revision_1/computational_SSM/af3_complex/output/chaina_y152k/seed-1_sample-1/model.pdb,95.29349903163349,94.34050279329607,97.031,86.77,"[[2.50186635872788, 3.480335195530726, 2.5541899441340785], [6.823575418994414, 3.0669999999999997, 4.51], [12.355865921787709, 8.41, 0.8]]",5.15195530726257,179,10,0.92,0.89,1.41
chaina_y152k,/home/achen918/catalytic_binders/251211_paper_revision_1/computational_SSM/af3_complex/output/chaina_y152k/seed-1_sample-2/model.pdb,95.00570690768232,94.10597765363127,97.022,87.23,"[[2.5785119066196436, 3.76, 2.548603351955307], [7.752737430167598, 3.3370000000000006, 4.84], [11.483798882681567, 8.139999999999999, 0.8]]",5.7563687150837985,179,10,0.92,0.87,1.62
chaina_y152l,/home/achen918/catalytic_binders/251211_paper_revision_1/computational_SSM/af3_complex/output/chaina_y152l/seed-1_sample-1/model.pdb,95.78113049095634,94.61307262569831,97.71399999999998,85.59,"[[2.318267220124216, 2.2446927374301677, 2.3944134078212294], [4.250279329608938, 2.4600000000000004, 3.15], [13.055865921787712, 8.33, 0.8]]",3.247486033519553,179,10,0.93,0.94,0.84
chaina_y152l,/home/achen918/catalytic_binders/251211_paper_revision_1/computational_SSM/af3_complex/output/chaina_y152l/seed-1_sample-2/model.pdb,95.8420865633075,94.68877094972068,97.763,88.39,"[[2.3168971005898693, 2.2626256983240225, 2.2458100558659218], [4.380055865921787, 2.495, 3.0399999999999996], [10.225698324022346, 6.93, 0.8]]",3.321340782122905,179,10,0.93,0.94,0.84
chaina_y152l,/home/achen918/catalytic_binders/251211_paper_revision_1/computational_SSM/af3_complex/output/chaina_y152l/seed-1_sample-0/model.pdb,95.54096253229991,94.26698324022347,97.52,88.08,"[[2.39717861489966, 2.3971508379888267, 2.299441340782123], [4.652178770949721, 2.608, 3.2399999999999998], [9.980446927374302, 6.890000000000001, 0.8]]",3.524664804469274,179,10,0.93,0.94,0.87
chaina_y152l,/home/achen918/catalytic_binders/251211_paper_revision_1/computational_SSM/af3_complex/output/chaina_y152l/seed-1_sample-4/model.pdb,95.83698320413455,94.15608938547487,97.69800000000001,87.9,"[[2.336912081395712, 2.270335195530726, 2.2916201117318433], [4.270558659217877, 2.4599999999999995, 3.04], [9.83463687150838, 6.58, 0.8]]",3.2704469273743015,179,10,0.93,0.94,0.85
chaina_y152l,/home/achen918/catalytic_binders/251211_paper_revision_1/computational_SSM/af3_complex/output/chaina_y152l/seed-1_sample-3/model.pdb,95.90779715762294,94.4372625698324,97.88699999999999,87.95,"[[2.2476139945694578, 2.1818994413407817, 2.2318435754189943], [4.160782122905029, 2.387, 2.9499999999999997], [10.9, 7.2, 0.8]]",3.171340782122905,179,10,0.94,0.94,0.84
chaina_y152m,/home/achen918/catalytic_binders/251211_paper_revision_1/computational_SSM/af3_complex/output/chaina_y152m/seed-1_sample-1/model.pdb,95.51052325581402,94.32033519553073,97.42,87.49,"[[2.422836365906183, 2.471620111731844, 2.4212290502793294], [4.685642458100559, 2.591, 3.3900000000000006], [12.57709497206704, 8.16, 0.8]]",3.5786312849162014,179,10,0.93,0.93,0.87
chaina_y152m,/home/achen918/catalytic_binders/251211_paper_revision_1/computational_SSM/af3_complex/output/chaina_y152m/seed-1_sample-2/model.pdb,95.75268733850122,94.62508379888268,97.624,88.71,"[[2.335657438906401, 2.4451955307262567, 2.285474860335195], [4.929720670391061, 2.6630000000000007, 3.3099999999999996], [10.793854748603351, 7.279999999999999, 0.8]]",3.687458100558659,179,10,0.93,0.93,0.87
chaina_y152m,/home/achen918/catalytic_binders/251211_paper_revision_1/computational_SSM/af3_complex/output/chaina_y152m/seed-1_sample-0/model.pdb,95.59155684754532,94.28804469273742,97.591,89.3,"[[2.308529696326582, 2.4155865921787707, 2.2106145251396647], [4.794581005586592, 2.609000000000001, 3.2399999999999998], [9.402234636871508, 6.640000000000001, 0.8]]",3.6050837988826814,179,10,0.93,0.94,0.87
chaina_y152m,/home/achen918/catalytic_binders/251211_paper_revision_1/computational_SSM/af3_complex/output/chaina_y152m/seed-1_sample-4/model.pdb,95.90165374677007,94.32424581005587,97.751,89.29,"[[2.2694297930776193, 2.281731843575419, 2.2284916201117317], [4.4556424581005585, 2.4760000000000004, 3.0300000000000002], [9.164804469273744, 6.2700000000000005, 0.8]]",3.3686871508379888,179,10,0.93,0.94,0.85
chaina_y152m,/home/achen918/catalytic_binders/251211_paper_revision_1/computational_SSM/af3_complex/output/chaina_y152m/seed-1_sample-3/model.pdb,95.79356589147304,94.42519553072626,97.849,88.69,"[[2.292462782060485, 2.3307821229050276, 2.2564245810055863], [4.489664804469274, 2.5010000000000003, 3.14], [10.835754189944133, 7.119999999999999, 0.8]]",3.4102234636871507,179,10,0.93,0.94,0.86
chaina_y152n,/home/achen918/catalytic_binders/251211_paper_revision_1/computational_SSM/af3_complex/output/chaina_y152n/seed-1_sample-0/model.pdb,95.19954134366942,94.06391061452513,97.17099999999998,87.99,"[[2.460400736556287, 2.813463687150838, 2.3966480446927374], [5.710837988826816, 2.883000000000001, 3.6800000000000006], [10.156424581005586, 7.18, 0.8]]",4.262150837988827,179,10,0.93,0.92,1.0
chaina_y152n,/home/achen918/catalytic_binders/251211_paper_revision_1/computational_SSM/af3_complex/output/chaina_y152n/seed-1_sample-3/model.pdb,96.05542635658915,94.7032402234637,97.967,88.91,"[[2.183617864610967, 2.1722346368715084, 2.124581005586592], [4.097932960893855, 2.329, 2.89], [9.983240223463687, 6.65, 0.8]]",3.1350837988826816,179,10,0.94,0.94,0.84
chaina_y152n,/home/achen918/catalytic_binders/251211_paper_revision_1/computational_SSM/af3_complex/output/chaina_y152n/seed-1_sample-4/model.pdb,96.04983850129199,94.60731843575418,97.799,87.95,"[[2.2433163758933863, 2.2850837988826815, 2.2502793296089387], [4.323687150837989, 2.41, 3.06], [9.864245810055866, 6.67, 0.8]]",3.304385474860335,179,10,0.93,0.94,0.87
chaina_y152n,/home/achen918/catalytic_binders/251211_paper_revision_1/computational_SSM/af3_complex/output/chaina_y152n/seed-1_sample-1/model.pdb,95.72440568475459,94.71441340782121,97.585,85.62,"[[2.314643737711058, 2.385418994413408, 2.364245810055866], [4.438994413407821, 2.451, 3.2099999999999995], [12.912290502793297, 8.290000000000001, 0.8]]",3.4122067039106145,179,10,0.93,0.94,0.87
chaina_y152n,/home/achen918/catalytic_binders/251211_paper_revision_1/computational_SSM/af3_complex/output/chaina_y152n/seed-1_sample-2/model.pdb,95.6950516795867,94.70072625698324,97.531,88.38,"[[2.3900689741269, 2.5443575418994415, 2.3145251396648043], [4.980837988826816, 2.641, 3.3299999999999996], [10.635754189944135, 7.25, 0.8]]",3.762597765363129,179,10,0.93,0.93,0.91
chaina_y152p,/home/achen918/catalytic_binders/251211_paper_revision_1/computational_SSM/af3_complex/output/chaina_y152p/seed-1_sample-3/model.pdb,87.29374919198445,92.68469273743017,95.43999999999998,84.61,"[[5.772282388190131, 5.405642458100559, 5.026256983240223], [6.485921787709497, 2.934, 4.05], [11.428491620111734, 7.540000000000001, 0.8]]",5.945782122905028,179,10,0.85,0.92,0.97
chaina_y152p,/home/achen918/catalytic_binders/251211_paper_revision_1/computational_SSM/af3_complex/output/chaina_y152p/seed-1_sample-4/model.pdb,87.91190045248881,92.30653631284913,95.133,84.38,"[[5.478358977560001, 5.120893854748603, 4.897765363128492], [6.663575418994414, 2.988, 4.1899999999999995], [12.038547486033517, 7.8100000000000005, 0.8]]",5.892234636871509,179,10,0.85,0.91,1.0
chaina_y152p,/home/achen918/catalytic_binders/251211_paper_revision_1/computational_SSM/af3_complex/output/chaina_y152p/seed-1_sample-0/model.pdb,87.82875888817077,92.41201117318435,95.05,84.7,"[[5.303211510252489, 4.910670391061453, 4.727932960893854], [6.475251396648045, 2.9720000000000004, 3.9300000000000006], [11.251396648044691, 7.42, 0.8]]",5.69296089385475,179,10,0.86,0.91,0.97
chaina_y152p,/home/achen918/catalytic_binders/251211_paper_revision_1/computational_SSM/af3_complex/output/chaina_y152p/seed-1_sample-2/model.pdb,87.31533936651572,92.46391061452515,95.037,83.5,"[[5.606120283386911, 5.20804469273743, 4.967039106145251], [6.584413407821231, 3.0180000000000007, 4.1], [11.908938547486033, 7.769999999999999, 0.8]]",5.896229050279331,179,10,0.85,0.91,1.0
chaina_y152p,/home/achen918/catalytic_binders/251211_paper_revision_1/computational_SSM/af3_complex/output/chaina_y152p/seed-1_sample-1/model.pdb,86.48617323852608,91.47201117318437,94.06899999999999,82.84,"[[6.275712368527823, 6.220335195530726, 5.627374301675977], [8.261508379888268, 3.333, 5.17], [13.15754189944134, 8.65, 0.8]]",7.240921787709497,179,10,0.83,0.89,1.14
chaina_y152q,/home/achen918/catalytic_binders/251211_paper_revision_1/computational_SSM/af3_complex/output/chaina_y152q/seed-1_sample-3/model.pdb,95.6391478373145,94.21078212290503,97.63900000000001,89.43,"[[2.391663805748884, 2.3856424581005586, 2.3329608938547484], [4.287709497206704, 2.411, 3.05], [10.494413407821229, 7.109999999999999, 0.8]]",3.3366759776536314,179,10,0.93,0.94,0.84
chaina_y152q,/home/achen918/catalytic_binders/251211_paper_revision_1/computational_SSM/af3_complex/output/chaina_y152q/seed-1_sample-4/model.pdb,95.97380890897357,94.44379888268158,97.798,89.94,"[[2.3029867981648513, 2.2558659217877097, 2.2653631284916202], [4.151452513966481, 2.3810000000000002, 2.9], [8.63854748603352, 6.08, 0.8]]",3.203659217877095,179,10,0.93,0.94,0.83
chaina_y152q,/home/achen918/catalytic_binders/251211_paper_revision_1/computational_SSM/af3_complex/output/chaina_y152q/seed-1_sample-0/model.pdb,95.04797288573269,93.80385474860334,96.849,88.45,"[[2.5622546112792985, 2.858435754189944, 2.492737430167598], [5.490111731843575, 2.779, 3.6], [10.581005586592179, 7.459999999999999, 0.8]]",4.17427374301676,179,10,0.92,0.92,0.96
chaina_y152q,/home/achen918/catalytic_binders/251211_paper_revision_1/computational_SSM/af3_complex/output/chaina_y152q/seed-1_sample-2/model.pdb,95.52941897998706,94.37569832402235,97.439,88.98,"[[2.454205549140164, 2.4479888268156422, 2.376536312849162], [4.571508379888269, 2.5260000000000002, 3.21], [11.060335195530728, 7.5600000000000005, 0.8]]",3.5097486033519556,179,10,0.93,0.94,0.85
chaina_y152q,/home/achen918/catalytic_binders/251211_paper_revision_1/computational_SSM/af3_complex/output/chaina_y152q/seed-1_sample-1/model.pdb,95.55981923821815,94.35195530726257,97.44500000000001,87.29,"[[2.4457663618488814, 2.4007821229050283, 2.422346368715084], [4.281061452513967, 2.401, 3.1499999999999995], [12.380446927374301, 8.13, 0.8]]",3.3409217877094974,179,10,0.93,0.94,0.84
chaina_y152r,/home/achen918/catalytic_binders/251211_paper_revision_1/computational_SSM/af3_complex/output/chaina_y152r/seed-1_sample-0/model.pdb,95.01558349451969,93.7067597765363,96.88199999999999,86.66,"[[2.4455728597734154, 3.453687150837989, 2.4743016759776535], [6.8483798882681555, 3.0660000000000003, 4.4799999999999995], [10.637988826815642, 7.83, 0.8]]",5.1510335195530725,179,10,0.92,0.89,1.37
chaina_y152r,/home/achen918/catalytic_binders/251211_paper_revision_1/computational_SSM/af3_complex/output/chaina_y152r/seed-1_sample-4/model.pdb,95.58470664087683,93.87636871508381,97.272,85.72,"[[2.3709060266533504, 3.0253072625698323, 2.4497206703910615], [5.8307821229050285, 2.8390000000000004, 3.9499999999999993], [11.106703910614524, 7.95, 0.8]]",4.42804469273743,179,10,0.93,0.91,1.14
chaina_y152r,/home/achen918/catalytic_binders/251211_paper_revision_1/computational_SSM/af3_complex/output/chaina_y152r/seed-1_sample-3/model.pdb,95.29799484203728,93.6486592178771,97.185,84.69,"[[2.448437938890796, 3.28, 2.6625698324022347], [6.066648044692737, 2.8560000000000003, 4.29], [13.505586592178771, 8.999999999999998, 0.8]]",4.673324022346368,179,10,0.92,0.9,1.18
chaina_y152r,/home/achen918/catalytic_binders/251211_paper_revision_1/computational_SSM/af3_complex/output/chaina_y152r/seed-1_sample-1/model.pdb,95.45974210186974,94.13067039106144,97.074,85.28,"[[2.41618551231235, 3.0306703910614523, 2.521787709497207], [5.7226256983240225, 2.829, 4.08], [11.915083798882682, 8.139999999999999, 0.8]]",4.376648044692738,179,10,0.93,0.91,1.16
chaina_y152r,/home/achen918/catalytic_binders/251211_paper_revision_1/computational_SSM/af3_complex/output/chaina_y152r/seed-1_sample-2/model.pdb,95.33517085751122,94.18921787709499,97.14699999999999,86.37,"[[2.4087419244093504, 3.2652513966480448, 2.487709497206704], [6.698994413407821, 3.089, 4.35], [11.74804469273743, 8.21, 0.8]]",4.982122905027933,179,10,0.93,0.9,1.25
chaina_y152s,/home/achen918/catalytic_binders/251211_paper_revision_1/computational_SSM/af3_complex/output/chaina_y152s/seed-1_sample-2/model.pdb,95.82056274256156,94.76949720670392,97.569,88.15,"[[2.3088854904653413, 2.409217877094972, 2.2681564245810057], [4.817374301675978, 2.617, 3.25], [10.331284916201117, 7.0, 0.8]]",3.613296089385475,179,10,0.93,0.93,0.89
chaina_y152s,/home/achen918/catalytic_binders/251211_paper_revision_1/computational_SSM/af3_complex/output/chaina_y152s/seed-1_sample-1/model.pdb,95.75644243208279,94.83044692737428,97.519,87.0,"[[2.3121282107300023, 2.3441899441340786, 2.3150837988826813], [4.405977653631285, 2.4770000000000003, 3.19], [10.547486033519553, 6.960000000000001, 0.8]]",3.375083798882682,179,10,0.93,0.94,0.87
chaina_y152s,/home/achen918/catalytic_binders/251211_paper_revision_1/computational_SSM/af3_complex/output/chaina_y152s/seed-1_sample-3/model.pdb,95.99275549805961,94.53525139664805,97.905,88.58,"[[2.2408383009269377, 2.228826815642458, 2.2011173184357538], [4.246201117318436, 2.41, 2.9799999999999995], [10.364245810055865, 6.8, 0.8]]",3.237513966480447,179,10,0.93,0.94,0.85
chaina_y152s,/home/achen918/catalytic_binders/251211_paper_revision_1/computational_SSM/af3_complex/output/chaina_y152s/seed-1_sample-4/model.pdb,95.97358990944365,94.4087150837989,97.753,87.4,"[[2.2620798352111358, 2.2997206703910615, 2.2882681564245804], [4.431061452513966, 2.4680000000000004, 3.0999999999999996], [10.179888268156423, 6.75, 0.8]]",3.365391061452514,179,10,0.93,0.94,0.87
chaina_y152s,/home/achen918/catalytic_binders/251211_paper_revision_1/computational_SSM/af3_complex/output/chaina_y152s/seed-1_sample-0/model.pdb,95.5230012936612,94.33575418994413,97.533,88.47,"[[2.3632314846602793, 2.484972067039106, 2.2620111731843573], [4.911955307262571, 2.649000000000001, 3.34], [9.544692737430168, 6.590000000000001, 0.8]]",3.6984636871508383,179,10,0.93,0.93,0.92
chaina_y152t,/home/achen918/catalytic_binders/251211_paper_revision_1/computational_SSM/af3_complex/output/chaina_y152t/seed-1_sample-3/model.pdb,95.755688429218,94.37754189944135,97.675,88.34,"[[2.322021784588496, 2.5825698324022346, 2.3134078212290503], [5.190893854748603, 2.73, 3.5699999999999994], [11.039664804469274, 7.140000000000001, 0.8]]",3.886731843575419,179,10,0.93,0.93,0.97
chaina_y152t,/home/achen918/catalytic_binders/251211_paper_revision_1/computational_SSM/af3_complex/output/chaina_y152t/seed-1_sample-4/model.pdb,95.95883645765986,94.50748603351956,97.709,88.94,"[[2.2767266939234103, 2.5256424581005583, 2.2726256983240223], [5.053687150837988, 2.7060000000000004, 3.38], [9.578212290502794, 6.62, 0.8]]",3.7896648044692736,179,10,0.93,0.93,0.96
chaina_y152t,/home/achen918/catalytic_binders/251211_paper_revision_1/computational_SSM/af3_complex/output/chaina_y152t/seed-1_sample-0/model.pdb,95.52941822883004,94.37620111731846,97.40400000000001,88.59,"[[2.3699666052869763, 2.8339106145251396, 2.3184357541899443], [5.8153631284916205, 2.903, 3.8300000000000005], [10.075418994413408, 6.9, 0.8]]",4.32463687150838,179,10,0.93,0.92,1.09
chaina_y152t,/home/achen918/catalytic_binders/251211_paper_revision_1/computational_SSM/af3_complex/output/chaina_y152t/seed-1_sample-2/model.pdb,95.66134453781513,94.60162011173183,97.416,88.29,"[[2.3839268437314693, 2.778938547486033, 2.359776536312849], [5.817094972067039, 2.912, 3.8300000000000005], [11.003351955307261, 7.35, 0.8]]",4.298016759776536,179,10,0.93,0.92,1.05
chaina_y152t,/home/achen918/catalytic_binders/251211_paper_revision_1/computational_SSM/af3_complex/output/chaina_y152t/seed-1_sample-1/model.pdb,95.55268261150621,94.60391061452513,97.31800000000001,86.85,"[[2.399706625885584, 2.7835195530726256, 2.446927374301676], [5.532793296089386, 2.8489999999999998, 3.9199999999999995], [12.606145251396647, 8.1, 0.8]]",4.158156424581006,179,10,0.93,0.92,1.03
chaina_y152v,/home/achen918/catalytic_binders/251211_paper_revision_1/computational_SSM/af3_complex/output/chaina_y152v/seed-1_sample-0/model.pdb,95.92719457013578,94.57256983240224,97.815,88.96,"[[2.2692550170094568, 2.306536312849162, 2.2050279329608937], [4.509050279329609, 2.4829999999999997, 3.0900000000000003], [8.964804469273743, 6.34, 0.8]]",3.4077932960893853,179,10,0.93,0.94,0.86
chaina_y152v,/home/achen918/catalytic_binders/251211_paper_revision_1/computational_SSM/af3_complex/output/chaina_y152v/seed-1_sample-3/model.pdb,96.11500969618619,94.52407821229053,97.992,88.55,"[[2.2507537217939513, 2.229217877094972, 2.2374301675977653], [4.245977653631285, 2.3960000000000004, 2.9699999999999998], [9.923463687150837, 6.7299999999999995, 0.8]]",3.2375977653631285,179,10,0.93,0.94,0.85
chaina_y152v,/home/achen918/catalytic_binders/251211_paper_revision_1/computational_SSM/af3_complex/output/chaina_y152v/seed-1_sample-4/model.pdb,96.29462184873961,94.78966480446928,97.99300000000001,87.54,"[[2.14751100152929, 2.12, 2.1927374301675973], [4.0108379888268155, 2.2960000000000003, 2.85], [9.631843575418996, 6.419999999999999, 0.8]]",3.065418994413408,179,10,0.94,0.94,0.84
chaina_y152v,/home/achen918/catalytic_binders/251211_paper_revision_1/computational_SSM/af3_complex/output/chaina_y152v/seed-1_sample-1/model.pdb,95.93806722689084,94.82033519553075,97.651,86.32,"[[2.3334758590555853, 2.3272625698324023, 2.3905027932960894], [4.326983240223464, 2.45, 3.2], [10.754189944134078, 7.15, 0.8]]",3.3271229050279327,179,10,0.93,0.94,0.87
chaina_y152v,/home/achen918/catalytic_binders/251211_paper_revision_1/computational_SSM/af3_complex/output/chaina_y152v/seed-1_sample-2/model.pdb,96.03106011635418,94.85877094972068,97.82699999999998,88.74,"[[2.285431166318155, 2.316759776536313, 2.2430167597765363], [4.453575418994414, 2.475, 3.02], [9.479888268156426, 6.65, 0.8]]",3.3851675977653635,179,10,0.93,0.94,0.86
chaina_y152w,/home/achen918/catalytic_binders/251211_paper_revision_1/computational_SSM/af3_complex/output/chaina_y152w/seed-1_sample-3/model.pdb,95.09972972972983,94.16441340782123,97.756,88.23,"[[2.3508535938329014, 2.355977653631285, 2.2899441340782123], [4.407374301675978, 2.482, 3.13], [11.603351955307263, 7.620000000000002, 0.8]]",3.3816759776536314,179,10,0.93,0.94,0.83
chaina_y152w,/home/achen918/catalytic_binders/251211_paper_revision_1/computational_SSM/af3_complex/output/chaina_y152w/seed-1_sample-4/model.pdb,94.85571428571448,93.71664804469273,97.503,89.15,"[[2.511728722574202, 2.530279329608938, 2.334078212290503], [4.331396648044692, 2.399, 2.9999999999999996], [8.278770949720672, 5.92, 0.8]]",3.4308379888268155,179,10,0.93,0.94,0.86
chaina_y152w,/home/achen918/catalytic_binders/251211_paper_revision_1/computational_SSM/af3_complex/output/chaina_y152w/seed-1_sample-0/model.pdb,94.04509652509662,93.44195530726257,97.02799999999999,87.14,"[[2.700102993040167, 2.8736871508379886, 2.560893854748603], [5.041117318435754, 2.677, 3.5599999999999996], [11.146927374301676, 7.65, 0.8]]",3.9574022346368714,179,10,0.92,0.93,0.91
chaina_y152w,/home/achen918/catalytic_binders/251211_paper_revision_1/computational_SSM/af3_complex/output/chaina_y152w/seed-1_sample-2/model.pdb,94.19214929214934,93.61709497206704,97.082,86.88,"[[2.661823913111326, 2.7875977653631288, 2.5692737430167596], [5.0318435754189945, 2.6700000000000004, 3.5100000000000002], [11.985474860335199, 7.92, 0.8]]",3.909720670391062,179,10,0.92,0.93,0.91
chaina_y152w,/home/achen918/catalytic_binders/251211_paper_revision_1/computational_SSM/af3_complex/output/chaina_y152w/seed-1_sample-1/model.pdb,94.75534749034753,94.14832402234636,97.27199999999999,85.24,"[[2.492116350925377, 2.680949720670391, 2.4916201117318435], [4.7849720670391065, 2.5280000000000005, 3.6], [13.6340782122905, 8.98, 0.8]]",3.7329608938547487,179,10,0.93,0.93,0.89
chaina_y83a,/home/achen918/catalytic_binders/251211_paper_revision_1/computational_SSM/af3_complex/output/chaina_y83a/seed-1_sample-3/model.pdb,95.54100323624594,93.97055865921787,97.654,88.53,"[[2.4714927748821824, 2.8856424581005586, 2.3927374301675974], [5.574413407821229, 2.915, 3.7299999999999995], [11.95139664804469, 8.04, 0.8]]",4.230027932960894,179,10,0.92,0.92,1.08
chaina_y83a,/home/achen918/catalytic_binders/251211_paper_revision_1/computational_SSM/af3_complex/output/chaina_y83a/seed-1_sample-4/model.pdb,95.69672491909407,93.65201117318438,97.60300000000001,90.01,"[[2.4552448425454885, 2.685698324022346, 2.3603351955307263], [5.119217877094973, 2.765, 3.4], [9.36536312849162, 6.74, 0.8]]",3.9024581005586594,179,10,0.93,0.93,0.98
chaina_y83a,/home/achen918/catalytic_binders/251211_paper_revision_1/computational_SSM/af3_complex/output/chaina_y83a/seed-1_sample-0/model.pdb,95.2395987055017,94.01581005586591,97.311,88.27,"[[2.4892263037982585, 3.023016759776536, 2.377094972067039], [5.997709497206705, 3.034, 3.910000000000001], [11.31005586592179, 7.87, 0.8]]",4.510363128491621,179,10,0.92,0.91,1.15
chaina_y83a,/home/achen918/catalytic_binders/251211_paper_revision_1/computational_SSM/af3_complex/output/chaina_y83a/seed-1_sample-2/model.pdb,95.46046601941742,94.25787709497205,97.47,88.69,"[[2.444140320214725, 2.8968715083798884, 2.359776536312849], [5.828379888268157, 2.9769999999999994, 3.7700000000000005], [11.51340782122905, 7.88, 0.8]]",4.362625698324022,179,10,0.93,0.92,1.1
chaina_y83a,/home/achen918/catalytic_binders/251211_paper_revision_1/computational_SSM/af3_complex/output/chaina_y83a/seed-1_sample-1/model.pdb,95.55280258899664,94.22687150837989,97.545,88.1,"[[2.4430666957960114, 2.86536312849162, 2.3983240223463684], [5.612346368715083, 2.9130000000000003, 3.7900000000000005], [12.628491620111731, 8.46, 0.8]]",4.238854748603352,179,10,0.93,0.92,1.07
chaina_y83d,/home/achen918/catalytic_binders/251211_paper_revision_1/computational_SSM/af3_complex/output/chaina_y83d/seed-1_sample-2/model.pdb,95.41056201550407,94.27078212290503,97.458,87.85,"[[2.4714802908773135, 3.269776536312849, 2.439106145251397], [6.628379888268156, 3.1090000000000004, 4.269999999999999], [12.280446927374301, 8.21, 0.8]]",4.949078212290503,179,10,0.92,0.9,1.43
chaina_y83d,/home/achen918/catalytic_binders/251211_paper_revision_1/computational_SSM/af3_complex/output/chaina_y83d/seed-1_sample-1/model.pdb,95.3119832041344,94.21284916201117,97.444,87.47,"[[2.5066477325926155, 3.307206703910614, 2.474860335195531], [6.300558659217877, 3.056, 4.279999999999999], [12.805027932960892, 8.499999999999998, 0.8]]",4.803882681564246,179,10,0.92,0.9,1.4
chaina_y83d,/home/achen918/catalytic_binders/251211_paper_revision_1/computational_SSM/af3_complex/output/chaina_y83d/seed-1_sample-4/model.pdb,95.6442764857881,93.74335195530729,97.56099999999999,90.41,"[[2.4534689928529074, 3.0504469273743013, 2.369832402234637], [5.8651396648044685, 2.9459999999999997, 3.8600000000000003], [9.215642458100557, 6.75, 0.8]]",4.457793296089385,179,10,0.93,0.91,1.24
chaina_y83d,/home/achen918/catalytic_binders/251211_paper_revision_1/computational_SSM/af3_complex/output/chaina_y83d/seed-1_sample-3/model.pdb,95.49718346253222,94.17843575418996,97.61100000000002,87.74,"[[2.482999906369963, 3.2281564245810053, 2.464804469273743], [6.343798882681565, 3.0949999999999993, 4.24], [12.588826815642456, 8.25, 0.8]]",4.785977653631285,179,10,0.92,0.9,1.36
chaina_y83d,/home/achen918/catalytic_binders/251211_paper_revision_1/computational_SSM/af3_complex/output/chaina_y83d/seed-1_sample-0/model.pdb,94.89771317829464,94.01307262569833,97.067,87.41,"[[2.5552198745357506, 3.548435754189944, 2.489944134078212], [6.982905027932961, 3.185, 4.449999999999999], [11.777653631284915, 8.16, 0.8]]",5.265670391061453,179,10,0.92,0.89,1.59
chaina_y83e,/home/achen918/catalytic_binders/251211_paper_revision_1/computational_SSM/af3_complex/output/chaina_y83e/seed-1_sample-1/model.pdb,95.2750419625565,94.36642458100559,97.46300000000001,87.87,"[[2.5065260135451455, 3.040782122905028, 2.4290502793296094], [5.968603351955307, 3.017, 4.130000000000001], [12.512290502793297, 8.370000000000001, 0.8]]",4.504692737430167,179,10,0.92,0.91,1.18
chaina_y83e,/home/achen918/catalytic_binders/251211_paper_revision_1/computational_SSM/af3_complex/output/chaina_y83e/seed-1_sample-2/model.pdb,95.44245965138782,94.39648044692738,97.49199999999999,88.82,"[[2.4444243313254894, 3.0665363128491623, 2.345251396648045], [6.126815642458101, 3.0090000000000003, 3.96], [11.273743016759777, 7.67, 0.8]]",4.596675977653631,179,10,0.93,0.91,1.21
chaina_y83e,/home/achen918/catalytic_binders/251211_paper_revision_1/computational_SSM/af3_complex/output/chaina_y83e/seed-1_sample-0/model.pdb,94.90458360232408,93.9053631284916,97.066,88.33,"[[2.5219000655410255, 3.389720670391062, 2.4206703910614524], [6.745754189944135, 3.17, 4.290000000000001], [11.059217877094971, 7.81, 0.8]]",5.067737430167599,179,10,0.92,0.9,1.44
chaina_y83e,/home/achen918/catalytic_binders/251211_paper_revision_1/computational_SSM/af3_complex/output/chaina_y83e/seed-1_sample-4/model.pdb,95.56700451904469,93.72206703910615,97.508,90.12,"[[2.4928778752223715, 3.0159217877094973, 2.4100558659217874], [5.807262569832402, 2.9670000000000005, 3.85], [9.368715083798882, 6.83, 0.8]]",4.41159217877095,179,10,0.92,0.91,1.14
chaina_y83e,/home/achen918/catalytic_binders/251211_paper_revision_1/computational_SSM/af3_complex/output/chaina_y83e/seed-1_sample-3/model.pdb,95.55956100710137,94.22832402234638,97.608,88.64,"[[2.465378733497706, 3.0412849162011173, 2.3960893854748604], [6.037039106145251, 3.059, 4.069999999999999], [12.006145251396648, 8.02, 0.8]]",4.539162011173184,179,10,0.92,0.91,1.21
chaina_y83f,/home/achen918/catalytic_binders/251211_paper_revision_1/computational_SSM/af3_complex/output/chaina_y83f/seed-1_sample-4/model.pdb,95.124410058027,93.54977653631285,97.171,88.81,"[[2.538422645984832, 3.7069273743016757, 2.520670391061453], [7.408659217877095, 3.349, 4.5600000000000005], [10.291061452513967, 7.459999999999999, 0.8]]",5.557793296089385,179,10,0.92,0.88,1.64
chaina_y83f,/home/achen918/catalytic_binders/251211_paper_revision_1/computational_SSM/af3_complex/output/chaina_y83f/seed-1_sample-3/model.pdb,94.93194068342993,93.90340782122905,97.24600000000001,86.31,"[[2.5905839393277366, 3.9602234636871505, 2.6564245810055866], [7.73804469273743, 3.446999999999999, 5.03], [13.431284916201117, 8.85, 0.8]]",5.84913407821229,179,10,0.92,0.87,1.76
chaina_y83f,/home/achen918/catalytic_binders/251211_paper_revision_1/computational_SSM/af3_complex/output/chaina_y83f/seed-1_sample-0/model.pdb,94.51297227595091,93.84508379888268,96.91799999999999,86.25,"[[2.57622733372866, 3.9, 2.576536312849162], [7.905586592178771, 3.4509999999999996, 4.9], [12.364804469273745, 8.489999999999998, 0.8]]",5.902793296089386,179,10,0.92,0.87,1.8
chaina_y83f,/home/achen918/catalytic_binders/251211_paper_revision_1/computational_SSM/af3_complex/output/chaina_y83f/seed-1_sample-2/model.pdb,94.8240361057382,93.80011173184359,96.99700000000001,86.5,"[[2.5836990106426136, 4.044413407821229, 2.6223463687150836], [8.118826815642459, 3.4520000000000004, 5.049999999999999], [12.901117318435755, 8.59, 0.8]]",6.081620111731844,179,10,0.92,0.86,1.83
chaina_y83f,/home/achen918/catalytic_binders/251211_paper_revision_1/computational_SSM/af3_complex/output/chaina_y83f/seed-1_sample-1/model.pdb,94.80003868471975,94.00508379888268,96.99900000000001,85.58,"[[2.5705627165194596, 3.916480446927374, 2.6435754189944136], [7.706815642458101, 3.3999999999999995, 5.07], [13.885474860335195, 9.06, 0.8]]",5.811648044692737,179,10,0.92,0.87,1.76
chaina_y83g,/home/achen918/catalytic_binders/251211_paper_revision_1/computational_SSM/af3_complex/output/chaina_y83g/seed-1_sample-3/model.pdb,95.44244818652841,94.10882681564247,97.641,87.91,"[[2.4738928248182015, 3.1588826815642457, 2.4519553072625695], [6.172737430167597, 3.073, 4.180000000000001], [12.472067039106145, 8.290000000000001, 0.8]]",4.665810055865921,179,10,0.92,0.91,1.24
chaina_y83g,/home/achen918/catalytic_binders/251211_paper_revision_1/computational_SSM/af3_complex/output/chaina_y83g/seed-1_sample-4/model.pdb,95.44017487046634,93.586312849162,97.42800000000001,89.61,"[[2.518495053213071, 3.1424022346368714, 2.432402234636872], [6.039832402234636, 3.0290000000000004, 3.960000000000001], [9.73072625698324, 7.01, 0.8]]",4.591117318435754,179,10,0.92,0.91,1.22
chaina_y83g,/home/achen918/catalytic_binders/251211_paper_revision_1/computational_SSM/af3_complex/output/chaina_y83g/seed-1_sample-0/model.pdb,94.96000647668407,93.94106145251396,97.196,86.94,"[[2.518457601198464, 3.4242458100558664, 2.4910614525139665], [6.8584916201117325, 3.242, 4.4399999999999995], [12.315083798882682, 8.41, 0.8]]",5.141368715083799,179,10,0.92,0.9,1.42
chaina_y83g,/home/achen918/catalytic_binders/251211_paper_revision_1/computational_SSM/af3_complex/output/chaina_y83g/seed-1_sample-2/model.pdb,95.14822538860113,94.02787709497207,97.261,87.55,"[[2.5246559096158045, 3.4558659217877095, 2.515083798882682], [6.9440223463687145, 3.2239999999999993, 4.44], [12.437430167597766, 8.450000000000001, 0.8]]",5.199944134078212,179,10,0.92,0.89,1.42
chaina_y83g,/home/achen918/catalytic_binders/251211_paper_revision_1/computational_SSM/af3_complex/output/chaina_y83g/seed-1_sample-1/model.pdb,95.31170336787558,94.28486033519552,97.397,86.93,"[[2.4988483505508565, 3.2889944134078215, 2.5195530726256985], [6.466201117318436, 3.1470000000000002, 4.41], [13.329608938547485, 8.879999999999999, 0.8]]",4.877597765363129,179,10,0.92,0.9,1.32
chaina_y83h,/home/achen918/catalytic_binders/251211_paper_revision_1/computational_SSM/af3_complex/output/chaina_y83h/seed-1_sample-3/model.pdb,95.29401935483875,93.8986033519553,97.518,88.17,"[[2.58232577010705, 3.1077653631284914, 2.4754189944134075], [5.852234636871509, 2.975, 3.9199999999999995], [12.2659217877095, 8.260000000000002, 0.8]]",4.48,179,10,0.92,0.91,1.14
chaina_y83h,/home/achen918/catalytic_binders/251211_paper_revision_1/computational_SSM/af3_complex/output/chaina_y83h/seed-1_sample-4/model.pdb,95.52784516129047,93.60726256983239,97.542,89.97,"[[2.5153272369776225, 2.792178770949721, 2.387150837988827], [5.3381564245810065, 2.8479999999999994, 3.54], [9.95027932960894, 7.01, 0.8]]",4.065167597765363,179,10,0.92,0.92,1.03
chaina_y83h,/home/achen918/catalytic_binders/251211_paper_revision_1/computational_SSM/af3_complex/output/chaina_y83h/seed-1_sample-0/model.pdb,94.84149032258063,93.85374301675978,97.127,87.78,"[[2.599241596704222, 3.174525139664804, 2.4687150837988825], [6.20659217877095, 3.073000000000001, 4.050000000000001], [11.424581005586594, 7.910000000000001, 0.8]]",4.690558659217877,179,10,0.92,0.91,1.22
chaina_y83h,/home/achen918/catalytic_binders/251211_paper_revision_1/computational_SSM/af3_complex/output/chaina_y83h/seed-1_sample-2/model.pdb,95.2455806451611,94.05223463687152,97.36800000000001,88.15,"[[2.5382072969008456, 3.024022346368715, 2.435195530726257], [6.013240223463687, 3.052, 3.900000000000001], [11.884357541899442, 8.1, 0.8]]",4.518631284916201,179,10,0.92,0.91,1.14
chaina_y83h,/home/achen918/catalytic_binders/251211_paper_revision_1/computational_SSM/af3_complex/output/chaina_y83h/seed-1_sample-1/model.pdb,95.20272258064507,94.04469273743017,97.41600000000001,87.88,"[[2.565100964389376, 3.013519553072626, 2.459776536312849], [5.734860335195531, 2.9619999999999997, 3.95], [12.427374301675977, 8.319999999999999, 0.8]]",4.374189944134079,179,10,0.92,0.91,1.11
chaina_y83i,/home/achen918/catalytic_binders/251211_paper_revision_1/computational_SSM/af3_complex/output/chaina_y83i/seed-1_sample-2/model.pdb,94.26931524547805,93.86234636871508,96.385,82.06,"[[2.527021628538435, 5.7489944134078215, 2.8000000000000003], [11.506480446927375, 4.183, 7.2], [14.487709497206705, 9.67, 0.8]]",8.627737430167599,179,10,0.91,0.76,2.66
chaina_y83i,/home/achen918/catalytic_binders/251211_paper_revision_1/computational_SSM/af3_complex/output/chaina_y83i/seed-1_sample-1/model.pdb,94.63098837209311,94.16949720670394,96.45,82.97,"[[2.4964014855965795, 4.834972067039105, 2.6921787709497207], [9.74754189944134, 3.8139999999999996, 6.43], [14.574301675977654, 9.55, 0.8]]",7.291256983240222,179,10,0.91,0.81,2.26
chaina_y83i,/home/achen918/catalytic_binders/251211_paper_revision_1/computational_SSM/af3_complex/output/chaina_y83i/seed-1_sample-3/model.pdb,94.7520025839795,93.9745810055866,96.96099999999998,83.77,"[[2.507590274960207, 4.816648044692738, 2.67877094972067], [9.70435754189944, 3.8930000000000002, 6.3], [14.095530726256985, 9.22, 0.8]]",7.260502793296089,179,10,0.91,0.81,2.15
chaina_y83i,/home/achen918/catalytic_binders/251211_paper_revision_1/computational_SSM/af3_complex/output/chaina_y83i/seed-1_sample-4/model.pdb,95.25835271317862,94.2617318435754,97.08599999999998,89.2,"[[2.3720701601073624, 4.260726256983241, 2.387709497206704], [8.877486033519553, 3.6740000000000004, 5.53], [10.035195530726256, 7.519999999999999, 0.8]]",6.569106145251396,179,10,0.92,0.83,2.1
chaina_y83i,/home/achen918/catalytic_binders/251211_paper_revision_1/computational_SSM/af3_complex/output/chaina_y83i/seed-1_sample-0/model.pdb,94.03720930232552,93.871843575419,96.06499999999998,82.3,"[[2.520127336849661, 5.453687150837988, 2.7201117318435752], [10.916424581005586, 4.064, 6.8199999999999985], [13.900558659217877, 9.390000000000002, 0.8]]",8.185055865921786,179,10,0.91,0.77,2.55
chaina_y83k,/home/achen918/catalytic_binders/251211_paper_revision_1/computational_SSM/af3_complex/output/chaina_y83k/seed-1_sample-4/model.pdb,95.29349903163339,93.20307262569831,97.34900000000002,88.73,"[[2.531222496176774, 2.978379888268156, 2.468715083798883], [5.657653631284917, 2.8960000000000004, 3.79], [9.753072625698325, 7.019999999999999, 0.8]]",4.318016759776536,179,10,0.92,0.92,1.07
chaina_y83k,/home/achen918/catalytic_binders/251211_paper_revision_1/computational_SSM/af3_complex/output/chaina_y83k/seed-1_sample-3/model.pdb,95.2809425435767,93.78379888268157,97.484,87.61,"[[2.500271527105895, 2.9488826815642457, 2.4921787709497205], [5.667541899441341, 2.888000000000001, 3.8], [12.075977653631288, 8.080000000000002, 0.8]]",4.3082122905027935,179,10,0.92,0.92,1.08
chaina_y83k,/home/achen918/catalytic_binders/251211_paper_revision_1/computational_SSM/af3_complex/output/chaina_y83k/seed-1_sample-0/model.pdb,95.27380245319569,93.97553072625699,97.322,87.79,"[[2.4049030929122064, 2.9054189944134077, 2.3642458100558663], [5.726368715083798, 2.9090000000000003, 3.87], [10.915642458100558, 7.57, 0.8]]",4.315893854748603,179,10,0.93,0.92,1.06
chaina_y83k,/home/achen918/catalytic_binders/251211_paper_revision_1/computational_SSM/af3_complex/output/chaina_y83k/seed-1_sample-2/model.pdb,94.89317624273734,93.66424581005587,96.955,86.49,"[[2.564935551324865, 3.3549162011173186, 2.608938547486034], [6.6446368715083794, 3.136, 4.3], [12.780446927374303, 8.690000000000001, 0.8]]",4.999776536312849,179,10,0.92,0.9,1.29
chaina_y83k,/home/achen918/catalytic_binders/251211_paper_revision_1/computational_SSM/af3_complex/output/chaina_y83k/seed-1_sample-1/model.pdb,95.08612007746937,93.83351955307263,97.285,86.01,"[[2.5175868418588685, 2.964078212290503, 2.565921787709497], [5.7465363128491616, 2.9359999999999995, 4.0600000000000005], [13.517318435754191, 8.93, 0.8]]",4.355307262569832,179,10,0.92,0.92,1.06
chaina_y83l,/home/achen918/catalytic_binders/251211_paper_revision_1/computational_SSM/af3_complex/output/chaina_y83l/seed-1_sample-2/model.pdb,95.2472416020673,93.77743016759777,97.35799999999999,87.95,"[[2.485253269248775, 2.9078212290502794, 2.417877094972067], [5.826536312849162, 2.9300000000000006, 3.81], [11.7731843575419, 8.000000000000002, 0.8]]",4.367178770949721,179,10,0.92,0.92,1.08
chaina_y83l,/home/achen918/catalytic_binders/251211_paper_revision_1/computational_SSM/af3_complex/output/chaina_y83l/seed-1_sample-1/model.pdb,95.55479974160204,94.05067039106144,97.52099999999999,88.0,"[[2.3959239724103494, 2.6791061452513967, 2.3569832402234634], [5.3218435754189946, 2.8139999999999996, 3.6999999999999993], [12.371508379888269, 8.219999999999999, 0.8]]",4.000474860335196,179,10,0.93,0.93,0.97
chaina_y83l,/home/achen918/catalytic_binders/251211_paper_revision_1/computational_SSM/af3_complex/output/chaina_y83l/seed-1_sample-3/model.pdb,95.66308139534878,93.98150837988825,97.684,88.59,"[[2.3411129490340503, 2.637150837988827, 2.299441340782123], [5.16268156424581, 2.7730000000000006, 3.5300000000000002], [11.279888268156425, 7.589999999999999, 0.8]]",3.8999162011173185,179,10,0.93,0.93,0.96
chaina_y83l,/home/achen918/catalytic_binders/251211_paper_revision_1/computational_SSM/af3_complex/output/chaina_y83l/seed-1_sample-4/model.pdb,95.61182816537467,93.49312849162014,97.58600000000001,89.62,"[[2.399160450672576, 2.6322346368715084, 2.329050279329609], [5.215307262569832, 2.7750000000000004, 3.4200000000000004], [9.070391061452513, 6.49, 0.8]]",3.9237709497206703,179,10,0.93,0.93,0.96
chaina_y83l,/home/achen918/catalytic_binders/251211_paper_revision_1/computational_SSM/af3_complex/output/chaina_y83l/seed-1_sample-0/model.pdb,95.27287467700249,93.95608938547485,97.434,88.13,"[[2.424268905464873, 2.816703910614525, 2.3256983240223468], [5.64145251396648, 2.906, 3.7399999999999998], [10.740223463687151, 7.480000000000001, 0.8]]",4.229078212290503,179,10,0.93,0.92,1.02
chaina_y83m,/home/achen918/catalytic_binders/251211_paper_revision_1/computational_SSM/af3_complex/output/chaina_y83m/seed-1_sample-1/model.pdb,94.72669896640822,94.18737430167596,96.713,85.32,"[[2.5150338628632065, 4.616201117318436, 2.557541899441341], [9.35441340782123, 3.6889999999999996, 5.99], [13.775418994413409, 9.059999999999999, 0.8]]",6.985307262569833,179,10,0.92,0.82,2.11
chaina_y83m,/home/achen918/catalytic_binders/251211_paper_revision_1/computational_SSM/af3_complex/output/chaina_y83m/seed-1_sample-2/model.pdb,94.75107881136955,94.1886592178771,96.686,85.49,"[[2.4815080677881465, 4.961340782122905, 2.543016759776536], [10.05340782122905, 3.8729999999999993, 6.29], [13.459217877094972, 8.999999999999998, 0.8]]",7.507374301675977,179,10,0.92,0.8,2.26
chaina_y83m,/home/achen918/catalytic_binders/251211_paper_revision_1/computational_SSM/af3_complex/output/chaina_y83m/seed-1_sample-0/model.pdb,94.32738372092997,94.03608938547485,96.328,84.44,"[[2.5276208607721355, 5.465810055865923, 2.602793296089385], [10.604748603351956, 3.9330000000000003, 6.62], [13.506703910614524, 9.309999999999999, 0.8]]",8.03527932960894,179,10,0.91,0.78,2.46
chaina_y83m,/home/achen918/catalytic_binders/251211_paper_revision_1/computational_SSM/af3_complex/output/chaina_y83m/seed-1_sample-4/model.pdb,95.06121447028428,93.92748603351953,97.04100000000001,84.5,"[[2.4981523672794235, 4.5984357541899445, 2.6575418994413407], [9.223016759776536, 3.6949999999999994, 5.950000000000001], [14.7659217877095, 9.510000000000002, 0.8]]",6.91072625698324,179,10,0.92,0.82,2.09
chaina_y83m,/home/achen918/catalytic_binders/251211_paper_revision_1/computational_SSM/af3_complex/output/chaina_y83m/seed-1_sample-3/model.pdb,94.94207364341075,94.01972067039105,97.03900000000002,85.86,"[[2.4840672887862425, 4.55949720670391, 2.53463687150838], [9.170670391061453, 3.76, 5.89], [13.313407821229049, 8.75, 0.8]]",6.865083798882681,179,10,0.92,0.83,2.0
chaina_y83n,/home/achen918/catalytic_binders/251211_paper_revision_1/computational_SSM/af3_complex/output/chaina_y83n/seed-1_sample-0/model.pdb,94.84435400516803,93.74558659217877,97.08,87.96,"[[2.5537217939514996, 3.3582122905027934, 2.454748603351955], [6.688938547486034, 3.198, 4.3100000000000005], [11.245251396648044, 7.92, 0.8]]",5.0235754189944135,179,10,0.92,0.9,1.36
chaina_y83n,/home/achen918/catalytic_binders/251211_paper_revision_1/computational_SSM/af3_complex/output/chaina_y83n/seed-1_sample-4/model.pdb,95.52588501291989,93.70994413407823,97.46200000000002,90.03,"[[2.4968821197840265, 3.125977653631285, 2.4229050279329614], [6.140837988826815, 3.049, 3.9200000000000004], [9.322905027932961, 6.860000000000001, 0.8]]",4.63340782122905,179,10,0.92,0.91,1.22
chaina_y83n,/home/achen918/catalytic_binders/251211_paper_revision_1/computational_SSM/af3_complex/output/chaina_y83n/seed-1_sample-3/model.pdb,95.50996124031016,93.97983240223463,97.56500000000001,88.43,"[[2.496236072532068, 3.1607821229050277, 2.437430167597765], [6.190335195530727, 3.0840000000000005, 4.15], [12.241899441340783, 8.190000000000001, 0.8]]",4.675558659217877,179,10,0.92,0.91,1.22
chaina_y83n,/home/achen918/catalytic_binders/251211_paper_revision_1/computational_SSM/af3_complex/output/chaina_y83n/seed-1_sample-1/model.pdb,95.16445736434123,94.04877094972066,97.36100000000002,87.56,"[[2.5567678911394776, 3.293351955307263, 2.4972067039106145], [6.357206703910616, 3.1350000000000007, 4.300000000000001], [12.666480446927373, 8.499999999999998, 0.8]]",4.825279329608939,179,10,0.92,0.9,1.28
chaina_y83n,/home/achen918/catalytic_binders/251211_paper_revision_1/computational_SSM/af3_complex/output/chaina_y83n/seed-1_sample-2/model.pdb,95.27624031007757,94.08625698324023,97.454,88.29,"[[2.5383321369495335, 3.2126815642458104, 2.455307262569832], [6.473854748603352, 3.1279999999999997, 4.1000000000000005], [12.094972067039107, 8.19, 0.8]]",4.843268156424581,179,10,0.92,0.9,1.28
chaina_y83p,/home/achen918/catalytic_binders/251211_paper_revision_1/computational_SSM/af3_complex/output/chaina_y83p/seed-1_sample-2/model.pdb,95.06250808015518,93.84435754189944,97.55600000000001,88.64,"[[2.6174932118223526, 3.169217877094972, 2.435195530726257], [6.309385474860335, 3.1510000000000002, 4.25], [12.258100558659217, 8.28, 0.8]]",4.739301675977654,179,10,0.92,0.89,1.34
chaina_y83p,/home/achen918/catalytic_binders/251211_paper_revision_1/computational_SSM/af3_complex/output/chaina_y83p/seed-1_sample-1/model.pdb,95.07293471234645,93.84279329608938,97.485,88.99,"[[2.649230673199963, 3.1810055865921787, 2.4391061452513965], [6.045139664804469, 3.0780000000000003, 4.210000000000001], [12.240223463687151, 8.26, 0.8]]",4.613072625698324,179,10,0.91,0.89,1.36
chaina_y83p,/home/achen918/catalytic_binders/251211_paper_revision_1/computational_SSM/af3_complex/output/chaina_y83p/seed-1_sample-4/model.pdb,95.03930833872012,93.64530726256983,97.499,87.43,"[[2.679888268156425, 3.398603351955307, 2.553072625698324], [6.3922346368715095, 3.1140000000000003, 4.44], [13.514525139664803, 9.05, 0.8]]",4.895418994413408,179,10,0.91,0.88,1.43
chaina_y83p,/home/achen918/catalytic_binders/251211_paper_revision_1/computational_SSM/af3_complex/output/chaina_y83p/seed-1_sample-3/model.pdb,94.87109890109892,93.70385474860333,97.463,88.05,"[[2.7195343466183948, 3.284525139664804, 2.522905027932961], [6.36659217877095, 3.171, 4.340000000000001], [12.404469273743016, 8.26, 0.8]]",4.825558659217877,179,10,0.91,0.88,1.4
chaina_y83p,/home/achen918/catalytic_binders/251211_paper_revision_1/computational_SSM/af3_complex/output/chaina_y83p/seed-1_sample-0/model.pdb,94.71840982546863,93.83458100558659,97.29400000000001,88.04,"[[2.674541993071377, 3.290167597765363, 2.488826815642458], [6.236368715083799, 3.06, 4.28], [12.129050279329611, 8.3, 0.8]]",4.763268156424581,179,10,0.91,0.89,1.38
chaina_y83q,/home/achen918/catalytic_binders/251211_paper_revision_1/computational_SSM/af3_complex/output/chaina_y83q/seed-1_sample-1/model.pdb,95.35601678502252,94.1150837988827,97.575,86.1,"[[2.475275428357417, 2.4830726256983238, 2.5039106145251395], [4.629385474860335, 2.6060000000000003, 3.4899999999999993], [12.627932960893855, 8.209999999999999, 0.8]]",3.5562290502793292,179,10,0.93,0.93,0.88
chaina_y83q,/home/achen918/catalytic_binders/251211_paper_revision_1/computational_SSM/af3_complex/output/chaina_y83q/seed-1_sample-2/model.pdb,95.46442866365405,94.2682122905028,97.68999999999998,86.97,"[[2.4287569052151925, 2.473966480446927, 2.428491620111732], [4.807597765363129, 2.657, 3.37], [11.672067039106146, 7.62, 0.8]]",3.640782122905028,179,10,0.93,0.93,0.88
chaina_y83q,/home/achen918/catalytic_binders/251211_paper_revision_1/computational_SSM/af3_complex/output/chaina_y83q/seed-1_sample-0/model.pdb,95.2874887023887,94.05804469273743,97.634,87.24,"[[2.4685652757404575, 2.5327932960893853, 2.398882681564246], [4.73463687150838, 2.6570000000000005, 3.46], [10.768156424581006, 7.279999999999999, 0.8]]",3.633715083798883,179,10,0.93,0.93,0.89
chaina_y83q,/home/achen918/catalytic_binders/251211_paper_revision_1/computational_SSM/af3_complex/output/chaina_y83q/seed-1_sample-4/model.pdb,95.70116204002585,93.79156424581005,97.754,87.69,"[[2.407992884117225, 2.405586592178771, 2.342458100558659], [4.506480446927374, 2.551, 3.16], [9.858100558659217, 6.640000000000001, 0.8]]",3.4560335195530723,179,10,0.93,0.94,0.86
chaina_y83q,/home/achen918/catalytic_binders/251211_paper_revision_1/computational_SSM/af3_complex/output/chaina_y83q/seed-1_sample-3/model.pdb,95.78881859264035,94.32251396648047,97.907,87.75,"[[2.313498330264349, 2.349832402234637, 2.321787709497207], [4.502960893854748, 2.533, 3.2299999999999995], [10.985474860335195, 7.289999999999999, 0.8]]",3.4263966480446926,179,10,0.93,0.94,0.86
chaina_y83r,/home/achen918/catalytic_binders/251211_paper_revision_1/computational_SSM/af3_complex/output/chaina_y83r/seed-1_sample-4/model.pdb,95.1318310767247,93.16150837988829,97.262,88.54,"[[2.5524733934646235, 3.1458100558659217, 2.5044692737430165], [5.944748603351955, 2.9960000000000004, 4.0200000000000005], [10.203910614525139, 7.260000000000001, 0.8]]",4.545279329608938,179,10,0.92,0.91,1.17
chaina_y83r,/home/achen918/catalytic_binders/251211_paper_revision_1/computational_SSM/af3_complex/output/chaina_y83r/seed-1_sample-3/model.pdb,95.03927143778203,93.70385474860336,97.36299999999999,87.87,"[[2.5533940888236946, 3.1785474860335197, 2.5391061452513966], [6.115418994413408, 3.039, 4.11], [12.1731843575419, 8.120000000000001, 0.8]]",4.646983240223464,179,10,0.92,0.91,1.18
chaina_y83r,/home/achen918/catalytic_binders/251211_paper_revision_1/computational_SSM/af3_complex/output/chaina_y83r/seed-1_sample-0/model.pdb,94.79444229529341,93.52888268156426,96.949,87.76,"[[2.5230267469804315, 3.3869273743016763, 2.4765363128491615], [6.597039106145252, 3.148, 4.35], [11.069273743016758, 7.889999999999999, 0.8]]",4.9919832402234645,179,10,0.92,0.9,1.33
chaina_y83r,/home/achen918/catalytic_binders/251211_paper_revision_1/computational_SSM/af3_complex/output/chaina_y83r/seed-1_sample-2/model.pdb,94.9323791102516,94.03608938547485,97.16399999999999,87.54,"[[2.547776286632752, 3.2783240223463688, 2.535195530726257], [6.4418435754189955, 3.0690000000000004, 4.22], [12.016759776536313, 8.11, 0.8]]",4.860083798882682,179,10,0.92,0.9,1.29
chaina_y83r,/home/achen918/catalytic_binders/251211_paper_revision_1/computational_SSM/af3_complex/output/chaina_y83r/seed-1_sample-1/model.pdb,94.93410058027078,94.00994413407822,97.22999999999999,86.76,"[[2.5127368059673545, 3.096312849162011, 2.5301675977653635], [6.080837988826816, 3.0380000000000003, 4.3], [13.129050279329611, 8.540000000000001, 0.8]]",4.588575418994413,179,10,0.92,0.91,1.18
chaina_y83s,/home/achen918/catalytic_binders/251211_paper_revision_1/computational_SSM/af3_complex/output/chaina_y83s/seed-1_sample-2/model.pdb,95.27815006468316,94.29631284916202,97.418,87.91,"[[2.5383664679629225, 3.0353072625698325, 2.444692737430168], [6.074022346368715, 3.0370000000000004, 3.9300000000000006], [12.21117318435754, 8.13, 0.8]]",4.554664804469274,179,10,0.92,0.91,1.19
chaina_y83s,/home/achen918/catalytic_binders/251211_paper_revision_1/computational_SSM/af3_complex/output/chaina_y83s/seed-1_sample-1/model.pdb,95.04980595084092,94.19480446927373,97.34700000000001,86.93,"[[2.6218501295215506, 3.1249162011173186, 2.553072625698324], [6.028770949720671, 3.027000000000001, 4.04], [13.069832402234637, 8.690000000000001, 0.8]]",4.5768435754189944,179,10,0.92,0.91,1.19
chaina_y83s,/home/achen918/catalytic_binders/251211_paper_revision_1/computational_SSM/af3_complex/output/chaina_y83s/seed-1_sample-4/model.pdb,95.4383570504528,93.61346368715083,97.43599999999999,89.57,"[[2.5465965481726536, 2.9458659217877097, 2.4513966480446925], [5.618156424581006, 2.908000000000001, 3.6699999999999995], [9.725139664804468, 6.960000000000001, 0.8]]",4.282011173184358,179,10,0.92,0.91,1.13
chaina_y83s,/home/achen918/catalytic_binders/251211_paper_revision_1/computational_SSM/af3_complex/output/chaina_y83s/seed-1_sample-3/model.pdb,95.4229236739975,94.16167597765364,97.58500000000001,87.96,"[[2.5452607596516965, 3.1027932960893856, 2.477094972067039], [5.993463687150838, 3.0180000000000002, 3.96], [12.369273743016759, 8.23, 0.8]]",4.548128491620112,179,10,0.92,0.91,1.2
chaina_y83s,/home/achen918/catalytic_binders/251211_paper_revision_1/computational_SSM/af3_complex/output/chaina_y83s/seed-1_sample-0/model.pdb,94.57531047865439,93.83474860335194,96.989,87.06,"[[2.6715052588870507, 3.4191620111731846, 2.5525139664804466], [6.734413407821228, 3.1639999999999997, 4.210000000000001], [11.898882681564245, 8.25, 0.8]]",5.076787709497206,179,10,0.91,0.89,1.42
chaina_y83t,/home/achen918/catalytic_binders/251211_paper_revision_1/computational_SSM/af3_complex/output/chaina_y83t/seed-1_sample-4/model.pdb,95.70937944408543,93.99983240223465,97.682,89.65,"[[2.379772791111389, 2.5614525139664805, 2.3039106145251393], [5.060782122905027, 2.7319999999999998, 3.3800000000000003], [8.98659217877095, 6.44, 0.8]]",3.8111173184357536,179,10,0.93,0.93,0.91
chaina_y83t,/home/achen918/catalytic_binders/251211_paper_revision_1/computational_SSM/af3_complex/output/chaina_y83t/seed-1_sample-3/model.pdb,95.42616031027796,93.9168156424581,97.622,88.25,"[[2.463265815673668, 2.757094972067039, 2.430167597765363], [5.36290502793296, 2.8590000000000004, 3.7099999999999995], [11.829050279329612, 7.88, 0.8]]",4.06,179,10,0.93,0.92,0.98
chaina_y83t,/home/achen918/catalytic_binders/251211_paper_revision_1/computational_SSM/af3_complex/output/chaina_y83t/seed-1_sample-0/model.pdb,95.15093083387201,93.98407821229051,97.354,88.12,"[[2.4539277800318344, 2.8701117318435756, 2.38659217877095], [5.653519553072625, 2.9240000000000004, 3.84], [10.792737430167598, 7.499999999999998, 0.8]]",4.2618156424581,179,10,0.93,0.92,1.02
chaina_y83t,/home/achen918/catalytic_binders/251211_paper_revision_1/computational_SSM/af3_complex/output/chaina_y83t/seed-1_sample-2/model.pdb,95.39036199095032,94.18335195530726,97.547,87.71,"[[2.472060797103711, 2.7305027932960897, 2.4441340782122905], [5.490614525139665, 2.8640000000000003, 3.71], [11.992737430167598, 8.010000000000002, 0.8]]",4.110558659217878,179,10,0.93,0.92,0.98
chaina_y83t,/home/achen918/catalytic_binders/251211_paper_revision_1/computational_SSM/af3_complex/output/chaina_y83t/seed-1_sample-1/model.pdb,95.38106011635429,94.23106145251397,97.513,86.73,"[[2.457005087231984, 2.7037430167597765, 2.489944134078212], [5.308100558659218, 2.83, 3.8], [13.418994413407821, 8.77, 0.8]]",4.0059217877094975,179,10,0.93,0.93,0.96
chaina_y83v,/home/achen918/catalytic_binders/251211_paper_revision_1/computational_SSM/af3_complex/output/chaina_y83v/seed-1_sample-3/model.pdb,95.77761473820297,94.14251396648044,97.837,88.53,"[[2.325763865047907, 2.4297206703910614, 2.305027932960894], [4.651173184357542, 2.557, 3.2699999999999996], [11.231843575418994, 7.44, 0.8]]",3.5404469273743016,179,10,0.93,0.93,0.89
chaina_y83v,/home/achen918/catalytic_binders/251211_paper_revision_1/computational_SSM/af3_complex/output/chaina_y83v/seed-1_sample-4/model.pdb,95.81555268261164,93.99821229050279,97.79499999999999,89.74,"[[2.344664648419213, 2.416256983240223, 2.283798882681564], [4.663240223463688, 2.5669999999999997, 3.13], [8.767039106145251, 6.220000000000001, 0.8]]",3.5397486033519554,179,10,0.93,0.93,0.88
chaina_y83v,/home/achen918/catalytic_binders/251211_paper_revision_1/computational_SSM/af3_complex/output/chaina_y83v/seed-1_sample-0/model.pdb,95.54586296056897,94.31849162011173,97.67999999999999,88.53,"[[2.318370213164383, 2.4703351955307267, 2.236312849162011], [4.81949720670391, 2.6390000000000002, 3.3699999999999997], [10.16536312849162, 7.039999999999999, 0.8]]",3.6449162011173186,179,10,0.93,0.93,0.91
chaina_y83v,/home/achen918/catalytic_binders/251211_paper_revision_1/computational_SSM/af3_complex/output/chaina_y83v/seed-1_sample-2/model.pdb,95.551047188106,94.3380446927374,97.704,87.88,"[[2.4104397490715024, 2.5508379888268156, 2.3731843575418994], [4.931229050279329, 2.645, 3.3699999999999997], [11.54804469273743, 7.67, 0.8]]",3.7410335195530724,179,10,0.93,0.93,0.92
chaina_y83v,/home/achen918/catalytic_binders/251211_paper_revision_1/computational_SSM/af3_complex/output/chaina_y83v/seed-1_sample-1/model.pdb,95.48943762120237,94.1259217877095,97.564,87.12,"[[2.4549795574420274, 2.596983240223464, 2.443016759776536], [4.863016759776536, 2.6510000000000002, 3.55], [12.813407821229053, 8.319999999999999, 0.8]]",3.73,179,10,0.93,0.93,0.93
chaina_y83w,/home/achen918/catalytic_binders/251211_paper_revision_1/computational_SSM/af3_complex/output/chaina_y83w/seed-1_sample-0/model.pdb,94.08935006435013,93.94441340782123,96.182,83.16,"[[2.4794638119908865, 5.228603351955307, 2.617877094972067], [10.601340782122904, 3.8750000000000004, 6.760000000000001], [14.002793296089385, 9.42, 0.8]]",7.9149720670391055,179,10,0.91,0.79,2.5
chaina_y83w,/home/achen918/catalytic_binders/251211_paper_revision_1/computational_SSM/af3_complex/output/chaina_y83w/seed-1_sample-4/model.pdb,94.29750321750328,93.3527374301676,96.314,83.37,"[[2.567853687462938, 5.694916201117318, 2.729608938547486], [10.94564245810056, 3.9329999999999994, 7.230000000000001], [14.95977653631285, 9.989999999999998, 0.8]]",8.320279329608939,179,10,0.91,0.77,2.75
chaina_y83w,/home/achen918/catalytic_binders/251211_paper_revision_1/computational_SSM/af3_complex/output/chaina_y83w/seed-1_sample-3/model.pdb,94.26427927927934,93.61620111731843,96.47200000000001,84.26,"[[2.606800661652258, 5.344748603351955, 2.7061452513966477], [10.495474860335197, 3.9640000000000004, 6.7700000000000005], [14.207821229050278, 9.489999999999998, 0.8]]",7.920111731843576,179,10,0.91,0.79,2.5
chaina_y83w,/home/achen918/catalytic_binders/251211_paper_revision_1/computational_SSM/af3_complex/output/chaina_y83w/seed-1_sample-1/model.pdb,94.3514285714286,94.18446927374302,96.44299999999998,84.71,"[[2.522255859679785, 4.736480446927374, 2.5687150837988826], [9.542737430167598, 3.6949999999999994, 6.26], [13.775977653631285, 9.07, 0.8]]",7.139608938547486,179,10,0.92,0.82,2.31
chaina_y83w,/home/achen918/catalytic_binders/251211_paper_revision_1/computational_SSM/af3_complex/output/chaina_y83w/seed-1_sample-2/model.pdb,93.8736615186615,93.49631284916201,96.10800000000002,83.03,"[[2.614849723791392, 5.799217877094971, 2.729608938547486], [11.26435754189944, 4.0760000000000005, 7.050000000000002], [14.08715083798883, 9.540000000000001, 0.8]]",8.531787709497205,179,10,0.91,0.77,2.68
wt,/home/achen918/catalytic_binders/251211_paper_revision_1/computational_SSM/af3_complex/output/wt/seed-1_sample-1/model.pdb,95.61517396907232,94.36519553072625,97.691,87.71,"[[2.36581879466933, 2.417039106145251, 2.346368715083799], [4.678435754189944, 2.549, 3.2900000000000005], [12.364245810055865, 8.040000000000001, 0.8]]",3.5477374301675972,179,10,0.93,0.94,0.87
wt,/home/achen918/catalytic_binders/251211_paper_revision_1/computational_SSM/af3_complex/output/wt/seed-1_sample-2/model.pdb,95.6551675257733,94.45932960893853,97.715,88.33,"[[2.388396117474486, 2.455754189944134, 2.3195530726256983], [4.84072625698324, 2.6430000000000002, 3.2600000000000002], [11.150837988826817, 7.459999999999999, 0.8]]",3.648240223463687,179,10,0.93,0.94,0.87
wt,/home/achen918/catalytic_binders/251211_paper_revision_1/computational_SSM/af3_complex/output/wt/seed-1_sample-0/model.pdb,95.47777061855652,94.16581005586592,97.56200000000001,88.54,"[[2.362685309447271, 2.5001675977653632, 2.259217877094972], [4.766536312849162, 2.596, 3.29], [10.11731843575419, 6.970000000000001, 0.8]]",3.633351955307263,179,10,0.93,0.94,0.89
wt,/home/achen918/catalytic_binders/251211_paper_revision_1/computational_SSM/af3_complex/output/wt/seed-1_sample-3/model.pdb,95.65972938144347,94.00033519553071,97.8,88.56,"[[2.387653319184794, 2.450055865921788, 2.3251396648044693], [4.591787709497206, 2.5460000000000007, 3.2199999999999998], [11.320111731843573, 7.5200000000000005, 0.8]]",3.520921787709497,179,10,0.93,0.94,0.87
wt,/home/achen918/catalytic_binders/251211_paper_revision_1/computational_SSM/af3_complex/output/wt/seed-1_sample-4/model.pdb,95.79076675257762,94.00960893854749,97.789,89.5,"[[2.3257264130333013, 2.34268156424581, 2.2558659217877093], [4.5070391061452515, 2.4930000000000003, 3.0099999999999993], [8.833519553072627, 6.16, 0.8]]",3.4248603351955307,179,10,0.93,0.94,0.86
